text,popularity,meaning1,meaning2
de la,122122977,letter: d,feminine singular definite article; the
en el,61782412,"in, at, on",masculine singular definite article; the
en la,54597619,"in, at, on",feminine singular definite article; the
de los,52695172,letter: d,"masculine plural of ""el"" (the)"
a la,47243022,letter,feminine singular definite article; the
de las,34178770,letter: d,feminine plural definite article; the
que se,33675975,that,"abbreviation of ""sudeste""; southeast"
lo que,32134305,"inflection of ""él"" and usted (when referring to a man), and a variant of ello in many constructions; him, you (formal), it, that",that
que no,21804136,that,"abbreviation of ""noroeste""; northwest"
de su,21250362,letter: d,given name
a los,20597494,letter,"masculine plural of ""el"" (the)"
y la,20194009,letter,feminine singular definite article; the
de que,19553482,letter: d,that
de un,18904721,letter: d,an; a
que la,17945771,that,feminine singular definite article; the
con la,17628491,with,feminine singular definite article; the
que el,16987766,that,masculine singular definite article; the
y el,16711991,letter,masculine singular definite article; the
con el,16171336,with,masculine singular definite article; the
de una,15576115,letter: d,"acronym of ""Universidad Nacional de Agricultura"""
por la,15102394,by,feminine singular definite article; the
en los,14951524,"in, at, on","masculine plural of ""el"" (the)"
por el,14722228,by,masculine singular definite article; the
en su,14278437,"in, at, on",given name
a su,14092047,letter,given name
en un,12913605,"in, at, on",an; a
y de,12208532,letter,letter: d
y se,11806615,letter,"abbreviation of ""sudeste""; southeast"
en las,11734946,"in, at, on",feminine plural definite article; the
no se,11547766,"abbreviation of ""noroeste""; northwest","abbreviation of ""sudeste""; southeast"
a las,11019034,letter,feminine plural definite article; the
de sus,9531763,letter: d,"plural of ""su""; one's, his, her, its, their (with plural possessee)"
en una,9462715,"in, at, on","acronym of ""Universidad Nacional de Agricultura"""
que los,9392301,that,"masculine plural of ""el"" (the)"
y que,9065463,letter,that
y los,8673467,letter,"masculine plural of ""el"" (the)"
que le,8572251,that,"to him, for him; inflection of ""él"""
no es,8243540,"abbreviation of ""noroeste""; northwest",
y en,8160777,letter,"in, at, on"
para que,8147081,"for, to (expressing a recipient)",that
a un,8133069,letter,an; a
y no,8105575,letter,"abbreviation of ""noroeste""; northwest"
la que,8012241,feminine singular definite article; the,that
que me,7980082,that,"initialism of ""muerte encefálica"" (“brain death”)"
y a,7905234,letter,letter
todos los,7703349,,"masculine plural of ""el"" (the)"
con un,7430883,with,an; a
con los,7428550,with,"masculine plural of ""el"" (the)"
el que,7236377,masculine singular definite article; the,that
de lo,7172309,letter: d,"inflection of ""él"" and usted (when referring to a man), and a variant of ello in many constructions; him, you (formal), it, that"
los que,7003600,"masculine plural of ""el"" (the)",that
es el,6982278,,masculine singular definite article; the
con una,6941941,with,"acronym of ""Universidad Nacional de Agricultura"""
para la,6932673,"for, to (expressing a recipient)",feminine singular definite article; the
que en,6891603,that,"in, at, on"
la vida,6707634,feminine singular definite article; the,life
antes de,6666349,earlier; before; sooner; previously; formerly; beforehand (at an earlier time),letter: d
es la,6651991,,feminine singular definite article; the
en que,6630972,"in, at, on",that
que había,6629752,that,"smart inflection of ""haber"""
después de,6526384,"later, afterwards, afterward, post",letter: d
es un,6440025,,an; a
que lo,6285508,that,"inflection of ""él"" and usted (when referring to a man), and a variant of ello in many constructions; him, you (formal), it, that"
para el,6244053,"for, to (expressing a recipient)",masculine singular definite article; the
y las,6229391,letter,feminine plural definite article; the
uno de,6216721,one,letter: d
por lo,6178907,by,"inflection of ""él"" and usted (when referring to a man), and a variant of ello in many constructions; him, you (formal), it, that"
pero no,6166144,but,"abbreviation of ""noroeste""; northwest"
por qué,6139373,by,(see usage notes) what; which
sobre la,6085612,"over, above, on, upon, atop",feminine singular definite article; the
sin embargo,6069573,without,embargo
que es,6006335,that,
a una,5902772,letter,"acronym of ""Universidad Nacional de Agricultura"""
es que,5891336,,that
como si,5546301,"Como (A city and comune in capital in province of Como, Lombardy.)","A @abbrev of:Sinaloa state, Mexico"
es una,5473651,,"acronym of ""Universidad Nacional de Agricultura"""
la cabeza,5343151,feminine singular definite article; the,surname
en este,5307274,"in, at, on",this
que las,5178732,that,feminine plural definite article; the
se había,5161093,"abbreviation of ""sudeste""; southeast","smart inflection of ""haber"""
no me,5149911,"abbreviation of ""noroeste""; northwest","initialism of ""muerte encefálica"" (“brain death”)"
sobre el,5149860,"over, above, on, upon, atop",masculine singular definite article; the
parte de,5145057,part; section; portion; share; piece; bit; cut; proportion,letter: d
por los,5054609,by,"masculine plural of ""el"" (the)"
y su,5004123,letter,given name
los ojos,4951863,"masculine plural of ""el"" (the)",
se ha,4942346,"abbreviation of ""sudeste""; southeast","initialism of ""ácido hialurónico"""
de mi,4854169,letter: d,"apocopic form of ""mío"", my"
con las,4830113,with,feminine plural definite article; the
con su,4818755,with,given name
todo el,4768106,all; every,masculine singular definite article; the
se le,4696622,"abbreviation of ""sudeste""; southeast","to him, for him; inflection of ""él"""
la puerta,4659195,feminine singular definite article; the,surname
todas las,4643832,,feminine plural definite article; the
a través,4572244,letter,"bend, turn"
no lo,4535282,"abbreviation of ""noroeste""; northwest","inflection of ""él"" and usted (when referring to a man), and a variant of ello in many constructions; him, you (formal), it, that"
de este,4494844,letter: d,this
como un,4485805,"Como (A city and comune in capital in province of Como, Lombardy.)",an; a
a lo,4404337,letter,"inflection of ""él"" and usted (when referring to a man), and a variant of ello in many constructions; him, you (formal), it, that"
por su,4377995,by,given name
más que,4367996,more; -er (used to make comparisons),that
una de,4360565,"acronym of ""Universidad Nacional de Agricultura""",letter: d
a sus,4354432,letter,"plural of ""su""; one's, his, her, its, their (with plural possessee)"
el mundo,4221543,masculine singular definite article; the,"world, earth (human collective existence)"
la mano,4197050,feminine singular definite article; the,hand
un poco,4136757,an; a,"little, not much"
como el,4121160,"Como (A city and comune in capital in province of Como, Lombardy.)",masculine singular definite article; the
y lo,4112687,letter,"inflection of ""él"" and usted (when referring to a man), and a variant of ello in many constructions; him, you (formal), it, that"
de esta,4109784,letter: d,"alternative spelling of ""ésta"" (“this one”)"
que te,4091124,that,letter: t
que nos,4036113,that,"inflection of ""nosotros"": to us, for us"
en sus,4004481,"in, at, on","plural of ""su""; one's, his, her, its, their (with plural possessee)"
y me,3969728,letter,"initialism of ""muerte encefálica"" (“brain death”)"
y por,3966998,letter,by
por un,3960135,by,an; a
si no,3952109,"A @abbrev of:Sinaloa state, Mexico","abbreviation of ""noroeste""; northwest"
y con,3950774,letter,with
entre los,3938710,between,"masculine plural of ""el"" (the)"
como la,3930747,"Como (A city and comune in capital in province of Como, Lombardy.)",feminine singular definite article; the
más de,3919760,more; -er (used to make comparisons),letter: d
la misma,3884391,feminine singular definite article; the,
una vez,3876200,"acronym of ""Universidad Nacional de Agricultura""","time, instance"
por las,3796131,by,feminine plural definite article; the
y le,3773457,letter,"to him, for him; inflection of ""él"""
todo lo,3748275,all; every,"inflection of ""él"" and usted (when referring to a man), and a variant of ello in many constructions; him, you (formal), it, that"
a mi,3725885,letter,"apocopic form of ""mío"", my"
que su,3713739,that,given name
ya que,3680070,"(in the present or imperative) now, right now, (in the negative) anymore, no longer",that
tipo de,3652723,"kind, type, sort, manner",letter: d
través de,3634162,"bend, turn",letter: d
no era,3592257,"abbreviation of ""noroeste""; northwest","era, age"
las que,3580279,feminine plural definite article; the,that
hasta que,3567739,even,that
que era,3554281,that,"era, age"
no le,3543632,"abbreviation of ""noroeste""; northwest","to him, for him; inflection of ""él"""
por ejemplo,3527818,by,example
a que,3431648,letter,that
como una,3429323,"Como (A city and comune in capital in province of Como, Lombardy.)","acronym of ""Universidad Nacional de Agricultura"""
desde el,3409480,since (from a specified time in the past),masculine singular definite article; the
la primera,3399212,feminine singular definite article; the,first gear (lowest gear in a motor vehicle)
cuando se,3378861,when,"abbreviation of ""sudeste""; southeast"
que a,3370103,that,letter
no había,3334301,"abbreviation of ""noroeste""; northwest","smart inflection of ""haber"""
dentro de,3308644,inside (for space),letter: d
de ser,3303192,letter: d,to be (essentially or identified as)
la casa,3292634,feminine singular definite article; the,house
y un,3273091,letter,an; a
ya no,3255070,"(in the present or imperative) now, right now, (in the negative) anymore, no longer","abbreviation of ""noroeste""; northwest"
creo que,3254069,,that
los dos,3229147,"masculine plural of ""el"" (the)",two
punto de,3184097,"point (specific spot, location, or place)",letter: d
era un,3167741,"era, age",an; a
la ciudad,3159237,feminine singular definite article; the,city
toda la,3150516,,feminine singular definite article; the
el tiempo,3142453,masculine singular definite article; the,time
la de,3111352,feminine singular definite article; the,letter: d
así que,3109520,"like this; like that; as such; thus; so; thereby; this way, that way",that
así como,3098651,"like this; like that; as such; thus; so; thereby; this way, that way","Como (A city and comune in capital in province of Como, Lombardy.)"
no te,3091755,"abbreviation of ""noroeste""; northwest",letter: t
le había,3081444,"to him, for him; inflection of ""él""","smart inflection of ""haber"""
iba a,3077850,,letter
que estaba,3055596,that,
de nuevo,3027467,letter: d,surname
no hay,3021808,"abbreviation of ""noroeste""; northwest","alternative form of ""ahí"""
que yo,3019544,that,first-person singular pronoun in the nominative case; I
en ese,3013208,"in, at, on",letter: s
y sus,3009422,letter,"plural of ""su""; one's, his, her, its, their (with plural possessee)"
un hombre,3002940,an; a,"man, (adult male human)"
y una,2996581,letter,"acronym of ""Universidad Nacional de Agricultura"""
las cosas,2984690,feminine plural definite article; the,
el mismo,2978187,masculine singular definite article; the,same; identical; one and the same; indicates that the two compared noun clauses both represent the one thing
en mi,2975578,"in, at, on","apocopic form of ""mío"", my"
de forma,2971291,letter: d,shape; form; figure
de manera,2962742,letter: d,way; manner; method; style
la noche,2949788,feminine singular definite article; the,night (the period between sunset and sunrise)
hasta el,2902458,even,masculine singular definite article; the
de todo,2898689,letter: d,all; every
a pesar,2898233,letter,to weigh (to determine the weight of an object)
con sus,2879060,with,"plural of ""su""; one's, his, her, its, their (with plural possessee)"
el caso,2869791,masculine singular definite article; the,case (situation or fact)
o de,2846142,letter,letter: d
a partir,2838898,letter,"to divide, split"
se puede,2835204,"abbreviation of ""sudeste""; southeast",it's possible; could be
y yo,2808199,letter,first-person singular pronoun in the nominative case; I
ha sido,2805395,"initialism of ""ácido hialurónico""",
forma de,2804813,shape; form; figure,letter: d
la historia,2801966,feminine singular definite article; the,history (the aggregate of past events)
hay que,2793847,"alternative form of ""ahí""",that
para los,2779561,"for, to (expressing a recipient)","masculine plural of ""el"" (the)"
es decir,2745013,,"to say, to tell, to name, to mention"
en lo,2744756,"in, at, on","inflection of ""él"" and usted (when referring to a man), and a variant of ello in many constructions; him, you (formal), it, that"
y al,2717768,letter,"initialism of ""América Latina"""
caso de,2713642,case (situation or fact),letter: d
las personas,2689320,feminine plural definite article; the,
la gente,2671058,feminine singular definite article; the,people
que él,2670058,that,"he, him, masculine personal third person subject and disjunctive pronoun (used as a subject and after prepositions)"
el de,2663669,masculine singular definite article; the,letter: d
cuenta de,2659638,"count, tally",letter: d
a ser,2659152,letter,to be (essentially or identified as)
si se,2649485,"A @abbrev of:Sinaloa state, Mexico","abbreviation of ""sudeste""; southeast"
no podía,2642547,"abbreviation of ""noroeste""; northwest",
en cuanto,2640618,"in, at, on","whatever quantity, as much, however much"
pesar de,2640372,to weigh (to determine the weight of an object),letter: d
va a,2636277,okay,letter
se lo,2634652,"abbreviation of ""sudeste""; southeast","inflection of ""él"" and usted (when referring to a man), and a variant of ello in many constructions; him, you (formal), it, that"
sobre todo,2619830,"over, above, on, upon, atop",all; every
vez que,2619155,"time, instance",that
de él,2608404,letter: d,"he, him, masculine personal third person subject and disjunctive pronoun (used as a subject and after prepositions)"
de ellos,2608094,letter: d,"plural of ""él"" (“they, them”)"
a mí,2605294,letter,me; (declined form of yo used as the object of a preposition)
de Dios,2602783,letter: d,God
por una,2602484,by,"acronym of ""Universidad Nacional de Agricultura"""
había sido,2597446,"smart inflection of ""haber""",
las manos,2588198,feminine plural definite article; the,
hacia el,2573760,"toward, towards",masculine singular definite article; the
de ella,2573156,letter: d,"she, her (used subjectively and after prepositions)"
tal vez,2563391,such,"time, instance"
el hombre,2548186,masculine singular definite article; the,"man, (adult male human)"
por eso,2522746,by,"acronym of ""Educación Secundaria Obligatoria"" (“the Spanish secondary education system that aims to prepare students between the ages of 11 and 16 for their next studies or the world of work.”)"
que un,2517745,that,an; a
los demás,2517481,"masculine plural of ""el"" (the)","other, remaining"
era una,2513395,"era, age","acronym of ""Universidad Nacional de Agricultura"""
el día,2510677,masculine singular definite article; the,day (any period of 24 hours)
es lo,2496361,,"inflection of ""él"" and usted (when referring to a man), and a variant of ello in many constructions; him, you (formal), it, that"
que ha,2483706,that,"initialism of ""ácido hialurónico"""
el momento,2481154,masculine singular definite article; the,"moment, instant"
de acuerdo,2471037,letter: d,agreement
frente a,2449094,"forehead, brow",letter
en esta,2438758,"in, at, on","alternative spelling of ""ésta"" (“this one”)"
cada vez,2437413,each; every,"time, instance"
era el,2425055,"era, age",masculine singular definite article; the
que ya,2415872,that,"(in the present or imperative) now, right now, (in the negative) anymore, no longer"
la muerte,2405800,feminine singular definite article; the,death (the cessation of life)
los hombres,2395389,"masculine plural of ""el"" (the)",
a veces,2390781,letter,"by, times (multiplication)"
partir de,2386847,"to divide, split",letter: d
con él,2384715,with,"he, him, masculine personal third person subject and disjunctive pronoun (used as a subject and after prepositions)"
su vida,2382326,given name,life
del mundo,2372219,"of the, from the (+ a masculine noun in singular)","world, earth (human collective existence)"
al menos,2370169,"initialism of ""América Latina""",less
desde la,2335664,since (from a specified time in the past),feminine singular definite article; the
se trata,2330908,"abbreviation of ""sudeste""; southeast","trafficking, trade, slave trade"
puede ser,2329253,it's possible; could be,to be (essentially or identified as)
entre las,2326742,between,feminine plural definite article; the
voy a,2316470,,letter
la mujer,2312734,feminine singular definite article; the,woman
junto a,2287697,together,letter
que tenía,2254590,that,
de todos,2253843,letter: d,
algo que,2229132,"something, anything",that
la mayoría,2217553,feminine singular definite article; the,majority
su padre,2211164,given name,Father (a title for a Latin Catholic priest and also God the Father)
sino que,2191666,"destiny, fate, lot",that
hacia la,2182631,"toward, towards",feminine singular definite article; the
la verdad,2180945,feminine singular definite article; the,truth
de trabajo,2154128,letter: d,"work, job"
las mujeres,2152432,feminine plural definite article; the,surname
era la,2144971,"era, age",feminine singular definite article; the
trata de,2116631,"trafficking, trade, slave trade",letter: d
y luego,2108834,letter,then (afterward)
que ella,2103684,that,"she, her (used subjectively and after prepositions)"
lo mismo,2100349,"inflection of ""él"" and usted (when referring to a man), and a variant of ello in many constructions; him, you (formal), it, that",same; identical; one and the same; indicates that the two compared noun clauses both represent the one thing
se han,2092810,"abbreviation of ""sudeste""; southeast",
medio de,2085760,half (of or related to one of two equal divisions of a whole),letter: d
y del,2085095,letter,"of the, from the (+ a masculine noun in singular)"
no sé,2074056,"abbreviation of ""noroeste""; northwest","smart inflection of ""saber"""
el primer,2059336,masculine singular definite article; the,"apocopic form of ""primero"" (first)"
yo no,2058755,first-person singular pronoun in the nominative case; I,"abbreviation of ""noroeste""; northwest"
número de,2034345,number (counting),letter: d
que una,2031481,that,"acronym of ""Universidad Nacional de Agricultura"""
la luz,2029303,feminine singular definite article; the,given name
la tierra,2019961,feminine singular definite article; the,"alternative case form of ""tierra"" (“Earth”)"
que está,2018297,that,
al que,2015500,"initialism of ""América Latina""",that
le dijo,2015300,"to him, for him; inflection of ""él""",
su madre,2001027,given name,mother
un momento,1998200,an; a,"moment, instant"
cada uno,1995285,each; every,one
como en,1991959,"Como (A city and comune in capital in province of Como, Lombardy.)","in, at, on"
ni siquiera,1973673,"Used when negating two or more elements, and not, not A or B, not A nor B, neither A nor B","at least, at the least"
en realidad,1972096,"in, at, on",reality
y si,1964297,letter,"A @abbrev of:Sinaloa state, Mexico"
llegar a,1963662,"to arrive, get (to)",letter
hasta la,1963615,even,feminine singular definite article; the
la sociedad,1961823,feminine singular definite article; the,(a town in Morazán department of El Salvador)
lo más,1959362,"inflection of ""él"" and usted (when referring to a man), and a variant of ello in many constructions; him, you (formal), it, that",more; -er (used to make comparisons)
mucho más,1958423,"much, a lot of",more; -er (used to make comparisons)
a él,1954435,letter,"he, him, masculine personal third person subject and disjunctive pronoun (used as a subject and after prepositions)"
fin de,1954138,end,letter: d
cuando el,1953847,when,masculine singular definite article; the
una mujer,1945111,"acronym of ""Universidad Nacional de Agricultura""",woman
mayoría de,1942879,majority,letter: d
sabía que,1940725,,that
sobre los,1918264,"over, above, on, upon, atop","masculine plural of ""el"" (the)"
la idea,1917886,feminine singular definite article; the,idea
no puede,1909433,"abbreviation of ""noroeste""; northwest",it's possible; could be
de cada,1903231,letter: d,each; every
la mirada,1886613,feminine singular definite article; the,"look, glance"
volvió a,1878835,,letter
tenía que,1877352,,that
de ese,1875753,letter: d,letter: s
la parte,1871971,feminine singular definite article; the,part; section; portion; share; piece; bit; cut; proportion
los niños,1871145,"masculine plural of ""el"" (the)",
si el,1863331,"A @abbrev of:Sinaloa state, Mexico",masculine singular definite article; the
idea de,1860171,idea,letter: d
no tenía,1846474,"abbreviation of ""noroeste""; northwest",
la cama,1845295,feminine singular definite article; the,bed
la cara,1841130,feminine singular definite article; the,face (the front part of the head)
en cuenta,1838479,"in, at, on","count, tally"
Estados Unidos,1833985,,
la mesa,1832987,feminine singular definite article; the,table
entre el,1828482,between,masculine singular definite article; the
casa de,1828417,house,letter: d
de tu,1827865,letter: d,"initialism of ""Tren Urbano"", the metro system used in San Juan, Puerto Rico"
a todos,1827304,letter,
la forma,1824987,feminine singular definite article; the,shape; form; figure
capaz de,1822665,"able, capable",letter: d
donde se,1815377,"where, in what place","abbreviation of ""sudeste""; southeast"
parte del,1814504,part; section; portion; share; piece; bit; cut; proportion,"of the, from the (+ a masculine noun in singular)"
durante el,1814418,"during, in, over",masculine singular definite article; the
proceso de,1813799,process,letter: d
o la,1811262,letter,feminine singular definite article; the
en todo,1806932,"in, at, on",all; every
la guerra,1799866,feminine singular definite article; the,surname
vez más,1793594,"time, instance",more; -er (used to make comparisons)
que les,1789902,that,"inflection of ""ellos,ellas""; to them, for them"
o no,1787913,letter,"abbreviation of ""noroeste""; northwest"
hecho de,1787017,"done, completed",letter: d
es muy,1783705,,"apocopic form of ""mucho""; very"
con ella,1782451,with,"she, her (used subjectively and after prepositions)"
si la,1780721,"A @abbrev of:Sinaloa state, Mexico",feminine singular definite article; the
la calle,1770803,feminine singular definite article; the,surname
la situación,1759630,feminine singular definite article; the,"situation, scenario, picture"
es de,1758759,,letter: d
la familia,1757477,feminine singular definite article; the,family (group of people related to each other)
las dos,1753989,feminine plural definite article; the,two
que son,1746063,that,tone (pleasant sound)
lugar de,1740889,place,letter: d
otra vez,1734338,,"time, instance"
mientras que,1732980,meanwhile,that
estado de,1731464,state (any sovereign polity),letter: d
volver a,1728390,"to return, to revert, to get back",letter
que tiene,1728242,that,
muy bien,1727735,"apocopic form of ""mucho""; very",well (adverbial form of bueno)
lo cual,1726599,"inflection of ""él"" and usted (when referring to a man), and a variant of ello in many constructions; him, you (formal), it, that","like, as, in the manner of"
del siglo,1719827,"of the, from the (+ a masculine noun in singular)",century
el suelo,1715208,masculine singular definite article; the,"dirt, earth, ground, soil"
cuando la,1715045,when,feminine singular definite article; the
de esa,1710628,letter: d,"alternative spelling of ""ésa"""
sus ojos,1701222,"plural of ""su""; one's, his, her, its, their (with plural possessee)",
la boca,1694196,feminine singular definite article; the,"mouth, oral cavity"
pero la,1692996,but,feminine singular definite article; the
al final,1692526,"initialism of ""América Latina""","final (last, ultimate)"
durante la,1686738,"during, in, over",feminine singular definite article; the
por tanto,1685369,by,so much; as much; that much
de vida,1683169,letter: d,life
que si,1674210,that,"A @abbrev of:Sinaloa state, Mexico"
entre la,1669221,between,feminine singular definite article; the
el trabajo,1668889,masculine singular definite article; the,"work, job"
el proceso,1666769,masculine singular definite article; the,process
el resto,1665309,masculine singular definite article; the,"rest, remainder"
la información,1661705,feminine singular definite article; the,"information, data"
el cuerpo,1660659,masculine singular definite article; the,body (the physical structure of a human or animal)
a ella,1658684,letter,"she, her (used subjectively and after prepositions)"
decir que,1658549,"to say, to tell, to name, to mention",that
de estos,1656978,letter: d,"alternative spelling of ""éstos"" (“these ones”)"
igual que,1652441,"equal, same",that
los años,1651514,"masculine plural of ""el"" (the)",
pero el,1650170,but,masculine singular definite article; the
la cual,1649710,feminine singular definite article; the,"like, as, in the manner of"
lo largo,1644898,"inflection of ""él"" and usted (when referring to a man), and a variant of ello in many constructions; him, you (formal), it, that",surname
la empresa,1644629,feminine singular definite article; the,company
que de,1643088,that,letter: d
además de,1640790,"in addition, moreover, furthermore, further, also, additionally",letter: d
a ver,1640077,letter,"to see, to spot"
de hecho,1639523,letter: d,"done, completed"
el otro,1639360,masculine singular definite article; the,"other, another"
y como,1636106,letter,"Como (A city and comune in capital in province of Como, Lombardy.)"
que por,1635680,that,by
es más,1629487,,more; -er (used to make comparisons)
o en,1628840,letter,"in, at, on"
lo había,1623105,"inflection of ""él"" and usted (when referring to a man), and a variant of ello in many constructions; him, you (formal), it, that","smart inflection of ""haber"""
que hay,1621517,that,"alternative form of ""ahí"""
la voz,1620564,feminine singular definite article; the,voice
necesidad de,1611405,need,letter: d
como los,1610899,"Como (A city and comune in capital in province of Como, Lombardy.)","masculine plural of ""el"" (the)"
el amor,1608353,masculine singular definite article; the,surname
al mismo,1606631,"initialism of ""América Latina""",same; identical; one and the same; indicates that the two compared noun clauses both represent the one thing
es posible,1601683,,possible
son los,1599902,tone (pleasant sound),"masculine plural of ""el"" (the)"
que sea,1598469,that,
tiempo que,1598259,time,that
esto es,1596915,"neuter singular of ""éste""",
y es,1595698,letter,
la mañana,1594157,feminine singular definite article; the,tomorrow
sobre las,1592518,"over, above, on, upon, atop",feminine plural definite article; the
la Ley,1590774,feminine singular definite article; the,law (a well-established characteristic of nature)
otro lado,1585931,"other, another",side
de mí,1583847,letter: d,me; (declined form of yo used as the object of a preposition)
no tiene,1580208,"abbreviation of ""noroeste""; northwest",
tiene que,1579927,,that
se me,1578696,"abbreviation of ""sudeste""; southeast","initialism of ""muerte encefálica"" (“brain death”)"
el camino,1576081,masculine singular definite article; the,"way, route"
un día,1566039,an; a,day (any period of 24 hours)
la realidad,1565849,feminine singular definite article; the,reality
y para,1565227,letter,"for, to (expressing a recipient)"
por supuesto,1561887,by,"supposed, self-styled, alleged"
más tarde,1558303,more; -er (used to make comparisons),late (after a specified deadline)
y sin,1555924,letter,without
está en,1554826,,"in, at, on"
una gran,1554270,"acronym of ""Universidad Nacional de Agricultura""","apocopic form of ""grande""; great, grand"
un buen,1548014,an; a,"apocopic form of ""bueno"" (“good, fine”)"
mi padre,1547842,"apocopic form of ""mío"", my",Father (a title for a Latin Catholic priest and also God the Father)
la persona,1544656,feminine singular definite article; the,person (an individual; usually a human being)
el hecho,1536495,masculine singular definite article; the,"done, completed"
ese momento,1535537,letter: s,"moment, instant"
para su,1535512,"for, to (expressing a recipient)",given name
más allá,1520375,more; -er (used to make comparisons),"there, over there, thither, yonder (in a direction away from the speaker and the listener)"
dijo que,1519795,,that
se encuentra,1519719,"abbreviation of ""sudeste""; southeast",
como se,1515097,"Como (A city and comune in capital in province of Como, Lombardy.)","abbreviation of ""sudeste""; southeast"
eso es,1514487,"acronym of ""Educación Secundaria Obligatoria"" (“the Spanish secondary education system that aims to prepare students between the ages of 11 and 16 for their next studies or the world of work.”)",
pero en,1512841,but,"in, at, on"
o el,1511549,letter,masculine singular definite article; the
de modo,1507987,letter: d,"way, manner"
y más,1505728,letter,more; -er (used to make comparisons)
el nombre,1503559,masculine singular definite article; the,name
los de,1503165,"masculine plural of ""el"" (the)",letter: d
estaba en,1502433,,"in, at, on"
grupo de,1500491,group,letter: d
a hacer,1500081,letter,"to do, perform, execute, carry out"
la ley,1498721,feminine singular definite article; the,law (a well-established characteristic of nature)
a cabo,1498215,letter,"end, edge, extremity (furthest or terminal point of something)"
una persona,1497691,"acronym of ""Universidad Nacional de Agricultura""",person (an individual; usually a human being)
vamos a,1493990,let's go!,letter
de dos,1491363,letter: d,two
no puedo,1489417,"abbreviation of ""noroeste""; northwest",
relación con,1488009,relation,with
no obstante,1487739,"abbreviation of ""noroeste""; northwest",hindering
falta de,1484000,"lack, shortage",letter: d
el cual,1483470,masculine singular definite article; the,"like, as, in the manner of"
fuera de,1483246,outside,letter: d
primera vez,1482584,first gear (lowest gear in a motor vehicle),"time, instance"
empezó a,1479311,,letter
el corazón,1477362,masculine singular definite article; the,heart (organ of the body)
posibilidad de,1476589,possibility,letter: d
no son,1476236,"abbreviation of ""noroeste""; northwest",tone (pleasant sound)
con lo,1474838,with,"inflection of ""él"" and usted (when referring to a man), and a variant of ello in many constructions; him, you (formal), it, that"
me ha,1473504,"initialism of ""muerte encefálica"" (“brain death”)","initialism of ""ácido hialurónico"""
sistema de,1471440,system,letter: d
a casa,1467816,letter,house
historia de,1464104,history (the aggregate of past events),letter: d
las palabras,1461120,feminine plural definite article; the,"plural of ""palabra"" (“words”)"
par de,1460993,even (divisible by two),letter: d
un gran,1458370,an; a,"apocopic form of ""grande""; great, grand"
la naturaleza,1457441,feminine singular definite article; the,nature
la vista,1456970,feminine singular definite article; the,"sight, vision, eyesight (the ability to see)"
el desarrollo,1456861,masculine singular definite article; the,development
cerca de,1451726,"close, near, around, about, nearly, nigh (referring to quantity or time-related)",letter: d
de no,1450324,letter: d,"abbreviation of ""noroeste""; northwest"
que han,1450252,that,
la otra,1449662,feminine singular definite article; the,
del Estado,1448754,"of the, from the (+ a masculine noun in singular)",state (any sovereign polity)
no estaba,1447651,"abbreviation of ""noroeste""; northwest",
no sólo,1447166,"abbreviation of ""noroeste""; northwest","superseded spelling of ""solo"""
ir a,1444297,to go (away from speaker and listener),letter
porque no,1440760,because,"abbreviation of ""noroeste""; northwest"
ella se,1439880,"she, her (used subjectively and after prepositions)","abbreviation of ""sudeste""; southeast"
y otros,1435803,letter,"masculine plural of ""otro"""
mi madre,1423583,"apocopic form of ""mío"", my",mother
el sistema,1419916,masculine singular definite article; the,system
debido a,1418764,owed,letter
y cuando,1416000,letter,when
años de,1414310,,letter: d
que nunca,1412625,that,never
la hora,1407408,feminine singular definite article; the,hour (a time period of sixty minutes)
contra la,1405700,"against, versus",feminine singular definite article; the
la palabra,1404373,feminine singular definite article; the,word
hora de,1399733,hour (a time period of sixty minutes),letter: d
del mismo,1399573,"of the, from the (+ a masculine noun in singular)",same; identical; one and the same; indicates that the two compared noun clauses both represent the one thing
en ella,1396668,"in, at, on","she, her (used subjectively and after prepositions)"
un lado,1395778,an; a,side
a tu,1395390,letter,"initialism of ""Tren Urbano"", the metro system used in San Juan, Puerto Rico"
en él,1394649,"in, at, on","he, him, masculine personal third person subject and disjunctive pronoun (used as a subject and after prepositions)"
se quedó,1393856,"abbreviation of ""sudeste""; southeast",
acerca de,1389691,adjacent,letter: d
modo que,1387553,"way, manner",that
el punto,1387209,masculine singular definite article; the,"point (specific spot, location, or place)"
también se,1384032,"also, too, as well","abbreviation of ""sudeste""; southeast"
los derechos,1383964,"masculine plural of ""el"" (the)",
sin duda,1383046,without,doubt
de todas,1382273,letter: d,
que habían,1381869,that,
la habitación,1381355,feminine singular definite article; the,room (separate part of a building)
no la,1378557,"abbreviation of ""noroeste""; northwest",feminine singular definite article; the
ante la,1377038,"in front of, before",feminine singular definite article; the
la población,1374239,feminine singular definite article; the,"population (of a geographical region, a country, etc.)"
gracias a,1373989,a colonial town in the Lempira department of Honduras,letter
y también,1373705,letter,"also, too, as well"
como para,1373596,"Como (A city and comune in capital in province of Como, Lombardy.)","for, to (expressing a recipient)"
un par,1371699,an; a,even (divisible by two)
aunque no,1367805,"though, although, even though, albeit","abbreviation of ""noroeste""; northwest"
resto de,1363317,"rest, remainder",letter: d
claro que,1360030,given name,that
su cuerpo,1359665,given name,body (the physical structure of a human or animal)
contra el,1358695,"against, versus",masculine singular definite article; the
que todo,1357045,that,all; every
había hecho,1356331,"smart inflection of ""haber""","done, completed"
de mis,1356008,letter: d,
nombre de,1355137,name,letter: d
detrás de,1354604,"behind, at the rear",letter: d
el agua,1353440,masculine singular definite article; the,water
sí mismo,1352948,"yes, yeah, (used to respond affirmatively to a question, used both informally and formally)",same; identical; one and the same; indicates that the two compared noun clauses both represent the one thing
la relación,1350824,feminine singular definite article; the,relation
mismo tiempo,1350045,same; identical; one and the same; indicates that the two compared noun clauses both represent the one thing,time
personas que,1341391,,that
parece que,1336484,,that
de agua,1330116,letter: d,water
se puso,1328599,"abbreviation of ""sudeste""; southeast",
la obra,1326889,feminine singular definite article; the,work (usually literary or artistic)
que puede,1323712,that,it's possible; could be
de haber,1323431,letter: d,to have; forms the perfect aspect [+masculine singular past participle]
para las,1320536,"for, to (expressing a recipient)",feminine plural definite article; the
el número,1320535,masculine singular definite article; the,number (counting)
que sus,1319055,that,"plural of ""su""; one's, his, her, its, their (with plural possessee)"
la posibilidad,1316069,feminine singular definite article; the,possibility
cómo se,1315808,how?,"abbreviation of ""sudeste""; southeast"
por encima,1314383,by,on top of something
el artículo,1311400,masculine singular definite article; the,article
momento de,1310996,"moment, instant",letter: d
a quien,1310632,letter,who
la última,1309604,feminine singular definite article; the,
de estas,1306374,letter: d,"alternative spelling of ""éstas"" (“these ones”)"
él se,1305551,"he, him, masculine personal third person subject and disjunctive pronoun (used as a subject and after prepositions)","abbreviation of ""sudeste""; southeast"
respecto a,1305318,"respect, regard, connection, relation, relationship",letter
la mayor,1303608,feminine singular definite article; the,"comparative of ""grande"": bigger"
de nuestra,1301525,letter: d,
a punto,1301256,letter,"point (specific spot, location, or place)"
la segunda,1300789,feminine singular definite article; the,second gear
el poder,1300104,masculine singular definite article; the,"to be able to, can"
a este,1296211,letter,this
encima de,1295395,on top of something,letter: d
por parte,1293288,by,part; section; portion; share; piece; bit; cut; proportion
los primeros,1292665,"masculine plural of ""el"" (the)",
en cada,1290580,"in, at, on",each; every
uso de,1289006,use,letter: d
de vista,1284412,letter: d,"sight, vision, eyesight (the ability to see)"
a menudo,1282369,letter,"what (a/an) (intensifier, followed by a noun)"
el lugar,1279278,masculine singular definite article; the,place
se habían,1278851,"abbreviation of ""sudeste""; southeast",
su casa,1276209,given name,house
serie de,1275072,series (a number of things that follow one another),letter: d
el año,1274524,masculine singular definite article; the,surname
por sus,1272871,by,"plural of ""su""; one's, his, her, its, their (with plural possessee)"
en medio,1272791,"in, at, on",half (of or related to one of two equal divisions of a whole)
de verdad,1272591,letter: d,truth
desarrollo de,1270554,development,letter: d
la necesidad,1267760,feminine singular definite article; the,need
en cualquier,1265050,"in, at, on","apocopic form of ""cualquiera""; any; whatever; whichever"
por favor,1263959,by,favor/favour
la única,1263750,feminine singular definite article; the,
mi vida,1263026,"apocopic form of ""mío"", my",life
no ha,1262818,"abbreviation of ""noroeste""; northwest","initialism of ""ácido hialurónico"""
su propia,1255746,given name,
el aire,1252768,masculine singular definite article; the,air (the substance constituting earth's atmosphere)
de hacer,1251731,letter: d,"to do, perform, execute, carry out"
y después,1251367,letter,"later, afterwards, afterward, post"
qué no,1248080,(see usage notes) what; which,"abbreviation of ""noroeste""; northwest"
la zona,1242159,feminine singular definite article; the,"zone, district, area"
o a,1238601,letter,letter
y así,1236080,letter,"like this; like that; as such; thus; so; thereby; this way, that way"
para mí,1235930,"for, to (expressing a recipient)",me; (declined form of yo used as the object of a preposition)
la vez,1235532,feminine singular definite article; the,"time, instance"
largo de,1232419,surname,letter: d
que al,1232252,that,"initialism of ""América Latina"""
sé que,1231153,"smart inflection of ""saber""",that
vida de,1229869,life,letter: d
se les,1228998,"abbreviation of ""sudeste""; southeast","inflection of ""ellos,ellas""; to them, for them"
son las,1225148,tone (pleasant sound),feminine plural definite article; the
a continuación,1223072,letter,continuation
acuerdo con,1221829,agreement,with
no solo,1220771,"abbreviation of ""noroeste""; northwest",sole; one; only; single (unique)
la atención,1220032,feminine singular definite article; the,attention
eso no,1219649,"acronym of ""Educación Secundaria Obligatoria"" (“the Spanish secondary education system that aims to prepare students between the ages of 11 and 16 for their next studies or the world of work.”)","abbreviation of ""noroeste""; northwest"
delante de,1219056,"in front of, before (spatially)",letter: d
desde que,1217808,since (from a specified time in the past),that
capacidad de,1217484,"capacity, capability, ability",letter: d
vez en,1216046,"time, instance","in, at, on"
me lo,1215882,"initialism of ""muerte encefálica"" (“brain death”)","inflection of ""él"" and usted (when referring to a man), and a variant of ello in many constructions; him, you (formal), it, that"
comenzó a,1214670,,letter
de ellas,1213546,letter: d,"they, them (used subjectively and after prepositions; can refer to women and feminine nouns)"
una nueva,1213109,"acronym of ""Universidad Nacional de Agricultura""","A village in northeastern Asturias, Spain"
en general,1210878,"in, at, on","general, overall"
ser un,1209473,to be (essentially or identified as),an; a
y él,1209169,letter,"he, him, masculine personal third person subject and disjunctive pronoun (used as a subject and after prepositions)"
los días,1208413,"masculine plural of ""el"" (the)",
que mi,1206866,that,"apocopic form of ""mío"", my"
fue el,1202126,,masculine singular definite article; the
no está,1201498,"abbreviation of ""noroeste""; northwest",
centro de,1200925,center,letter: d
tiempo de,1200587,time,letter: d
dice que,1200550,,that
nivel de,1199710,"level, tier, height (distance relative to a given reference elevation)",letter: d
pero que,1198665,but,that
único que,1197376,only; single; sole,that
en casa,1196816,"in, at, on",house
los otros,1195756,"masculine plural of ""el"" (the)","masculine plural of ""otro"""
no quería,1195524,"abbreviation of ""noroeste""; northwest",
una sonrisa,1192505,"acronym of ""Universidad Nacional de Agricultura""",smile
en aquel,1192423,"in, at, on",that (over there; implying some distance)
millones de,1190821,,letter: d
general de,1187787,"general, overall",letter: d
cosas que,1185543,,that
se dio,1184770,"abbreviation of ""sudeste""; southeast",
en forma,1184732,"in, at, on",shape; form; figure
lo mejor,1183498,"inflection of ""él"" and usted (when referring to a man), and a variant of ello in many constructions; him, you (formal), it, that",better
sin que,1183175,without,that
por fin,1181936,by,end
con que,1180662,with,that
por ello,1179924,by,"it, neuter third-person subject and disjunctive pronoun"
que ver,1178322,that,"to see, to spot"
la presencia,1177906,feminine singular definite article; the,presence
me dijo,1172916,"initialism of ""muerte encefálica"" (“brain death”)",
que más,1169797,that,more; -er (used to make comparisons)
la fuerza,1166349,feminine singular definite article; the,force
lo tanto,1165331,"inflection of ""él"" and usted (when referring to a man), and a variant of ello in many constructions; him, you (formal), it, that",so much; as much; that much
que hacer,1164629,that,"to do, perform, execute, carry out"
la existencia,1163305,feminine singular definite article; the,existence
el centro,1163053,masculine singular definite article; the,center
su hijo,1161058,given name,son
que fue,1160540,that,
lado de,1157352,side,letter: d
me había,1157206,"initialism of ""muerte encefálica"" (“brain death”)","smart inflection of ""haber"""
un lugar,1155399,an; a,place
como las,1154849,"Como (A city and comune in capital in province of Como, Lombardy.)",feminine plural definite article; the
bajo la,1154487,short (of little height),feminine singular definite article; the
si es,1153267,"A @abbrev of:Sinaloa state, Mexico",
una serie,1151883,"acronym of ""Universidad Nacional de Agricultura""",series (a number of things that follow one another)
vas a,1151579,,letter
los últimos,1151207,"masculine plural of ""el"" (the)",
es necesario,1150073,,"necessary, requisite"
el señor,1149070,masculine singular definite article; the,"alternative case form of ""señor"" (used before a name); Mister"
un nuevo,1145400,an; a,surname
el uso,1143922,masculine singular definite article; the,use
ha de,1142601,"initialism of ""ácido hialurónico""",letter: d
qué es,1142016,(see usage notes) what; which,
no sabía,1141075,"abbreviation of ""noroeste""; northwest",
de qué,1140637,letter: d,(see usage notes) what; which
et al,1140239,ampersand,"initialism of ""América Latina"""
tengo que,1140155,,that
puesto que,1137731,"position, employment, job",that
y ahora,1135820,letter,now (at the present time)
el problema,1133237,masculine singular definite article; the,"problem, issue, challenge (a difficulty or obstacle that has to be dealt with)"
se refiere,1131235,"abbreviation of ""sudeste""; southeast",
ya se,1131071,"(in the present or imperative) now, right now, (in the negative) anymore, no longer","abbreviation of ""sudeste""; southeast"
presencia de,1130414,presence,letter: d
él y,1129676,"he, him, masculine personal third person subject and disjunctive pronoun (used as a subject and after prepositions)",letter
de pronto,1129520,letter: d,"prompt, on time"
para poder,1126928,"for, to (expressing a recipient)","to be able to, can"
nada más,1126037,"nothing, zero, zilch, not...anything",more; -er (used to make comparisons)
las relaciones,1125339,feminine plural definite article; the,
la imagen,1124570,feminine singular definite article; the,image
cantidad de,1123605,amount,letter: d
para no,1122244,"for, to (expressing a recipient)","abbreviation of ""noroeste""; northwest"
pensar en,1121699,"to think, ponder","in, at, on"
mejor que,1121093,better,that
una buena,1119465,"acronym of ""Universidad Nacional de Agricultura""",inheritance
los cuales,1117683,"masculine plural of ""el"" (the)",
que con,1117088,that,with
la cocina,1115875,feminine singular definite article; the,kitchen
la señora,1115763,feminine singular definite article; the,"alternative case form of ""señora"", used before a name"
se debe,1115639,"abbreviation of ""sudeste""; southeast",
nada de,1114650,"nothing, zero, zilch, not...anything",letter: d
los brazos,1114581,"masculine plural of ""el"" (the)",
lo único,1113828,"inflection of ""él"" and usted (when referring to a man), and a variant of ello in many constructions; him, you (formal), it, that",only; single; sole
de nuestro,1113303,letter: d,ours
la Iglesia,1113127,feminine singular definite article; the,Church (institution)
el fin,1109867,masculine singular definite article; the,end
se la,1108446,"abbreviation of ""sudeste""; southeast",feminine singular definite article; the
en tu,1106021,"in, at, on","initialism of ""Tren Urbano"", the metro system used in San Juan, Puerto Rico"
y eso,1104216,letter,"acronym of ""Educación Secundaria Obligatoria"" (“the Spanish secondary education system that aims to prepare students between the ages of 11 and 16 for their next studies or the world of work.”)"
la libertad,1103678,feminine singular definite article; the,"liberty, freedom"
si bien,1102578,"A @abbrev of:Sinaloa state, Mexico",well (adverbial form of bueno)
de San,1101505,letter: d,Saint (title)
de repente,1101245,letter: d,"attack, upsurge"
la política,1100486,feminine singular definite article; the,politics (activities associated with running a government or organisation)
en esa,1099894,"in, at, on","alternative spelling of ""ésa"""
la razón,1099143,feminine singular definite article; the,reason
que también,1098514,that,"also, too, as well"
mucho tiempo,1097817,"much, a lot of",time
el último,1096903,masculine singular definite article; the,final; last
sobre su,1096448,"over, above, on, upon, atop",given name
dentro del,1095690,inside (for space),"of the, from the (+ a masculine noun in singular)"
en España,1095567,"in, at, on","Spain (A country in Southern Europe, including most of the Iberian peninsula.)"
bajo el,1094056,short (of little height),masculine singular definite article; the
la acción,1093867,feminine singular definite article; the,"action, act, deed (something done)"
como lo,1093775,"Como (A city and comune in capital in province of Como, Lombardy.)","inflection of ""él"" and usted (when referring to a man), and a variant of ello in many constructions; him, you (formal), it, that"
en cambio,1092054,"in, at, on","change, shift"
en lugar,1090620,"in, at, on",place
al otro,1089563,"initialism of ""América Latina""","other, another"
los tres,1086857,"masculine plural of ""el"" (the)",three
los labios,1083840,"masculine plural of ""el"" (the)",
del que,1081573,"of the, from the (+ a masculine noun in singular)",that
en relación,1079881,"in, at, on",relation
la capacidad,1078898,feminine singular definite article; the,"capacity, capability, ability"
y ella,1076478,letter,"she, her (used subjectively and after prepositions)"
día de,1074603,day (any period of 24 hours),letter: d
el derecho,1074090,masculine singular definite article; the,straight (not crooked or bent; having a constant direction throughout its length)
otra parte,1070533,,part; section; portion; share; piece; bit; cut; proportion
pero también,1070366,but,"also, too, as well"
manera de,1070137,way; manner; method; style,letter: d
el único,1065982,masculine singular definite article; the,only; single; sole
la Universidad,1064227,feminine singular definite article; the,"university, (US) college"
la actividad,1063594,feminine singular definite article; the,activity (state of being active)
especie de,1061237,species,letter: d
el más,1061167,masculine singular definite article; the,more; -er (used to make comparisons)
los mismos,1059778,"masculine plural of ""el"" (the)",
había visto,1059466,"smart inflection of ""haber""",seen
que sí,1058991,that,"yes, yeah, (used to respond affirmatively to a question, used both informally and formally)"
él no,1057928,"he, him, masculine personal third person subject and disjunctive pronoun (used as a subject and after prepositions)","abbreviation of ""noroeste""; northwest"
a ti,1057186,letter,"inflection of ""tú"""
los datos,1056423,"masculine plural of ""el"" (the)","plural of ""dato"""
los casos,1055589,"masculine plural of ""el"" (the)",
la sala,1054634,feminine singular definite article; the,surname
lo sé,1052540,"inflection of ""él"" and usted (when referring to a man), and a variant of ello in many constructions; him, you (formal), it, that","smart inflection of ""saber"""
modo de,1052283,"way, manner",letter: d
el valor,1050526,masculine singular definite article; the,value (all senses)
sensación de,1048448,sensation,letter: d
para hacer,1045916,"for, to (expressing a recipient)","to do, perform, execute, carry out"
cuanto a,1045411,"whatever quantity, as much, however much",letter
y nos,1044361,letter,"inflection of ""nosotros"": to us, for us"
un grupo,1042491,an; a,group
su lado,1040853,given name,side
que todos,1037982,that,
los más,1037393,"masculine plural of ""el"" (the)",more; -er (used to make comparisons)
la respuesta,1036353,feminine singular definite article; the,"reply, response, answer"
se hace,1035859,"abbreviation of ""sudeste""; southeast","ago (Note: unlike in English, hace precedes the number.)"
ante el,1032694,"in front of, before",masculine singular definite article; the
hombre que,1031736,"man, (adult male human)",that
más bien,1031364,more; -er (used to make comparisons),well (adverbial form of bueno)
al día,1030488,"initialism of ""América Latina""",day (any period of 24 hours)
llegó a,1029977,,letter
hablar de,1029048,"to talk; to speak; to communicate using words [+con (with), along with de or sobre (about), along with en (in (a language)), along with dative (person spoken to), along with accusative (what is said)]",letter: d
de estar,1028893,letter: d,to be (have a temporary or permanent location in space)
el rostro,1028867,masculine singular definite article; the,face (the front part of the head)
una forma,1028828,"acronym of ""Universidad Nacional de Agricultura""",shape; form; figure
a Dios,1028702,letter,God
este tipo,1027650,this,"kind, type, sort, manner"
derecho a,1026149,straight (not crooked or bent; having a constant direction throughout its length),letter
la más,1024327,feminine singular definite article; the,more; -er (used to make comparisons)
a otro,1023910,letter,"other, another"
el sentido,1023313,masculine singular definite article; the,"deeply felt, heartfelt"
por otra,1023285,by,
de toda,1021306,letter: d,
de aquel,1018199,letter: d,that (over there; implying some distance)
si lo,1017426,"A @abbrev of:Sinaloa state, Mexico","inflection of ""él"" and usted (when referring to a man), and a variant of ello in many constructions; him, you (formal), it, that"
la base,1017382,feminine singular definite article; the,base
que este,1016471,that,this
alrededor de,1016179,surroundings,letter: d
los Estados,1015502,"masculine plural of ""el"" (the)",
ver a,1013909,"to see, to spot",letter
a esta,1013389,letter,"alternative spelling of ""ésta"" (“this one”)"
del sistema,1012868,"of the, from the (+ a masculine noun in singular)",system
se acercó,1012408,"abbreviation of ""sudeste""; southeast",
ciudad de,1011613,city,letter: d
la tarde,1010094,feminine singular definite article; the,late (after a specified deadline)
que tienen,1009001,that,
la madre,1005954,feminine singular definite article; the,mother
los resultados,1004928,"masculine plural of ""el"" (the)",
poco de,1003414,"little, not much",letter: d
manera que,1003080,way; manner; method; style,that
que para,1000148,that,"for, to (expressing a recipient)"
que he,998993,that,here is [+(suffixed) accusative or aquí or ahí or allí]
de personas,998874,letter: d,
la educación,997037,feminine singular definite article; the,education
no quiero,996974,"abbreviation of ""noroeste""; northwest",
era de,994360,"era, age",letter: d
fue la,994283,,feminine singular definite article; the
a todo,993427,letter,all; every
no nos,993178,"abbreviation of ""noroeste""; northwest","inflection of ""nosotros"": to us, for us"
la espalda,991020,feminine singular definite article; the,back
del tiempo,990682,"of the, from the (+ a masculine noun in singular)",time
los medios,990605,"masculine plural of ""el"" (the)","plural of ""medio"""
una especie,989401,"acronym of ""Universidad Nacional de Agricultura""",species
de otros,988943,letter: d,"masculine plural of ""otro"""
la ventana,988676,feminine singular definite article; the,window (opening for light and air)
y otra,987982,letter,
el cielo,987593,masculine singular definite article; the,sky
te lo,986957,letter: t,"inflection of ""él"" and usted (when referring to a man), and a variant of ello in many constructions; him, you (formal), it, that"
conjunto de,986368,joint,letter: d
han sido,985097,,
que esta,984810,that,"alternative spelling of ""ésta"" (“this one”)"
a sí,980051,letter,"yes, yeah, (used to respond affirmatively to a question, used both informally and formally)"
la experiencia,979565,feminine singular definite article; the,experience
se pueden,977712,"abbreviation of ""sudeste""; southeast",
tipos de,975869,,letter: d
otra cosa,975580,,"thing (object, concept)"
algo más,974204,"something, anything",more; -er (used to make comparisons)
el pueblo,974131,masculine singular definite article; the,"town, village"
una parte,973423,"acronym of ""Universidad Nacional de Agricultura""",part; section; portion; share; piece; bit; cut; proportion
final de,972639,"final (last, ultimate)",letter: d
le dio,971721,"to him, for him; inflection of ""él""",
la había,971484,feminine singular definite article; the,"smart inflection of ""haber"""
puerta de,970266,surname,letter: d
una mano,970046,"acronym of ""Universidad Nacional de Agricultura""",hand
el tema,969352,masculine singular definite article; the,"theme; plot (of a book, film or other media)"
la cultura,969040,feminine singular definite article; the,culture
momento en,968605,"moment, instant","in, at, on"
en torno,967659,"in, at, on",lathe
con mi,967255,with,"apocopic form of ""mío"", my"
por medio,967082,by,half (of or related to one of two equal divisions of a whole)
de cualquier,966945,letter: d,"apocopic form of ""cualquiera""; any; whatever; whichever"
cada una,966182,each; every,"acronym of ""Universidad Nacional de Agricultura"""
la escuela,964035,feminine singular definite article; the,school (an institution dedicated to teaching and learning)
la entrada,962493,feminine singular definite article; the,entrance
al lado,962490,"initialism of ""América Latina""",side
este caso,960849,this,case (situation or fact)
se encontraba,960128,"abbreviation of ""sudeste""; southeast",
ella no,960080,"she, her (used subjectively and after prepositions)","abbreviation of ""noroeste""; northwest"
las condiciones,959207,feminine plural definite article; the,
base de,958739,base,letter: d
por otro,956669,by,"other, another"
el gobierno,955842,masculine singular definite article; the,government
de unos,954600,letter: d,"masculine plural of ""un"""
a nadie,954331,letter,no one; nobody (anyone or anybody)
como de,954180,"Como (A city and comune in capital in province of Como, Lombardy.)",letter: d
algunos de,953892,"masculine plural of ""alguno""",letter: d
pero si,952938,but,"A @abbrev of:Sinaloa state, Mexico"
para un,952181,"for, to (expressing a recipient)",an; a
de seguridad,951600,letter: d,"safety, security"
el segundo,950176,masculine singular definite article; the,given name
allá de,948625,"there, over there, thither, yonder (in a direction away from the speaker and the listener)",letter: d
del país,947686,"of the, from the (+ a masculine noun in singular)",country (the territory of a nation)
de diciembre,947071,letter: d,December
junto con,946482,together,with
debe ser,945933,,to be (essentially or identified as)
la piel,945245,feminine singular definite article; the,skin
la producción,945063,feminine singular definite article; the,production
poco más,944937,"little, not much",more; -er (used to make comparisons)
de pie,944237,letter: d,foot (a part of the body)
de esos,944167,letter: d,"plural of ""ese""; those"
nacional de,944166,"national, nationwide (of or relating to a nation)",letter: d
algo de,943931,"something, anything",letter: d
se volvió,942115,"abbreviation of ""sudeste""; southeast",
pueden ser,941952,,to be (essentially or identified as)
yo me,941851,first-person singular pronoun in the nominative case; I,"initialism of ""muerte encefálica"" (“brain death”)"
el rey,941450,masculine singular definite article; the,surname
los dedos,939488,"masculine plural of ""el"" (the)",
al ver,939304,"initialism of ""América Latina""","to see, to spot"
que nadie,936935,that,no one; nobody (anyone or anybody)
y qué,936886,letter,(see usage notes) what; which
los países,936635,"masculine plural of ""el"" (the)",
que están,936521,that,
hijo de,935141,son,letter: d
o por,935057,letter,by
en estos,932912,"in, at, on","alternative spelling of ""éstos"" (“these ones”)"
la mente,932787,feminine singular definite article; the,"mind, intellect"
Universidad de,931597,"university, (US) college",letter: d
pero se,930153,but,"abbreviation of ""sudeste""; southeast"
miró a,928778,surname,letter
del hombre,928586,"of the, from the (+ a masculine noun in singular)","man, (adult male human)"
of the,928564,,
través del,927298,"bend, turn","of the, from the (+ a masculine noun in singular)"
nada que,926938,"nothing, zero, zilch, not...anything",that
el libro,926926,masculine singular definite article; the,book
de eso,926720,letter: d,"acronym of ""Educación Secundaria Obligatoria"" (“the Spanish secondary education system that aims to prepare students between the ages of 11 and 16 for their next studies or the world of work.”)"
el resultado,926083,masculine singular definite article; the,"result, outcome, finding, upshot"
al principio,925348,"initialism of ""América Latina""",principle
tiene un,924785,,an; a
dicho que,924515,"mentioned, said, aforementioned",that
van a,923765,van (vehicle),letter
para ser,922988,"for, to (expressing a recipient)",to be (essentially or identified as)
no fue,922899,"abbreviation of ""noroeste""; northwest",
en todos,922251,"in, at, on",
en silencio,921550,"in, at, on",silence
se sentía,921056,"abbreviation of ""sudeste""; southeast",
de ello,920532,letter: d,"it, neuter third-person subject and disjunctive pronoun"
la sangre,920289,feminine singular definite article; the,blood
el pelo,920271,masculine singular definite article; the,hair (a single hair)
al fin,920070,"initialism of ""América Latina""",end
que tú,919711,that,you (second-person singular pronoun)
su propio,919223,given name,own (belonging to)
el principio,917834,masculine singular definite article; the,principle
la práctica,917793,feminine singular definite article; the,practice
que hace,917567,that,"ago (Note: unlike in English, hace precedes the number.)"
como a,916929,"Como (A city and comune in capital in province of Como, Lombardy.)",letter
clase de,916848,lecture,letter: d
las de,916598,feminine plural definite article; the,letter: d
entre ellos,916428,between,"plural of ""él"" (“they, them”)"
con más,915046,with,more; -er (used to make comparisons)
le preguntó,909548,"to him, for him; inflection of ""él""",
ella y,909097,"she, her (used subjectively and after prepositions)",letter
la pared,909048,feminine singular definite article; the,"wall, especially of a house or room"
a cada,908520,letter,each; every
la lengua,908478,feminine singular definite article; the,tongue (organ)
objeto de,907034,object,letter: d
causa de,906249,cause,letter: d
había estado,906189,"smart inflection of ""haber""",state (any sovereign polity)
es como,905984,,"Como (A city and comune in capital in province of Como, Lombardy.)"
e incluso,903706,letter,"enclosed, included"
con ellos,902358,with,"plural of ""él"" (“they, them”)"
la organización,902317,feminine singular definite article; the,organization
todo esto,902067,all; every,"neuter singular of ""éste"""
hay un,901720,"alternative form of ""ahí""",an; a
por primera,901397,by,first gear (lowest gear in a motor vehicle)
se encuentran,901396,"abbreviation of ""sudeste""; southeast",
su vez,900680,given name,"time, instance"
los pies,900241,"masculine plural of ""el"" (the)",
el sol,899219,masculine singular definite article; the,the Sun
función de,899117,function,letter: d
de datos,899106,letter: d,"plural of ""dato"""
hay una,899077,"alternative form of ""ahí""","acronym of ""Universidad Nacional de Agricultura"""
el campo,897130,masculine singular definite article; the,surname
el dolor,897067,masculine singular definite article; the,"pain, ache, aching soreness, tenderness (physical)"
Nueva York,894985,"A village in northeastern Asturias, Spain",York
en caso,894846,"in, at, on",case (situation or fact)
vida y,894672,life,letter
de España,894402,letter: d,"Spain (A country in Southern Europe, including most of the Iberian peninsula.)"
no tengo,894096,"abbreviation of ""noroeste""; northwest",
Buenos Aires,893567,,
ojos de,891802,,letter: d
de México,891653,letter: d,Mexico (a country in North America)
trataba de,891334,,letter: d
que pueden,890847,that,
entrar en,889661,to enter; to come in; to get in; to go in; to get inside; to come on in,"in, at, on"
al igual,887846,"initialism of ""América Latina""","equal, same"
dejar de,887795,to leave (to place),letter: d
el siglo,887332,masculine singular definite article; the,century
cambio de,886251,"change, shift",letter: d
un sistema,885151,an; a,system
una sola,885128,"acronym of ""Universidad Nacional de Agricultura""",surname
su hermano,884946,given name,brother
que fuera,878813,that,outside
y todo,876536,letter,all; every
la iglesia,875643,feminine singular definite article; the,Church (institution)
para una,875570,"for, to (expressing a recipient)","acronym of ""Universidad Nacional de Agricultura"""
al cabo,875422,"initialism of ""América Latina""","end, edge, extremity (furthest or terminal point of something)"
el futuro,875313,masculine singular definite article; the,future (occurring in the future)
dijo el,875183,,masculine singular definite article; the
con todo,874346,with,all; every
pensar que,874226,"to think, ponder",that
la siguiente,873906,feminine singular definite article; the,following
la salud,873462,feminine singular definite article; the,health
la gran,872523,feminine singular definite article; the,"apocopic form of ""grande""; great, grand"
que iba,871929,that,
ser el,871642,to be (essentially or identified as),masculine singular definite article; the
las mismas,871096,feminine plural definite article; the,
su nombre,868981,given name,name
y otras,868563,letter,
que siempre,867324,that,always
debajo de,866562,underneath,letter: d
a tener,866037,letter,to have; to possess
el primero,865464,masculine singular definite article; the,"former (in contrast to the latter), first, first one"
ver con,865254,"to see, to spot",with
en dos,865209,"in, at, on",two
sino también,864836,"destiny, fate, lot","also, too, as well"
la mitad,864771,feminine singular definite article; the,half
la propia,864367,feminine singular definite article; the,
la creación,864366,feminine singular definite article; the,creation
los problemas,864145,"masculine plural of ""el"" (the)",
vez de,864091,"time, instance",letter: d
cosa que,862246,"thing (object, concept)",that
de aquella,862058,letter: d,"feminine singular of ""aquel"""
se levantó,861858,"abbreviation of ""sudeste""; southeast",
el dinero,860972,masculine singular definite article; the,money
fue un,860695,,an; a
de julio,860297,letter: d,given name
también en,859583,"also, too, as well","in, at, on"
ser una,857807,to be (essentially or identified as),"acronym of ""Universidad Nacional de Agricultura"""
la comunidad,857382,feminine singular definite article; the,community
la nueva,856271,feminine singular definite article; the,"A village in northeastern Asturias, Spain"
a otros,855369,letter,"masculine plural of ""otro"""
pero lo,854924,but,"inflection of ""él"" and usted (when referring to a man), and a variant of ello in many constructions; him, you (formal), it, that"
la figura,854700,feminine singular definite article; the,figure
mientras se,854432,meanwhile,"abbreviation of ""sudeste""; southeast"
y te,854099,letter,letter: t
de tener,851962,letter: d,to have; to possess
la música,851937,feminine singular definite article; the,music
en qué,851915,"in, at, on",(see usage notes) what; which
la época,851382,feminine singular definite article; the,"epoch, era, age, time, day"
de comunicación,850741,letter: d,communication
sus hijos,850272,"plural of ""su""; one's, his, her, its, their (with plural possessee)","plural of ""hijo"" (sons, children)"
el Estado,849869,masculine singular definite article; the,state (any sovereign polity)
el fondo,848746,masculine singular definite article; the,bottom
un tiempo,848612,an; a,time
poco a,848480,"little, not much",letter
cuando los,847416,when,"masculine plural of ""el"" (the)"
el control,846053,masculine singular definite article; the,"control, or running of a business"
a poco,846030,letter,"little, not much"
de ti,845497,letter: d,"inflection of ""tú"""
que ahora,845323,that,now (at the present time)
de información,844709,letter: d,"information, data"
lo menos,844552,"inflection of ""él"" and usted (when referring to a man), and a variant of ello in many constructions; him, you (formal), it, that",less
el padre,843164,masculine singular definite article; the,Father (a title for a Latin Catholic priest and also God the Father)
sus manos,842675,"plural of ""su""; one's, his, her, its, their (with plural possessee)",
los hijos,841981,"masculine plural of ""el"" (the)","plural of ""hijo"" (sons, children)"
seguro de,838971,secure; safe (free from danger),letter: d
supongo que,836180,,that
el país,835319,masculine singular definite article; the,country (the territory of a nation)
esta vez,834741,"alternative spelling of ""ésta"" (“this one”)","time, instance"
ha hecho,833880,"initialism of ""ácido hialurónico""","done, completed"
según el,833005,according to,masculine singular definite article; the
el interior,832383,masculine singular definite article; the,"inner, interior"
tenía la,832088,,feminine singular definite article; the
a alguien,830288,letter,"someone, somebody"
en todas,829924,"in, at, on",
muerte de,829612,death (the cessation of life),letter: d
el niño,829146,masculine singular definite article; the,"child, boy"
del cuerpo,827525,"of the, from the (+ a masculine noun in singular)",body (the physical structure of a human or animal)
este libro,827063,this,book
del día,826936,"of the, from the (+ a masculine noun in singular)",day (any period of 24 hours)
la expresión,826081,feminine singular definite article; the,expression
principio de,825153,principle,letter: d
existencia de,824456,existence,letter: d
la pena,823282,feminine singular definite article; the,"punishment, sentence"
más importante,823250,more; -er (used to make comparisons),"important, that cares, that matters"
medida que,821874,"measurement; measure, gauge",that
del pueblo,821541,"of the, from the (+ a masculine noun in singular)","town, village"
un año,821468,an; a,surname
que podía,821410,that,
tenemos que,821184,,that
ley de,819574,law (a well-established characteristic of nature),letter: d
persona que,819519,person (an individual; usually a human being),that
su parte,819144,given name,part; section; portion; share; piece; bit; cut; proportion
tal como,819133,such,"Como (A city and comune in capital in province of Como, Lombardy.)"
o un,818894,letter,an; a
tuvo que,818784,,that
su rostro,818436,given name,face (the front part of the head)
de otro,817953,letter: d,"other, another"
posible que,817732,possible,that
dio un,816285,,an; a
en efecto,815952,"in, at, on",effect
me he,815237,"initialism of ""muerte encefálica"" (“brain death”)",here is [+(suffixed) accusative or aquí or ahí or allí]
a decir,815195,letter,"to say, to tell, to name, to mention"
de tres,813802,letter: d,three
sus padres,813153,"plural of ""su""; one's, his, her, its, their (with plural possessee)","plural of ""padre"" (parents)"
los siguientes,812623,"masculine plural of ""el"" (the)",
el brazo,812571,masculine singular definite article; the,arm
el tipo,812188,masculine singular definite article; the,"kind, type, sort, manner"
hablar con,811922,"to talk; to speak; to communicate using words [+con (with), along with de or sobre (about), along with en (in (a language)), along with dative (person spoken to), along with accusative (what is said)]",with
se trataba,811791,"abbreviation of ""sudeste""; southeast",
de otra,811418,letter: d,
grado de,811229,degree,letter: d
DE LA,810646,letter: d,feminine singular definite article; the
aún más,810040,"still, yet",more; -er (used to make comparisons)
había dicho,809136,"smart inflection of ""haber""","mentioned, said, aforementioned"
aún no,808778,"still, yet","abbreviation of ""noroeste""; northwest"
ya lo,808223,"(in the present or imperative) now, right now, (in the negative) anymore, no longer","inflection of ""él"" and usted (when referring to a man), and a variant of ello in many constructions; him, you (formal), it, that"
la formación,807703,feminine singular definite article; the,formation
las empresas,805990,feminine plural definite article; the,
de madera,805713,letter: d,wood
tanto en,805058,so much; as much; that much,"in, at, on"
es cierto,805051,,true
según la,804224,according to,feminine singular definite article; the
o menos,803734,letter,less
consiste en,803641,,"in, at, on"
porque el,802183,because,masculine singular definite article; the
a toda,802019,letter,
que cuando,801725,that,when
el papel,801633,masculine singular definite article; the,paper
tras la,801603,"after, following, in the wake of; upon",feminine singular definite article; the
o que,801475,letter,that
un pequeño,801053,an; a,small; little
concepto de,800891,concept,letter: d
si fuera,798957,"A @abbrev of:Sinaloa state, Mexico",outside
un proceso,798714,an; a,process
los efectos,798244,"masculine plural of ""el"" (the)",
los pacientes,798241,"masculine plural of ""el"" (the)",
la investigación,797762,feminine singular definite article; the,investigation
me parece,797568,"initialism of ""muerte encefálica"" (“brain death”)",
formas de,796763,,letter: d
su mano,796422,given name,hand
los padres,795889,"masculine plural of ""el"" (the)","plural of ""padre"" (parents)"
no pudo,795775,"abbreviation of ""noroeste""; northwest",
control de,795644,"control, or running of a business",letter: d
de tal,795550,letter: d,such
de esas,795533,letter: d,"feminine plural of ""ese""; those"
pero es,795526,but,
una cosa,795351,"acronym of ""Universidad Nacional de Agricultura""","thing (object, concept)"
para él,794713,"for, to (expressing a recipient)","he, him, masculine personal third person subject and disjunctive pronoun (used as a subject and after prepositions)"
de sí,794275,letter: d,"yes, yeah, (used to respond affirmatively to a question, used both informally and formally)"
tiene una,794108,,"acronym of ""Universidad Nacional de Agricultura"""
pero a,793470,but,letter
salir de,792032,"to go out, to leave, to depart, to head out",letter: d
de mayo,791802,letter: d,May
para evitar,790389,"for, to (expressing a recipient)","to avoid, to bypass, to evade, to circumvent, to dodge, to shun, to eschew (to steer clear of)"
derecho de,789858,straight (not crooked or bent; having a constant direction throughout its length),letter: d
de tiempo,789712,letter: d,time
mayor parte,789339,"comparative of ""grande"": bigger",part; section; portion; share; piece; bit; cut; proportion
obra de,789336,work (usually literary or artistic),letter: d
en otras,788548,"in, at, on",
era que,788105,"era, age",that
la función,787342,feminine singular definite article; the,function
de poder,786547,letter: d,"to be able to, can"
riesgo de,786438,risk; the possibility of harm or an unfavorable outcome from random chance,letter: d
de junio,786371,letter: d,surname
de inmediato,786072,letter: d,immediate
un solo,785779,an; a,sole; one; only; single (unique)
que ser,785765,that,to be (essentially or identified as)
la región,783527,feminine singular definite article; the,"alternative case form of ""región"""
el espacio,783413,masculine singular definite article; the,space (distance between things)
puede que,782968,it's possible; could be,that
el propio,782409,masculine singular definite article; the,own (belonging to)
y ya,782346,letter,"(in the present or imperative) now, right now, (in the negative) anymore, no longer"
que pueda,782104,that,
las cuales,781665,feminine plural definite article; the,
a mis,781343,letter,
porque la,781288,because,feminine singular definite article; the
se fue,781068,"abbreviation of ""sudeste""; southeast",
de La,780313,letter: d,feminine singular definite article; the
es importante,779569,,"important, that cares, that matters"
cual se,779192,"like, as, in the manner of","abbreviation of ""sudeste""; southeast"
de uno,779085,letter: d,one
y mi,778908,letter,"apocopic form of ""mío"", my"
si me,778622,"A @abbrev of:Sinaloa state, Mexico","initialism of ""muerte encefálica"" (“brain death”)"
cabeza y,778227,surname,letter
el ámbito,777796,masculine singular definite article; the,"scope, field"
un niño,777083,an; a,"child, boy"
tienes que,776625,,that
la manera,776490,feminine singular definite article; the,way; manner; method; style
de color,776394,letter: d,"color / colour, hue"
la construcción,775286,feminine singular definite article; the,construction
de nosotros,773393,letter: d,we (masculine plural)
en nuestro,773275,"in, at, on",ours
una vida,772120,"acronym of ""Universidad Nacional de Agricultura""",life
se hizo,771926,"abbreviation of ""sudeste""; southeast",
que estaban,771775,that,
su familia,771017,given name,family (group of people related to each other)
el paso,770153,masculine singular definite article; the,"acronym of ""(elecciones) primarias, abiertas, simultáneas y obligatorias"" (“primary, open, simultaneous, and mandatory (elections)”)"
más o,768930,more; -er (used to make comparisons),letter
su hija,768188,given name,"daughter; female equivalent of ""hijo"""
la policía,767967,feminine singular definite article; the,"Civility, polity, public order, police, fineness, neatness, urbanity"
está bien,767883,,well (adverbial form of bueno)
menos que,767831,less,that
la sensación,767759,feminine singular definite article; the,sensation
el tratamiento,766839,masculine singular definite article; the,treatment (the process or manner of treating someone or something)
tenía un,766485,,an; a
día siguiente,766483,day (any period of 24 hours),following
las siguientes,766085,feminine plural definite article; the,
siempre que,766053,always,that
de noviembre,765998,letter: d,November
los miembros,765807,"masculine plural of ""el"" (the)",
en particular,765428,"in, at, on","specific, particular"
valor de,765233,value (all senses),letter: d
la vuelta,765217,feminine singular definite article; the,the Vuelta a España
a ese,764594,letter,letter: s
una relación,763296,"acronym of ""Universidad Nacional de Agricultura""",relation
menos de,761294,less,letter: d
el estado,761281,masculine singular definite article; the,state (any sovereign polity)
de octubre,760917,letter: d,October
la economía,760278,feminine singular definite article; the,economy
trabajo de,760037,"work, job",letter: d
que sólo,759997,that,"superseded spelling of ""solo"""
sentido de,759187,"deeply felt, heartfelt",letter: d
en voz,758378,"in, at, on",voice
a uno,758046,letter,one
es tan,757961,,"so, as"
cuenta que,757697,"count, tally",that
en sí,757388,"in, at, on","yes, yeah, (used to respond affirmatively to a question, used both informally and formally)"
era muy,757234,"era, age","apocopic form of ""mucho""; very"
sí misma,757091,"yes, yeah, (used to respond affirmatively to a question, used both informally and formally)",
hombre de,757012,"man, (adult male human)",letter: d
los elementos,755886,"masculine plural of ""el"" (the)",
la memoria,754408,feminine singular definite article; the,memory (the ability of the brain to record information)
llevar a,754029,to take somewhere,letter
para ello,753708,"for, to (expressing a recipient)","it, neuter third-person subject and disjunctive pronoun"
la dirección,752306,feminine singular definite article; the,direction
durante un,751955,"during, in, over",an; a
en términos,751914,"in, at, on",
y entonces,751515,letter,"then, next, thereupon, at that time, at that point"
mucho que,751427,"much, a lot of",that
de marzo,751401,letter: d,surname
la estructura,751393,feminine singular definite article; the,structure
seguro que,751353,secure; safe (free from danger),that
fue a,751217,,letter
mano de,751059,hand,letter: d
miembros de,750979,,letter: d
pese a,750611,,letter
que cada,749802,that,each; every
los recursos,749468,"masculine plural of ""el"" (the)",
que eso,749427,that,"acronym of ""Educación Secundaria Obligatoria"" (“the Spanish secondary education system that aims to prepare students between the ages of 11 and 16 for their next studies or the world of work.”)"
campo de,749236,surname,letter: d
de ahí,749044,letter: d,there (away from the speaker)
la enfermedad,748945,feminine singular definite article; the,"illness, disease"
se detuvo,748274,"abbreviation of ""sudeste""; southeast",
aquellos que,747914,"alternative spelling of ""aquéllos""; those ones (over there; implying some distance). The unaccented form can function as a pronoun if it can be unambiguously deduced as such from context",that
del trabajo,747799,"of the, from the (+ a masculine noun in singular)","work, job"
de enero,747593,letter: d,January
las piernas,746951,feminine plural definite article; the,twit; idiot
los procesos,746527,"masculine plural of ""el"" (the)",
un rato,746353,an; a,"a while, bit (a short period of time)"
la importancia,745070,feminine singular definite article; the,importance
era lo,745051,"era, age","inflection of ""él"" and usted (when referring to a man), and a variant of ello in many constructions; him, you (formal), it, that"
que haya,744667,that,"beech, beech tree"
se sentó,744572,"abbreviation of ""sudeste""; southeast",
la teoría,744116,feminine singular definite article; the,theory
a medida,744083,letter,"measurement; measure, gauge"
de oro,743561,letter: d,gold
desde luego,743469,since (from a specified time in the past),then (afterward)
por no,743287,by,"abbreviation of ""noroeste""; northwest"
qué se,743009,(see usage notes) what; which,"abbreviation of ""sudeste""; southeast"
la mejor,742868,feminine singular definite article; the,better
análisis de,741966,analysis (decomposition into parts),letter: d
en vez,741618,"in, at, on","time, instance"
el estudio,741508,masculine singular definite article; the,study
la República,741019,feminine singular definite article; the,republic
el objetivo,740988,masculine singular definite article; the,objective
su voz,740890,given name,voice
muchas veces,740217,,"by, times (multiplication)"
qué te,740200,(see usage notes) what; which,letter: t
la falta,739827,feminine singular definite article; the,"lack, shortage"
la línea,739680,feminine singular definite article; the,line (a straight path through two or more points)
llena de,739445,,letter: d
y hasta,737316,letter,even
lugar a,737280,place,letter
una pequeña,736782,"acronym of ""Universidad Nacional de Agricultura""",
quiero que,736246,,that
entre sus,735720,between,"plural of ""su""; one's, his, her, its, their (with plural possessee)"
lejos de,735543,"far, far away",letter: d
tener que,735454,to have; to possess,that
saber que,735143,"to know, to understand (a fact)",that
durante los,734860,"during, in, over","masculine plural of ""el"" (the)"
a esa,732652,letter,"alternative spelling of ""ésa"""
a qué,732604,letter,(see usage notes) what; which
de abril,732382,letter: d,April
se va,732337,"abbreviation of ""sudeste""; southeast",okay
esto no,732205,"neuter singular of ""éste""","abbreviation of ""noroeste""; northwest"
servicio de,731383,service,letter: d
le dije,730391,"to him, for him; inflection of ""él""","adorns, locket"
lo siento,729699,"inflection of ""él"" and usted (when referring to a man), and a variant of ello in many constructions; him, you (formal), it, that",
había tenido,729251,"smart inflection of ""haber""",
la clase,729199,feminine singular definite article; the,lecture
y tú,728824,letter,you (second-person singular pronoun)
las actividades,728661,feminine plural definite article; the,
voz de,728141,voice,letter: d
las primeras,727807,feminine plural definite article; the,
la cantidad,727626,feminine singular definite article; the,amount
los servicios,727164,"masculine plural of ""el"" (the)",
diciembre de,726989,December,letter: d
lleno de,726923,full,letter: d
para ver,726796,"for, to (expressing a recipient)","to see, to spot"
por completo,725432,by,"full, complete"
tiempo para,725206,time,"for, to (expressing a recipient)"
el grupo,724792,masculine singular definite article; the,group
ser humano,723195,to be (essentially or identified as),human
por ciento,723122,by,one hundred (100) (only in compounds followed by lower numerals)
a nivel,722958,letter,"level, tier, height (distance relative to a given reference elevation)"
cuál es,722914,what; which,
acababa de,720817,,letter: d
mediante la,720521,"by means of, through, using",feminine singular definite article; the
por mi,719593,by,"apocopic form of ""mío"", my"
la ciencia,719192,feminine singular definite article; the,science
tiempo y,718586,time,letter
un gesto,718046,an; a,gesture
en función,717434,"in, at, on",function
la Constitución,717389,feminine singular definite article; the,Constitución (a neighbourhood of in central Buenos Aires in Argentina)
los trabajadores,716494,"masculine plural of ""el"" (the)",
cuando me,715672,when,"initialism of ""muerte encefálica"" (“brain death”)"
en primer,715251,"in, at, on","apocopic form of ""primero"" (first)"
a dar,715071,letter,"to give, to give out"
mitad de,713824,half,letter: d
las partes,713678,feminine plural definite article; the,genitalia
me gusta,713579,"initialism of ""muerte encefálica"" (“brain death”)",
estudio de,711948,study,letter: d
en otros,711648,"in, at, on","masculine plural of ""otro"""
toda su,711624,,given name
una manera,711305,"acronym of ""Universidad Nacional de Agricultura""",way; manner; method; style
mismo que,710352,same; identical; one and the same; indicates that the two compared noun clauses both represent the one thing,that
la del,709597,feminine singular definite article; the,"of the, from the (+ a masculine noun in singular)"
su trabajo,707752,given name,"work, job"
después del,706997,"later, afterwards, afterward, post","of the, from the (+ a masculine noun in singular)"
ojos y,705223,,letter
lo de,705069,"inflection of ""él"" and usted (when referring to a man), and a variant of ello in many constructions; him, you (formal), it, that",letter: d
las leyes,704144,feminine plural definite article; the,
crees que,703204,,that
de sangre,700348,letter: d,blood
el mercado,700281,masculine singular definite article; the,surname
libro de,698877,book,letter: d
mano y,697590,hand,letter
condiciones de,697577,,letter: d
era su,696353,"era, age",given name
haber sido,696261,to have; forms the perfect aspect [+masculine singular past participle],
o bien,695552,letter,well (adverbial form of bueno)
ha dicho,695449,"initialism of ""ácido hialurónico""","mentioned, said, aforementioned"
que solo,695217,that,sole; one; only; single (unique)
la calidad,693901,feminine singular definite article; the,quality (level of excellence)
una mirada,693201,"acronym of ""Universidad Nacional de Agricultura""","look, glance"
se ve,692910,"abbreviation of ""sudeste""; southeast",letter: v
un punto,692453,an; a,"point (specific spot, location, or place)"
de aquí,691817,letter: d,here (in the speaker's location)
un instante,690973,an; a,"instant, moment"
estar en,690439,to be (have a temporary or permanent location in space),"in, at, on"
la oscuridad,689938,feminine singular definite article; the,darkness
miles de,689938,thousands,letter: d
dio cuenta,689899,,"count, tally"
la seguridad,689828,feminine singular definite article; the,"safety, security"
años y,689748,,letter
para siempre,688637,"for, to (expressing a recipient)",always
la superficie,688107,feminine singular definite article; the,surface
orden de,687881,order (command),letter: d
en nuestra,687641,"in, at, on",
todo en,687390,all; every,"in, at, on"
había pasado,687049,"smart inflection of ""haber""",past
alguien que,686522,"someone, somebody",that
de más,686027,letter: d,more; -er (used to make comparisons)
con respecto,685966,with,"respect, regard, connection, relation, relationship"
había dejado,684779,"smart inflection of ""haber""","sloppy, lax (person)"
pérdida de,684649,loss,letter: d
tratando de,684569,,letter: d
el coche,684333,masculine singular definite article; the,"car, automobile"
en algún,683644,"in, at, on","apocopic form of ""alguno""; some, any"
tener un,683575,to have; to possess,an; a
al tiempo,683367,"initialism of ""América Latina""",time
también la,683305,"also, too, as well",feminine singular definite article; the
a fin,682519,letter,end
ser la,681872,to be (essentially or identified as),feminine singular definite article; the
no he,680844,"abbreviation of ""noroeste""; northwest",here is [+(suffixed) accusative or aquí or ahí or allí]
interior de,680014,"inner, interior",letter: d
con fuerza,679424,with,force
la aplicación,679216,feminine singular definite article; the,"application, use (the act of applying as a means; the employment of means to accomplish an end; specific use)"
el texto,679183,masculine singular definite article; the,text
se produce,678478,"abbreviation of ""sudeste""; southeast",
el ejercicio,678308,masculine singular definite article; the,exercise
la medida,678192,feminine singular definite article; the,"measurement; measure, gauge"
que pudiera,678086,that,
tenía una,677961,,"acronym of ""Universidad Nacional de Agricultura"""
la niña,677435,feminine singular definite article; the,"girl, female equivalent of ""niño"""
o una,677253,letter,"acronym of ""Universidad Nacional de Agricultura"""
las normas,676518,feminine plural definite article; the,
en algunos,676277,"in, at, on","masculine plural of ""alguno"""
manos de,675910,,letter: d
los hechos,675639,"masculine plural of ""el"" (the)","clipping of ""Hechos de los Apóstoles"" (“Acts of the Apostles”): Acts"
convertido en,675636,converted,"in, at, on"
resultado de,675585,"result, outcome, finding, upshot",letter: d
de nuestros,675377,letter: d,"plural of ""nuestro"": ours"
es mi,675285,,"apocopic form of ""mío"", my"
de alguna,674938,letter: d,"feminine singular of ""alguno"""
la cuestión,674884,feminine singular definite article; the,"matter, question, issue"
frente al,674688,"forehead, brow","initialism of ""América Latina"""
el conocimiento,673688,masculine singular definite article; the,knowledge
calidad de,673524,quality (level of excellence),letter: d
si los,672666,"A @abbrev of:Sinaloa state, Mexico","masculine plural of ""el"" (the)"
y sobre,672323,letter,"over, above, on, upon, atop"
dado que,672106,a die or dice,that
su marido,671566,given name,husband
el mejor,671545,masculine singular definite article; the,better
los valores,671457,"masculine plural of ""el"" (the)",
la causa,671037,feminine singular definite article; the,cause
el pecho,670981,masculine singular definite article; the,thorax
ganas de,670931,"plural of ""gana""",letter: d
la diferencia,670451,feminine singular definite article; the,difference
ya había,669801,"(in the present or imperative) now, right now, (in the negative) anymore, no longer","smart inflection of ""haber"""
de septiembre,669452,letter: d,September
la comida,668578,feminine singular definite article; the,food
en aquella,668497,"in, at, on","feminine singular of ""aquel"""
el contrario,668267,masculine singular definite article; the,"contrary, opposite"
le ha,668164,"to him, for him; inflection of ""él""","initialism of ""ácido hialurónico"""
del grupo,668044,"of the, from the (+ a masculine noun in singular)",group
ver que,667778,"to see, to spot",that
es algo,667597,,"something, anything"
que hemos,667578,that,
torno a,667523,lathe,letter
del año,667492,"of the, from the (+ a masculine noun in singular)",surname
primer lugar,666895,"apocopic form of ""primero"" (first)",place
tendría que,666241,,that
llegado a,666128,"arrived, received, delivered",letter
que Dios,665753,that,God
todavía no,664039,"still, yet","abbreviation of ""noroeste""; northwest"
el concepto,663793,masculine singular definite article; the,concept
de carácter,663591,letter: d,character (traits marking a person or group)
de otras,662182,letter: d,
que debe,662163,that,
ninguno de,661735,"no; none; (no​/​not…​) ​at all, whatsoever, in the slightest; any (negative)",letter: d
y fue,660815,letter,
en materia,659791,"in, at, on",matter (the basic structural component of the universe)
que va,659169,that,okay
había dado,659000,"smart inflection of ""haber""",a die or dice
de salud,657659,letter: d,health
total de,657500,"total, complete, outright",letter: d
días de,657196,,letter: d
el nivel,657063,masculine singular definite article; the,"level, tier, height (distance relative to a given reference elevation)"
la violencia,657012,feminine singular definite article; the,violence
si te,656610,"A @abbrev of:Sinaloa state, Mexico",letter: t
las autoridades,655894,feminine plural definite article; the,
del todo,655789,"of the, from the (+ a masculine noun in singular)",all; every
casa y,655102,house,letter
lo hizo,654990,"inflection of ""él"" and usted (when referring to a man), and a variant of ello in many constructions; him, you (formal), it, that",
en busca,654881,"in, at, on",search (an attempt to find something)
acceso a,654699,access,letter
cuando no,654235,when,"abbreviation of ""noroeste""; northwest"
situación de,654162,"situation, scenario, picture",letter: d
creación de,653657,creation,letter: d
de ver,653160,letter: d,"to see, to spot"
la pregunta,652766,feminine singular definite article; the,question (sentence that asks for information)
cuerpo de,652238,body (the physical structure of a human or animal),letter: d
las necesidades,652010,feminine plural definite article; the,
de edad,651649,letter: d,age
la Administración,651613,feminine singular definite article; the,administration (act of administering government or public affairs)
este sentido,650081,this,"deeply felt, heartfelt"
nunca se,649973,never,"abbreviation of ""sudeste""; southeast"
las tres,649866,feminine plural definite article; the,three
medios de,649509,"plural of ""medio""",letter: d
en toda,648946,"in, at, on",
el pasado,648699,masculine singular definite article; the,past
mundo de,647140,"world, earth (human collective existence)",letter: d
la Unión,646513,feminine singular definite article; the,"alternative form of ""unión"""
de control,645476,letter: d,"control, or running of a business"
estaba a,645186,,letter
las puertas,644874,feminine plural definite article; the,
intención de,644547,intention,letter: d
expresión de,644142,expression,letter: d
contra los,644087,"against, versus","masculine plural of ""el"" (the)"
una y,643846,"acronym of ""Universidad Nacional de Agricultura""",letter
algunas de,643167,"feminine plural of ""alguno""",letter: d
poder de,642718,"to be able to, can",letter: d
oportunidad de,642597,"opportunity, chance, shot, break, occasion, time (in both senses: “chance for advancement, progress or profit” and “favorable circumstance or occasion”)",letter: d
cada día,642369,each; every,day (any period of 24 hours)
a hablar,642201,letter,"to talk; to speak; to communicate using words [+con (with), along with de or sobre (about), along with en (in (a language)), along with dative (person spoken to), along with accusative (what is said)]"
la edad,641643,feminine singular definite article; the,age
enero de,640669,January,letter: d
por último,640367,by,final; last
muchos de,640097,,letter: d
tener en,639989,to have; to possess,"in, at, on"
por él,639962,by,"he, him, masculine personal third person subject and disjunctive pronoun (used as a subject and after prepositions)"
por sí,639719,by,"yes, yeah, (used to respond affirmatively to a question, used both informally and formally)"
que eran,639660,that,
pero al,639502,but,"initialism of ""América Latina"""
lo contrario,639494,"inflection of ""él"" and usted (when referring to a man), and a variant of ello in many constructions; him, you (formal), it, that","contrary, opposite"
dos años,638860,two,
o más,638721,letter,more; -er (used to make comparisons)
tiene la,638713,,feminine singular definite article; the
el nuevo,638636,masculine singular definite article; the,surname
su hermana,638398,given name,"sister; female equivalent of ""hermano"""
alguna vez,638293,"feminine singular of ""alguno""","time, instance"
capaces de,638176,,letter: d
la comunicación,637956,feminine singular definite article; the,communication
el alma,637514,masculine singular definite article; the,given name
en serio,637507,"in, at, on","serious, earnest, sober, solemn (without humor)"
suficiente para,637153,"sufficient, enough","for, to (expressing a recipient)"
es su,637071,,given name
se dirigió,636503,"abbreviation of ""sudeste""; southeast",
consciente de,636357,"aware, cognizant",letter: d
y cómo,635367,letter,how?
en uno,634999,"in, at, on",one
con toda,634395,with,
que llevaba,634394,that,
de gran,634382,letter: d,"apocopic form of ""grande""; great, grand"
la fe,634261,feminine singular definite article; the,faith
también a,634255,"also, too, as well",letter
el mar,634189,masculine singular definite article; the,sea
era más,633637,"era, age",more; -er (used to make comparisons)
su corazón,633503,given name,heart (organ of the body)
lo he,633411,"inflection of ""él"" and usted (when referring to a man), and a variant of ello in many constructions; him, you (formal), it, that",here is [+(suffixed) accusative or aquí or ahí or allí]
luz de,633168,given name,letter: d
de investigación,632202,letter: d,investigation
él la,631738,"he, him, masculine personal third person subject and disjunctive pronoun (used as a subject and after prepositions)",feminine singular definite article; the
de cómo,630453,letter: d,how?
su esposa,629825,given name,wife
la justicia,629728,feminine singular definite article; the,justice
el cuello,629698,masculine singular definite article; the,neck (part of body connecting the head and the torso)
fue una,629684,,"acronym of ""Universidad Nacional de Agricultura"""
la joven,629670,feminine singular definite article; the,surname
mayo de,629322,May,letter: d
las fuerzas,629090,feminine plural definite article; the,
hijos de,628862,"plural of ""hijo"" (sons, children)",letter: d
en otro,628294,"in, at, on","other, another"
junio de,628162,surname,letter: d
del otro,627204,"of the, from the (+ a masculine noun in singular)","other, another"
de febrero,626800,letter: d,February
el siguiente,626393,masculine singular definite article; the,following
no ser,625765,"abbreviation of ""noroeste""; northwest",to be (essentially or identified as)
no tienen,624881,"abbreviation of ""noroeste""; northwest",
un mundo,624860,an; a,"world, earth (human collective existence)"
la literatura,624767,feminine singular definite article; the,literature
que podría,624357,that,
cara de,624250,face (the front part of the head),letter: d
se da,623349,"abbreviation of ""sudeste""; southeast",
deseo de,623328,"desire, wish",letter: d
contacto con,622883,contact,with
junto al,622813,together,"initialism of ""América Latina"""
que quería,622605,that,
a todas,622539,letter,
modelo de,622531,model (a successful example to be copied),letter: d
el riesgo,622347,masculine singular definite article; the,risk; the possibility of harm or an unfavorable outcome from random chance
a nuestro,622208,letter,ours
su cabeza,621840,given name,surname
los cambios,621774,"masculine plural of ""el"" (the)",
no pueden,621238,"abbreviation of ""noroeste""; northwest",
plan de,621227,plan,letter: d
palabras de,621066,"plural of ""palabra"" (“words”)",letter: d
tener una,621065,to have; to possess,"acronym of ""Universidad Nacional de Agricultura"""
no soy,620951,"abbreviation of ""noroeste""; northwest",
la esperanza,620830,feminine singular definite article; the,given name
imagen de,620528,image,letter: d
octubre de,620402,October,letter: d
gobierno de,619383,government,letter: d
esta noche,619207,"alternative spelling of ""ésta"" (“this one”)",night (the period between sunset and sunrise)
un modo,618994,an; a,"way, manner"
la fecha,618951,feminine singular definite article; the,date (that which specifies the time when something was made)
la posición,618691,feminine singular definite article; the,position
más en,618584,more; -er (used to make comparisons),"in, at, on"
ya en,618549,"(in the present or imperative) now, right now, (in the negative) anymore, no longer","in, at, on"
segura de,618518,Segura (river),letter: d
n º,618293,letter,
he dicho,617888,here is [+(suffixed) accusative or aquí or ahí or allí],"mentioned, said, aforementioned"
un libro,616273,an; a,book
la voluntad,616225,feminine singular definite article; the,"will, wish, want, desire"
del proceso,615704,"of the, from the (+ a masculine noun in singular)",process
es así,615531,,"like this; like that; as such; thus; so; thereby; this way, that way"
julio de,615333,given name,letter: d
el movimiento,614891,masculine singular definite article; the,movement (physical motion between points in space)
los estudios,613154,"masculine plural of ""el"" (the)",
las características,613042,feminine plural definite article; the,
no creo,612838,"abbreviation of ""noroeste""; northwest",
ayudar a,612456,to help,letter
él mismo,612284,"he, him, masculine personal third person subject and disjunctive pronoun (used as a subject and after prepositions)",same; identical; one and the same; indicates that the two compared noun clauses both represent the one thing
fondo de,611562,bottom,letter: d
pero me,611558,but,"initialism of ""muerte encefálica"" (“brain death”)"
la Tierra,611105,feminine singular definite article; the,"alternative case form of ""tierra"" (“Earth”)"
al suelo,610982,"initialism of ""América Latina""","dirt, earth, ground, soil"
al respecto,610038,"initialism of ""América Latina""","respect, regard, connection, relation, relationship"
luego se,609974,then (afterward),"abbreviation of ""sudeste""; southeast"
marzo de,609754,surname,letter: d
como es,609340,"Como (A city and comune in capital in province of Como, Lombardy.)",
hacia atrás,609126,"toward, towards",behind
el análisis,608644,masculine singular definite article; the,analysis (decomposition into parts)
el cambio,608595,masculine singular definite article; the,"change, shift"
en ocasiones,608374,"in, at, on",
los libros,608105,"masculine plural of ""el"" (the)",
favor de,607960,favor/favour,letter: d
se está,607884,"abbreviation of ""sudeste""; southeast",
no podemos,607408,"abbreviation of ""noroeste""; northwest",a Spanish left wing political party
ella le,607229,"she, her (used subjectively and after prepositions)","to him, for him; inflection of ""él"""
mujer que,607046,woman,that
la decisión,606531,feminine singular definite article; the,decision
que alguien,606040,that,"someone, somebody"
la paz,605936,feminine singular definite article; the,given name
las calles,605791,feminine plural definite article; the,
la oportunidad,605745,feminine singular definite article; the,"opportunity, chance, shot, break, occasion, time (in both senses: “chance for advancement, progress or profit” and “favorable circumstance or occasion”)"
por todo,605425,by,all; every
un problema,605227,an; a,"problem, issue, challenge (a difficulty or obstacle that has to be dealt with)"
tanto que,604933,so much; as much; that much,that
trabajo y,604726,"work, job",letter
social y,604356,social,letter
no les,604201,"abbreviation of ""noroeste""; northwest","inflection of ""ellos,ellas""; to them, for them"
sala de,603789,surname,letter: d
que debía,603534,that,
el gran,603184,masculine singular definite article; the,"apocopic form of ""grande""; great, grand"
los grandes,603123,"masculine plural of ""el"" (the)",
de agosto,603100,letter: d,August
lo ha,603093,"inflection of ""él"" and usted (when referring to a man), and a variant of ello in many constructions; him, you (formal), it, that","initialism of ""ácido hialurónico"""
la administración,602689,feminine singular definite article; the,administration (act of administering government or public affairs)
por ser,602680,by,to be (essentially or identified as)
a ellos,601179,letter,"plural of ""él"" (“they, them”)"
de interés,600940,letter: d,interest (a fraction of the amount of what was borrowed)
el autor,600747,masculine singular definite article; the,author
en contra,600331,"in, at, on","against, versus"
la presión,599978,feminine singular definite article; the,pressure
diferencia de,599910,difference,letter: d
o los,598399,letter,"masculine plural of ""el"" (the)"
su mirada,598311,given name,"look, glance"
había un,598055,"smart inflection of ""haber""",an; a
y había,596816,letter,"smart inflection of ""haber"""
la responsabilidad,596426,feminine singular definite article; the,"responsibility, responsibleness"
también es,596122,"also, too, as well",
la Comisión,596085,feminine singular definite article; the,committee
cabo de,596071,"end, edge, extremity (furthest or terminal point of something)",letter: d
la década,595701,feminine singular definite article; the,decade
una situación,595468,"acronym of ""Universidad Nacional de Agricultura""","situation, scenario, picture"
fuerza de,595441,force,letter: d
camino de,595415,"way, route",letter: d
sobre un,595168,"over, above, on, upon, atop",an; a
el Señor,595125,masculine singular definite article; the,"alternative case form of ""señor"" (used before a name); Mister"
que aún,594812,that,"still, yet"
en mí,594750,"in, at, on",me; (declined form of yo used as the object of a preposition)
la semana,594021,feminine singular definite article; the,week (7 days)
creer que,593910,to believe,that
forma que,593884,shape; form; figure,that
de origen,592854,letter: d,origin
de amor,591954,letter: d,surname
la ropa,591271,feminine singular definite article; the,"garment, clothing, clothes, robes"
al mundo,591207,"initialism of ""América Latina""","world, earth (human collective existence)"
consejo de,591114,"advice, counsel, piece of advice",letter: d
los pueblos,590923,"masculine plural of ""el"" (the)",
a buscar,590645,letter,"to seek, search for, look for, try to find, to scour"
ejercicio de,590360,exercise,letter: d
la conciencia,590161,feminine singular definite article; the,awareness (state of knowing something)
que parecía,590036,that,
de algún,589955,letter: d,"apocopic form of ""alguno""; some, any"
aplicación de,589684,"application, use (the act of applying as a means; the employment of means to accomplish an end; specific use)",letter: d
un segundo,589631,an; a,given name
lugar en,589306,place,"in, at, on"
la actualidad,589248,feminine singular definite article; the,present (the current moment)
habían sido,589152,,
de aquellos,588835,letter: d,"alternative spelling of ""aquéllos""; those ones (over there; implying some distance). The unaccented form can function as a pronoun if it can be unambiguously deduced as such from context"
de Jesús,588774,letter: d,Jesus
abril de,588131,April,letter: d
le habían,587793,"to him, for him; inflection of ""él""",
cuestión de,587667,"matter, question, issue",letter: d
la lucha,587641,feminine singular definite article; the,given name
en donde,587006,"in, at, on","where, in what place"
antes que,586778,earlier; before; sooner; previously; formerly; beforehand (at an earlier time),that
pero los,586274,but,"masculine plural of ""el"" (the)"
las más,585706,feminine plural definite article; the,more; -er (used to make comparisons)
las acciones,585012,feminine plural definite article; the,
la conversación,584512,feminine singular definite article; the,conversation
llevó a,584486,,letter
con frecuencia,584301,with,frequency
la crisis,584190,feminine singular definite article; the,crisis
pero con,584150,but,with
ahora que,584012,now (at the present time),that
pero yo,583892,but,first-person singular pronoun in the nominative case; I
se llama,583671,"abbreviation of ""sudeste""; southeast",flame
el teléfono,583629,masculine singular definite article; the,telephone (a telecommunication device used for two-way talking with another person)
su mujer,583513,given name,woman
al parecer,583443,"initialism of ""América Latina""","to seem, to see fit"
que usted,583190,that,second person formal; you (singular)
grupos de,583157,,letter: d
busca de,583108,search (an attempt to find something),letter: d
el deseo,582787,masculine singular definite article; the,"desire, wish"
de producción,582564,letter: d,production
dispuesto a,582265,"willing, ready, game, down",letter
la participación,582107,feminine singular definite article; the,participation
una hora,581993,"acronym of ""Universidad Nacional de Agricultura""",hour (a time period of sixty minutes)
significa que,581977,,that
gente que,581291,people,that
que uno,581107,that,one
él le,580879,"he, him, masculine personal third person subject and disjunctive pronoun (used as a subject and after prepositions)","to him, for him; inflection of ""él"""
era como,580594,"era, age","Como (A city and comune in capital in province of Como, Lombardy.)"
el doctor,580530,masculine singular definite article; the,doctor (Ph.D.)
la izquierda,579911,feminine singular definite article; the,"left (side, direction)"
más adelante,579716,more; -er (used to make comparisons),forward (toward the front)
el modelo,579610,masculine singular definite article; the,model (a successful example to be copied)
noviembre de,579545,November,letter: d
con otros,579184,with,"masculine plural of ""otro"""
era tan,577325,"era, age","so, as"
la isla,577019,feminine singular definite article; the,surname
del derecho,576539,"of the, from the (+ a masculine noun in singular)",straight (not crooked or bent; having a constant direction throughout its length)
de allí,575939,letter: d,there (away from the speaker and the listener)
las formas,575911,feminine plural definite article; the,
había llegado,575046,"smart inflection of ""haber""","arrived, received, delivered"
un tipo,574811,an; a,"kind, type, sort, manner"
servicios de,574732,,letter: d
que ellos,574396,that,"plural of ""él"" (“they, them”)"
la miró,574031,feminine singular definite article; the,surname
no en,573122,"abbreviation of ""noroeste""; northwest","in, at, on"
de hombros,572830,letter: d,
convertirse en,572588,,"in, at, on"
lo miró,572414,"inflection of ""él"" and usted (when referring to a man), and a variant of ello in many constructions; him, you (formal), it, that",surname
aun así,571701,even (implying an extreme example in the case mentioned),"like this; like that; as such; thus; so; thereby; this way, that way"
que esto,571644,that,"neuter singular of ""éste"""
cuando lo,571460,when,"inflection of ""él"" and usted (when referring to a man), and a variant of ello in many constructions; him, you (formal), it, that"
es por,571435,,by
pensé que,571353,,that
la humanidad,571316,feminine singular definite article; the,humanity
en marcha,571165,"in, at, on",march
un paso,570922,an; a,"acronym of ""(elecciones) primarias, abiertas, simultáneas y obligatorias"" (“primary, open, simultaneous, and mandatory (elections)”)"
día en,570391,day (any period of 24 hours),"in, at, on"
no existe,570324,"abbreviation of ""noroeste""; northwest",
las ideas,570207,feminine plural definite article; the,
se nos,569653,"abbreviation of ""sudeste""; southeast","inflection of ""nosotros"": to us, for us"
los hombros,569512,"masculine plural of ""el"" (the)",
le gustaba,569185,"to him, for him; inflection of ""él""",
vida en,569153,life,"in, at, on"
había una,568921,"smart inflection of ""haber""","acronym of ""Universidad Nacional de Agricultura"""
es en,568571,,"in, at, on"
me gustaría,568264,"initialism of ""muerte encefálica"" (“brain death”)",
su mente,567829,given name,"mind, intellect"
que ese,567291,that,letter: s
del gobierno,567253,"of the, from the (+ a masculine noun in singular)",government
he visto,567165,here is [+(suffixed) accusative or aquí or ahí or allí],seen
más a,567024,more; -er (used to make comparisons),letter
una idea,566568,"acronym of ""Universidad Nacional de Agricultura""",idea
y les,566433,letter,"inflection of ""ellos,ellas""; to them, for them"
la chica,566378,feminine singular definite article; the,"female equivalent of ""chico"": girl"
entró en,566319,,"in, at, on"
política de,566058,politics (activities associated with running a government or organisation),letter: d
en tanto,565799,"in, at, on",so much; as much; that much
iban a,565566,,letter
que tu,565292,that,"initialism of ""Tren Urbano"", the metro system used in San Juan, Puerto Rico"
donde la,565104,"where, in what place",feminine singular definite article; the
el miedo,564651,masculine singular definite article; the,fear
niveles de,564158,,letter: d
quería que,563958,,that
o se,563840,letter,"abbreviation of ""sudeste""; southeast"
los grupos,563642,"masculine plural of ""el"" (the)",
donde el,563527,"where, in what place",masculine singular definite article; the
los principios,563504,"masculine plural of ""el"" (the)",
y muy,563502,letter,"apocopic form of ""mucho""; very"
no eran,563259,"abbreviation of ""noroeste""; northwest",
el silencio,563183,masculine singular definite article; the,silence
al hombre,562658,"initialism of ""América Latina""","man, (adult male human)"
ausencia de,562586,absence,letter: d
ha pasado,562498,"initialism of ""ácido hialurónico""",past
que tengo,562418,that,
le hizo,562021,"to him, for him; inflection of ""él""",
desde su,561910,since (from a specified time in the past),given name
sí que,561449,"yes, yeah, (used to respond affirmatively to a question, used both informally and formally)",that
no sea,561157,"abbreviation of ""noroeste""; northwest",
así lo,560916,"like this; like that; as such; thus; so; thereby; this way, that way","inflection of ""él"" and usted (when referring to a man), and a variant of ello in many constructions; him, you (formal), it, that"
dio la,560726,,feminine singular definite article; the
sabe que,560665,,that
materia de,560493,matter (the basic structural component of the universe),letter: d
son de,560371,tone (pleasant sound),letter: d
por ella,560022,by,"she, her (used subjectively and after prepositions)"
tiempo en,558149,time,"in, at, on"
aquello que,557801,"neuter singular of ""aquél""; that (over there); it",that
construcción de,557728,construction,letter: d
sistemas de,557626,,letter: d
los sistemas,557583,"masculine plural of ""el"" (the)",
del poder,557361,"of the, from the (+ a masculine noun in singular)","to be able to, can"
abrió la,556963,,feminine singular definite article; the
no estoy,556774,"abbreviation of ""noroeste""; northwest","smart inflection of ""estar""; am"
lleva a,556589,,letter
la carta,556470,feminine singular definite article; the,letter (document)
su alrededor,556421,given name,surroundings
el orden,555085,masculine singular definite article; the,order (command)
septiembre de,554937,September,letter: d
vista de,554579,"sight, vision, eyesight (the ability to see)",letter: d
ministerio de,554387,ministry,letter: d
a quienes,554357,letter,
espero que,554185,,that
de nada,554171,letter: d,"nothing, zero, zilch, not...anything"
la derecha,553992,feminine singular definite article; the,right (direction)
en cuando,553972,"in, at, on",when
podría ser,553733,,to be (essentially or identified as)
y todos,553447,letter,
sus palabras,553317,"plural of ""su""; one's, his, her, its, their (with plural possessee)","plural of ""palabra"" (“words”)"
en parte,552956,"in, at, on",part; section; portion; share; piece; bit; cut; proportion
el efecto,552733,masculine singular definite article; the,effect
las obras,552717,feminine plural definite article; the,
para ti,552511,"for, to (expressing a recipient)","inflection of ""tú"""
vuelve a,552462,,letter
sobre una,551972,"over, above, on, upon, atop","acronym of ""Universidad Nacional de Agricultura"""
a trabajar,551964,letter,to work
de Madrid,551713,letter: d,Madrid (a capital city of Spain)
programa de,551584,"programme, program",letter: d
la autoridad,551509,feminine singular definite article; the,authority (the power to enforce rules or give orders)
fuente de,551507,surname,letter: d
sus labios,550530,"plural of ""su""; one's, his, her, its, their (with plural possessee)",
pero cuando,550257,but,when
en pie,548875,"in, at, on",foot (a part of the body)
aumento de,548788,increase,letter: d
como su,548660,"Como (A city and comune in capital in province of Como, Lombardy.)",given name
todos sus,548228,,"plural of ""su""; one's, his, her, its, their (with plural possessee)"
el viento,548166,masculine singular definite article; the,wind (movement of air)
si le,548008,"A @abbrev of:Sinaloa state, Mexico","to him, for him; inflection of ""él"""
las paredes,547286,feminine plural definite article; the,surname
me siento,547102,"initialism of ""muerte encefálica"" (“brain death”)",
de esto,546826,letter: d,"neuter singular of ""éste"""
a otra,546779,letter,
ni la,546771,"Used when negating two or more elements, and not, not A or B, not A nor B, neither A nor B",feminine singular definite article; the
entre otros,546571,between,"masculine plural of ""otro"""
consecuencia de,546525,consequence,letter: d
y dos,546473,letter,two
podía ser,545927,,to be (essentially or identified as)
el final,545586,masculine singular definite article; the,"final (last, ultimate)"
hasta los,545429,even,"masculine plural of ""el"" (the)"
también el,545370,"also, too, as well",masculine singular definite article; the
con voz,545304,with,voice
o con,545168,letter,with
a no,545133,letter,"abbreviation of ""noroeste""; northwest"
cierto que,545013,true,that
porque se,544866,because,"abbreviation of ""sudeste""; southeast"
el capítulo,544383,masculine singular definite article; the,chapter
yo también,544183,first-person singular pronoun in the nominative case; I,"also, too, as well"
el joven,543253,masculine singular definite article; the,surname
ejemplo de,543208,example,letter: d
de desarrollo,543134,letter: d,development
del rey,542976,"of the, from the (+ a masculine noun in singular)",surname
te he,542606,letter: t,here is [+(suffixed) accusative or aquí or ahí or allí]
el proyecto,542587,masculine singular definite article; the,"project, plan"
sido un,542066,,an; a
en México,541135,"in, at, on",Mexico (a country in North America)
el pensamiento,540961,masculine singular definite article; the,thought
pensó que,540797,,that
formación de,540594,formation,letter: d
lo es,540250,"inflection of ""él"" and usted (when referring to a man), and a variant of ello in many constructions; him, you (formal), it, that",
las circunstancias,539601,feminine plural definite article; the,
con este,539178,with,this
más y,538769,more; -er (used to make comparisons),letter
sólo se,537965,"superseded spelling of ""solo""","abbreviation of ""sudeste""; southeast"
ni de,536487,"Used when negating two or more elements, and not, not A or B, not A nor B, neither A nor B",letter: d
tal y,536254,such,letter
este modo,535918,this,"way, manner"
producción de,535808,production,letter: d
refiere a,535407,,letter
el marco,535387,masculine singular definite article; the,given name
los seres,534777,"masculine plural of ""el"" (the)",
se convirtió,534683,"abbreviation of ""sudeste""; southeast",
creía que,534314,,that
el contenido,534091,masculine singular definite article; the,"content (of a text, artwork or media production)"
de tus,533488,letter: d,
sus brazos,533301,"plural of ""su""; one's, his, her, its, their (with plural possessee)",
acercó a,532948,,letter
cargo de,532925,"charge, burden",letter: d
que esa,532187,that,"alternative spelling of ""ésa"""
la evolución,531235,feminine singular definite article; the,evolution
el arte,531052,masculine singular definite article; the,art
principios de,531029,,letter: d
procesos de,530984,,letter: d
no de,530816,"abbreviation of ""noroeste""; northwest",letter: d
el fuego,530806,masculine singular definite article; the,fire
dijo ella,530721,,"she, her (used subjectively and after prepositions)"
in the,530492,,
o al,530351,letter,"initialism of ""América Latina"""
papel de,530221,paper,letter: d
década de,530003,decade,letter: d
del agua,529811,"of the, from the (+ a masculine noun in singular)",water
es verdad,529682,,truth
de pensar,529433,letter: d,"to think, ponder"
pero su,529314,but,given name
ver la,529132,"to see, to spot",feminine singular definite article; the
la energía,529057,feminine singular definite article; the,energy
desde los,528752,since (from a specified time in the past),"masculine plural of ""el"" (the)"
lado del,528341,side,"of the, from the (+ a masculine noun in singular)"
por mí,528245,by,me; (declined form of yo used as the object of a preposition)
la gestión,528025,feminine singular definite article; the,process
a pensar,527970,letter,"to think, ponder"
entre sí,527904,between,"yes, yeah, (used to respond affirmatively to a question, used both informally and formally)"
que sería,527904,that,
hacer un,527679,"to do, perform, execute, carry out",an; a
por si,527632,by,"A @abbrev of:Sinaloa state, Mexico"
en esos,527609,"in, at, on","plural of ""ese""; those"
febrero de,527559,February,letter: d
o sea,526867,letter,
a causa,526450,letter,cause
hizo una,526375,,"acronym of ""Universidad Nacional de Agricultura"""
nunca había,526333,never,"smart inflection of ""haber"""
ser de,526127,to be (essentially or identified as),letter: d
que estoy,525824,that,"smart inflection of ""estar""; am"
que ni,525768,that,"Used when negating two or more elements, and not, not A or B, not A nor B, neither A nor B"
un papel,525502,an; a,paper
la pérdida,525153,feminine singular definite article; the,loss
hace que,525032,"ago (Note: unlike in English, hace precedes the number.)",that
de guerra,524891,letter: d,surname
problemas de,524713,,letter: d
decía que,524698,,that
lista de,524382,"list, roll",letter: d
que hacía,524301,that,
jefe de,524040,"chief; president; head; leader of a business, political party, or other organization",letter: d
derechos de,523399,,letter: d
se sintió,522415,"abbreviation of ""sudeste""; southeast",
su amigo,522366,given name,surname
y cada,522224,letter,each; every
tienen que,522126,,that
sobre sus,521965,"over, above, on, upon, atop","plural of ""su""; one's, his, her, its, their (with plural possessee)"
más grande,521563,more; -er (used to make comparisons),surname
las medidas,521466,feminine plural definite article; the,
parecía que,520790,,that
a unos,520587,letter,"masculine plural of ""un"""
así es,520267,"like this; like that; as such; thus; so; thereby; this way, that way",
una voz,519984,"acronym of ""Universidad Nacional de Agricultura""",voice
el presente,519961,masculine singular definite article; the,present (appearing)
la impresión,519763,feminine singular definite article; the,impression
se estaba,519641,"abbreviation of ""sudeste""; southeast",
los objetivos,519161,"masculine plural of ""el"" (the)",
hizo un,519103,,an; a
también de,518596,"also, too, as well",letter: d
para dar,518345,"for, to (expressing a recipient)","to give, to give out"
los estudiantes,518089,"masculine plural of ""el"" (the)",
que tanto,518087,that,so much; as much; that much
con tu,518009,with,"initialism of ""Tren Urbano"", the metro system used in San Juan, Puerto Rico"
aquel momento,517878,that (over there; implying some distance),"moment, instant"
los tiempos,517816,"masculine plural of ""el"" (the)",
de hablar,517809,letter: d,"to talk; to speak; to communicate using words [+con (with), along with de or sobre (about), along with en (in (a language)), along with dative (person spoken to), along with accusative (what is said)]"
incapaz de,517668,"incapable, unable",letter: d
te ha,517590,letter: t,"initialism of ""ácido hialurónico"""
están en,517459,,"in, at, on"
convirtió en,517303,,"in, at, on"
una casa,516698,"acronym of ""Universidad Nacional de Agricultura""",house
todas partes,516664,,genitalia
no iba,516293,"abbreviation of ""noroeste""; northwest",
se dice,516213,"abbreviation of ""sudeste""; southeast",
pacientes con,516202,,with
los ciudadanos,516168,"masculine plural of ""el"" (the)","a liberal political party in Spain, founded in 2006"
del artículo,515165,"of the, from the (+ a masculine noun in singular)",article
y dijo,515117,letter,
hombres y,514994,,letter
la plaza,514937,feminine singular definite article; the,surname
sus propios,514913,"plural of ""su""; one's, his, her, its, their (with plural possessee)",
el mayor,514394,masculine singular definite article; the,"comparative of ""grande"": bigger"
el ceño,514297,masculine singular definite article; the,"frown, scowl"
pero de,513963,but,letter: d
la unidad,513741,feminine singular definite article; the,"unit (object, military, or measure)"
aunque la,513438,"though, although, even though, albeit",feminine singular definite article; the
había que,513250,"smart inflection of ""haber""",that
y otro,513240,letter,"other, another"
qué me,512693,(see usage notes) what; which,"initialism of ""muerte encefálica"" (“brain death”)"
a dos,512471,letter,two
para qué,511829,"for, to (expressing a recipient)",(see usage notes) what; which
el término,511150,masculine singular definite article; the,"end, terminus (the terminal point of something in space or time)"
los jóvenes,511000,"masculine plural of ""el"" (the)","plural of ""joven"": young people"
mirada de,510620,"look, glance",letter: d
luego de,510487,then (afterward),letter: d
como ya,510305,"Como (A city and comune in capital in province of Como, Lombardy.)","(in the present or imperative) now, right now, (in the negative) anymore, no longer"
atención a,509726,attention,letter
gestión de,509716,process,letter: d
la silla,509536,feminine singular definite article; the,chair
el paciente,509381,masculine singular definite article; the,patient
a favor,509337,letter,favor/favour
de luz,508460,letter: d,given name
cabeza de,508149,surname,letter: d
los árboles,508123,"masculine plural of ""el"" (the)",
los alumnos,507995,"masculine plural of ""el"" (the)",
que antes,507884,that,earlier; before; sooner; previously; formerly; beforehand (at an earlier time)
la distancia,506750,feminine singular definite article; the,"distance, distancy"
efectos de,506704,,letter: d
pensando en,506470,,"in, at, on"
ni un,506173,"Used when negating two or more elements, and not, not A or B, not A nor B, neither A nor B",an; a
a tomar,506041,letter,"to take (put under one's physical or mental control, often in one's hands)"
las instituciones,505566,feminine plural definite article; the,
y aunque,505383,letter,"though, although, even though, albeit"
no por,504779,"abbreviation of ""noroeste""; northwest",by
para ella,503883,"for, to (expressing a recipient)","she, her (used subjectively and after prepositions)"
los bienes,503741,"masculine plural of ""el"" (the)","goods (that which is produced, traded, bought or sold)"
tu vida,503646,"initialism of ""Tren Urbano"", the metro system used in San Juan, Puerto Rico",life
una noche,503475,"acronym of ""Universidad Nacional de Agricultura""",night (the period between sunset and sunrise)
un trabajo,503280,an; a,"work, job"
para todos,503184,"for, to (expressing a recipient)",
el carácter,502777,masculine singular definite article; the,character (traits marking a person or group)
y era,501997,letter,"era, age"
de dar,501977,letter: d,"to give, to give out"
la visión,501519,feminine singular definite article; the,vision (something seen; an object perceived visually)
de algunos,501137,letter: d,"masculine plural of ""alguno"""
razón de,501040,reason,letter: d
ámbito de,501000,"scope, field",letter: d
proyecto de,500924,"project, plan",letter: d
de algo,500803,letter: d,"something, anything"
la protección,500737,feminine singular definite article; the,protection
en absoluto,500548,"in, at, on",absolute
en muchos,500439,"in, at, on",
más importantes,500225,more; -er (used to make comparisons),
esta es,500197,"alternative spelling of ""ésta"" (“this one”)",
el sueño,500110,masculine singular definite article; the,"sleep, slumber"
cuando le,500069,when,"to him, for him; inflection of ""él"""
todas sus,499756,,"plural of ""su""; one's, his, her, its, their (with plural possessee)"
los animales,499605,"masculine plural of ""el"" (the)",
la frente,499564,feminine singular definite article; the,"forehead, brow"
por debajo,499466,by,underneath
este es,499112,this,
conocimiento de,498926,knowledge,letter: d
tenía el,498537,,masculine singular definite article; the
en mis,498512,"in, at, on",
los productos,497933,"masculine plural of ""el"" (the)",
hacer una,497788,"to do, perform, execute, carry out","acronym of ""Universidad Nacional de Agricultura"""
las grandes,497741,feminine plural definite article; the,
ser que,497657,to be (essentially or identified as),that
pues no,497600,"so, then; in that case","abbreviation of ""noroeste""; northwest"
como por,497543,"Como (A city and comune in capital in province of Como, Lombardy.)",by
pensaba que,497508,,that
pero ahora,497452,but,now (at the present time)
rey de,497342,surname,letter: d
de Cristo,497211,letter: d,Christ
fuera del,496789,outside,"of the, from the (+ a masculine noun in singular)"
de vez,496715,letter: d,"time, instance"
en consecuencia,496605,"in, at, on",consequence
convierte en,496545,,"in, at, on"
ella lo,495704,"she, her (used subjectively and after prepositions)","inflection of ""él"" and usted (when referring to a man), and a variant of ello in many constructions; him, you (formal), it, that"
verdad es,495629,truth,
la tradición,495368,feminine singular definite article; the,tradition
las otras,495117,feminine plural definite article; the,
línea de,495058,line (a straight path through two or more points),letter: d
condición de,494990,condition,letter: d
dijo a,494744,,letter
qué le,494611,(see usage notes) what; which,"to him, for him; inflection of ""él"""
padre de,493907,Father (a title for a Latin Catholic priest and also God the Father),letter: d
en otra,493672,"in, at, on",
el presidente,493638,masculine singular definite article; the,"president, head (leader)"
la industria,493460,feminine singular definite article; the,industry (the tendency to work persistently)
a estar,493419,letter,to be (have a temporary or permanent location in space)
relación entre,492762,relation,between
la filosofía,492742,feminine singular definite article; the,philosophy
de energía,491875,letter: d,energy
las demás,491677,feminine plural definite article; the,"other, remaining"
el asunto,491256,masculine singular definite article; the,"matter, issue, business"
yo soy,491251,first-person singular pronoun in the nominative case; I,
pero eso,490938,but,"acronym of ""Educación Secundaria Obligatoria"" (“the Spanish secondary education system that aims to prepare students between the ages of 11 and 16 for their next studies or the world of work.”)"
con nosotros,490553,with,we (masculine plural)
en ellos,490551,"in, at, on","plural of ""él"" (“they, them”)"
respecto de,490308,"respect, regard, connection, relation, relationship",letter: d
años después,490164,,"later, afterwards, afterward, post"
con mayor,489792,with,"comparative of ""grande"": bigger"
las nuevas,489569,feminine plural definite article; the,
esta manera,489540,"alternative spelling of ""ésta"" (“this one”)",way; manner; method; style
como yo,489268,"Como (A city and comune in capital in province of Como, Lombardy.)",first-person singular pronoun in the nominative case; I
lo hace,489217,"inflection of ""él"" and usted (when referring to a man), and a variant of ello in many constructions; him, you (formal), it, that","ago (Note: unlike in English, hace precedes the number.)"
que tenemos,489114,that,
había ido,489101,"smart inflection of ""haber""",away with the fairies; absent-minded
lo cierto,489017,"inflection of ""él"" and usted (when referring to a man), and a variant of ello in many constructions; him, you (formal), it, that",true
la lectura,488483,feminine singular definite article; the,reading
libertad de,488175,"liberty, freedom",letter: d
esto se,488085,"neuter singular of ""éste""","abbreviation of ""sudeste""; southeast"
el precio,487906,masculine singular definite article; the,price
esperanza de,487794,given name,letter: d
los intereses,487746,"masculine plural of ""el"" (the)",
casos de,487713,,letter: d
que tenían,487252,that,
dijo él,487143,,"he, him, masculine personal third person subject and disjunctive pronoun (used as a subject and after prepositions)"
sino de,487037,"destiny, fate, lot",letter: d
puso en,487020,,"in, at, on"
relación de,486962,relation,letter: d
ni el,486951,"Used when negating two or more elements, and not, not A or B, not A nor B, neither A nor B",masculine singular definite article; the
equipo de,486881,team,letter: d
una palabra,486832,"acronym of ""Universidad Nacional de Agricultura""",word
la realización,486765,feminine singular definite article; the,"realization, actualization (process of making something real, act of becoming real or concrete)"
entre otras,486764,between,
de servicios,486551,letter: d,
a vivir,486474,letter,to live; to be alive
mediante el,486281,"by means of, through, using",masculine singular definite article; the
se hubiera,486177,"abbreviation of ""sudeste""; southeast",
la cena,485627,feminine singular definite article; the,"supper, dinner"
ha dado,485418,"initialism of ""ácido hialurónico""",a die or dice
lo demás,485200,"inflection of ""él"" and usted (when referring to a man), and a variant of ello in many constructions; him, you (formal), it, that","other, remaining"
cinco años,484752,five,
la nariz,484744,feminine singular definite article; the,"nose (A protuberance on the face housing the nostrils, which are used to breathe or smell.)"
puerta del,484356,surname,"of the, from the (+ a masculine noun in singular)"
su lugar,484217,given name,place
con esta,484191,with,"alternative spelling of ""ésta"" (“this one”)"
en especial,483921,"in, at, on",special (distinguished by a unique quality)
pero sí,483742,but,"yes, yeah, (used to respond affirmatively to a question, used both informally and formally)"
algo así,483455,"something, anything","like this; like that; as such; thus; so; thereby; this way, that way"
partir del,483398,"to divide, split","of the, from the (+ a masculine noun in singular)"
cree que,483022,,that
cualquier cosa,482877,"apocopic form of ""cualquiera""; any; whatever; whichever","thing (object, concept)"
ni en,482588,"Used when negating two or more elements, and not, not A or B, not A nor B, neither A nor B","in, at, on"
han de,482151,,letter: d
problema de,481947,"problem, issue, challenge (a difficulty or obstacle that has to be dealt with)",letter: d
mano en,481868,hand,"in, at, on"
mi casa,480815,"apocopic form of ""mío"", my",house
cuando las,480537,when,feminine plural definite article; the
agosto de,480353,August,letter: d
el ser,480132,masculine singular definite article; the,to be (essentially or identified as)
al llegar,480125,"initialism of ""América Latina""","to arrive, get (to)"
al de,479909,"initialism of ""América Latina""",letter: d
como consecuencia,479875,"Como (A city and comune in capital in province of Como, Lombardy.)",consequence
ni a,479700,"Used when negating two or more elements, and not, not A or B, not A nor B, neither A nor B",letter
probable que,479690,"probable, likely",that
el contexto,479472,masculine singular definite article; the,context
de Estado,479339,letter: d,state (any sovereign polity)
por cierto,479282,by,true
los dientes,479218,"masculine plural of ""el"" (the)",
un beso,478857,an; a,kiss
la universidad,478105,feminine singular definite article; the,"university, (US) college"
me han,478065,"initialism of ""muerte encefálica"" (“brain death”)",
que hizo,478000,that,
que sean,477897,that,
departamento de,477836,department,letter: d
tres años,477809,three,
puerta y,477621,surname,letter
la prueba,477559,feminine singular definite article; the,"proof; evidence (usually , in the plural)"
de piedra,477386,letter: d,surname
en dirección,476660,"in, at, on",direction
la red,476574,feminine singular definite article; the,"alternative case form of ""red""; Net"
tiene el,476088,,masculine singular definite article; the
en estas,475976,"in, at, on","alternative spelling of ""éstas"" (“these ones”)"
a diferencia,475923,letter,difference
ayuda a,475540,"help, aid",letter
la prensa,475512,feminine singular definite article; the,press (print-based media)
encuentra en,475235,,"in, at, on"
ver el,474846,"to see, to spot",masculine singular definite article; the
siglo XIX,474725,century,
relacionados con,474481,,with
tan solo,474352,"so, as",sole; one; only; single (unique)
hasta ahora,474326,even,now (at the present time)
evidente que,474054,"obvious, evident, apparent, clear",that
son más,473985,tone (pleasant sound),more; -er (used to make comparisons)
las consecuencias,473945,feminine plural definite article; the,
de protección,473774,letter: d,protection
gran parte,473673,"apocopic form of ""grande""; great, grand",part; section; portion; share; piece; bit; cut; proportion
quién es,473135,"who?, whom?; (with “de”) whose?",
la escena,472572,feminine singular definite article; the,scene
no puedes,472351,"abbreviation of ""noroeste""; northwest",
la propiedad,471687,feminine singular definite article; the,"propriety (fact of possessing something), proprietary"
la compañía,471509,feminine singular definite article; the,"company, enterprise, business, firm"
de menos,471158,letter: d,less
que hubiera,471092,that,
tú no,470856,you (second-person singular pronoun),"abbreviation of ""noroeste""; northwest"
su interior,470780,given name,"inner, interior"
la fiesta,470623,feminine singular definite article; the,party
el viaje,470274,masculine singular definite article; the,voyage
alguno de,470271,"some, any",letter: d
objetivo de,470258,objective,letter: d
teniendo en,469815,,"in, at, on"
deja de,469782,rest (that remaining after cutting textiles),letter: d
importancia de,469367,importance,letter: d
del paciente,469299,"of the, from the (+ a masculine noun in singular)",patient
un cambio,468872,an; a,"change, shift"
estado en,468866,state (any sovereign polity),"in, at, on"
todo caso,468808,all; every,case (situation or fact)
tanto de,468799,so much; as much; that much,letter: d
puntos de,468797,,letter: d
padre y,468434,Father (a title for a Latin Catholic priest and also God the Father),letter
la búsqueda,468378,feminine singular definite article; the,search
de El,468123,letter: d,masculine singular definite article; the
la ayuda,467823,feminine singular definite article; the,"help, aid"
la llegada,467196,feminine singular definite article; the,arrival
la suya,467090,feminine singular definite article; the,
ya estaba,466925,"(in the present or imperative) now, right now, (in the negative) anymore, no longer",
un ejemplo,466854,an; a,example
tu padre,466587,"initialism of ""Tren Urbano"", the metro system used in San Juan, Puerto Rico",Father (a title for a Latin Catholic priest and also God the Father)
el objeto,466561,masculine singular definite article; the,object
por todas,466478,by,
nos ha,466425,"inflection of ""nosotros"": to us, for us","initialism of ""ácido hialurónico"""
seres humanos,466291,,
que has,465957,that,
solo se,465885,sole; one; only; single (unique),"abbreviation of ""sudeste""; southeast"
no fuera,465537,"abbreviation of ""noroeste""; northwest",outside
de casa,465528,letter: d,house
se las,465491,"abbreviation of ""sudeste""; southeast",feminine plural definite article; the
los cuatro,465390,"masculine plural of ""el"" (the)",four
a cualquier,465377,letter,"apocopic form of ""cualquiera""; any; whatever; whichever"
teoría de,465365,theory,letter: d
de acción,465301,letter: d,"action, act, deed (something done)"
de nuestras,465280,letter: d,"feminine plural of ""nuestro"": ours"
este momento,464834,this,"moment, instant"
quien se,464627,who,"abbreviation of ""sudeste""; southeast"
le daba,464405,"to him, for him; inflection of ""él""",
te has,464157,letter: t,
mientras el,464114,meanwhile,masculine singular definite article; the
y estaba,464085,letter,
madre de,463369,mother,letter: d
como no,463321,"Como (A city and comune in capital in province of Como, Lombardy.)","abbreviation of ""noroeste""; northwest"
trató de,462885,,letter: d
sus propias,462581,"plural of ""su""; one's, his, her, its, their (with plural possessee)",
mi hermano,462488,"apocopic form of ""mío"", my",brother
la luna,462225,feminine singular definite article; the,Earth's Moon
el espíritu,462223,masculine singular definite article; the,"spirit, soul"
si en,461830,"A @abbrev of:Sinaloa state, Mexico","in, at, on"
en contacto,461801,"in, at, on",contact
las últimas,461757,feminine plural definite article; the,
el viejo,461641,masculine singular definite article; the,(of an object) old (having existed for a long time)
el modo,461617,masculine singular definite article; the,"way, manner"
la tercera,461408,feminine singular definite article; the,a third (interval)
ser más,461310,to be (essentially or identified as),more; -er (used to make comparisons)
una sociedad,460852,"acronym of ""Universidad Nacional de Agricultura""",(a town in Morazán department of El Salvador)
las lágrimas,460741,feminine plural definite article; the,
a salir,460299,letter,"to go out, to leave, to depart, to head out"
de noche,460217,letter: d,night (the period between sunset and sunrise)
en fin,459617,"in, at, on",end
términos de,459587,,letter: d
toma de,459570,"conquest, capture, taking, takeover",letter: d
cuarto de,459530,fourth,letter: d
sus amigos,459262,"plural of ""su""; one's, his, her, its, their (with plural possessee)",
la intención,459241,feminine singular definite article; the,intention
se convierte,459171,"abbreviation of ""sudeste""; southeast",
en aquellos,458915,"in, at, on","alternative spelling of ""aquéllos""; those ones (over there; implying some distance). The unaccented form can function as a pronoun if it can be unambiguously deduced as such from context"
final del,458876,"final (last, ultimate)","of the, from the (+ a masculine noun in singular)"
que soy,458642,that,
tratar de,458620,"to treat (to handle, behave toward in a specific way)",letter: d
la oficina,458570,feminine singular definite article; the,office (a room used for non-manual work)
de vuelta,458253,letter: d,the Vuelta a España
protección de,457844,protection,letter: d
manos y,457838,,letter
hoy en,457791,"today, tonight (on the current day)","in, at, on"
dos de,457667,two,letter: d
el título,457619,masculine singular definite article; the,title (heading in a text)
ver si,457511,"to see, to spot","A @abbrev of:Sinaloa state, Mexico"
no hubiera,457421,"abbreviation of ""noroeste""; northwest",
la materia,457245,feminine singular definite article; the,matter (the basic structural component of the universe)
se siente,457025,"abbreviation of ""sudeste""; southeast",
vuelto a,456933,change (money given back),letter
me da,456757,"initialism of ""muerte encefálica"" (“brain death”)",
la democracia,456618,feminine singular definite article; the,democracy (rule by the people)
mí me,456474,me; (declined form of yo used as the object of a preposition),"initialism of ""muerte encefálica"" (“brain death”)"
quiere decir,456424,,"to say, to tell, to name, to mention"
no los,456103,"abbreviation of ""noroeste""; northwest","masculine plural of ""el"" (the)"
todo eso,455872,all; every,"acronym of ""Educación Secundaria Obligatoria"" (“the Spanish secondary education system that aims to prepare students between the ages of 11 and 16 for their next studies or the world of work.”)"
zona de,455635,"zone, district, area",letter: d
lugar donde,455518,place,"where, in what place"
la lista,455472,feminine singular definite article; the,"list, roll"
a nosotros,455144,letter,we (masculine plural)
impresión de,455132,impression,letter: d
que os,455064,that,"you, to you, for you; dative and accusative of vosotros"
ahora mismo,455041,now (at the present time),same; identical; one and the same; indicates that the two compared noun clauses both represent the one thing
administración de,454695,administration (act of administering government or public affairs),letter: d
prueba de,454289,"proof; evidence (usually , in the plural)",letter: d
la altura,453771,feminine singular definite article; the,height
trabajo en,453591,"work, job","in, at, on"
siglo XX,453566,century,
para ir,453467,"for, to (expressing a recipient)",to go (away from speaker and listener)
yo le,453386,first-person singular pronoun in the nominative case; I,"to him, for him; inflection of ""él"""
presidente de,452810,"president, head (leader)",letter: d
tras el,452433,"after, following, in the wake of; upon",masculine singular definite article; the
que estamos,452196,that,
a pasar,451952,letter,"to pass, to hand, to slip"
llega a,451656,,letter
el sonido,451167,masculine singular definite article; the,"sound, noise"
la garganta,451079,feminine singular definite article; the,throat
que hoy,451074,that,"today, tonight (on the current day)"
poner en,451021,"to put, to place (cause to assume a specified position)","in, at, on"
se podía,451004,"abbreviation of ""sudeste""; southeast",
la religión,450994,feminine singular definite article; the,religion
hombres de,450910,,letter: d
siempre se,450718,always,"abbreviation of ""sudeste""; southeast"
el conjunto,450553,masculine singular definite article; the,joint
o las,450471,letter,feminine plural definite article; the
su boca,450436,given name,"mouth, oral cavity"
muchos años,450359,,
tema de,450105,"theme; plot (of a book, film or other media)",letter: d
de quien,449994,letter: d,who
de llegar,449910,letter: d,"to arrive, get (to)"
sabes que,449901,you know? (rhetorical question),that
de mayor,449832,letter: d,"comparative of ""grande"": bigger"
cuerpo y,449146,body (the physical structure of a human or animal),letter
los niveles,449128,"masculine plural of ""el"" (the)",
la tienda,448856,feminine singular definite article; the,tent
su presencia,448636,given name,presence
pero él,448531,but,"he, him, masculine personal third person subject and disjunctive pronoun (used as a subject and after prepositions)"
mayor de,447938,"comparative of ""grande"": bigger",letter: d
del libro,447891,"of the, from the (+ a masculine noun in singular)",book
la pequeña,447831,feminine singular definite article; the,
la carretera,447662,feminine singular definite article; the,"road, highway"
que nada,447659,that,"nothing, zero, zilch, not...anything"
desde hace,447512,since (from a specified time in the past),"ago (Note: unlike in English, hace precedes the number.)"
el lenguaje,447364,masculine singular definite article; the,language (the ability to communicate using words)
todo su,447275,all; every,given name
dos veces,447225,two,"by, times (multiplication)"
los límites,447115,"masculine plural of ""el"" (the)",
datos de,446994,"plural of ""dato""",letter: d
el peso,446966,masculine singular definite article; the,weight (the force on an object due to gravitational attraction)
pero ya,446953,but,"(in the present or imperative) now, right now, (in the negative) anymore, no longer"
a menos,446787,letter,less
propósito de,446623,purpose,letter: d
dije que,446562,"adorns, locket",that
se veía,446560,"abbreviation of ""sudeste""; southeast",
referencia a,446385,reference,letter
la salida,446328,feminine singular definite article; the,"exit, way out"
una semana,446285,"acronym of ""Universidad Nacional de Agricultura""",week (7 days)
y esto,445973,letter,"neuter singular of ""éste"""
el equipo,445829,masculine singular definite article; the,team
largo del,445755,surname,"of the, from the (+ a masculine noun in singular)"
Dios y,445426,God,letter
la capital,445198,feminine singular definite article; the,"A department of Córdoba, Argentina"
así se,445183,"like this; like that; as such; thus; so; thereby; this way, that way","abbreviation of ""sudeste""; southeast"
llegar al,445093,"to arrive, get (to)","initialism of ""América Latina"""
su cara,444592,given name,face (the front part of the head)
los soldados,444372,"masculine plural of ""el"" (the)",
si las,444192,"A @abbrev of:Sinaloa state, Mexico",feminine plural definite article; the
realización de,444172,"realization, actualization (process of making something real, act of becoming real or concrete)",letter: d
con esa,443863,with,"alternative spelling of ""ésa"""
marco de,443713,given name,letter: d
porque es,443616,because,
el medio,443511,masculine singular definite article; the,half (of or related to one of two equal divisions of a whole)
la señorita,443246,feminine singular definite article; the,"alternative case form of ""señorita"", used before a name"
no tienes,443190,"abbreviation of ""noroeste""; northwest",
antes del,443135,earlier; before; sooner; previously; formerly; beforehand (at an earlier time),"of the, from the (+ a masculine noun in singular)"
aunque el,442970,"though, although, even though, albeit",masculine singular definite article; the
obras de,442661,,letter: d
la carne,442369,feminine singular definite article; the,"flesh, the soft part of a body which covers the bones"
no han,442306,"abbreviation of ""noroeste""; northwest",
dijo con,442288,,with
estaba muy,442089,,"apocopic form of ""mucho""; very"
el Gobierno,441437,masculine singular definite article; the,government
la tarea,441425,feminine singular definite article; the,task
y además,440930,letter,"in addition, moreover, furthermore, further, also, additionally"
forma en,440867,shape; form; figure,"in, at, on"
una empresa,440668,"acronym of ""Universidad Nacional de Agricultura""",company
empezaron a,440646,,letter
la condición,440577,feminine singular definite article; the,condition
horas de,440466,,letter: d
con ese,440265,with,letter: s
los principales,440188,"masculine plural of ""el"" (the)",
búsqueda de,440100,search,letter: d
la intervención,439879,feminine singular definite article; the,intervention
la novela,439485,feminine singular definite article; the,novel
y desde,439470,letter,since (from a specified time in the past)
una mayor,439243,"acronym of ""Universidad Nacional de Agricultura""","comparative of ""grande"": bigger"
con ello,439160,with,"it, neuter third-person subject and disjunctive pronoun"
la competencia,439125,feminine singular definite article; the,"competence, expertise"
a estas,438820,letter,"alternative spelling of ""éstas"" (“these ones”)"
respecto al,438527,"respect, regard, connection, relation, relationship","initialism of ""América Latina"""
pasar por,437917,"to pass, to hand, to slip",by
los términos,437671,"masculine plural of ""el"" (the)",
conforme a,437612,in agreement,letter
ese día,437422,letter: s,day (any period of 24 hours)
hizo que,437395,,that
tratamiento de,437382,treatment (the process or manner of treating someone or something),letter: d
por todos,437330,by,
como siempre,437225,"Como (A city and comune in capital in province of Como, Lombardy.)",always
hacia los,437217,"toward, towards","masculine plural of ""el"" (the)"
la cuenta,437211,feminine singular definite article; the,"count, tally"
no sería,436882,"abbreviation of ""noroeste""; northwest",
son muy,436877,tone (pleasant sound),"apocopic form of ""mucho""; very"
del mar,436755,"of the, from the (+ a masculine noun in singular)",sea
la revolución,436712,feminine singular definite article; the,revolution (political/social)
porque en,436547,because,"in, at, on"
el programa,436339,masculine singular definite article; the,"programme, program"
lo general,436223,"inflection of ""él"" and usted (when referring to a man), and a variant of ello in many constructions; him, you (formal), it, that","general, overall"
las ciudades,436207,feminine plural definite article; the,
eso era,435806,"acronym of ""Educación Secundaria Obligatoria"" (“the Spanish secondary education system that aims to prepare students between the ages of 11 and 16 for their next studies or the world of work.”)","era, age"
ha tenido,435758,"initialism of ""ácido hialurónico""",
las células,435654,feminine plural definite article; the,
mientras la,435567,meanwhile,feminine singular definite article; the
que hasta,435462,that,even
resto del,435051,"rest, remainder","of the, from the (+ a masculine noun in singular)"
pero sin,434901,but,without
también lo,434761,"also, too, as well","inflection of ""él"" and usted (when referring to a man), and a variant of ello in many constructions; him, you (formal), it, that"
largo plazo,434659,surname,"period, phase"
el del,434560,masculine singular definite article; the,"of the, from the (+ a masculine noun in singular)"
bien que,434557,well (adverbial form of bueno),that
de tipo,434518,letter: d,"kind, type, sort, manner"
la playa,434488,feminine singular definite article; the,beach
más fácil,434479,more; -er (used to make comparisons),"easy, facile, simple (requiring little effort)"
se te,434102,"abbreviation of ""sudeste""; southeast",letter: t
en ningún,434069,"in, at, on","apocopic form of ""ninguno"" (“not any”)"
no siempre,433984,"abbreviation of ""noroeste""; northwest",always
vio que,433794,,that
un conjunto,433648,an; a,joint
con dos,433535,with,two
empezaba a,433452,,letter
se realiza,433298,"abbreviation of ""sudeste""; southeast",
tanto como,433118,so much; as much; that much,"Como (A city and comune in capital in province of Como, Lombardy.)"
última vez,432930,,"time, instance"
movimiento de,432710,movement (physical motion between points in space),letter: d
de Israel,432618,letter: d,"Israel (A country in Western Asia, in the Middle East, at the eastern shore of the Mediterranean.)"
la aparición,432140,feminine singular definite article; the,appearance (act of appearing)
hacer que,432108,"to do, perform, execute, carry out",that
de comer,432061,letter: d,to eat
montón de,431910,"heap, pile (collection of things laid in a body, or thrown together so as to form an elevation)",letter: d
un estado,431847,an; a,state (any sovereign polity)
lo primero,431803,"inflection of ""él"" and usted (when referring to a man), and a variant of ello in many constructions; him, you (formal), it, that","former (in contrast to the latter), first, first one"
algo en,431727,"something, anything","in, at, on"
no quiere,431664,"abbreviation of ""noroeste""; northwest",
las funciones,431458,feminine plural definite article; the,
es para,431075,,"for, to (expressing a recipient)"
de dónde,431028,letter: d,where?; in what place?
el calor,430897,masculine singular definite article; the,heat
ya me,430812,"(in the present or imperative) now, right now, (in the negative) anymore, no longer","initialism of ""muerte encefálica"" (“brain death”)"
una carta,430799,"acronym of ""Universidad Nacional de Agricultura""",letter (document)
América Latina,430487,"America (A supercontinent in consisting of North America, Central America and South America regarded as a whole.)","female equivalent of ""latino"": a Latina"
una historia,430356,"acronym of ""Universidad Nacional de Agricultura""",history (the aggregate of past events)
poco después,430307,"little, not much","later, afterwards, afterward, post"
a cambio,430182,letter,"change, shift"
que puedan,430062,that,
dirección de,429695,direction,letter: d
la reina,429305,feminine singular definite article; the,surname
un espacio,429182,an; a,space (distance between things)
dicen que,429155,,that
la batalla,428736,feminine singular definite article; the,battle
la demanda,428649,feminine singular definite article; the,demand
los diferentes,428558,"masculine plural of ""el"" (the)",
del suelo,428553,"of the, from the (+ a masculine noun in singular)","dirt, earth, ground, soil"
miró con,428510,surname,with
se considera,428427,"abbreviation of ""sudeste""; southeast",
darse cuenta,428328,,"count, tally"
hacia él,428296,"toward, towards","he, him, masculine personal third person subject and disjunctive pronoun (used as a subject and after prepositions)"
del río,428262,"of the, from the (+ a masculine noun in singular)",Rio (Rio de Janeiro)
del Consejo,428149,"of the, from the (+ a masculine noun in singular)","advice, counsel, piece of advice"
de don,428026,letter: d,title of respect for a man: sir
otra persona,428024,,person (an individual; usually a human being)
por esta,427715,by,"alternative spelling of ""ésta"" (“this one”)"
ayuda de,427585,"help, aid",letter: d
la felicidad,427307,feminine singular definite article; the,given name
yo lo,427127,first-person singular pronoun in the nominative case; I,"inflection of ""él"" and usted (when referring to a man), and a variant of ello in many constructions; him, you (formal), it, that"
gracias por,426767,a colonial town in the Lempira department of Honduras,by
un país,426695,an; a,country (the territory of a nation)
los nuevos,426493,"masculine plural of ""el"" (the)",
que estás,426446,that,
no debe,426218,"abbreviation of ""noroeste""; northwest",
día que,426201,day (any period of 24 hours),that
se presenta,426032,"abbreviation of ""sudeste""; southeast",
la opinión,425693,feminine singular definite article; the,opinion
año de,425480,surname,letter: d
unos minutos,425228,"masculine plural of ""un""",
encima del,425116,on top of something,"of the, from the (+ a masculine noun in singular)"
mi corazón,424911,"apocopic form of ""mío"", my",heart (organ of the body)
unos segundos,424848,"masculine plural of ""un""",
cualquiera de,424652,"anyone, whoever, whomever",letter: d
la perspectiva,424322,feminine singular definite article; the,perspective
una familia,424277,"acronym of ""Universidad Nacional de Agricultura""",family (group of people related to each other)
su obra,424270,given name,work (usually literary or artistic)
años que,424122,,that
del estado,423930,"of the, from the (+ a masculine noun in singular)",state (any sovereign polity)
sé si,423911,"smart inflection of ""saber""","A @abbrev of:Sinaloa state, Mexico"
que tenga,423278,that,
poco tiempo,423231,"little, not much",time
a nuestra,423129,letter,
la noticia,423089,feminine singular definite article; the,notice
esta forma,422879,"alternative spelling of ""ésta"" (“this one”)",shape; form; figure
la costa,422695,feminine singular definite article; the,"surname, equivalent to the Spanish Cuesta"
tenido que,422428,,that
los aspectos,422181,"masculine plural of ""el"" (the)",
las reglas,422158,feminine plural definite article; the,
empieza a,422067,,letter
del amor,422036,"of the, from the (+ a masculine noun in singular)",surname
una respuesta,421992,"acronym of ""Universidad Nacional de Agricultura""","reply, response, answer"
tales como,421495,Thales (philosopher),"Como (A city and comune in capital in province of Como, Lombardy.)"
el capitán,421465,masculine singular definite article; the,captain (leader)
hacer el,421263,"to do, perform, execute, carry out",masculine singular definite article; the
la cosa,421125,feminine singular definite article; the,"thing (object, concept)"
dónde está,421061,where?; in what place?,
corazón de,420924,heart (organ of the body),letter: d
en La,420898,"in, at, on",feminine singular definite article; the
ya sea,420862,"(in the present or imperative) now, right now, (in the negative) anymore, no longer",
dejó de,420858,,letter: d
muy importante,420823,"apocopic form of ""mucho""; very","important, that cares, that matters"
acto de,420638,act (something done),letter: d
tan sólo,419997,"so, as","superseded spelling of ""solo"""
el interés,419904,masculine singular definite article; the,interest (a fraction of the amount of what was borrowed)
hombres que,419656,,that
por haber,419507,by,to have; forms the perfect aspect [+masculine singular past participle]
el acceso,419354,masculine singular definite article; the,access
el río,419329,masculine singular definite article; the,Rio (Rio de Janeiro)
medio del,419299,half (of or related to one of two equal divisions of a whole),"of the, from the (+ a masculine noun in singular)"
el sector,419101,masculine singular definite article; the,section
aunque en,419095,"though, although, even though, albeit","in, at, on"
que desde,418843,that,since (from a specified time in the past)
no podría,418395,"abbreviation of ""noroeste""; northwest",
mucho menos,418131,"much, a lot of",less
finales de,417720,,letter: d
esa noche,417649,"alternative spelling of ""ésa""",night (the period between sunset and sunrise)
es uno,417555,,one
aparte de,417472,"separate, apart",letter: d
se dijo,417424,"abbreviation of ""sudeste""; southeast",
del mercado,417265,"of the, from the (+ a masculine noun in singular)",surname
madre y,417133,mother,letter
la vía,416959,feminine singular definite article; the,"way, means"
un hijo,416887,an; a,son
a estos,416783,letter,"alternative spelling of ""éstos"" (“these ones”)"
hace un,416459,"ago (Note: unlike in English, hace precedes the number.)",an; a
me has,416349,"initialism of ""muerte encefálica"" (“brain death”)",
existe una,416114,,"acronym of ""Universidad Nacional de Agricultura"""
salió de,416016,,letter: d
ni una,415979,"Used when negating two or more elements, and not, not A or B, not A nor B, neither A nor B","acronym of ""Universidad Nacional de Agricultura"""
muchas cosas,415789,,
al ser,415765,"initialism of ""América Latina""",to be (essentially or identified as)
diez años,415704,surname,
su caso,414409,given name,case (situation or fact)
sin saber,414312,without,"to know, to understand (a fact)"
hubiera sido,414180,,
hasta las,414178,even,feminine plural definite article; the
un estudio,413880,an; a,study
llevado a,413650,,letter
depende de,413552,,letter: d
todo ello,413509,all; every,"it, neuter third-person subject and disjunctive pronoun"
un número,413485,an; a,number (counting)
por ti,413382,by,"inflection of ""tú"""
el general,413058,masculine singular definite article; the,"general, overall"
como él,412979,"Como (A city and comune in capital in province of Como, Lombardy.)","he, him, masculine personal third person subject and disjunctive pronoun (used as a subject and after prepositions)"
desde un,412875,since (from a specified time in the past),an; a
rostro de,412767,face (the front part of the head),letter: d
desde entonces,412748,since (from a specified time in the past),"then, next, thereupon, at that time, at that point"
este último,412727,this,final; last
bien y,412292,well (adverbial form of bueno),letter
eran los,411838,,"masculine plural of ""el"" (the)"
verdad que,411677,truth,that
estaban en,411556,,"in, at, on"
una niña,411451,"acronym of ""Universidad Nacional de Agricultura""","girl, female equivalent of ""niño"""
levantó la,411036,,feminine singular definite article; the
la velocidad,410570,feminine singular definite article; the,speed
por más,410393,by,more; -er (used to make comparisons)
el juego,410365,masculine singular definite article; the,play
habla de,410313,speech (faculty of speech),letter: d
contra de,410251,"against, versus",letter: d
agua y,410210,water,letter
años en,410074,,"in, at, on"
gesto de,410069,gesture,letter: d
este punto,410014,this,"point (specific spot, location, or place)"
los dioses,409996,"masculine plural of ""el"" (the)",
que todavía,409845,that,"still, yet"
mujer de,409823,woman,letter: d
un ser,409640,an; a,to be (essentially or identified as)
las clases,409449,feminine plural definite article; the,"plural of ""clase"""
de semana,409277,letter: d,week (7 days)
que estos,409240,that,"alternative spelling of ""éstos"" (“these ones”)"
la enseñanza,409151,feminine singular definite article; the,teaching
cumplimiento de,408737,compliance,letter: d
o si,408718,letter,"A @abbrev of:Sinaloa state, Mexico"
llegaron a,408526,,letter
se iba,408448,"abbreviation of ""sudeste""; southeast",
lo hacía,408420,"inflection of ""él"" and usted (when referring to a man), and a variant of ello in many constructions; him, you (formal), it, that",
período de,408316,period (interval of time),letter: d
de hombres,408109,letter: d,
la caja,408105,feminine singular definite article; the,"box, case"
para cada,408064,"for, to (expressing a recipient)",each; every
los movimientos,407861,"masculine plural of ""el"" (the)",
voluntad de,407732,"will, wish, want, desire",letter: d
de salir,407569,letter: d,"to go out, to leave, to depart, to head out"
al contrario,407483,"initialism of ""América Latina""","contrary, opposite"
se pone,407102,"abbreviation of ""sudeste""; southeast",
de recursos,406905,letter: d,
pero por,406871,but,by
de ir,406852,letter: d,to go (away from speaker and listener)
fecha de,406780,date (that which specifies the time when something was made),letter: d
debía de,406719,,letter: d
la llamada,406677,feminine singular definite article; the,call
a otras,406543,letter,
el bien,406060,masculine singular definite article; the,well (adverbial form of bueno)
de Europa,406018,letter: d,"Europe (A continent located west of Asia (separated by the Urals), north of Africa and east of the Atlantic Ocean.)"
unos días,405860,"masculine plural of ""un""",
con gran,405814,with,"apocopic form of ""grande""; great, grand"
sin la,405629,without,feminine singular definite article; the
que ir,405548,that,to go (away from speaker and listener)
la solución,405546,feminine singular definite article; the,solution
mi cuerpo,405203,"apocopic form of ""mío"", my",body (the physical structure of a human or animal)
las aguas,405068,feminine plural definite article; the,"abbreviation of ""Aguascalientes"""
el servicio,404596,masculine singular definite article; the,service
primero que,404500,"former (in contrast to the latter), first, first one",that
acción de,404276,"action, act, deed (something done)",letter: d
unidad de,404153,"unit (object, military, or measure)",letter: d
tasa de,404078,rate,letter: d
mitad del,403976,half,"of the, from the (+ a masculine noun in singular)"
para sus,403776,"for, to (expressing a recipient)","plural of ""su""; one's, his, her, its, their (with plural possessee)"
el hijo,403725,masculine singular definite article; the,son
las diferencias,403719,feminine plural definite article; the,
ido a,403430,away with the fairies; absent-minded,letter
and the,403358,,
la ausencia,403248,feminine singular definite article; the,absence
un mes,403214,an; a,month
no hace,403120,"abbreviation of ""noroeste""; northwest","ago (Note: unlike in English, hace precedes the number.)"
de Estados,402591,letter: d,
de dolor,402587,letter: d,"pain, ache, aching soreness, tenderness (physical)"
solo en,402443,sole; one; only; single (unique),"in, at, on"
carta de,402366,letter (document),letter: d
todo tipo,402336,all; every,"kind, type, sort, manner"
personas con,402250,,with
el médico,402178,masculine singular definite article; the,doctor
a ir,402112,letter,to go (away from speaker and listener)
todos ellos,402109,,"plural of ""él"" (“they, them”)"
hacer lo,402076,"to do, perform, execute, carry out","inflection of ""él"" and usted (when referring to a man), and a variant of ello in many constructions; him, you (formal), it, that"
obligado a,401724,"obliged, obligated",letter
la lluvia,401665,feminine singular definite article; the,rain
de donde,401523,letter: d,"where, in what place"
el origen,401454,masculine singular definite article; the,origin
de cosas,401191,letter: d,
la escalera,400982,feminine singular definite article; the,stairs
el hombro,400981,masculine singular definite article; the,shoulder
las imágenes,400813,feminine plural definite article; the,
dos o,400474,two,letter
de América,400333,letter: d,"America (A supercontinent in consisting of North America, Central America and South America regarded as a whole.)"
mis padres,399873,,"plural of ""padre"" (parents)"
las políticas,399683,feminine plural definite article; the,
lo sabía,399312,"inflection of ""él"" and usted (when referring to a man), and a variant of ello in many constructions; him, you (formal), it, that",
un largo,399288,an; a,surname
la tensión,399111,feminine singular definite article; the,"tension, tenseness"
de productos,399050,letter: d,
estudios de,398816,,letter: d
el procedimiento,398758,masculine singular definite article; the,procedure
de dinero,398542,letter: d,money
se sabe,398468,"abbreviation of ""sudeste""; southeast",
si hubiera,398272,"A @abbrev of:Sinaloa state, Mexico",
se preguntó,398041,"abbreviation of ""sudeste""; southeast",
el acto,397769,masculine singular definite article; the,act (something done)
se haya,397741,"abbreviation of ""sudeste""; southeast","beech, beech tree"
de entrada,397304,letter: d,entrance
para llegar,396901,"for, to (expressing a recipient)","to arrive, get (to)"
una visión,396521,"acronym of ""Universidad Nacional de Agricultura""",vision (something seen; an object perceived visually)
los distintos,396348,"masculine plural of ""el"" (the)",
con todas,396252,with,
contar con,396136,to count; to tally,with
que tienes,396110,that,
el profesor,396013,masculine singular definite article; the,professor (a faculty member)
importante que,395958,"important, that cares, that matters",that
sido una,395487,,"acronym of ""Universidad Nacional de Agricultura"""
los mejores,395466,"masculine plural of ""el"" (the)",
había quedado,395442,"smart inflection of ""haber""",
algún día,395315,"apocopic form of ""alguno""; some, any",day (any period of 24 hours)
tono de,395150,tone,letter: d
las escaleras,395077,feminine plural definite article; the,
los factores,395046,"masculine plural of ""el"" (the)",
posición de,394682,position,letter: d
cualquier caso,394679,"apocopic form of ""cualquiera""; any; whatever; whichever",case (situation or fact)
la evaluación,394560,feminine singular definite article; the,evaluation
de bienes,394486,letter: d,"goods (that which is produced, traded, bought or sold)"
evitar que,394041,"to avoid, to bypass, to evade, to circumvent, to dodge, to shun, to eschew (to steer clear of)",that
para conseguir,394018,"for, to (expressing a recipient)","to achieve, succeed in, reach, accomplish, attain"
historia del,393838,history (the aggregate of past events),"of the, from the (+ a masculine noun in singular)"
el cuarto,393796,masculine singular definite article; the,fourth
el plan,393796,masculine singular definite article; the,plan
la sombra,393724,feminine singular definite article; the,shadow (a dark image projected onto a surface where light (or other radiation) is blocked by the shade of an object)
el estómago,393537,masculine singular definite article; the,stomach (An organ in animals that stores food in the process of digestion.)
reino de,393330,kingdom,letter: d
que permite,393329,that,
sino en,393231,"destiny, fate, lot","in, at, on"
todo se,393207,all; every,"abbreviation of ""sudeste""; southeast"
otras cosas,393112,,
Ahora bien,392889,now (at the present time),well (adverbial form of bueno)
ya está,392873,"(in the present or imperative) now, right now, (in the negative) anymore, no longer",
el éxito,392847,masculine singular definite article; the,success
entonces se,392805,"then, next, thereupon, at that time, at that point","abbreviation of ""sudeste""; southeast"
no están,392637,"abbreviation of ""noroeste""; northwest",
hay en,392596,"alternative form of ""ahí""","in, at, on"
los individuos,392284,"masculine plural of ""el"" (the)",
a finales,392205,letter,
tienen un,392124,,an; a
a conocer,392107,letter,"to know (a person or a place), to be familiar with, to be acquainted with"
que fueron,392002,that,
de cinco,391885,letter: d,five
sea el,391860,,masculine singular definite article; the
unos cuantos,391800,"masculine plural of ""un""","masculine plural of ""cuanto"""
incluso en,391583,"enclosed, included","in, at, on"
mí y,391445,me; (declined form of yo used as the object of a preposition),letter
a tiempo,391318,letter,time
por delante,391226,by,"in front of, before (spatially)"
las pruebas,391185,feminine plural definite article; the,
que existe,391128,that,
ha ido,390815,"initialism of ""ácido hialurónico""",away with the fairies; absent-minded
un tono,390647,an; a,tone
no haber,390408,"abbreviation of ""noroeste""; northwest",to have; forms the perfect aspect [+masculine singular past participle]
sus compañeros,390225,"plural of ""su""; one's, his, her, its, their (with plural possessee)",
que esté,390007,that,
cualquier otro,389880,"apocopic form of ""cualquiera""; any; whatever; whichever","other, another"
posibilidades de,389874,,letter: d
que parece,389763,that,
los puntos,389680,"masculine plural of ""el"" (the)",
sociales y,389563,,letter
del pasado,389351,"of the, from the (+ a masculine noun in singular)",past
señal de,389237,sign,letter: d
el mensaje,389228,masculine singular definite article; the,message
en gran,389129,"in, at, on","apocopic form of ""grande""; great, grand"
de muerte,388749,letter: d,death (the cessation of life)
respuesta a,388537,"reply, response, answer",letter
la cárcel,388521,feminine singular definite article; the,prison
treinta y,388473,thirty,letter
un montón,387623,an; a,"heap, pile (collection of things laid in a body, or thrown together so as to form an elevation)"
con todos,387498,with,
o del,387346,letter,"of the, from the (+ a masculine noun in singular)"
de cuatro,387278,letter: d,four
la Biblia,387063,feminine singular definite article; the,the Bible (the Christian holy book; the Old and New Testaments)
deben ser,387056,,to be (essentially or identified as)
la identidad,387027,feminine singular definite article; the,identity
responsable de,387009,"responsible, answerable",letter: d
su muerte,386810,given name,death (the cessation of life)
más tiempo,386747,more; -er (used to make comparisons),time
brazos y,386495,,letter
intento de,386448,attempt,letter: d
se encogió,386364,"abbreviation of ""sudeste""; southeast",
la obligación,386356,feminine singular definite article; the,obligation
pero las,386327,but,feminine plural definite article; the
que tener,386277,that,to have; to possess
son la,386193,tone (pleasant sound),feminine singular definite article; the
aquella noche,386186,"feminine singular of ""aquel""",night (the period between sunset and sunrise)
no habría,386128,"abbreviation of ""noroeste""; northwest",
se inclinó,386100,"abbreviation of ""sudeste""; southeast",
paso de,385989,"acronym of ""(elecciones) primarias, abiertas, simultáneas y obligatorias"" (“primary, open, simultaneous, and mandatory (elections)”)",letter: d
del sol,385718,"of the, from the (+ a masculine noun in singular)",the Sun
que hacen,385635,that,
de riesgo,385418,letter: d,risk; the possibility of harm or an unfavorable outcome from random chance
me di,385333,"initialism of ""muerte encefálica"" (“brain death”)","smart inflection of ""dar"""
un modelo,385324,an; a,model (a successful example to be copied)
dos días,385252,two,
amor de,385075,surname,letter: d
el mal,384970,masculine singular definite article; the,"abbreviation of ""Málaga"""
cerca del,384907,"close, near, around, about, nearly, nigh (referring to quantity or time-related)","of the, from the (+ a masculine noun in singular)"
contenido de,384686,"content (of a text, artwork or media production)",letter: d
y tenía,384649,letter,
a quién,384541,letter,"who?, whom?; (with “de”) whose?"
a seguir,384438,letter,to follow
el crecimiento,384342,masculine singular definite article; the,growth
de hoy,384330,letter: d,"today, tonight (on the current day)"
amor y,384306,surname,letter
comenzaron a,384290,,letter
con otras,384275,with,
muy poco,384208,"apocopic form of ""mucho""; very","little, not much"
este mundo,384157,this,"world, earth (human collective existence)"
de calidad,383853,letter: d,quality (level of excellence)
y siempre,383831,letter,always
la orden,383610,feminine singular definite article; the,order (command)
resultados de,383544,,letter: d
compañía de,383454,"company, enterprise, business, firm",letter: d
me dio,383435,"initialism of ""muerte encefálica"" (“brain death”)",
la conducta,383369,feminine singular definite article; the,"behaviour, conduct"
últimos años,383193,,
ante los,383111,"in front of, before","masculine plural of ""el"" (the)"
los autores,383036,"masculine plural of ""el"" (the)",
no a,382994,"abbreviation of ""noroeste""; northwest",letter
estaba tan,382791,,"so, as"
puesto de,382645,"position, employment, job",letter: d
una imagen,382586,"acronym of ""Universidad Nacional de Agricultura""",image
social de,382577,social,letter: d
programas de,382435,,letter: d
mesa de,382207,table,letter: d
es mejor,381968,,better
un amigo,381902,an; a,surname
con mis,381829,with,
ha llegado,381618,"initialism of ""ácido hialurónico""","arrived, received, delivered"
de entre,381515,letter: d,between
el jefe,381270,masculine singular definite article; the,"chief; president; head; leader of a business, political party, or other organization"
de muchos,381268,letter: d,
cuanto más,381141,"whatever quantity, as much, however much",more; -er (used to make comparisons)
la pantalla,381008,feminine singular definite article; the,screen
la elección,381006,feminine singular definite article; the,election
después se,380795,"later, afterwards, afterward, post","abbreviation of ""sudeste""; southeast"
pero ella,380693,but,"she, her (used subjectively and after prepositions)"
vida que,380692,life,that
es todo,380596,,all; every
que eres,380517,that,"smart inflection of ""ser""; you are"
pueblo de,380239,"town, village",letter: d
efecto de,380092,effect,letter: d
donde los,380087,"where, in what place","masculine plural of ""el"" (the)"
el apoyo,380033,masculine singular definite article; the,support
en cuestión,379921,"in, at, on","matter, question, issue"
tu madre,379572,"initialism of ""Tren Urbano"", the metro system used in San Juan, Puerto Rico",mother
eso me,379556,"acronym of ""Educación Secundaria Obligatoria"" (“the Spanish secondary education system that aims to prepare students between the ages of 11 and 16 for their next studies or the world of work.”)","initialism of ""muerte encefálica"" (“brain death”)"
varias veces,379402,,"by, times (multiplication)"
del cielo,379310,"of the, from the (+ a masculine noun in singular)",sky
suerte de,379073,"luck, fortune",letter: d
tratado de,378813,treaty,letter: d
yo te,378619,first-person singular pronoun in the nominative case; I,letter: t
ese mismo,378613,letter: s,same; identical; one and the same; indicates that the two compared noun clauses both represent the one thing
soy un,378453,,an; a
más fuerte,378423,more; -er (used to make comparisons),strong
cierto es,378413,true,
motivo de,378283,"reason, ground, motive",letter: d
los españoles,378102,"masculine plural of ""el"" (the)",
se utiliza,378096,"abbreviation of ""sudeste""; southeast",
para obtener,378074,"for, to (expressing a recipient)",to obtain
el tono,377921,masculine singular definite article; the,tone
los clientes,377790,"masculine plural of ""el"" (the)",
defensa de,377458,defense,letter: d
ha estado,376952,"initialism of ""ácido hialurónico""",state (any sovereign polity)
voz baja,376846,voice,"casualty, loss"
ellos se,376637,"plural of ""él"" (“they, them”)","abbreviation of ""sudeste""; southeast"
la influencia,376548,feminine singular definite article; the,"influence, clout"
la ejecución,376510,feminine singular definite article; the,"execution (the act, manner, or style of executing actions)"
en día,376185,"in, at, on",day (any period of 24 hours)
todo aquello,376111,all; every,"neuter singular of ""aquél""; that (over there); it"
se encontraban,375885,"abbreviation of ""sudeste""; southeast",
me voy,375640,"initialism of ""muerte encefálica"" (“brain death”)",
su tiempo,375601,given name,time
acaba de,375596,,letter: d
te preocupes,375530,letter: t,
de decir,375449,letter: d,"to say, to tell, to name, to mention"
los chicos,375446,"masculine plural of ""el"" (the)",
de papel,375248,letter: d,paper
sólo en,375129,"superseded spelling of ""solo""","in, at, on"
la respiración,375096,feminine singular definite article; the,respiration
la televisión,375032,feminine singular definite article; the,"television (an electronic communication medium that allows the transmission of real-time visual images, and often sound)"
que tuvo,374746,that,
del Gobierno,374697,"of the, from the (+ a masculine noun in singular)",government
se encontró,374647,"abbreviation of ""sudeste""; southeast",
de unas,373986,letter: d,
es difícil,373894,,"difficult, hard, tough, challenging, rough, tricky, trying, arduous, testing"
no voy,373635,"abbreviation of ""noroeste""; northwest",
las casas,373617,feminine plural definite article; the,surname
los artículos,373397,"masculine plural of ""el"" (the)",
la doctrina,373379,feminine singular definite article; the,teaching
aparición de,373125,appearance (act of appearing),letter: d
de gestión,373022,letter: d,process
con tanta,372940,with,
hija de,372928,"daughter; female equivalent of ""hijo""",letter: d
de por,372761,letter: d,by
el régimen,372651,masculine singular definite article; the,regime (form of government)
guerra de,372424,surname,letter: d
las familias,372116,feminine plural definite article; the,
a saber,372067,letter,"to know, to understand (a fact)"
día y,371884,day (any period of 24 hours),letter
la fuente,371763,feminine singular definite article; the,surname
sobre él,371647,"over, above, on, upon, atop","he, him, masculine personal third person subject and disjunctive pronoun (used as a subject and after prepositions)"
se llevó,371473,"abbreviation of ""sudeste""; southeast",
las diferentes,371326,feminine plural definite article; the,
el método,371287,masculine singular definite article; the,method
de referencia,371224,letter: d,reference
las respuestas,371051,feminine plural definite article; the,
cientos de,370829,,letter: d
quieres que,370308,,that
porque los,370301,because,"masculine plural of ""el"" (the)"
cualquier otra,370122,"apocopic form of ""cualquiera""; any; whatever; whichever",
paso a,370075,"acronym of ""(elecciones) primarias, abiertas, simultáneas y obligatorias"" (“primary, open, simultaneous, and mandatory (elections)”)",letter
y sólo,369975,letter,"superseded spelling of ""solo"""
lado y,369963,side,letter
en manos,369645,"in, at, on",
cuando en,369435,when,"in, at, on"
decisión de,369413,decision,letter: d
un acto,369398,an; a,act (something done)
información sobre,369319,"information, data","over, above, on, upon, atop"
el lado,369053,masculine singular definite article; the,side
el curso,368897,masculine singular definite article; the,"course, trajectory, route, direction"
por cada,368517,by,each; every
eso lo,368264,"acronym of ""Educación Secundaria Obligatoria"" (“the Spanish secondary education system that aims to prepare students between the ages of 11 and 16 for their next studies or the world of work.”)","inflection of ""él"" and usted (when referring to a man), and a variant of ello in many constructions; him, you (formal), it, that"
por este,368211,by,this
la culpa,368119,feminine singular definite article; the,fault
se los,368087,"abbreviation of ""sudeste""; southeast","masculine plural of ""el"" (the)"
de plata,368025,letter: d,argent
al servicio,367981,"initialism of ""América Latina""",service
mi hermana,367973,"apocopic form of ""mío"", my","sister; female equivalent of ""hermano"""
desde las,367964,since (from a specified time in the past),feminine plural definite article; the
le da,367961,"to him, for him; inflection of ""él""",
que estar,367616,that,to be (have a temporary or permanent location in space)
dar un,367490,"to give, to give out",an; a
dejado de,367454,"sloppy, lax (person)",letter: d
la distribución,367413,feminine singular definite article; the,distribution
el cerebro,367365,masculine singular definite article; the,brain
había en,367349,"smart inflection of ""haber""","in, at, on"
él en,367023,"he, him, masculine personal third person subject and disjunctive pronoun (used as a subject and after prepositions)","in, at, on"
la poesía,366946,feminine singular definite article; the,poetry
de hierro,366786,letter: d,surname
información que,366739,"information, data",that
en tres,366729,"in, at, on",three
en alguna,366680,"in, at, on","feminine singular of ""alguno"""
se vio,366651,"abbreviation of ""sudeste""; southeast",
que van,366556,that,van (vehicle)
las armas,366460,feminine plural definite article; the,
área de,366285,area (a particular geographic region),letter: d
las noches,366233,feminine plural definite article; the,
puede hacer,366137,it's possible; could be,"to do, perform, execute, carry out"
actividades de,365929,,letter: d
libros de,365573,,letter: d
ninguna de,365550,,letter: d
todo un,365515,all; every,an; a
que quiere,365477,that,
sabemos que,365432,,that
el grado,365378,masculine singular definite article; the,degree
de aprendizaje,365306,letter: d,learning
he hecho,365219,here is [+(suffixed) accusative or aquí or ahí or allí],"done, completed"
pero era,365195,but,"era, age"
bien en,365060,well (adverbial form of bueno),"in, at, on"
que da,364775,that,
características de,364736,,letter: d
puesto en,364512,"position, employment, job","in, at, on"
el art,364264,masculine singular definite article; the,
el cuadro,364049,masculine singular definite article; the,square (a polygon with four straight sides of equal length and four right angles)
de valor,364037,letter: d,value (all senses)
que deben,364015,that,
contra su,363926,"against, versus",given name
de hacerlo,363916,letter: d,
la confianza,363896,feminine singular definite article; the,"confidence, trust"
vivir en,363877,to live; to be alive,"in, at, on"
general del,363864,"general, overall","of the, from the (+ a masculine noun in singular)"
se echó,363808,"abbreviation of ""sudeste""; southeast",
sin más,363754,without,more; -er (used to make comparisons)
a usted,363728,letter,second person formal; you (singular)
la defensa,363711,feminine singular definite article; the,defense
que así,363690,that,"like this; like that; as such; thus; so; thereby; this way, that way"
de cambio,363302,letter: d,"change, shift"
una obra,363249,"acronym of ""Universidad Nacional de Agricultura""",work (usually literary or artistic)
sé qué,363233,"smart inflection of ""saber""",(see usage notes) what; which
cosas de,363221,,letter: d
las decisiones,363197,feminine plural definite article; the,
ellos y,363140,"plural of ""él"" (“they, them”)",letter
del campo,363084,"of the, from the (+ a masculine noun in singular)",surname
la operación,363021,feminine singular definite article; the,operation (a surgical procedure)
la película,363005,feminine singular definite article; the,film (layer)
de mujeres,362970,letter: d,surname
necesario para,362328,"necessary, requisite","for, to (expressing a recipient)"
en ello,362029,"in, at, on","it, neuter third-person subject and disjunctive pronoun"
la Revolución,361900,feminine singular definite article; the,revolution (political/social)
echó a,361838,,letter
de atención,361827,letter: d,attention
hace falta,361722,"ago (Note: unlike in English, hace precedes the number.)","lack, shortage"
y cinco,361580,letter,five
el destino,361575,masculine singular definite article; the,"destiny, fate"
el Consejo,361475,masculine singular definite article; the,"advice, counsel, piece of advice"
qué hacer,361423,(see usage notes) what; which,"to do, perform, execute, carry out"
para realizar,361236,"for, to (expressing a recipient)","to carry out; to perform; to conduct; to implement (e.g. a change, a task, project, plan, inspection, experiment, procedures)"
del proyecto,361215,"of the, from the (+ a masculine noun in singular)","project, plan"
el área,361011,masculine singular definite article; the,area (a particular geographic region)
no será,360887,"abbreviation of ""noroeste""; northwest",
la cintura,360871,feminine singular definite article; the,waist
el ambiente,360788,masculine singular definite article; the,atmosphere
a reír,360784,letter,"to laugh [+de (at, about)]"
más alto,360762,more; -er (used to make comparisons),tall
hasta entonces,360738,even,"then, next, thereupon, at that time, at that point"
de ambos,360674,letter: d,both
de volver,360472,letter: d,"to return, to revert, to get back"
ya sabes,360460,"(in the present or imperative) now, right now, (in the negative) anymore, no longer",you know? (rhetorical question)
la revista,360223,feminine singular definite article; the,magazine
del conocimiento,360174,"of the, from the (+ a masculine noun in singular)",knowledge
conciencia de,360158,awareness (state of knowing something),letter: d
hacer algo,360158,"to do, perform, execute, carry out","something, anything"
del primer,360125,"of the, from the (+ a masculine noun in singular)","apocopic form of ""primero"" (first)"
alrededor del,360121,surroundings,"of the, from the (+ a masculine noun in singular)"
en definitiva,359921,"in, at, on",
de Derecho,359901,letter: d,straight (not crooked or bent; having a constant direction throughout its length)
las sociedades,359509,feminine plural definite article; the,
son el,359505,tone (pleasant sound),masculine singular definite article; the
la resolución,359460,feminine singular definite article; the,resolution
dado cuenta,359159,a die or dice,"count, tally"
da la,359107,,feminine singular definite article; the
de Santa,359076,letter: d,"Saint (title), feminine singular of ""San"""
de apoyo,358797,letter: d,support
en paz,358724,"in, at, on",given name
consumo de,358490,"consumption (the act of eating, drinking or using)",letter: d
las causas,358381,feminine plural definite article; the,
cómo es,358193,how?,
sobre lo,358162,"over, above, on, upon, atop","inflection of ""él"" and usted (when referring to a man), and a variant of ello in many constructions; him, you (formal), it, that"
del cual,358099,"of the, from the (+ a masculine noun in singular)","like, as, in the manner of"
ir al,358064,to go (away from speaker and listener),"initialism of ""América Latina"""
relacionadas con,357885,,with
de años,357838,letter: d,
se hallaba,357825,"abbreviation of ""sudeste""; southeast",
mejor de,357784,better,letter: d
y esta,357740,letter,"alternative spelling of ""ésta"" (“this one”)"
él había,357689,"he, him, masculine personal third person subject and disjunctive pronoun (used as a subject and after prepositions)","smart inflection of ""haber"""
aunque se,357646,"though, although, even though, albeit","abbreviation of ""sudeste""; southeast"
debe de,357568,,letter: d
hablando de,357228,,letter: d
la temperatura,357087,feminine singular definite article; the,temperature
alguna de,357055,"feminine singular of ""alguno""",letter: d
al pueblo,357050,"initialism of ""América Latina""","town, village"
de vino,357026,letter: d,"wine (An alcoholic beverage made by fermenting grape juice, with an ABV ranging from 5.5-16%.)"
hombre y,356822,"man, (adult male human)",letter
difícil de,356792,"difficult, hard, tough, challenging, rough, tricky, trying, arduous, testing",letter: d
las distintas,356705,feminine plural definite article; the,
estaba de,356697,,letter: d
no sabe,356481,"abbreviation of ""noroeste""; northwest",
derechos humanos,356398,,
durante las,356285,"during, in, over",feminine plural definite article; the
las organizaciones,356218,feminine plural definite article; the,
de arte,356161,letter: d,art
por aquí,356147,by,here (in the speaker's location)
un plan,356093,an; a,plan
todos modos,355822,,
del lugar,355605,"of the, from the (+ a masculine noun in singular)",place
la provincia,355604,feminine singular definite article; the,province
vez se,355603,"time, instance","abbreviation of ""sudeste""; southeast"
me hizo,355277,"initialism of ""muerte encefálica"" (“brain death”)",
aquel que,355160,that (over there; implying some distance),that
del desarrollo,355104,"of the, from the (+ a masculine noun in singular)",development
qué pasa,354805,(see usage notes) what; which,raisin
facultad de,354631,"school, college, department",letter: d
es tu,354540,,"initialism of ""Tren Urbano"", the metro system used in San Juan, Puerto Rico"
se abrió,354436,"abbreviation of ""sudeste""; southeast",
tenía en,354322,,"in, at, on"
le he,354255,"to him, for him; inflection of ""él""",here is [+(suffixed) accusative or aquí or ahí or allí]
está muy,354212,,"apocopic form of ""mucho""; very"
de aire,354117,letter: d,air (the substance constituting earth's atmosphere)
que lleva,354007,that,
mundo y,353978,"world, earth (human collective existence)",letter
del centro,353934,"of the, from the (+ a masculine noun in singular)",center
la cámara,353865,feminine singular definite article; the,room
si quieres,353747,"A @abbrev of:Sinaloa state, Mexico",
sido el,353702,,masculine singular definite article; the
contra las,353545,"against, versus",feminine plural definite article; the
encogió de,353457,,letter: d
es imposible,353452,,impossible
de vivir,353445,letter: d,to live; to be alive
no tener,353393,"abbreviation of ""noroeste""; northwest",to have; to possess
y miró,353342,letter,surname
de género,353292,letter: d,kind
sintió que,353263,,that
la punta,353021,feminine singular definite article; the,"tip, point, end"
sin dejar,353008,without,to leave (to place)
que decir,352928,that,"to say, to tell, to name, to mention"
que algo,352814,that,"something, anything"
había vuelto,352783,"smart inflection of ""haber""",change (money given back)
mi hijo,352699,"apocopic form of ""mío"", my",son
bien de,352688,well (adverbial form of bueno),letter: d
los objetos,352659,"masculine plural of ""el"" (the)",
para ellos,352529,"for, to (expressing a recipient)","plural of ""él"" (“they, them”)"
ni se,352344,"Used when negating two or more elements, and not, not A or B, not A nor B, neither A nor B","abbreviation of ""sudeste""; southeast"
y ha,352171,letter,"initialism of ""ácido hialurónico"""
del sector,351994,"of the, from the (+ a masculine noun in singular)",section
estilo de,351985,style (way of doing things),letter: d
Juan de,351925,John (Biblical character),letter: d
el color,351895,masculine singular definite article; the,"color / colour, hue"
mantener la,351870,to keep,feminine singular definite article; the
se tiene,351693,"abbreviation of ""sudeste""; southeast",
la frase,351547,feminine singular definite article; the,phrase
los judíos,351467,"masculine plural of ""el"" (the)",
la belleza,351466,feminine singular definite article; the,beauty (the quality of being beautiful)
visto en,351094,seen,"in, at, on"
luz del,351068,given name,"of the, from the (+ a masculine noun in singular)"
un mensaje,351051,an; a,message
el salón,351025,masculine singular definite article; the,living room; sitting room; parlor; drawing room
un aspecto,350952,an; a,aspect
que tal,350842,that,such
la estación,350816,feminine singular definite article; the,station
los nombres,350793,"masculine plural of ""el"" (the)",
desde una,350639,since (from a specified time in the past),"acronym of ""Universidad Nacional de Agricultura"""
un proyecto,350603,an; a,"project, plan"
dijo la,350503,,feminine singular definite article; the
eso que,350474,"acronym of ""Educación Secundaria Obligatoria"" (“the Spanish secondary education system that aims to prepare students between the ages of 11 and 16 for their next studies or the world of work.”)",that
fuera a,350464,outside,letter
nombre del,350449,name,"of the, from the (+ a masculine noun in singular)"
en Europa,350393,"in, at, on","Europe (A continent located west of Asia (separated by the Urals), north of Africa and east of the Atlantic Ocean.)"
es mucho,350387,,"much, a lot of"
los partidos,350297,"masculine plural of ""el"" (the)",
mes de,350260,month,letter: d
palabra de,350154,word,letter: d
estoy seguro,349868,"smart inflection of ""estar""; am",secure; safe (free from danger)
de Justicia,349818,letter: d,justice
miembros del,349814,,"of the, from the (+ a masculine noun in singular)"
la legislación,349694,feminine singular definite article; the,legislation
la interpretación,349637,feminine singular definite article; the,interpretation
una chica,349599,"acronym of ""Universidad Nacional de Agricultura""","female equivalent of ""chico"": girl"
familia de,349573,family (group of people related to each other),letter: d
mujeres que,349516,surname,that
tienen una,349483,,"acronym of ""Universidad Nacional de Agricultura"""
su pecho,349332,given name,thorax
la menor,349255,feminine singular definite article; the,surname
la representación,349231,feminine singular definite article; the,representation
régimen de,349211,regime (form of government),letter: d
al frente,349196,"initialism of ""América Latina""","forehead, brow"
puso a,349092,,letter
importante de,348927,"important, that cares, that matters",letter: d
del Señor,348845,"of the, from the (+ a masculine noun in singular)","alternative case form of ""señor"" (used before a name); Mister"
basada en,348789,cradle (framework used to move and lift heavy objects),"in, at, on"
o lo,348676,letter,"inflection of ""él"" and usted (when referring to a man), and a variant of ello in many constructions; him, you (formal), it, that"
que podemos,348611,that,a Spanish left wing political party
el período,348592,masculine singular definite article; the,period (interval of time)
metros de,348485,,letter: d
nadie se,348392,no one; nobody (anyone or anybody),"abbreviation of ""sudeste""; southeast"
en algunas,348347,"in, at, on","feminine plural of ""alguno"""
un movimiento,348284,an; a,movement (physical motion between points in space)
es preciso,348246,,precise
hacia las,348232,"toward, towards",feminine plural definite article; the
mucho de,348105,"much, a lot of",letter: d
a más,348008,letter,more; -er (used to make comparisons)
y tan,347803,letter,"so, as"
cuando un,347724,when,an; a
los trabajos,347635,"masculine plural of ""el"" (the)",
eran las,347494,,feminine plural definite article; the
inicio de,347432,"start, initiation",letter: d
de varios,347320,letter: d,"various, several"
te parece,347257,letter: t,
de tierra,347203,letter: d,"alternative case form of ""tierra"" (“Earth”)"
el ejército,347180,masculine singular definite article; the,army
si yo,347158,"A @abbrev of:Sinaloa state, Mexico",first-person singular pronoun in the nominative case; I
cuáles son,346895,"plural of ""cuál""",tone (pleasant sound)
que jamás,346649,that,never
y solo,346632,letter,sole; one; only; single (unique)
de aplicación,346484,letter: d,"application, use (the act of applying as a means; the employment of means to accomplish an end; specific use)"
las cuatro,346387,feminine plural definite article; the,four
personal de,346040,personal,letter: d
había perdido,345989,"smart inflection of ""haber""",lost
a modo,345747,letter,"way, manner"
una expresión,345734,"acronym of ""Universidad Nacional de Agricultura""",expression
y medio,345672,letter,half (of or related to one of two equal divisions of a whole)
la muchacha,345541,feminine singular definite article; the,"female equivalent of ""muchacho"": girl, young lady"
la buena,345415,feminine singular definite article; the,inheritance
tanto la,345390,so much; as much; that much,feminine singular definite article; the
del niño,345375,"of the, from the (+ a masculine noun in singular)","child, boy"
fuera un,345339,outside,an; a
de derechos,345199,letter: d,
podría haber,345119,,to have; forms the perfect aspect [+masculine singular past participle]
los campos,345018,"masculine plural of ""el"" (the)",surname
el pasillo,344976,masculine singular definite article; the,"hallway, corridor"
de gobierno,344967,letter: d,government
experiencia de,344929,experience,letter: d
el chico,344883,masculine singular definite article; the,Cámara Hondureña de la Industria de la Construcción
las elecciones,344839,feminine plural definite article; the,
para lo,344581,"for, to (expressing a recipient)","inflection of ""él"" and usted (when referring to a man), and a variant of ello in many constructions; him, you (formal), it, that"
en Estados,344571,"in, at, on",
la página,344201,feminine singular definite article; the,page
todos estos,344092,,"alternative spelling of ""éstos"" (“these ones”)"
para nosotros,344072,"for, to (expressing a recipient)",we (masculine plural)
producto de,344066,"product, commodity, item",letter: d
volvía a,344001,,letter
tres días,343971,three,
hacia ella,343913,"toward, towards","she, her (used subjectively and after prepositions)"
la reforma,343628,feminine singular definite article; the,"reform (the change of something that is defective, broken, inefficient or otherwise negative)"
yo estaba,343524,first-person singular pronoun in the nominative case; I,
y media,343498,letter,"(historical) Media (A geographic region and ancient satrapy of the Persian Empire in northwestern Iran, originally inhabited by the Medes.)"
que sentía,343486,that,
se muestra,343306,"abbreviation of ""sudeste""; southeast","sample, sampling"
veinte años,343301,twenty,
hacia su,343297,"toward, towards",given name
en El,343290,"in, at, on",masculine singular definite article; the
se vuelve,343265,"abbreviation of ""sudeste""; southeast",
capacidad para,343156,"capacity, capability, ability","for, to (expressing a recipient)"
con mucha,343142,with,
que nosotros,343043,that,we (masculine plural)
los músculos,343025,"masculine plural of ""el"" (the)",
de estudio,342759,letter: d,study
manos en,342735,,"in, at, on"
cambios en,342427,,"in, at, on"
este capítulo,341781,this,chapter
le pareció,341775,"to him, for him; inflection of ""él""",
la carga,341632,feminine singular definite article; the,load
sentado en,341484,seated,"in, at, on"
vio a,341466,,letter
distribución de,341391,distribution,letter: d
del coche,341362,"of the, from the (+ a masculine noun in singular)","car, automobile"
su relación,341348,given name,relation
de gente,341227,letter: d,people
pie de,341200,foot (a part of the body),letter: d
medida en,341105,"measurement; measure, gauge","in, at, on"
y está,341078,letter,
la orilla,340946,feminine singular definite article; the,"shore, bank (of a watercourse)"
mayor que,340919,"comparative of ""grande"": bigger",that
en algo,340819,"in, at, on","something, anything"
fines de,340818,,letter: d
de arriba,340442,letter: d,"above, over"
ahora se,340370,now (at the present time),"abbreviation of ""sudeste""; southeast"
espíritu de,340360,"spirit, soul",letter: d
el dedo,340307,masculine singular definite article; the,"digit: finger or toe, literally translated as ""finger"" and thought of that way by Spanish-speaking learners of English"
basado en,340298,"based (admirable, praiseworthy)","in, at, on"
menos en,340240,less,"in, at, on"
gente de,340161,people,letter: d
tú eres,340140,you (second-person singular pronoun),"smart inflection of ""ser""; you are"
curso de,339973,"course, trajectory, route, direction",letter: d
los documentos,339868,"masculine plural of ""el"" (the)",
habría sido,339715,,
los acontecimientos,339552,"masculine plural of ""el"" (the)",
mismo modo,339494,same; identical; one and the same; indicates that the two compared noun clauses both represent the one thing,"way, manner"
ahora no,339487,now (at the present time),"abbreviation of ""noroeste""; northwest"
que como,339425,that,"Como (A city and comune in capital in province of Como, Lombardy.)"
del ser,339422,"of the, from the (+ a masculine noun in singular)",to be (essentially or identified as)
la carrera,339411,feminine singular definite article; the,a Spanish surname
palabras que,339332,"plural of ""palabra"" (“words”)",that
no habían,339311,"abbreviation of ""noroeste""; northwest",
aquí y,339284,here (in the speaker's location),letter
otro de,339042,"other, another",letter: d
se observa,339014,"abbreviation of ""sudeste""; southeast",
del tipo,338961,"of the, from the (+ a masculine noun in singular)","kind, type, sort, manner"
no importa,338930,"abbreviation of ""noroeste""; northwest",
que pasa,338821,that,raisin
mezcla de,338732,"mixture, mix, mixing, combination, admixture, medley",letter: d
elementos de,338402,,letter: d
ya te,338392,"(in the present or imperative) now, right now, (in the negative) anymore, no longer",letter: t
aprender a,338371,"to learn (to acquire, or attempt to acquire knowledge or an ability to do something)",letter
tierra y,338272,"alternative case form of ""tierra"" (“Earth”)",letter
no va,338200,"abbreviation of ""noroeste""; northwest",okay
en virtud,338190,"in, at, on",virtue
en eso,338074,"in, at, on","acronym of ""Educación Secundaria Obligatoria"" (“the Spanish secondary education system that aims to prepare students between the ages of 11 and 16 for their next studies or the world of work.”)"
en ti,337920,"in, at, on","inflection of ""tú"""
saber qué,337789,"to know, to understand (a fact)",(see usage notes) what; which
y tu,337742,letter,"initialism of ""Tren Urbano"", the metro system used in San Juan, Puerto Rico"
norte de,337649,Nord (A department of Hauts-de-France of France.),letter: d
un error,337453,an; a,error
la tabla,337341,feminine singular definite article; the,"board, plank"
las principales,337329,feminine plural definite article; the,
ha visto,337274,"initialism of ""ácido hialurónico""",seen
la planta,337168,feminine singular definite article; the,"(botany) plant (An organism of the kingdom Plantae, and now specifically, a living organism of the Embryophyta (land plants) or of the Chlorophyta (green algae), a eukaryote that includes double-membraned chloroplasts in its cells containing chlorophyll a and b, or any organism closely related to such an organism.)"
esta obra,337077,"alternative spelling of ""ésta"" (“this one”)",work (usually literary or artistic)
me quedé,336782,"initialism of ""muerte encefálica"" (“brain death”)",
está a,336769,,letter
una larga,336749,"acronym of ""Universidad Nacional de Agricultura""",
cuenta con,336626,"count, tally",with
política y,336618,politics (activities associated with running a government or organisation),letter
la pareja,336568,feminine singular definite article; the,surname
en blanco,336505,"in, at, on",surname
niños y,336390,,letter
vez no,336306,"time, instance","abbreviation of ""noroeste""; northwest"
en verdad,336292,"in, at, on",truth
es eso,336290,,"acronym of ""Educación Secundaria Obligatoria"" (“the Spanish secondary education system that aims to prepare students between the ages of 11 and 16 for their next studies or the world of work.”)"
el propósito,336060,masculine singular definite article; the,purpose
miedo a,335916,fear,letter
lo suficiente,335853,"inflection of ""él"" and usted (when referring to a man), and a variant of ello in many constructions; him, you (formal), it, that","sufficient, enough"
de clase,335788,letter: d,lecture
mismo y,335702,same; identical; one and the same; indicates that the two compared noun clauses both represent the one thing,letter
tiempos de,335692,,letter: d
muchas de,335508,,letter: d
he tenido,335365,here is [+(suffixed) accusative or aquí or ahí or allí],
los actos,335350,"masculine plural of ""el"" (the)",
han hecho,335247,,"done, completed"
el ruido,335072,masculine singular definite article; the,"noise, racket, rattle, clatter, sound (various sounds, usually unwanted)"
un sentido,335020,an; a,"deeply felt, heartfelt"
como resultado,334989,"Como (A city and comune in capital in province of Como, Lombardy.)","result, outcome, finding, upshot"
su capacidad,334934,given name,"capacity, capability, ability"
los programas,334918,"masculine plural of ""el"" (the)",
había puesto,334896,"smart inflection of ""haber""","position, employment, job"
del brazo,334554,"of the, from the (+ a masculine noun in singular)",arm
superior a,334506,superior,letter
hemos visto,334359,,seen
relacionado con,334346,related,with
caer en,334164,to fall (to move to a lower position due to gravity),"in, at, on"
el aspecto,334085,masculine singular definite article; the,aspect
un golpe,334083,an; a,"hit, blow, strike"
la norma,333944,feminine singular definite article; the,given name
o para,333919,letter,"for, to (expressing a recipient)"
las preguntas,333670,feminine plural definite article; the,
voz alta,333557,voice,certificate of discharge (from a hospital)
el uno,333525,masculine singular definite article; the,one
hacia delante,333466,"toward, towards","in front of, before (spatially)"
época de,333395,"epoch, era, age, time, day",letter: d
la nación,333263,feminine singular definite article; the,nation
siempre había,333016,always,"smart inflection of ""haber"""
cama y,332973,bed,letter
en condiciones,332815,"in, at, on",
la actitud,332711,feminine singular definite article; the,"posture, pose, stance"
su piel,332609,given name,skin
las posibilidades,332559,feminine plural definite article; the,
en Madrid,332514,"in, at, on",Madrid (a capital city of Spain)
es fácil,332435,,"easy, facile, simple (requiring little effort)"
sea la,332427,,feminine singular definite article; the
personas de,332424,,letter: d
no tenían,332321,"abbreviation of ""noroeste""; northwest",
a comer,332215,letter,to eat
por mucho,332029,by,"much, a lot of"
el pequeño,331810,masculine singular definite article; the,small; little
la Casa,331737,feminine singular definite article; the,house
por ahí,331721,by,there (away from the speaker)
la mejilla,331473,feminine singular definite article; the,cheek
ella había,331465,"she, her (used subjectively and after prepositions)","smart inflection of ""haber"""
se deben,331411,"abbreviation of ""sudeste""; southeast",
noche de,331350,night (the period between sunset and sunrise),letter: d
era algo,331240,"era, age","something, anything"
cuando te,331186,when,letter: t
y volvió,330991,letter,
él me,330963,"he, him, masculine personal third person subject and disjunctive pronoun (used as a subject and after prepositions)","initialism of ""muerte encefálica"" (“brain death”)"
él con,330942,"he, him, masculine personal third person subject and disjunctive pronoun (used as a subject and after prepositions)",with
la utilización,330662,feminine singular definite article; the,utilization
la masa,330639,feminine singular definite article; the,dough
del equipo,330497,"of the, from the (+ a masculine noun in singular)",team
sentimiento de,330482,feeling,letter: d
me dice,330259,"initialism of ""muerte encefálica"" (“brain death”)",
en ellas,330213,"in, at, on","they, them (used subjectively and after prepositions; can refer to women and feminine nouns)"
ella con,330194,"she, her (used subjectively and after prepositions)",with
medidas de,330166,,letter: d
necesidades de,330125,,letter: d
siempre en,330099,always,"in, at, on"
director de,330076,director,letter: d
las razones,329894,feminine plural definite article; the,
diciendo que,329774,,that
de cabeza,329755,letter: d,surname
para mantener,329749,"for, to (expressing a recipient)",to keep
sin el,329735,without,masculine singular definite article; the
la técnica,329734,feminine singular definite article; the,technique
los centros,329514,"masculine plural of ""el"" (the)",
o incluso,329487,letter,"enclosed, included"
suelo y,329360,"dirt, earth, ground, soil",letter
juego de,329216,play,letter: d
eres un,329209,"smart inflection of ""ser""; you are",an; a
de diez,329042,letter: d,surname
información y,329041,"information, data",letter
y allí,329019,letter,there (away from the speaker and the listener)
la toma,328979,feminine singular definite article; the,"conquest, capture, taking, takeover"
su habitación,328922,given name,room (separate part of a building)
de formación,328769,letter: d,formation
a nuestros,328550,letter,"plural of ""nuestro"": ours"
el terreno,328417,masculine singular definite article; the,ground; land; earth
por consiguiente,328171,by,consequent
ese hombre,328062,letter: s,"man, (adult male human)"
esta situación,327999,"alternative spelling of ""ésta"" (“this one”)","situation, scenario, picture"
mujeres y,327946,surname,letter
un vistazo,327877,an; a,"look, glance"
la frontera,327816,feminine singular definite article; the,surname
que éste,327816,that,this one
que cualquier,327802,that,"apocopic form of ""cualquiera""; any; whatever; whichever"
es a,327797,,letter
empezar a,327698,"to start, begin, to get started",letter
un sueño,327546,an; a,"sleep, slumber"
él era,327510,"he, him, masculine personal third person subject and disjunctive pronoun (used as a subject and after prepositions)","era, age"
de Juan,327500,letter: d,John (Biblical character)
de educación,327494,letter: d,education
que viene,327458,that,
las redes,327274,feminine plural definite article; the,"plural of ""red"""
la escritura,327055,feminine singular definite article; the,"document, deed"
los detalles,327048,"masculine plural of ""el"" (the)",
los gastos,327046,"masculine plural of ""el"" (the)",
se basa,327032,"abbreviation of ""sudeste""; southeast",surname
al margen,327014,"initialism of ""América Latina""","margin, edge"
de acceso,326984,letter: d,access
para lograr,326922,"for, to (expressing a recipient)","to get, to obtain"
el consumo,326914,masculine singular definite article; the,"consumption (the act of eating, drinking or using)"
mi familia,326808,"apocopic form of ""mío"", my",family (group of people related to each other)
y vio,326767,letter,
que dice,326713,that,
toda una,326645,,"acronym of ""Universidad Nacional de Agricultura"""
hacer nada,326643,"to do, perform, execute, carry out","nothing, zero, zilch, not...anything"
los beneficios,326548,"masculine plural of ""el"" (the)",
no podían,326500,"abbreviation of ""noroeste""; northwest",
le parecía,326396,"to him, for him; inflection of ""él""",
tanto a,326381,so much; as much; that much,letter
aquel día,326353,that (over there; implying some distance),day (any period of 24 hours)
el discurso,326291,masculine singular definite article; the,discourse
la propuesta,326278,feminine singular definite article; the,proposal
eso se,326272,"acronym of ""Educación Secundaria Obligatoria"" (“the Spanish secondary education system that aims to prepare students between the ages of 11 and 16 for their next studies or the world of work.”)","abbreviation of ""sudeste""; southeast"
al año,326182,"initialism of ""América Latina""",surname
vino a,325983,"wine (An alcoholic beverage made by fermenting grape juice, with an ABV ranging from 5.5-16%.)",letter
un caso,325978,an; a,case (situation or fact)
he aquí,325779,here is [+(suffixed) accusative or aquí or ahí or allí],here (in the speaker's location)
hay nada,325743,"alternative form of ""ahí""","nothing, zero, zilch, not...anything"
el comportamiento,325683,masculine singular definite article; the,behavior
mi lado,325621,"apocopic form of ""mío"", my",side
supuesto que,325604,"supposed, self-styled, alleged",that
un programa,325590,an; a,"programme, program"
una ciudad,325371,"acronym of ""Universidad Nacional de Agricultura""",city
fin y,325273,end,letter
otras personas,325219,,
la fase,325195,feminine singular definite article; the,"phase, stage"
la reunión,325195,feminine singular definite article; the,"Réunion (An island in overseas department and adr in France, located in the Indian Ocean to the west of Mauritius and to the east of Madagascar.)"
entre dos,325111,between,two
y menos,324922,letter,less
pero como,324866,but,"Como (A city and comune in capital in province of Como, Lombardy.)"
nosotros mismos,324811,we (masculine plural),
si hay,324507,"A @abbrev of:Sinaloa state, Mexico","alternative form of ""ahí"""
la Junta,324489,feminine singular definite article; the,"board, council, committee"
libre de,324234,Liberalismo Renovador,letter: d
hacia un,324108,"toward, towards",an; a
Así pues,324010,"like this; like that; as such; thus; so; thereby; this way, that way","so, then; in that case"
la Corte,323849,feminine singular definite article; the,cut (the act of cutting)
la mía,323814,feminine singular definite article; the,a regiment of 100 soldiers in the Spanish protectorate of Morocco
hasta su,323440,even,given name
tanto el,323286,so much; as much; that much,masculine singular definite article; the
el apartado,323281,masculine singular definite article; the,"remote, isolated"
casi todos,323124,almost,
estado y,323107,state (any sovereign polity),letter
di cuenta,323045,"smart inflection of ""dar""","count, tally"
ver cómo,323045,"to see, to spot",how?
un principio,323033,an; a,principle
fue en,322957,,"in, at, on"
no tenemos,322930,"abbreviation of ""noroeste""; northwest",
hay algo,322915,"alternative form of ""ahí""","something, anything"
de paz,322883,letter: d,given name
que quiero,322854,that,
la opción,322787,feminine singular definite article; the,option
seguridad de,322467,"safety, security",letter: d
por tu,322387,by,"initialism of ""Tren Urbano"", the metro system used in San Juan, Puerto Rico"
los textos,322328,"masculine plural of ""el"" (the)",
los órganos,322301,"masculine plural of ""el"" (the)",
origen de,322224,origin,letter: d
de confianza,322069,letter: d,"confidence, trust"
ser muy,322066,to be (essentially or identified as),"apocopic form of ""mucho""; very"
las emociones,321759,feminine plural definite article; the,
y este,321747,letter,this
virtud de,321672,virtue,letter: d
la tecnología,321569,feminine singular definite article; the,technology
la venta,321557,feminine singular definite article; the,sale
llegada de,321491,arrival,letter: d
el motivo,321458,masculine singular definite article; the,"reason, ground, motive"
los alimentos,321391,"masculine plural of ""el"" (the)",
mientras tanto,321328,meanwhile,so much; as much; that much
has hecho,321271,,"done, completed"
meses de,321126,,letter: d
diferencia entre,320734,difference,between
título de,320580,title (heading in a text),letter: d
utilización de,320503,utilization,letter: d
obligación de,320472,obligation,letter: d
internacional de,320436,Internationale,letter: d
las luces,320365,feminine plural definite article; the,
escuela de,320266,school (an institution dedicated to teaching and learning),letter: d
cerró los,320262,,"masculine plural of ""el"" (the)"
cuando nos,319977,when,"inflection of ""nosotros"": to us, for us"
venido a,319954,,letter
nuestra vida,319911,,life
digo que,319866,I mean; used to explain or correct a previous utterance,that
miembro de,319679,member (one who belongs to a group),letter: d
necesarios para,319676,,"for, to (expressing a recipient)"
la hija,319666,feminine singular definite article; the,"daughter; female equivalent of ""hijo"""
dispuesta a,319576,,letter
entre ellas,319420,between,"they, them (used subjectively and after prepositions; can refer to women and feminine nouns)"
declaración de,319386,statement,letter: d
estructura de,319248,structure,letter: d
borde de,319184,"edge, border, brink, verge, rim, margin",letter: d
al no,319122,"initialism of ""América Latina""","abbreviation of ""noroeste""; northwest"
arte de,319047,art,letter: d
y nunca,319023,letter,never
era demasiado,318792,"era, age","too much, too many, excessive"
presente en,318780,present (appearing),"in, at, on"
se van,318731,"abbreviation of ""sudeste""; southeast",van (vehicle)
red de,318702,"alternative case form of ""red""; Net",letter: d
de dólares,318473,letter: d,
evaluación de,318467,evaluation,letter: d
lo alto,318420,"inflection of ""él"" and usted (when referring to a man), and a variant of ello in many constructions; him, you (formal), it, that",tall
un cuerpo,318383,an; a,body (the physical structure of a human or animal)
en muchas,318348,"in, at, on",
plazo de,318345,"period, phase",letter: d
que estas,318291,that,"alternative spelling of ""éstas"" (“these ones”)"
un tanto,318243,an; a,so much; as much; that much
información de,318201,"information, data",letter: d
es capaz,318142,,"able, capable"
la definición,318124,feminine singular definite article; the,definition (a statement of the meaning of a word)
y salió,318064,letter,
la sonrisa,317895,feminine singular definite article; the,smile
llenos de,317833,,letter: d
cuatro años,317826,four,
tamaño de,317758,as big or small; equivalent in size; so big/so small; such a big/small,letter: d
el juez,317729,masculine singular definite article; the,judge
ella misma,317686,"she, her (used subjectively and after prepositions)",
el reconocimiento,317667,masculine singular definite article; the,recognition
de alta,317520,letter: d,certificate of discharge (from a hospital)
que significa,317510,that,
aquel hombre,317491,that (over there; implying some distance),"man, (adult male human)"
técnicas de,317320,,letter: d
interior del,317291,"inner, interior","of the, from the (+ a masculine noun in singular)"
aun cuando,317283,even (implying an extreme example in the case mentioned),when
a largo,317253,letter,surname
el jardín,317183,masculine singular definite article; the,garden
atención de,317117,attention,letter: d
llamar a,317108,"to summon, to call",letter
que casi,317025,that,almost
por Dios,316987,by,God
el sujeto,316968,masculine singular definite article; the,"held, grasped"
una mesa,316938,"acronym of ""Universidad Nacional de Agricultura""",table
la resistencia,316935,feminine singular definite article; the,"Resistencia (a capital in Chaco, Argentina)"
lo habían,316906,"inflection of ""él"" and usted (when referring to a man), and a variant of ello in many constructions; him, you (formal), it, that",
relación a,316846,relation,letter
su forma,316810,given name,shape; form; figure
lo posible,316804,"inflection of ""él"" and usted (when referring to a man), and a variant of ello in many constructions; him, you (formal), it, that",possible
los cuerpos,316705,"masculine plural of ""el"" (the)",
a mirar,316683,letter,"to look at (to try to see, to pay attention to with one’s eyes)"
sus pies,316676,"plural of ""su""; one's, his, her, its, their (with plural possessee)",
el producto,316614,masculine singular definite article; the,"product, commodity, item"
el borde,316597,masculine singular definite article; the,"edge, border, brink, verge, rim, margin"
Espíritu Santo,316097,"spirit, soul",Saint
dejar que,316089,to leave (to place),that
puesta en,316062,clutch (of eggs),"in, at, on"
un elemento,315941,an; a,element (part of which something consists)
se llamaba,315794,"abbreviation of ""sudeste""; southeast",
a entender,315713,letter,"to understand, to fathom"
todo es,315547,all; every,
y hacer,315537,letter,"to do, perform, execute, carry out"
tiempo a,315484,time,letter
un hecho,315465,an; a,"done, completed"
tenían que,315383,,that
para mi,315142,"for, to (expressing a recipient)","apocopic form of ""mío"", my"
diseño de,314865,design,letter: d
está el,314750,,masculine singular definite article; the
los suyos,314347,"masculine plural of ""el"" (the)","plural of ""suyo"": his, hers, its"
sobre ella,314163,"over, above, on, upon, atop","she, her (used subjectively and after prepositions)"
no parecía,314151,"abbreviation of ""noroeste""; northwest",
los lugares,314069,"masculine plural of ""el"" (the)",
a tus,313970,letter,
las zonas,313837,feminine plural definite article; the,
las estrellas,313753,feminine plural definite article; the,
de saber,313708,letter: d,"to know, to understand (a fact)"
ese tipo,313586,letter: s,"kind, type, sort, manner"
espacio de,313574,space (distance between things),letter: d
los habitantes,313474,"masculine plural of ""el"" (the)",
trabajo que,313460,"work, job",that
como tú,313451,"Como (A city and comune in capital in province of Como, Lombardy.)",you (second-person singular pronoun)
hasta llegar,313438,even,"to arrive, get (to)"
participar en,313374,"to participate, to take part, to partake","in, at, on"
del arte,313364,"of the, from the (+ a masculine noun in singular)",art
corresponde a,313336,,letter
que otros,313184,that,"masculine plural of ""otro"""
la tasa,312953,feminine singular definite article; the,rate
las hojas,312943,feminine plural definite article; the,
el significado,312822,masculine singular definite article; the,significant
de crecimiento,312820,letter: d,growth
la estrategia,312691,feminine singular definite article; the,strategy
este proceso,312668,this,process
tierra de,312637,"alternative case form of ""tierra"" (“Earth”)",letter: d
que realmente,312621,that,"really, actually, genuinely"
lo has,312541,"inflection of ""él"" and usted (when referring to a man), and a variant of ello in many constructions; him, you (formal), it, that",
tener la,312446,to have; to possess,feminine singular definite article; the
la caída,312413,feminine singular definite article; the,fall (act of falling)
será el,312308,,masculine singular definite article; the
vuelta a,312273,the Vuelta a España,letter
mis ojos,312234,,
el olor,312150,masculine singular definite article; the,"smell, scent, odor"
dolor de,312140,"pain, ache, aching soreness, tenderness (physical)",letter: d
le gusta,312132,"to him, for him; inflection of ""él""",
miedo de,312127,fear,letter: d
cuales se,311942,,"abbreviation of ""sudeste""; southeast"
acerca del,311885,adjacent,"of the, from the (+ a masculine noun in singular)"
el piso,311718,masculine singular definite article; the,"floor, ground (surface of the earth)"
la suerte,311697,feminine singular definite article; the,"luck, fortune"
mercado de,311577,surname,letter: d
los precios,311416,"masculine plural of ""el"" (the)",
entrada de,311325,entrance,letter: d
de Educación,311230,letter: d,education
precio de,311200,price,letter: d
todo a,311178,all; every,letter
altura de,310947,height,letter: d
que sin,310714,that,without
en América,310623,"in, at, on","America (A supercontinent in consisting of North America, Central America and South America regarded as a whole.)"
las operaciones,310607,feminine plural definite article; the,
existe un,310459,,an; a
ministro de,310407,minister,letter: d
dirigió a,310343,,letter
la verdadera,310252,feminine singular definite article; the,
alguna manera,310140,"feminine singular of ""alguno""",way; manner; method; style
trabajar en,310033,to work,"in, at, on"
un joven,310006,an; a,surname
que algunos,309894,that,"masculine plural of ""alguno"""
la barra,309894,feminine singular definite article; the,"bar, rod (a solid, more or less rigid object of metal or other material with a uniform cross-section smaller than its length)"
la sección,309861,feminine singular definite article; the,section
vuelta y,309632,the Vuelta a España,letter
de uso,309495,letter: d,use
y son,309479,letter,tone (pleasant sound)
en esto,309429,"in, at, on","neuter singular of ""éste"""
familia y,309362,family (group of people related to each other),letter
periodo de,309080,"alternative form of ""período"" (“period (of time)”)",letter: d
quiero decir,308985,,"to say, to tell, to name, to mention"
el director,308849,masculine singular definite article; the,director
a dejar,308822,letter,to leave (to place)
cómo lo,308818,how?,"inflection of ""él"" and usted (when referring to a man), and a variant of ello in many constructions; him, you (formal), it, that"
y aun,308812,letter,even (implying an extreme example in the case mentioned)
ya era,308656,"(in the present or imperative) now, right now, (in the negative) anymore, no longer","era, age"
el diagnóstico,308518,masculine singular definite article; the,diagnostic
me sentía,308503,"initialism of ""muerte encefálica"" (“brain death”)",
nunca me,308483,never,"initialism of ""muerte encefálica"" (“brain death”)"
el equilibrio,308371,masculine singular definite article; the,"equilibrium, balance (state of being balanced)"
noche en,308361,night (the period between sunset and sunrise),"in, at, on"
los siglos,308353,"masculine plural of ""el"" (the)",
práctica de,308314,practice,letter: d
en cierto,308226,"in, at, on",true
lo peor,308197,"inflection of ""él"" and usted (when referring to a man), and a variant of ello in many constructions; him, you (formal), it, that","comparative of ""malo"": worse"
la vieja,308177,feminine singular definite article; the,"female equivalent of ""viejo"""
el cumplimiento,308067,masculine singular definite article; the,compliance
solo un,308052,sole; one; only; single (unique),an; a
que todas,308009,that,
y mucho,307861,letter,"much, a lot of"
organización de,307811,organization,letter: d
los sentimientos,307695,"masculine plural of ""el"" (the)",
un valor,307630,an; a,value (all senses)
su primer,307614,given name,"apocopic form of ""primero"" (first)"
desarrollo del,307533,development,"of the, from the (+ a masculine noun in singular)"
pues la,307451,"so, then; in that case",feminine singular definite article; the
al instante,307208,"initialism of ""América Latina""","instant, moment"
la multitud,307098,feminine singular definite article; the,multitude
tan pronto,307020,"so, as","prompt, on time"
porque me,307004,because,"initialism of ""muerte encefálica"" (“brain death”)"
a poner,306879,letter,"to put, to place (cause to assume a specified position)"
las comunidades,306690,feminine plural definite article; the,
la percepción,306618,feminine singular definite article; the,"perception, perceiving"
a ello,306579,letter,"it, neuter third-person subject and disjunctive pronoun"
la sentencia,306462,feminine singular definite article; the,sentence
cuando él,306409,when,"he, him, masculine personal third person subject and disjunctive pronoun (used as a subject and after prepositions)"
regresar a,306373,"to return, go back, come back",letter
y casi,306285,letter,almost
a llorar,306230,letter,"to cry, to weep"
del lenguaje,306207,"of the, from the (+ a masculine noun in singular)",language (the ability to communicate using words)
el territorio,306160,masculine singular definite article; the,territory
entender que,306093,"to understand, to fathom",that
bien la,306010,well (adverbial form of bueno),feminine singular definite article; the
en segundo,305638,"in, at, on",given name
el matrimonio,305628,masculine singular definite article; the,matrimony (sacrament)
con cuidado,305572,with,watch out!
taza de,305237,"cup, mug",letter: d
de servicio,305228,letter: d,service
sí mismos,305128,"yes, yeah, (used to respond affirmatively to a question, used both informally and formally)",
te quiero,305115,letter: t,
los indios,304819,"masculine plural of ""el"" (the)",
a aquel,304759,letter,that (over there; implying some distance)
las chicas,304720,feminine plural definite article; the,
la conclusión,304600,feminine singular definite article; the,"conclusion, end"
disponible en,304553,available,"in, at, on"
hecho que,304464,"done, completed",that
empecé a,304232,,letter
margen de,304004,"margin, edge",letter: d
de Francia,303973,letter: d,France (A country located primarily in Western Europe.)
mundo que,303916,"world, earth (human collective existence)",that
importante para,303831,"important, that cares, that matters","for, to (expressing a recipient)"
comienza a,303815,,letter
me miró,303743,"initialism of ""muerte encefálica"" (“brain death”)",surname
participación de,303713,participation,letter: d
si alguien,303638,"A @abbrev of:Sinaloa state, Mexico","someone, somebody"
un nivel,303618,an; a,"level, tier, height (distance relative to a given reference elevation)"
sus dedos,303459,"plural of ""su""; one's, his, her, its, their (with plural possessee)",
edad de,303390,age,letter: d
se produjo,303372,"abbreviation of ""sudeste""; southeast",
sino por,303325,"destiny, fate, lot",by
las ventanas,303322,feminine plural definite article; the,
me pareció,303306,"initialism of ""muerte encefálica"" (“brain death”)",
que acababa,303234,that,
caso del,303139,case (situation or fact),"of the, from the (+ a masculine noun in singular)"
el exterior,303112,masculine singular definite article; the,"external, outer"
de carne,303015,letter: d,"flesh, the soft part of a body which covers the bones"
con mucho,302976,with,"much, a lot of"
si estuviera,302962,"A @abbrev of:Sinaloa state, Mexico",
y empezó,302754,letter,
un pueblo,302738,an; a,"town, village"
g de,302695,letter,letter: d
que después,302634,that,"later, afterwards, afterward, post"
superior de,302628,superior,letter: d
su amiga,302602,given name,"female equivalent of ""amigo"", friend"
si nos,302585,"A @abbrev of:Sinaloa state, Mexico","inflection of ""nosotros"": to us, for us"
disfrutar de,302392,to enjoy,letter: d
la misión,302370,feminine singular definite article; the,"mission, quest"
visión de,302316,vision (something seen; an object perceived visually),letter: d
con tal,302314,with,such
que aquel,302241,that,that (over there; implying some distance)
nuevo en,302157,surname,"in, at, on"
caja de,302051,"box, case",letter: d
medida de,302025,"measurement; measure, gauge",letter: d
que aquí,301992,that,here (in the speaker's location)
el cabello,301989,masculine singular definite article; the,surname
la esquina,301957,feminine singular definite article; the,(exterior) corner
el sitio,301855,masculine singular definite article; the,"site, place"
la crítica,301820,feminine singular definite article; the,criticism
pero nunca,301809,but,never
una decisión,301797,"acronym of ""Universidad Nacional de Agricultura""",decision
sido la,301749,,feminine singular definite article; the
como era,301620,"Como (A city and comune in capital in province of Como, Lombardy.)","era, age"
la Guerra,301505,feminine singular definite article; the,surname
era posible,301310,"era, age",possible
había sentido,301225,"smart inflection of ""haber""","deeply felt, heartfelt"
unas cuantas,301219,,
naturaleza de,301103,nature,letter: d
y entre,301068,letter,between
un mismo,301008,an; a,same; identical; one and the same; indicates that the two compared noun clauses both represent the one thing
fase de,300993,"phase, stage",letter: d
una sensación,300987,"acronym of ""Universidad Nacional de Agricultura""",sensation
de Nueva,300964,letter: d,"A village in northeastern Asturias, Spain"
él es,300940,"he, him, masculine personal third person subject and disjunctive pronoun (used as a subject and after prepositions)",
su atención,300923,given name,attention
a cargo,300900,letter,"charge, burden"
he estado,300822,here is [+(suffixed) accusative or aquí or ahí or allí],state (any sovereign polity)
las tropas,300719,feminine plural definite article; the,
sería el,300528,,masculine singular definite article; the
del pensamiento,300431,"of the, from the (+ a masculine noun in singular)",thought
de aquellas,300425,letter: d,"alternative spelling of ""aquéllas""; those ones"
le pregunté,300333,"to him, for him; inflection of ""él""",
del alma,300318,"of the, from the (+ a masculine noun in singular)",given name
también los,300275,"also, too, as well","masculine plural of ""el"" (the)"
de quienes,300171,letter: d,
bien a,300115,well (adverbial form of bueno),letter
debajo del,300082,underneath,"of the, from the (+ a masculine noun in singular)"
se habría,300044,"abbreviation of ""sudeste""; southeast",
sino a,299927,"destiny, fate, lot",letter
supone que,299921,,that
volvió hacia,299826,,"toward, towards"
los estados,299690,"masculine plural of ""el"" (the)",
yo era,299502,first-person singular pronoun in the nominative case; I,"era, age"
el contrato,299163,masculine singular definite article; the,"contract, agreement"
esperaba que,299020,,that
más difícil,299017,more; -er (used to make comparisons),"difficult, hard, tough, challenging, rough, tricky, trying, arduous, testing"
con quien,298972,with,who
el sexo,298770,masculine singular definite article; the,sex (the biological category)
sus pensamientos,298746,"plural of ""su""; one's, his, her, its, their (with plural possessee)",
á la,298724,"a letter A, marked to show stress",feminine singular definite article; the
a salvo,298720,letter,safe
aspecto de,298583,aspect,letter: d
el sofá,298573,masculine singular definite article; the,"sofa, couch"
les había,298536,"inflection of ""ellos,ellas""; to them, for them","smart inflection of ""haber"""
la camisa,298530,feminine singular definite article; the,shirt
el público,298493,masculine singular definite article; the,public
los gobiernos,298479,"masculine plural of ""el"" (the)",
le estaba,298468,"to him, for him; inflection of ""él""",
los criterios,298270,"masculine plural of ""el"" (the)",
para llevar,297982,"for, to (expressing a recipient)",to take somewhere
cuando ya,297850,when,"(in the present or imperative) now, right now, (in the negative) anymore, no longer"
que muchos,297812,that,
las fuentes,297785,feminine plural definite article; the,surname
cómo la,297755,how?,feminine singular definite article; the
tuve que,297710,,that
según los,297643,according to,"masculine plural of ""el"" (the)"
es también,297636,,"also, too, as well"
todo y,297581,all; every,letter
durante su,297539,"during, in, over",given name
la exposición,297534,feminine singular definite article; the,exposition
el diseño,297453,masculine singular definite article; the,design
nada en,297419,"nothing, zero, zilch, not...anything","in, at, on"
que será,297408,that,
pues el,297290,"so, then; in that case",masculine singular definite article; the
las cartas,297286,feminine plural definite article; the,
lo anterior,297150,"inflection of ""él"" and usted (when referring to a man), and a variant of ello in many constructions; him, you (formal), it, that","anterior (in time), previous, earlier, former, past"
y tiene,297132,letter,
la corriente,297062,feminine singular definite article; the,"flowing, running"
el aprendizaje,296831,masculine singular definite article; the,learning
con eso,296692,with,"acronym of ""Educación Secundaria Obligatoria"" (“the Spanish secondary education system that aims to prepare students between the ages of 11 and 16 for their next studies or the world of work.”)"
hacia arriba,296639,"toward, towards","above, over"
las tareas,296566,feminine plural definite article; the,
es evidente,296410,,"obvious, evident, apparent, clear"
sur de,296349,south,letter: d
las horas,296265,feminine plural definite article; the,
con unos,296207,with,"masculine plural of ""un"""
de piel,296206,letter: d,skin
media hora,296179,"(historical) Media (A geographic region and ancient satrapy of the Persian Empire in northwestern Iran, originally inhabited by the Medes.)",hour (a time period of sixty minutes)
ser tan,295924,to be (essentially or identified as),"so, as"
ojos se,295904,,"abbreviation of ""sudeste""; southeast"
Unión Europea,295862,"alternative form of ""unión""",
las bases,295786,feminine plural definite article; the,
también que,295695,"also, too, as well",that
si un,295662,"A @abbrev of:Sinaloa state, Mexico",an; a
importante en,295627,"important, that cares, that matters","in, at, on"
le decía,295425,"to him, for him; inflection of ""él""",
reducción de,295404,reduction,letter: d
su alma,295402,given name,given name
tan bien,295321,"so, as",well (adverbial form of bueno)
especialmente en,295202,specially,"in, at, on"
peso de,295092,weight (the force on an object due to gravitational attraction),letter: d
y puede,295085,letter,it's possible; could be
del texto,295083,"of the, from the (+ a masculine noun in singular)",text
el estilo,295082,masculine singular definite article; the,style (way of doing things)
ella en,295048,"she, her (used subjectively and after prepositions)","in, at, on"
en inglés,295043,"in, at, on",English
días después,294875,,"later, afterwards, afterward, post"
al aire,294805,"initialism of ""América Latina""",air (the substance constituting earth's atmosphere)
del autor,294723,"of the, from the (+ a masculine noun in singular)",author
entonces el,294703,"then, next, thereupon, at that time, at that point",masculine singular definite article; the
los requisitos,294601,"masculine plural of ""el"" (the)",
del corazón,294565,"of the, from the (+ a masculine noun in singular)",heart (organ of the body)
central de,294547,A department of Paraguay,letter: d
seguridad y,294396,"safety, security",letter
aparece en,294192,,"in, at, on"
las gracias,294171,feminine plural definite article; the,a colonial town in the Lempira department of Honduras
a eso,294160,letter,"acronym of ""Educación Secundaria Obligatoria"" (“the Spanish secondary education system that aims to prepare students between the ages of 11 and 16 for their next studies or the world of work.”)"
entre nosotros,294144,between,we (masculine plural)
tú y,294113,you (second-person singular pronoun),letter
los agentes,294075,"masculine plural of ""el"" (the)",
mi mente,294041,"apocopic form of ""mío"", my","mind, intellect"
el plazo,294002,masculine singular definite article; the,"period, phase"
ello se,293978,"it, neuter third-person subject and disjunctive pronoun","abbreviation of ""sudeste""; southeast"
no os,293947,"abbreviation of ""noroeste""; northwest","you, to you, for you; dative and accusative of vosotros"
de fuego,293916,letter: d,fire
de negocios,293792,letter: d,
quiere que,293695,,that
sólo un,293629,"superseded spelling of ""solo""",an; a
sigue siendo,293602,,
necesario que,293487,"necessary, requisite",that
el entorno,293433,masculine singular definite article; the,"surroundings, environment, setting, milieu, atmosphere"
o tres,293386,letter,three
del servicio,293310,"of the, from the (+ a masculine noun in singular)",service
también me,293234,"also, too, as well","initialism of ""muerte encefálica"" (“brain death”)"
me la,293192,"initialism of ""muerte encefálica"" (“brain death”)",feminine singular definite article; the
día a,293152,day (any period of 24 hours),letter
la marcha,292745,feminine singular definite article; the,march
que apenas,292718,that,"barely, scarcely"
del edificio,292599,"of the, from the (+ a masculine noun in singular)",building
en sentido,292570,"in, at, on","deeply felt, heartfelt"
las rodillas,292567,feminine plural definite article; the,
el esfuerzo,292471,masculine singular definite article; the,"effort, endeavor"
de encontrar,292338,letter: d,to meet
le hacía,292195,"to him, for him; inflection of ""él""",
esta última,292061,"alternative spelling of ""ésta"" (“this one”)",
un tema,291788,an; a,"theme; plot (of a book, film or other media)"
la entidad,291555,feminine singular definite article; the,entity
y mujeres,291509,letter,surname
seis meses,291491,six,
volví a,291476,,letter
convencido de,291440,convinced,letter: d
del camino,291326,"of the, from the (+ a masculine noun in singular)","way, route"
la cadena,291262,feminine singular definite article; the,chain (series of interconnected rings or links usually made of metal)
los amigos,291191,"masculine plural of ""el"" (the)",
el recuerdo,291114,masculine singular definite article; the,memory (a specific thing that is remembered)
para tener,291045,"for, to (expressing a recipient)",to have; to possess
porcentaje de,290791,percentage,letter: d
elaboración de,290790,"production, elaboration",letter: d
del espacio,290621,"of the, from the (+ a masculine noun in singular)",space (distance between things)
el norte,290462,masculine singular definite article; the,Nord (A department of Hauts-de-France of France.)
o dos,290449,letter,two
se conoce,290429,"abbreviation of ""sudeste""; southeast",
un objeto,290409,an; a,object
duda de,290242,doubt,letter: d
a principios,290171,letter,
la elaboración,290066,feminine singular definite article; the,"production, elaboration"
el impacto,289859,masculine singular definite article; the,"impact, brunt"
considera que,289843,,that
lo suficientemente,289736,"inflection of ""él"" and usted (when referring to a man), and a variant of ello in many constructions; him, you (formal), it, that",sufficiently
si su,289713,"A @abbrev of:Sinaloa state, Mexico",given name
de Castilla,289636,letter: d,(historical) Castile (A medieval kingdom and former county in the Iberian Peninsula; the nucleus of modern Spain.)
por dos,289504,by,two
el ejemplo,289436,masculine singular definite article; the,example
una posición,289319,"acronym of ""Universidad Nacional de Agricultura""",position
salir a,289307,"to go out, to leave, to depart, to head out",letter
centros de,289108,,letter: d
mirando a,288967,,letter
un sitio,288935,an; a,"site, place"
para saber,288903,"for, to (expressing a recipient)","to know, to understand (a fact)"
de golpe,288784,letter: d,"hit, blow, strike"
del señor,288750,"of the, from the (+ a masculine noun in singular)","alternative case form of ""señor"" (used before a name); Mister"
University Press,288724,,exercise press
algunos casos,288708,"masculine plural of ""alguno""",
una pausa,288651,"acronym of ""Universidad Nacional de Agricultura""","break, pause, rest"
no tuvo,288514,"abbreviation of ""noroeste""; northwest",
a solas,288401,letter,
de mercado,288392,letter: d,surname
con esto,288328,with,"neuter singular of ""éste"""
no las,288304,"abbreviation of ""noroeste""; northwest",feminine plural definite article; the
que entre,288261,that,between
de dicha,288173,letter: d,luck
de si,288132,letter: d,"A @abbrev of:Sinaloa state, Mexico"
tanto tiempo,288120,so much; as much; that much,time
los pasos,288023,"masculine plural of ""el"" (the)",surname
de libertad,288013,letter: d,"liberty, freedom"
método de,287968,method,letter: d
soy yo,287841,,first-person singular pronoun in the nominative case; I
que luego,287787,that,then (afterward)
y servicios,287744,letter,
el aumento,287636,masculine singular definite article; the,increase
la inteligencia,287606,feminine singular definite article; the,intelligence
cambiar de,287605,"to change, to shift, to switch, to alter",letter: d
de diferentes,287598,letter: d,
el bosque,287574,masculine singular definite article; the,surname
de algunas,287450,letter: d,"feminine plural of ""alguno"""
o como,287439,letter,"Como (A city and comune in capital in province of Como, Lombardy.)"
reconocimiento de,287259,recognition,letter: d
la versión,287257,feminine singular definite article; the,version
la infancia,287252,feminine singular definite article; the,childhood (period of human development from birth until puberty)
a hacerlo,287090,letter,
se acerca,286931,"abbreviation of ""sudeste""; southeast",adjacent
autor de,286878,author,letter: d
el Espíritu,286869,masculine singular definite article; the,"spirit, soul"
en pacientes,286868,"in, at, on",
el Tribunal,286861,masculine singular definite article; the,court
el juicio,286828,masculine singular definite article; the,good judgement; reason
no debería,286788,"abbreviation of ""noroeste""; northwest",
provincia de,286778,province,letter: d
le dice,286752,"to him, for him; inflection of ""él""",
principal de,286662,"main, most important",letter: d
los muertos,286657,"masculine plural of ""el"" (the)",
una pregunta,286593,"acronym of ""Universidad Nacional de Agricultura""",question (sentence that asks for information)
tiene en,286560,,"in, at, on"
la espada,286549,feminine singular definite article; the,"(countable) sword (A long bladed weapon with a grip and typically a pommel and crossguard (together forming a hilt), which is designed to cut, stab, slash and/or hack.)"
me hace,286510,"initialism of ""muerte encefálica"" (“brain death”)","ago (Note: unlike in English, hace precedes the number.)"
la pobreza,286319,feminine singular definite article; the,poverty
casi siempre,286306,almost,always
cómo te,286293,how?,letter: t
mientras los,286134,meanwhile,"masculine plural of ""el"" (the)"
estamos en,286003,,"in, at, on"
años más,285749,,more; -er (used to make comparisons)
dios que,285678,God,that
salud y,285615,health,letter
Dios mío,285566,God,mine; of mine
todas estas,285438,,"alternative spelling of ""éstas"" (“these ones”)"
cuidado de,285399,watch out!,letter: d
bien el,285109,well (adverbial form of bueno),masculine singular definite article; the
de de,285091,letter: d,letter: d
mujer y,285033,woman,letter
quién era,284994,"who?, whom?; (with “de”) whose?","era, age"
sentó en,284965,,"in, at, on"
de capital,284948,letter: d,"A department of Córdoba, Argentina"
el edificio,284899,masculine singular definite article; the,building
la lógica,284874,feminine singular definite article; the,logic
del movimiento,284856,"of the, from the (+ a masculine noun in singular)",movement (physical motion between points in space)
cuarenta y,284733,forty,letter
al trabajo,284660,"initialism of ""América Latina""","work, job"
vez a,284629,"time, instance",letter
de tomar,284473,letter: d,"to take (put under one's physical or mental control, often in one's hands)"
a dormir,284462,letter,to sleep
las tierras,284392,feminine plural definite article; the,
se hacía,284387,"abbreviation of ""sudeste""; southeast",
la columna,284244,feminine singular definite article; the,a column; a circular support
de buena,284199,letter: d,inheritance
siempre me,283850,always,"initialism of ""muerte encefálica"" (“brain death”)"
de alguien,283768,letter: d,"someone, somebody"
el tamaño,283719,masculine singular definite article; the,as big or small; equivalent in size; so big/so small; such a big/small
momentos de,283693,,letter: d
es demasiado,283690,,"too much, too many, excessive"
oficial de,283675,official,letter: d
de seis,283674,letter: d,six
su poder,283597,given name,"to be able to, can"
cualquiera que,283559,"anyone, whoever, whomever",that
los procedimientos,283419,"masculine plural of ""el"" (the)",
las montañas,283351,feminine plural definite article; the,
de transporte,283306,letter: d,transport
más la,283151,more; -er (used to make comparisons),feminine singular definite article; the
se queda,283097,"abbreviation of ""sudeste""; southeast",curfew
unos pocos,283095,"masculine plural of ""un""","masculine plural of ""poco"""
la letra,283000,feminine singular definite article; the,letter (symbol)
que allí,282840,that,there (away from the speaker and the listener)
al rey,282803,"initialism of ""América Latina""",surname
definición de,282797,definition (a statement of the meaning of a word),letter: d
noche y,282793,night (the period between sunset and sunrise),letter
la oferta,282658,feminine singular definite article; the,offer (a proposal that has been made)
el volumen,282457,masculine singular definite article; the,volume (a three-dimensional measure of space)
se marchó,282364,"abbreviation of ""sudeste""; southeast",
veces se,282255,"by, times (multiplication)","abbreviation of ""sudeste""; southeast"
eso sí,282073,"acronym of ""Educación Secundaria Obligatoria"" (“the Spanish secondary education system that aims to prepare students between the ages of 11 and 16 for their next studies or the world of work.”)","yes, yeah, (used to respond affirmatively to a question, used both informally and formally)"
la presentación,282029,feminine singular definite article; the,presentation
el espejo,282013,masculine singular definite article; the,mirror
pero le,281971,but,"to him, for him; inflection of ""él"""
de cuentas,281953,letter: d,
a propósito,281922,letter,purpose
vez la,281898,"time, instance",feminine singular definite article; the
se acercaba,281843,"abbreviation of ""sudeste""; southeast",
ya de,281769,"(in the present or imperative) now, right now, (in the negative) anymore, no longer",letter: d
de igual,281754,letter: d,"equal, same"
lo dispuesto,281712,"inflection of ""él"" and usted (when referring to a man), and a variant of ello in many constructions; him, you (formal), it, that","willing, ready, game, down"
dice el,281682,,masculine singular definite article; the
por dentro,281640,by,inside (for space)
planes de,281586,,letter: d
al momento,281584,"initialism of ""América Latina""","moment, instant"
empezado a,281576,,letter
los personajes,281576,"masculine plural of ""el"" (the)",
la biblioteca,281559,feminine singular definite article; the,library
sonido de,281507,"sound, noise",letter: d
ya es,281496,"(in the present or imperative) now, right now, (in the negative) anymore, no longer",
del ejército,281465,"of the, from the (+ a masculine noun in singular)",army
mesa y,281376,table,letter
el buen,281365,masculine singular definite article; the,"apocopic form of ""bueno"" (“good, fine”)"
las plantas,281237,feminine plural definite article; the,
acceder a,281137,"to accede, to agree, to concur",letter
pasó a,281129,,letter
que mis,281091,that,
los pocos,281057,"masculine plural of ""el"" (the)","masculine plural of ""poco"""
estaba haciendo,280990,,
qué quieres,280875,(see usage notes) what; which,
un esfuerzo,280854,an; a,"effort, endeavor"
no pude,280836,"abbreviation of ""noroeste""; northwest",
se podría,280796,"abbreviation of ""sudeste""; southeast",
el principal,280690,masculine singular definite article; the,"main, most important"
por teléfono,280653,by,telephone (a telecommunication device used for two-way talking with another person)
ante un,280567,"in front of, before",an; a
la unión,280565,feminine singular definite article; the,"alternative form of ""unión"""
al niño,280534,"initialism of ""América Latina""","child, boy"
como tal,280500,"Como (A city and comune in capital in province of Como, Lombardy.)",such
del contrato,280498,"of the, from the (+ a masculine noun in singular)","contract, agreement"
mirar a,280218,"to look at (to try to see, to pay attention to with one’s eyes)",letter
frunció el,280192,,masculine singular definite article; the
el menor,280168,masculine singular definite article; the,surname
mano a,280095,hand,letter
de cristal,280080,letter: d,crystal
y esa,280031,letter,"alternative spelling of ""ésa"""
de libros,279792,letter: d,
me alegro,279697,"initialism of ""muerte encefálica"" (“brain death”)",
muy lejos,279546,"apocopic form of ""mucho""; very","far, far away"
que fuese,279501,that,
amigo de,279254,surname,letter: d
al fondo,279224,"initialism of ""América Latina""",bottom
el personal,279092,masculine singular definite article; the,personal
fuerza y,279062,force,letter
pero esta,279013,but,"alternative spelling of ""ésta"" (“this one”)"
por donde,279004,by,"where, in what place"
a correr,278886,letter,"to run, to jog"
que durante,278808,that,"during, in, over"
los temas,278784,"masculine plural of ""el"" (the)",
buena parte,278732,inheritance,part; section; portion; share; piece; bit; cut; proportion
los hermanos,278641,"masculine plural of ""el"" (the)","plural of ""hermano"" (brothers, siblings)"
un análisis,278611,an; a,analysis (decomposition into parts)
los mercados,278565,"masculine plural of ""el"" (the)",
la inversión,278519,feminine singular definite article; the,investment
síndrome de,278438,syndrome,letter: d
cuánto tiempo,278194,how much; how many,time
en Francia,278028,"in, at, on",France (A country located primarily in Western Europe.)
también puede,278025,"also, too, as well",it's possible; could be
qué tal,278008,(see usage notes) what; which,such
el plano,278000,masculine singular definite article; the,"plane, level"
pie y,277899,foot (a part of the body),letter
el asiento,277894,masculine singular definite article; the,seat
su primera,277888,given name,first gear (lowest gear in a motor vehicle)
hacer la,277773,"to do, perform, execute, carry out",feminine singular definite article; the
el verdadero,277692,masculine singular definite article; the,"true, real"
la Comunidad,277676,feminine singular definite article; the,community
ejecución de,277645,"execution (the act, manner, or style of executing actions)",letter: d
como parte,277631,"Como (A city and comune in capital in province of Como, Lombardy.)",part; section; portion; share; piece; bit; cut; proportion
hay más,277555,"alternative form of ""ahí""",more; -er (used to make comparisons)
permitir que,277546,"to allow, permit",that
la piedra,277476,feminine singular definite article; the,surname
cuando su,277443,when,given name
de justicia,277429,letter: d,justice
la reacción,277385,feminine singular definite article; the,reaction
una silla,277331,"acronym of ""Universidad Nacional de Agricultura""",chair
estoy segura,277263,"smart inflection of ""estar""; am",Segura (river)
volumen de,277233,volume (a three-dimensional measure of space),letter: d
necesaria para,277163,,"for, to (expressing a recipient)"
por toda,277104,by,
la bolsa,276996,feminine singular definite article; the,bag
el ritmo,276919,masculine singular definite article; the,rhythm
en concreto,276859,"in, at, on",concrete
fue de,276858,,letter: d
para este,276827,"for, to (expressing a recipient)",this
por esa,276822,by,"alternative spelling of ""ésa"""
en tono,276760,"in, at, on",tone
necesarias para,276704,,"for, to (expressing a recipient)"
durante unos,276689,"during, in, over","masculine plural of ""un"""
pero para,276616,but,"for, to (expressing a recipient)"
no como,276561,"abbreviation of ""noroeste""; northwest","Como (A city and comune in capital in province of Como, Lombardy.)"
un viaje,276437,an; a,voyage
podía hacer,276329,,"to do, perform, execute, carry out"
la oración,276316,feminine singular definite article; the,oration
constitución de,276277,Constitución (a neighbourhood of in central Buenos Aires in Argentina),letter: d
y demás,276273,letter,"other, remaining"
figura de,276209,figure,letter: d
un minuto,276053,an; a,minute (a unit of time equal to 60 seconds or 1/60 hour)
los síntomas,276045,"masculine plural of ""el"" (the)",
contexto de,276010,context,letter: d
propuesta de,275927,proposal,letter: d
aceite de,275923,oil,letter: d
evolución de,275774,evolution,letter: d
de armas,275724,letter: d,
las dificultades,275676,feminine plural definite article; the,
de ninguna,275662,letter: d,
mejorar la,275634,"to make better, improve",feminine singular definite article; the
se halla,275601,"abbreviation of ""sudeste""; southeast",
instituto de,275478,institute,letter: d
la antigua,275435,feminine singular definite article; the,"Antigua (The largest island of the nation of Antigua and Barbuda, in the Caribbean. [from late 16th c.])"
nos hemos,275271,"inflection of ""nosotros"": to us, for us",
no parece,275138,"abbreviation of ""noroeste""; northwest",
eso de,275125,"acronym of ""Educación Secundaria Obligatoria"" (“the Spanish secondary education system that aims to prepare students between the ages of 11 and 16 for their next studies or the world of work.”)",letter: d
habían hecho,275073,,"done, completed"
el reino,275066,masculine singular definite article; the,kingdom
razón por,275022,reason,by
según las,274994,according to,feminine plural definite article; the
relaciones de,274704,,letter: d
noche anterior,274409,night (the period between sunset and sunrise),"anterior (in time), previous, earlier, former, past"
indica que,274178,,that
se trate,274109,"abbreviation of ""sudeste""; southeast",
del propio,274034,"of the, from the (+ a masculine noun in singular)",own (belonging to)
y comenzó,274032,letter,
y tres,273970,letter,three
en nombre,273963,"in, at, on",name
las entidades,273852,feminine plural definite article; the,
que habría,273830,that,
otra manera,273801,,way; manner; method; style
clases de,273787,"plural of ""clase""",letter: d
su historia,273300,given name,history (the aggregate of past events)
de valores,273280,letter: d,
casa del,273246,house,"of the, from the (+ a masculine noun in singular)"
punta de,273237,"tip, point, end",letter: d
las líneas,273198,feminine plural definite article; the,
nunca lo,273174,never,"inflection of ""él"" and usted (when referring to a man), and a variant of ello in many constructions; him, you (formal), it, that"
ni por,273155,"Used when negating two or more elements, and not, not A or B, not A nor B, neither A nor B",by
había convertido,273153,"smart inflection of ""haber""",converted
recuerdo de,273123,memory (a specific thing that is remembered),letter: d
y bien,273036,letter,well (adverbial form of bueno)
en unos,272919,"in, at, on","masculine plural of ""un"""
a ambos,272865,letter,both
cuanto al,272834,"whatever quantity, as much, however much","initialism of ""América Latina"""
muy difícil,272830,"apocopic form of ""mucho""; very","difficult, hard, tough, challenging, rough, tricky, trying, arduous, testing"
se supone,272702,"abbreviation of ""sudeste""; southeast",
del Derecho,272694,"of the, from the (+ a masculine noun in singular)",straight (not crooked or bent; having a constant direction throughout its length)
lo bastante,272628,"inflection of ""él"" and usted (when referring to a man), and a variant of ello in many constructions; him, you (formal), it, that",enough; sufficient
manera en,272596,way; manner; method; style,"in, at, on"
fue que,272470,,that
desde hacía,272420,since (from a specified time in the past),
está la,272413,,feminine singular definite article; the
en peligro,272385,"in, at, on","danger, peril"
de Chile,272349,letter: d,Chile (A country in South America.)
salir del,272293,"to go out, to leave, to depart, to head out","of the, from the (+ a masculine noun in singular)"
otro día,272285,"other, another",day (any period of 24 hours)
New York,272284,,York
de manifiesto,272251,letter: d,"manifest, clear, apparent"
ya hemos,272246,"(in the present or imperative) now, right now, (in the negative) anymore, no longer",
un camino,272234,an; a,"way, route"
su espalda,272173,given name,back
lo siguiente,272096,"inflection of ""él"" and usted (when referring to a man), and a variant of ello in many constructions; him, you (formal), it, that",following
dispuesto en,272048,"willing, ready, game, down","in, at, on"
vaya a,271946,"expresses surprise: wow!, why, oh!, whoa!, well!, man!, boy!",letter
mi cabeza,271902,"apocopic form of ""mío"", my",surname
el universo,271831,masculine singular definite article; the,universe
el inicio,271778,masculine singular definite article; the,"start, initiation"
llamó a,271778,,letter
los del,271599,"masculine plural of ""el"" (the)","of the, from the (+ a masculine noun in singular)"
el contacto,271590,masculine singular definite article; the,contact
el tercer,271543,masculine singular definite article; the,"apocopic form of ""tercero"" (“third”)"
entonces la,271143,"then, next, thereupon, at that time, at that point",feminine singular definite article; the
que iban,271137,that,
esa misma,271043,"alternative spelling of ""ésa""",
variedad de,271022,variety,letter: d
y uno,270901,letter,one
revista de,270821,magazine,letter: d
había oído,270798,"smart inflection of ""haber""",hearing
los riesgos,270770,"masculine plural of ""el"" (the)",
países de,270723,,letter: d
él lo,270616,"he, him, masculine personal third person subject and disjunctive pronoun (used as a subject and after prepositions)","inflection of ""él"" and usted (when referring to a man), and a variant of ello in many constructions; him, you (formal), it, that"
ante las,270531,"in front of, before",feminine plural definite article; the
no haya,270523,"abbreviation of ""noroeste""; northwest","beech, beech tree"
para eso,270517,"for, to (expressing a recipient)","acronym of ""Educación Secundaria Obligatoria"" (“the Spanish secondary education system that aims to prepare students between the ages of 11 and 16 for their next studies or the world of work.”)"
el botón,270433,masculine singular definite article; the,"button (clothing, mechanical)"
un aumento,270366,an; a,increase
tengo la,270335,,feminine singular definite article; the
de decisiones,270272,letter: d,
pronto se,270266,"prompt, on time","abbreviation of ""sudeste""; southeast"
de pasar,270252,letter: d,"to pass, to hand, to slip"
del resto,270016,"of the, from the (+ a masculine noun in singular)","rest, remainder"
para sí,269993,"for, to (expressing a recipient)","yes, yeah, (used to respond affirmatively to a question, used both informally and formally)"
un mayor,269988,an; a,"comparative of ""grande"": bigger"
blanco y,269886,surname,letter
grande y,269773,surname,letter
días en,269729,,"in, at, on"
los caballos,269654,"masculine plural of ""el"" (the)",
había llevado,269562,"smart inflection of ""haber""",
que debería,269560,that,
dar a,269507,"to give, to give out",letter
fui a,269495,,letter
saber si,269477,"to know, to understand (a fact)","A @abbrev of:Sinaloa state, Mexico"
los médicos,269434,"masculine plural of ""el"" (the)",
otras palabras,269398,,"plural of ""palabra"" (“words”)"
comisión de,269383,committee,letter: d
cual no,269346,"like, as, in the manner of","abbreviation of ""noroeste""; northwest"
de muchas,269237,letter: d,
decirle que,269211,,that
para hablar,269096,"for, to (expressing a recipient)","to talk; to speak; to communicate using words [+con (with), along with de or sobre (about), along with en (in (a language)), along with dative (person spoken to), along with accusative (what is said)]"
ella era,269034,"she, her (used subjectively and after prepositions)","era, age"
uno a,269003,one,letter
un grito,268954,an; a,"a cry, a yell, a scream, a growl"
contrato de,268917,"contract, agreement",letter: d
pensando que,268851,,that
y aún,268759,letter,"still, yet"
sería la,268753,,feminine singular definite article; the
visto a,268708,seen,letter
veo que,268567,,that
de actividades,268547,letter: d,
estaba allí,268482,,there (away from the speaker and the listener)
sería un,268462,,an; a
para nada,268393,"for, to (expressing a recipient)","nothing, zero, zilch, not...anything"
yo creo,268177,first-person singular pronoun in the nominative case; I,
partes de,268167,genitalia,letter: d
participación en,268158,participation,"in, at, on"
si era,268091,"A @abbrev of:Sinaloa state, Mexico","era, age"
pensó en,267976,,"in, at, on"
allí se,267841,there (away from the speaker and the listener),"abbreviation of ""sudeste""; southeast"
una actitud,267831,"acronym of ""Universidad Nacional de Agricultura""","posture, pose, stance"
largo y,267777,surname,letter
el informe,267709,masculine singular definite article; the,report
pruebas de,267685,,letter: d
en principio,267604,"in, at, on",principle
pago de,267467,"pay, payment",letter: d
primero de,267444,"former (in contrast to the latter), first, first one",letter: d
los propios,267398,"masculine plural of ""el"" (the)",
las sombras,267380,feminine plural definite article; the,"plural of ""sombra"""
me refiero,267315,"initialism of ""muerte encefálica"" (“brain death”)",
y ese,267300,letter,letter: s
señor de,267262,"alternative case form of ""señor"" (used before a name); Mister",letter: d
en esas,267234,"in, at, on","feminine plural of ""ese""; those"
forma parte,267136,shape; form; figure,part; section; portion; share; piece; bit; cut; proportion
el periodo,267109,masculine singular definite article; the,"alternative form of ""período"" (“period (of time)”)"
la víctima,266986,feminine singular definite article; the,victim
de derecho,266974,letter: d,straight (not crooked or bent; having a constant direction throughout its length)
la montaña,266886,feminine singular definite article; the,mountain
le digo,266629,"to him, for him; inflection of ""él""",I mean; used to explain or correct a previous utterance
un acuerdo,266606,an; a,agreement
fuentes de,266519,surname,letter: d
la victoria,266485,feminine singular definite article; the,given name
le pidió,266450,"to him, for him; inflection of ""él""",
que daba,266420,that,
no eres,266070,"abbreviation of ""noroeste""; northwest","smart inflection of ""ser""; you are"
ni idea,266026,"Used when negating two or more elements, and not, not A or B, not A nor B, neither A nor B",idea
el hospital,265971,masculine singular definite article; the,hospital
los asuntos,265940,"masculine plural of ""el"" (the)",
puso de,265926,,letter: d
basa en,265917,surname,"in, at, on"
cuando ella,265871,when,"she, her (used subjectively and after prepositions)"
un efecto,265706,an; a,effect
cara a,265673,face (the front part of the head),letter
nos encontramos,265628,"inflection of ""nosotros"": to us, for us",
para tomar,265561,"for, to (expressing a recipient)","to take (put under one's physical or mental control, often in one's hands)"
de conocimiento,265549,letter: d,knowledge
el conflicto,265495,masculine singular definite article; the,conflict
restos de,265367,"plural of ""resto""",letter: d
puede tener,265337,it's possible; could be,to have; to possess
las prácticas,265330,feminine plural definite article; the,
su camino,265287,given name,"way, route"
afirma que,265283,,that
de niños,265212,letter: d,
esa es,265171,"alternative spelling of ""ésa""",
las ciencias,265138,feminine plural definite article; the,
viene a,265137,,letter
de crédito,265106,letter: d,credit
la alegría,265101,feminine singular definite article; the,surname
la igualdad,265055,feminine singular definite article; the,equality
en común,265031,"in, at, on","common, ordinary"
de lado,264993,letter: d,side
siempre y,264837,always,letter
Journal of,264822,,
segundo lugar,264797,given name,place
la visita,264789,feminine singular definite article; the,visit
ha venido,264770,"initialism of ""ácido hialurónico""",
al cielo,264743,"initialism of ""América Latina""",sky
los planes,264647,"masculine plural of ""el"" (the)",
vida a,264609,life,letter
soy el,264576,,masculine singular definite article; the
de realizar,264563,letter: d,"to carry out; to perform; to conduct; to implement (e.g. a change, a task, project, plan, inspection, experiment, procedures)"
es bueno,264560,,surname
de café,264527,letter: d,brown
pone en,264491,,"in, at, on"
los conceptos,264327,"masculine plural of ""el"" (the)",
supo que,264327,,that
a entrar,264268,letter,to enter; to come in; to get in; to go in; to get inside; to come on in
de seguir,264264,letter: d,to follow
sin poder,264128,without,"to be able to, can"
en línea,264114,"in, at, on",line (a straight path through two or more points)
de regreso,264104,letter: d,return
más rápido,264032,more; -er (used to make comparisons),"rapid, quick, fast"
una enfermedad,264002,"acronym of ""Universidad Nacional de Agricultura""","illness, disease"
hace mucho,263891,"ago (Note: unlike in English, hace precedes the number.)","much, a lot of"
el comercio,263888,masculine singular definite article; the,trade
de partida,263854,letter: d,departure
si de,263834,"A @abbrev of:Sinaloa state, Mexico",letter: d
resolución de,263816,resolution,letter: d
comparación con,263780,comparison,with
el bolsillo,263749,masculine singular definite article; the,pocket
cuando llegó,263712,when,
vez el,263706,"time, instance",masculine singular definite article; the
sociedad de,263506,(a town in Morazán department of El Salvador),letter: d
lo hacen,263334,"inflection of ""él"" and usted (when referring to a man), and a variant of ello in many constructions; him, you (formal), it, that",
negó con,263238,,with
cuando estaba,263113,when,
mi amigo,262986,"apocopic form of ""mío"", my",surname
en París,262813,"in, at, on",Paris (a caplc of France)
se ven,262794,"abbreviation of ""sudeste""; southeast",
la corte,262710,feminine singular definite article; the,cut (the act of cutting)
pero hay,262705,but,"alternative form of ""ahí"""
de Roma,262681,letter: d,"Rome (A major city, the capital of Italy and the Italian Lazio region, located on the Tiber River.)"
su carácter,262620,given name,character (traits marking a person or group)
directamente a,262578,"directly, firsthand",letter
y algunos,262575,letter,"masculine plural of ""alguno"""
bajo su,262499,short (of little height),given name
cámara de,262352,room,letter: d
esta mañana,262306,"alternative spelling of ""ésta"" (“this one”)",tomorrow
su uso,262299,given name,use
recuerdo que,262298,memory (a specific thing that is remembered),that
encuentran en,262284,,"in, at, on"
finales del,262206,,"of the, from the (+ a masculine noun in singular)"
de actividad,262176,letter: d,activity (state of being active)
el patio,262162,masculine singular definite article; the,"yard, patio"
una experiencia,262152,"acronym of ""Universidad Nacional de Agricultura""",experience
el príncipe,261867,masculine singular definite article; the,prince
bajó la,261841,,feminine singular definite article; the
más se,261811,more; -er (used to make comparisons),"abbreviation of ""sudeste""; southeast"
de ánimo,261786,letter: d,"soul, spirit, mood"
la comprensión,261746,feminine singular definite article; the,comprehension
porque lo,261660,because,"inflection of ""él"" and usted (when referring to a man), and a variant of ello in many constructions; him, you (formal), it, that"
el placer,261632,masculine singular definite article; the,to like (something or someone)
culpa de,261610,fault,letter: d
se apartó,261485,"abbreviation of ""sudeste""; southeast",
la declaración,261463,feminine singular definite article; the,statement
bajo las,261328,short (of little height),feminine plural definite article; the
habitación de,261265,room (separate part of a building),letter: d
le hubiera,261189,"to him, for him; inflection of ""él""",
el sur,261153,masculine singular definite article; the,south
donde no,261131,"where, in what place","abbreviation of ""noroeste""; northwest"
los cinco,260919,"masculine plural of ""el"" (the)",five
la concentración,260871,feminine singular definite article; the,concentration (all senses)
de dicho,260850,letter: d,"mentioned, said, aforementioned"
a muchos,260835,letter,
más cerca,260714,more; -er (used to make comparisons),"close, near, around, about, nearly, nigh (referring to quantity or time-related)"
son un,260691,tone (pleasant sound),an; a
sólo una,260585,"superseded spelling of ""solo""","acronym of ""Universidad Nacional de Agricultura"""
que necesitaba,260583,that,
generación de,260521,generation,letter: d
en ambos,260499,"in, at, on",both
uno y,260356,one,letter
modo en,260249,"way, manner","in, at, on"
índice de,260197,index,letter: d
encontraba en,260188,,"in, at, on"
y unos,260186,letter,"masculine plural of ""un"""
la máquina,260163,feminine singular definite article; the,machine
su amor,260010,given name,surname
mi hija,260005,"apocopic form of ""mío"", my","daughter; female equivalent of ""hijo"""
la Virgen,259995,feminine singular definite article; the,virgin
qué ha,259992,(see usage notes) what; which,"initialism of ""ácido hialurónico"""
dos hombres,259952,two,
agua de,259902,water,letter: d
perspectiva de,259793,perspective,letter: d
los tipos,259790,"masculine plural of ""el"" (the)",
yo la,259786,first-person singular pronoun in the nominative case; I,feminine singular definite article; the
de alimentos,259771,letter: d,
de momento,259680,letter: d,"moment, instant"
compañeros de,259666,,letter: d
boca de,259652,"mouth, oral cavity",letter: d
forma más,259640,shape; form; figure,more; -er (used to make comparisons)
mucho en,259637,"much, a lot of","in, at, on"
con ellas,259628,with,"they, them (used subjectively and after prepositions; can refer to women and feminine nouns)"
también por,259547,"also, too, as well",by
por ese,259482,by,letter: s
tres meses,259476,three,
ya la,259475,"(in the present or imperative) now, right now, (in the negative) anymore, no longer",feminine singular definite article; the
de viaje,259423,letter: d,voyage
los ingresos,259418,"masculine plural of ""el"" (the)","plural of ""ingreso"""
preguntó si,259350,,"A @abbrev of:Sinaloa state, Mexico"
ver en,259285,"to see, to spot","in, at, on"
nombres de,259280,,letter: d
la nieve,259268,feminine singular definite article; the,snow
fabricación de,259224,manufacturing (create goods from materials),letter: d
las disposiciones,259196,feminine plural definite article; the,
carácter de,259177,character (traits marking a person or group),letter: d
a realizar,259106,letter,"to carry out; to perform; to conduct; to implement (e.g. a change, a task, project, plan, inspection, experiment, procedures)"
un coche,259084,an; a,"car, automobile"
se dejó,259015,"abbreviation of ""sudeste""; southeast",
el respeto,258972,masculine singular definite article; the,respect
se fueron,258965,"abbreviation of ""sudeste""; southeast",
medio ambiente,258951,half (of or related to one of two equal divisions of a whole),atmosphere
y nada,258768,letter,"nothing, zero, zilch, not...anything"
que sabía,258725,that,
la pasión,258679,feminine singular definite article; the,Passion
que además,258604,that,"in addition, moreover, furthermore, further, also, additionally"
la esencia,258598,feminine singular definite article; the,essence
dos horas,258513,two,
sus dos,258478,"plural of ""su""; one's, his, her, its, their (with plural possessee)",two
mucha gente,258477,,people
que decía,258450,that,
actividad de,258448,activity (state of being active),letter: d
solo una,258353,sole; one; only; single (unique),"acronym of ""Universidad Nacional de Agricultura"""
ha dejado,258286,"initialism of ""ácido hialurónico""","sloppy, lax (person)"
responder a,258262,"to answer, to reply",letter
el lector,258239,masculine singular definite article; the,reading
registro de,258135,"registration, record",letter: d
trozo de,258107,piece,letter: d
cuando una,258083,when,"acronym of ""Universidad Nacional de Agricultura"""
sino la,257995,"destiny, fate, lot",feminine singular definite article; the
se giró,257971,"abbreviation of ""sudeste""; southeast",
de voz,257959,letter: d,voice
la noción,257954,feminine singular definite article; the,notion
ciento de,257943,one hundred (100) (only in compounds followed by lower numerals),letter: d
sabiendo que,257862,,that
la arena,257806,feminine singular definite article; the,"sand, gravel"
se entiende,257526,"abbreviation of ""sudeste""; southeast",
factores de,257524,,letter: d
DE LOS,257498,letter: d,"masculine plural of ""el"" (the)"
una línea,257465,"acronym of ""Universidad Nacional de Agricultura""",line (a straight path through two or more points)
había pensado,257442,"smart inflection of ""haber""",
Real Decreto,257423,real,decree
los empleados,257386,"masculine plural of ""el"" (the)",
son una,257270,tone (pleasant sound),"acronym of ""Universidad Nacional de Agricultura"""
una actividad,257268,"acronym of ""Universidad Nacional de Agricultura""",activity (state of being active)
porque si,257246,because,"A @abbrev of:Sinaloa state, Mexico"
nunca más,257215,never,more; -er (used to make comparisons)
lo han,257058,"inflection of ""él"" and usted (when referring to a man), and a variant of ello in many constructions; him, you (formal), it, that",
acabo de,256994,"synonym of ""acabamiento""",letter: d
también un,256976,"also, too, as well",an; a
incluso a,256828,"enclosed, included",letter
dios de,256771,God,letter: d
esas cosas,256748,"feminine plural of ""ese""; those",
las páginas,256632,feminine plural definite article; the,
los pobres,256539,"masculine plural of ""el"" (the)",
su origen,256194,given name,origin
la pierna,256178,feminine singular definite article; the,leg (lower limb of a human)
pasar a,256131,"to pass, to hand, to slip",letter
que somos,256122,that,
en vano,256042,"in, at, on",vain (overly proud of oneself)
dirección a,255999,direction,letter
el reloj,255987,masculine singular definite article; the,clock
amigos y,255946,,letter
al paciente,255903,"initialism of ""América Latina""",patient
San Juan,255896,Saint (title),John (Biblical character)
confiar en,255781,to reassure,"in, at, on"
al pie,255745,"initialism of ""América Latina""",foot (a part of the body)
y social,255739,letter,social
los restos,255701,"masculine plural of ""el"" (the)","plural of ""resto"""
me preguntó,255687,"initialism of ""muerte encefálica"" (“brain death”)",
se presentan,255643,"abbreviation of ""sudeste""; southeast",
el pago,255616,masculine singular definite article; the,"pay, payment"
en brazos,255579,"in, at, on",
de campo,255558,letter: d,surname
de alto,255435,letter: d,tall
los colores,255408,"masculine plural of ""el"" (the)",
de Barcelona,255404,letter: d,"Barcelona (A capital city of Catalonia, Spain.)"
de a,255398,letter: d,letter
y he,255346,letter,here is [+(suffixed) accusative or aquí or ahí or allí]
no hubo,255158,"abbreviation of ""noroeste""; northwest",
lo sabes,255142,"inflection of ""él"" and usted (when referring to a man), and a variant of ello in many constructions; him, you (formal), it, that",you know? (rhetorical question)
he de,255119,here is [+(suffixed) accusative or aquí or ahí or allí],letter: d
una puerta,255081,"acronym of ""Universidad Nacional de Agricultura""",surname
es porque,255054,,because
funcionamiento de,255012,functioning,letter: d
la pintura,254984,feminine singular definite article; the,painting
la riqueza,254970,feminine singular definite article; the,"wealth, affluence, richness"
del momento,254945,"of the, from the (+ a masculine noun in singular)","moment, instant"
fruto de,254943,"any fruit from a plant, whether sweet or not (like avocado or tomato), edible or not",letter: d
historia y,254822,history (the aggregate of past events),letter
banco de,254793,bank (financial institution),letter: d
paz y,254736,given name,letter
del nuevo,254682,"of the, from the (+ a masculine noun in singular)",surname
a España,254675,letter,"Spain (A country in Southern Europe, including most of the Iberian peninsula.)"
el extremo,254618,masculine singular definite article; the,"extreme, dire"
fue lo,254590,,"inflection of ""él"" and usted (when referring to a man), and a variant of ello in many constructions; him, you (formal), it, that"
que aquella,254570,that,"feminine singular of ""aquel"""
las técnicas,254495,feminine plural definite article; the,
hoja de,254473,leaf (usually green and flat organ that is the most prominent feature of most vegetative plants),letter: d
de Estudios,254423,letter: d,
tiene su,254396,,given name
todos se,254311,,"abbreviation of ""sudeste""; southeast"
exceso de,254271,excess,letter: d
una mueca,254264,"acronym of ""Universidad Nacional de Agricultura""",an exaggerated facial expression
para salir,254184,"for, to (expressing a recipient)","to go out, to leave, to depart, to head out"
alto de,254160,tall,letter: d
fueron los,254133,,"masculine plural of ""el"" (the)"
hacia abajo,254084,"toward, towards","down, downwards"
allá del,254036,"there, over there, thither, yonder (in a direction away from the speaker and the listener)","of the, from the (+ a masculine noun in singular)"
es probable,254018,,"probable, likely"
frente de,253988,"forehead, brow",letter: d
el frío,253971,masculine singular definite article; the,cold (having a low temperature)
una fuente,253952,"acronym of ""Universidad Nacional de Agricultura""",surname
iglesia de,253874,Church (institution),letter: d
era capaz,253868,"era, age","able, capable"
personal y,253786,personal,letter
una zona,253766,"acronym of ""Universidad Nacional de Agricultura""","zone, district, area"
personas y,253764,,letter
sólo por,253744,"superseded spelling of ""solo""",by
se dan,253655,"abbreviation of ""sudeste""; southeast",Dan (Biblical character and tribe)
la suma,253616,feminine singular definite article; the,sum
años antes,253569,,earlier; before; sooner; previously; formerly; beforehand (at an earlier time)
la nave,253423,feminine singular definite article; the,"ship, vessel (with a concave hull)"
un salto,253414,an; a,A department of Uruguay
mano para,253394,hand,"for, to (expressing a recipient)"
de entrar,253368,letter: d,to enter; to come in; to get in; to go in; to get inside; to come on in
las veces,253330,feminine plural definite article; the,"by, times (multiplication)"
éste es,253295,this one,
la boda,253093,feminine singular definite article; the,wedding
función del,253064,function,"of the, from the (+ a masculine noun in singular)"
de mantener,253000,letter: d,to keep
real de,252968,real,letter: d
de cerca,252916,letter: d,"close, near, around, about, nearly, nigh (referring to quantity or time-related)"
las enfermedades,252911,feminine plural definite article; the,
del Código,252884,"of the, from the (+ a masculine noun in singular)",code
se hacen,252775,"abbreviation of ""sudeste""; southeast",
la imaginación,252724,feminine singular definite article; the,imagination
campos de,252692,surname,letter: d
los humanos,252621,"masculine plural of ""el"" (the)",
por unos,252605,by,"masculine plural of ""un"""
La Habana,252522,feminine singular definite article; the,"only used in ""La Habana"""
al borde,252513,"initialism of ""América Latina""","edge, border, brink, verge, rim, margin"
vez por,252430,"time, instance",by
durante todo,252367,"during, in, over",all; every
atrás y,252249,behind,letter
la totalidad,252244,feminine singular definite article; the,"all, whole"
muestra de,252220,"sample, sampling",letter: d
venir a,252147,"Senses relating to literal movement. [+de (from) or desde (from), along with a (to) or para (to, toward) or hacia (toward)]",letter
de Salud,252136,letter: d,health
el relato,252096,masculine singular definite article; the,story
estos dos,252034,"alternative spelling of ""éstos"" (“these ones”)",two
hemos de,252007,,letter: d
tenía razón,252001,,reason
sobre este,251898,"over, above, on, upon, atop",this
una fuerza,251894,"acronym of ""Universidad Nacional de Agricultura""",force
vestido de,251854,dressed,letter: d
fuera una,251815,outside,"acronym of ""Universidad Nacional de Agricultura"""
cualquier momento,251705,"apocopic form of ""cualquiera""; any; whatever; whichever","moment, instant"
ellos no,251603,"plural of ""él"" (“they, them”)","abbreviation of ""noroeste""; northwest"
tarea de,251463,task,letter: d
su posición,251362,given name,position
lo importante,251352,"inflection of ""él"" and usted (when referring to a man), and a variant of ello in many constructions; him, you (formal), it, that","important, that cares, that matters"
algún momento,251343,"apocopic form of ""alguno""; some, any","moment, instant"
sacudió la,251312,,feminine singular definite article; the
misma manera,251251,,way; manner; method; style
uso del,251234,use,"of the, from the (+ a masculine noun in singular)"
de colores,251186,letter: d,
detrás del,251148,"behind, at the rear","of the, from the (+ a masculine noun in singular)"
de estudios,251077,letter: d,
sin tener,251059,without,to have; to possess
será la,251049,,feminine singular definite article; the
otro modo,251037,"other, another","way, manner"
la deuda,250984,feminine singular definite article; the,debt (an obligation to perform for another)
la oposición,250938,feminine singular definite article; the,opposition
evitar la,250913,"to avoid, to bypass, to evade, to circumvent, to dodge, to shun, to eschew (to steer clear of)",feminine singular definite article; the
que puedo,250904,that,
combinación de,250842,combination,letter: d
en diferentes,250715,"in, at, on",
conocer a,250628,"to know (a person or a place), to be familiar with, to be acquainted with",letter
acciones de,250572,,letter: d
acuerdo de,250562,agreement,letter: d
la selección,250532,feminine singular definite article; the,selection
de violencia,250457,letter: d,violence
obligó a,250452,,letter
veces en,250449,"by, times (multiplication)","in, at, on"
temo que,250416,,that
Naciones Unidas,250252,,
ejemplos de,250200,,letter: d
a perder,250189,letter,to lose
al oír,250174,"initialism of ""América Latina""",to hear
hojas de,250107,,letter: d
y mientras,250052,letter,meanwhile
normas de,250050,,letter: d
quien no,250048,who,"abbreviation of ""noroeste""; northwest"
la campaña,250024,feminine singular definite article; the,campaign
el empleo,249804,masculine singular definite article; the,"job, employment"
el techo,249745,masculine singular definite article; the,ceiling
gracias al,249721,a colonial town in the Lempira department of Honduras,"initialism of ""América Latina"""
una perspectiva,249697,"acronym of ""Universidad Nacional de Agricultura""",perspective
con alguien,249694,with,"someone, somebody"
España y,249654,"Spain (A country in Southern Europe, including most of the Iberian peninsula.)",letter
y mis,249645,letter,
confianza en,249584,"confidence, trust","in, at, on"
alcance de,249580,"reach, range, scope (maximum distance something can reach)",letter: d
había encontrado,249565,"smart inflection of ""haber""",found
nuestro país,249543,ours,country (the territory of a nation)
lado a,249369,side,letter
en nuestras,249344,"in, at, on","feminine plural of ""nuestro"": ours"
mi alma,249341,"apocopic form of ""mío"", my",given name
piel de,249336,skin,letter: d
se quedaron,249244,"abbreviation of ""sudeste""; southeast",
sus vidas,249227,"plural of ""su""; one's, his, her, its, their (with plural possessee)",
la próxima,249222,feminine singular definite article; the,
con qué,249188,with,(see usage notes) what; which
cuenta la,249144,"count, tally",feminine singular definite article; the
a aquellos,249091,letter,"alternative spelling of ""aquéllos""; those ones (over there; implying some distance). The unaccented form can function as a pronoun if it can be unambiguously deduced as such from context"
hacia una,249080,"toward, towards","acronym of ""Universidad Nacional de Agricultura"""
una enorme,249013,"acronym of ""Universidad Nacional de Agricultura""","enormous, huge"
el café,248922,masculine singular definite article; the,brown
ni los,248817,"Used when negating two or more elements, and not, not A or B, not A nor B, neither A nor B","masculine plural of ""el"" (the)"
volvieron a,248804,,letter
ocasión de,248801,occasion,letter: d
primero en,248790,"former (in contrast to the latter), first, first one","in, at, on"
de llevar,248767,letter: d,to take somewhere
tras un,248755,"after, following, in the wake of; upon",an; a
el partido,248728,masculine singular definite article; the,broken
del partido,248717,"of the, from the (+ a masculine noun in singular)",broken
la intensidad,248661,feminine singular definite article; the,intensity
de José,248636,letter: d,given name
las víctimas,248633,feminine plural definite article; the,
al resto,248465,"initialism of ""América Latina""","rest, remainder"
las órdenes,248457,feminine plural definite article; the,
fuerte y,248327,strong,letter
mi nombre,248322,"apocopic form of ""mío"", my",name
de quién,248313,letter: d,"who?, whom?; (with “de”) whose?"
de largo,248187,letter: d,surname
bolsa de,248156,bag,letter: d
el Congreso,248145,masculine singular definite article; the,congress
dispuestos a,248087,,letter
padres de,248033,"plural of ""padre"" (parents)",letter: d
suele ser,247984,,to be (essentially or identified as)
el escenario,247982,masculine singular definite article; the,scenario
del orden,247947,"of the, from the (+ a masculine noun in singular)",order (command)
productos de,247899,,letter: d
una cuestión,247891,"acronym of ""Universidad Nacional de Agricultura""","matter, question, issue"
ella me,247823,"she, her (used subjectively and after prepositions)","initialism of ""muerte encefálica"" (“brain death”)"
para seguir,247820,"for, to (expressing a recipient)",to follow
para alcanzar,247777,"for, to (expressing a recipient)",to reach; to get to to catch up
dolor y,247758,"pain, ache, aching soreness, tenderness (physical)",letter
solo por,247649,sole; one; only; single (unique),by
un medio,247605,an; a,half (of or related to one of two equal divisions of a whole)
momento y,247564,"moment, instant",letter
los mecanismos,247514,"masculine plural of ""el"" (the)",
la reducción,247445,feminine singular definite article; the,reduction
criterios de,247358,,letter: d
en comparación,247343,"in, at, on",comparison
sería una,247340,,"acronym of ""Universidad Nacional de Agricultura"""
su existencia,247336,given name,existence
la gracia,247226,feminine singular definite article; the,given name
con otra,247202,with,
el negocio,247188,masculine singular definite article; the,"business, enterprise (commercial enterprise or establishment)"
había conseguido,247175,"smart inflection of ""haber""",achieved
un fuerte,247118,an; a,strong
la emoción,247043,feminine singular definite article; the,emotion (person's internal state of being)
salida de,247039,"exit, way out",letter: d
hombre se,246972,"man, (adult male human)","abbreviation of ""sudeste""; southeast"
ésta es,246899,"feminine singular of ""éste""",
en tal,246876,"in, at, on",such
cadena de,246854,chain (series of interconnected rings or links usually made of metal),letter: d
los usuarios,246810,"masculine plural of ""el"" (the)",
la llave,246809,feminine singular definite article; the,key (to open doors)
afirmar que,246773,"to state, assert",that
de Colombia,246644,letter: d,Colombia (A country in South America.)
delante del,246527,"in front of, before (spatially)","of the, from the (+ a masculine noun in singular)"
sólo el,246423,"superseded spelling of ""solo""",masculine singular definite article; the
lugar que,246261,place,that
un suspiro,246216,an; a,sigh
las nubes,246190,feminine plural definite article; the,
la presente,246146,feminine singular definite article; the,present (appearing)
se producen,246110,"abbreviation of ""sudeste""; southeast",
del producto,246083,"of the, from the (+ a masculine noun in singular)","product, commodity, item"
no para,246054,"abbreviation of ""noroeste""; northwest","for, to (expressing a recipient)"
que hablar,246046,that,"to talk; to speak; to communicate using words [+con (with), along with de or sobre (about), along with en (in (a language)), along with dative (person spoken to), along with accusative (what is said)]"
los negocios,246016,"masculine plural of ""el"" (the)",
el mes,245933,masculine singular definite article; the,month
este trabajo,245828,this,"work, job"
de plástico,245815,letter: d,plastic (constructed of plastic)
las mejores,245762,feminine plural definite article; the,
puede haber,245668,it's possible; could be,to have; forms the perfect aspect [+masculine singular past participle]
la personalidad,245657,feminine singular definite article; the,personality
una oportunidad,245582,"acronym of ""Universidad Nacional de Agricultura""","opportunity, chance, shot, break, occasion, time (in both senses: “chance for advancement, progress or profit” and “favorable circumstance or occasion”)"
eso le,245514,"acronym of ""Educación Secundaria Obligatoria"" (“the Spanish secondary education system that aims to prepare students between the ages of 11 and 16 for their next studies or the world of work.”)","to him, for him; inflection of ""él"""
sobre mi,245489,"over, above, on, upon, atop","apocopic form of ""mío"", my"
la soledad,245426,feminine singular definite article; the,given name
que tengan,245261,that,
uno o,245241,one,letter
ni tampoco,245194,"Used when negating two or more elements, and not, not A or B, not A nor B, neither A nor B",neither; nor; also not
relaciones entre,245190,,between
el seno,245141,masculine singular definite article; the,breast
los vecinos,245122,"masculine plural of ""el"" (the)",
dejó caer,245108,,to fall (to move to a lower position due to gravity)
la barbilla,245082,feminine singular definite article; the,chin
país de,245022,country (the territory of a nation),letter: d
los cristianos,245014,"masculine plural of ""el"" (the)",
si a,245009,"A @abbrev of:Sinaloa state, Mexico",letter
vida es,244978,life,
vaso de,244831,drinking glass,letter: d
de veces,244756,letter: d,"by, times (multiplication)"
valores de,244716,,letter: d
relaciones con,244698,,with
la institución,244665,feminine singular definite article; the,institution
a algunos,244654,letter,"masculine plural of ""alguno"""
tiempo se,244611,time,"abbreviation of ""sudeste""; southeast"
que pasó,244595,that,
el material,244534,masculine singular definite article; the,material
los poderes,244454,"masculine plural of ""el"" (the)",
la tendencia,244384,feminine singular definite article; the,tendency
la abuela,244346,feminine singular definite article; the,"grandmother, female equivalent of ""abuelo"""
de cuero,244286,letter: d,leather
sea un,244222,,an; a
apoyo de,244175,support,letter: d
tendrá que,244121,,that
el vestido,244120,masculine singular definite article; the,dressed
tomó la,244098,,feminine singular definite article; the
aquí en,244069,here (in the speaker's location),"in, at, on"
siglo XVIII,244042,century,
del Tribunal,244030,"of the, from the (+ a masculine noun in singular)",court
ciudad y,244020,city,letter
una realidad,243983,"acronym of ""Universidad Nacional de Agricultura""",reality
parecía un,243977,,an; a
uno se,243920,one,"abbreviation of ""sudeste""; southeast"
ahí que,243869,there (away from the speaker),that
una segunda,243843,"acronym of ""Universidad Nacional de Agricultura""",second gear
debido al,243829,owed,"initialism of ""América Latina"""
donde estaba,243790,"where, in what place",
el muchacho,243769,masculine singular definite article; the,boy or young adult
una ocasión,243733,"acronym of ""Universidad Nacional de Agricultura""",occasion
otra de,243651,,letter: d
de pelo,243586,letter: d,hair (a single hair)
la publicación,243549,feminine singular definite article; the,publication
había salido,243488,"smart inflection of ""haber""",sticking out
similar a,243430,similar,letter
había ocurrido,243270,"smart inflection of ""haber""",unexpected
las noticias,243220,feminine plural definite article; the,
de París,243083,letter: d,Paris (a caplc of France)
con otro,243060,with,"other, another"
cuando era,243017,when,"era, age"
tuvo la,242971,,feminine singular definite article; the
siglo XXI,242866,century,
el pie,242864,masculine singular definite article; the,foot (a part of the body)
de peso,242783,letter: d,weight (the force on an object due to gravitational attraction)
relacionada con,242755,,with
el horizonte,242698,masculine singular definite article; the,horizon
de obra,242579,letter: d,work (usually literary or artistic)
para determinar,242561,"for, to (expressing a recipient)",to determine
se utilizan,242552,"abbreviation of ""sudeste""; southeast",
a esto,242524,letter,"neuter singular of ""éste"""
de Seguridad,242523,letter: d,"safety, security"
como ella,242475,"Como (A city and comune in capital in province of Como, Lombardy.)","she, her (used subjectively and after prepositions)"
mundo en,242304,"world, earth (human collective existence)","in, at, on"
un viejo,242292,an; a,(of an object) old (having existed for a long time)
dar una,242247,"to give, to give out","acronym of ""Universidad Nacional de Agricultura"""
un verdadero,242234,an; a,"true, real"
brazo y,242211,arm,letter
los momentos,242195,"masculine plural of ""el"" (the)",
las piedras,241986,feminine plural definite article; the,
y hay,241914,letter,"alternative form of ""ahí"""
cosas en,241872,,"in, at, on"
del presente,241785,"of the, from the (+ a masculine noun in singular)",present (appearing)
nuevo a,241759,surname,letter
las flores,241745,feminine plural definite article; the,surname
poder y,241665,"to be able to, can",letter
no sabes,241616,"abbreviation of ""noroeste""; northwest",you know? (rhetorical question)
media de,241598,"(historical) Media (A geographic region and ancient satrapy of the Persian Empire in northwestern Iran, originally inhabited by the Medes.)",letter: d
sino el,241515,"destiny, fate, lot",masculine singular definite article; the
de familia,241417,letter: d,family (group of people related to each other)
piensa que,241406,,that
políticas de,241349,,letter: d
la clave,241343,feminine singular definite article; the,key (to a problem or puzzle)
dijo en,241313,,"in, at, on"
encargado de,241284,"in charge, responsible",letter: d
la independencia,241189,feminine singular definite article; the,independence
una cierta,241124,"acronym of ""Universidad Nacional de Agricultura""","feminine singular of ""cierto"" (certain, specific)"
plaza de,241092,surname,letter: d
se aplica,241082,"abbreviation of ""sudeste""; southeast",
puertas de,241060,,letter: d
las niñas,241045,feminine plural definite article; the,
durante una,241022,"during, in, over","acronym of ""Universidad Nacional de Agricultura"""
la frecuencia,240994,feminine singular definite article; the,frequency
una solución,240964,"acronym of ""Universidad Nacional de Agricultura""",solution
cambio en,240938,"change, shift","in, at, on"
habitantes de,240877,,letter: d
como le,240849,"Como (A city and comune in capital in province of Como, Lombardy.)","to him, for him; inflection of ""él"""
cabeza en,240812,surname,"in, at, on"
la perfección,240795,feminine singular definite article; the,perfection
interés por,240715,interest (a fraction of the amount of what was borrowed),by
estos casos,240591,"alternative spelling of ""éstos"" (“these ones”)",
corazón y,240582,heart (organ of the body),letter
tras una,240582,"after, following, in the wake of; upon","acronym of ""Universidad Nacional de Agricultura"""
que haber,240561,that,to have; forms the perfect aspect [+masculine singular past participle]
de conocer,240512,letter: d,"to know (a person or a place), to be familiar with, to be acquainted with"
que existen,240479,that,
sólo la,240398,"superseded spelling of ""solo""",feminine singular definite article; the
de aceite,240348,letter: d,oil
es solo,240344,,sole; one; only; single (unique)
la integración,240343,feminine singular definite article; the,integration
para crear,240218,"for, to (expressing a recipient)",to create
para estar,240191,"for, to (expressing a recipient)",to be (have a temporary or permanent location in space)
los perros,240164,"masculine plural of ""el"" (the)",
hacia mí,240090,"toward, towards",me; (declined form of yo used as the object of a preposition)
un nombre,239996,an; a,name
un cierto,239951,an; a,true
de entender,239940,letter: d,"to understand, to fathom"
la Historia,239776,feminine singular definite article; the,history (the aggregate of past events)
un equipo,239699,an; a,team
la regulación,239605,feminine singular definite article; the,regulation
aspectos de,239591,,letter: d
boca y,239590,"mouth, oral cavity",letter
siempre es,239567,always,
de primera,239406,letter: d,first gear (lowest gear in a motor vehicle)
a leer,239394,letter,to read
no estaban,239260,"abbreviation of ""noroeste""; northwest",
un perro,239246,an; a,"dog (# The species Canis familiaris (sometimes designated Canis lupus familiaris), domesticated for thousands of years and of highly variable appearance because of human breeding.)"
un árbol,239194,an; a,tree (perennial woody plant)
el maestro,239183,masculine singular definite article; the,master
estaba seguro,239180,,secure; safe (free from danger)
como había,239106,"Como (A city and comune in capital in province of Como, Lombardy.)","smart inflection of ""haber"""
mal que,239099,"abbreviation of ""Málaga""",that
casa en,239068,house,"in, at, on"
los conflictos,239066,"masculine plural of ""el"" (the)",
era mi,239004,"era, age","apocopic form of ""mío"", my"
no significa,239004,"abbreviation of ""noroeste""; northwest",
perder el,238991,to lose,masculine singular definite article; the
multitud de,238984,multitude,letter: d
el peligro,238946,masculine singular definite article; the,"danger, peril"
enfermedad de,238868,"illness, disease",letter: d
del programa,238803,"of the, from the (+ a masculine noun in singular)","programme, program"
puede estar,238779,it's possible; could be,to be (have a temporary or permanent location in space)
la determinación,238660,feminine singular definite article; the,"determination, identification, establishment, establishing (i.e. figuring out something with relative certainty)"
población de,238516,"population (of a geographical region, a country, etc.)",letter: d
su libro,238494,given name,book
dos semanas,238435,two,
cual es,238310,"like, as, in the manner of",
estoy en,238294,"smart inflection of ""estar""; am","in, at, on"
color de,238276,"color / colour, hue",letter: d
algún tipo,238213,"apocopic form of ""alguno""; some, any","kind, type, sort, manner"
a esas,238188,letter,"feminine plural of ""ese""; those"
de seda,238156,letter: d,"acronym of ""Secretaría de Estado en el Despacho del Ambiente"""
reconocer que,238106,to recognize,that
redes sociales,238075,"plural of ""red""",
todavía más,238066,"still, yet",more; -er (used to make comparisons)
recordar que,238066,"to remember, to recollect",that
cinco minutos,238063,five,
igual a,238049,"equal, same",letter
no has,238033,"abbreviation of ""noroeste""; northwest",
hacer con,238005,"to do, perform, execute, carry out",with
que haga,238001,that,
se dirige,237997,"abbreviation of ""sudeste""; southeast",
los sujetos,237994,"masculine plural of ""el"" (the)",
abrir la,237981,"to open, open up",feminine singular definite article; the
sólo a,237943,"superseded spelling of ""solo""",letter
un futuro,237919,an; a,future (occurring in the future)
del Norte,237856,"of the, from the (+ a masculine noun in singular)",Nord (A department of Hauts-de-France of France.)
a cenar,237828,letter,to dine; to have supper; to have a lavish meal
de grandes,237798,letter: d,
tienen la,237762,,feminine singular definite article; the
lo sabe,237758,"inflection of ""él"" and usted (when referring to a man), and a variant of ello in many constructions; him, you (formal), it, that",
se establece,237665,"abbreviation of ""sudeste""; southeast",
estar con,237652,to be (have a temporary or permanent location in space),with
volvería a,237592,,letter
te gusta,237581,letter: t,
ojos en,237548,,"in, at, on"
un primer,237544,an; a,"apocopic form of ""primero"" (first)"
mano derecha,237460,hand,right (direction)
memoria de,237454,memory (the ability of the brain to record information),letter: d
influencia de,237279,"influence, clout",letter: d
golpe de,237158,"hit, blow, strike",letter: d
tengo una,237136,,"acronym of ""Universidad Nacional de Agricultura"""
la finalidad,237124,feminine singular definite article; the,"purpose, objective, aim"
las áreas,237042,feminine plural definite article; the,
su esposo,236991,given name,husband
la esposa,236795,feminine singular definite article; the,wife
en seguida,236766,"in, at, on",
donde había,236754,"where, in what place","smart inflection of ""haber"""
cómo el,236747,how?,masculine singular definite article; the
la Escuela,236737,feminine singular definite article; the,school (an institution dedicated to teaching and learning)
el documento,236705,masculine singular definite article; the,"document, paper"
venta de,236687,sale,letter: d
que voy,236676,that,
las mejillas,236626,feminine plural definite article; the,
la herida,236609,feminine singular definite article; the,wound
el ojo,236558,masculine singular definite article; the,eye
cerró la,236481,,feminine singular definite article; the
ya ha,236476,"(in the present or imperative) now, right now, (in the negative) anymore, no longer","initialism of ""ácido hialurónico"""
aquí se,236476,here (in the speaker's location),"abbreviation of ""sudeste""; southeast"
sus hermanos,236454,"plural of ""su""; one's, his, her, its, their (with plural possessee)","plural of ""hermano"" (brothers, siblings)"
al señor,236427,"initialism of ""América Latina""","alternative case form of ""señor"" (used before a name); Mister"
derechos y,236404,,letter
qué más,236387,(see usage notes) what; which,more; -er (used to make comparisons)
sé cómo,236341,"smart inflection of ""saber""",how?
un determinado,236338,an; a,determinate
estas cosas,236323,"alternative spelling of ""éstas"" (“these ones”)",
las estructuras,236312,feminine plural definite article; the,
casos en,236312,,"in, at, on"
actitud de,236288,"posture, pose, stance",letter: d
de consumo,236230,letter: d,"consumption (the act of eating, drinking or using)"
o algo,236223,letter,"something, anything"
también con,236213,"also, too, as well",with
un juego,236186,an; a,play
y ser,236100,letter,to be (essentially or identified as)
la sabiduría,236075,feminine singular definite article; the,Wisdom
los profesores,236054,"masculine plural of ""el"" (the)",
con cada,236028,with,each; every
la hoja,235998,feminine singular definite article; the,leaf (usually green and flat organ that is the most prominent feature of most vegetative plants)
su estado,235988,given name,state (any sovereign polity)
mucho mejor,235974,"much, a lot of",better
botella de,235945,bottle,letter: d
con cierta,235901,with,"feminine singular of ""cierto"" (certain, specific)"
hombros y,235852,,letter
de conciencia,235811,letter: d,awareness (state of knowing something)
del hotel,235781,"of the, from the (+ a masculine noun in singular)",hotel
recuerda que,235549,,that
ante una,235462,"in front of, before","acronym of ""Universidad Nacional de Agricultura"""
salud de,235430,health,letter: d
la diversidad,235404,feminine singular definite article; the,diversity
el establecimiento,235392,masculine singular definite article; the,establishment
Seguridad Social,235368,"safety, security",social
nadie más,235368,no one; nobody (anyone or anybody),more; -er (used to make comparisons)
del régimen,235365,"of the, from the (+ a masculine noun in singular)",regime (form of government)
lo hubiera,235222,"inflection of ""él"" and usted (when referring to a man), and a variant of ello in many constructions; him, you (formal), it, that",
un ataque,235221,an; a,attack (an attempt to damage an opponent or enemy)
del Ministerio,235205,"of the, from the (+ a masculine noun in singular)",ministry
se presentó,235198,"abbreviation of ""sudeste""; southeast",
tenía los,235132,,"masculine plural of ""el"" (the)"
natural de,235092,natural (of or relating to nature),letter: d
habría que,235084,,that
a esos,235077,letter,"plural of ""ese""; those"
de paso,235072,letter: d,"acronym of ""(elecciones) primarias, abiertas, simultáneas y obligatorias"" (“primary, open, simultaneous, and mandatory (elections)”)"
que estuviera,235050,that,
porque era,235041,because,"era, age"
por escrito,235040,by,written
da un,234964,,an; a
me importa,234943,"initialism of ""muerte encefálica"" (“brain death”)",
suma de,234933,sum,letter: d
de inversión,234782,letter: d,investment
centro del,234781,center,"of the, from the (+ a masculine noun in singular)"
por cualquier,234771,by,"apocopic form of ""cualquiera""; any; whatever; whichever"
entonces no,234720,"then, next, thereupon, at that time, at that point","abbreviation of ""noroeste""; northwest"
demasiado tarde,234666,"too much, too many, excessive",late (after a specified deadline)
sonrisa de,234597,smile,letter: d
la descripción,234572,feminine singular definite article; the,description
y todas,234538,letter,
hasta un,234532,even,an; a
el teatro,234530,masculine singular definite article; the,"(countable) theater (A place or building, consisting of a stage and seating, in which an audience gathers to watch plays, musical performances, public ceremonies, and so on.)"
pienso que,234527,animal feed,that
que ésta,234495,that,"feminine singular of ""éste"""
los métodos,234472,"masculine plural of ""el"" (the)",
es sólo,234468,,"superseded spelling of ""solo"""
tengo un,234413,,an; a
hace más,234334,"ago (Note: unlike in English, hace precedes the number.)",more; -er (used to make comparisons)
descripción de,234310,description,letter: d
el cliente,234239,masculine singular definite article; the,client
padres y,234169,"plural of ""padre"" (parents)",letter
de análisis,234088,letter: d,analysis (decomposition into parts)
el Ministerio,234073,masculine singular definite article; the,ministry
interpretación de,234054,interpretation,letter: d
de poner,234018,letter: d,"to put, to place (cause to assume a specified position)"
crear un,234016,to create,an; a
del dolor,233965,"of the, from the (+ a masculine noun in singular)","pain, ache, aching soreness, tenderness (physical)"
tan grande,233957,"so, as",surname
funciones de,233925,,letter: d
dio a,233900,,letter
cuando yo,233896,when,first-person singular pronoun in the nominative case; I
un producto,233867,an; a,"product, commodity, item"
diría que,233843,,that
la ira,233831,feminine singular definite article; the,"initialism of ""insuficiencia renal aguda"" (“acute renal failure”): ARF"
base en,233813,base,"in, at, on"
de sol,233808,letter: d,the Sun
cara y,233757,face (the front part of the head),letter
comienzo de,233752,beginning,letter: d
haya sido,233717,"beech, beech tree",
general y,233697,"general, overall",letter
presentación de,233555,presentation,letter: d
el poeta,233533,masculine singular definite article; the,poet (person who writes poems)
la India,233531,feminine singular definite article; the,India (A country in South Asia.)
más grandes,233347,more; -er (used to make comparisons),
de palabras,233342,letter: d,"plural of ""palabra"" (“words”)"
de éste,233323,letter: d,this one
entra en,233318,,"in, at, on"
a por,233313,letter,by
un campo,233281,an; a,surname
yo había,233231,first-person singular pronoun in the nominative case; I,"smart inflection of ""haber"""
selección de,233226,selection,letter: d
tres veces,233204,three,"by, times (multiplication)"
ella la,233137,"she, her (used subjectively and after prepositions)",feminine singular definite article; the
otra forma,233113,,shape; form; figure
este lugar,233107,this,place
tanto por,233048,so much; as much; that much,by
los meses,233029,"masculine plural of ""el"" (the)",
cumplir con,233012,"to fulfil, to fulfill, to meet, to deliver (e.g., requirements, prerequisites, promise, vow)",with
porque yo,232939,because,first-person singular pronoun in the nominative case; I
con claridad,232935,with,"clarity, clearness"
por allí,232913,by,there (away from the speaker and the listener)
yo he,232856,first-person singular pronoun in the nominative case; I,here is [+(suffixed) accusative or aquí or ahí or allí]
el funcionamiento,232850,masculine singular definite article; the,functioning
así la,232673,"like this; like that; as such; thus; so; thereby; this way, that way",feminine singular definite article; the
otros países,232621,"masculine plural of ""otro""",
pidió que,232586,,that
había tomado,232576,"smart inflection of ""haber""",drunk
esa manera,232573,"alternative spelling of ""ésa""",way; manner; method; style
una lista,232455,"acronym of ""Universidad Nacional de Agricultura""","list, roll"
la concepción,232376,feminine singular definite article; the,given name
un brazo,232269,an; a,arm
dos meses,232237,two,
una habitación,232110,"acronym of ""Universidad Nacional de Agricultura""",room (separate part of a building)
pesar del,232030,to weigh (to determine the weight of an object),"of the, from the (+ a masculine noun in singular)"
las obligaciones,231951,feminine plural definite article; the,
se quitó,231898,"abbreviation of ""sudeste""; southeast",
gran cantidad,231820,"apocopic form of ""grande""; great, grand",amount
responsabilidad de,231741,"responsibility, responsibleness",letter: d
a bordo,231723,letter,"side, board"
vida del,231681,life,"of the, from the (+ a masculine noun in singular)"
le habría,231665,"to him, for him; inflection of ""él""",
interés en,231623,interest (a fraction of the amount of what was borrowed),"in, at, on"
se habla,231612,"abbreviation of ""sudeste""; southeast",speech (faculty of speech)
como hemos,231590,"Como (A city and comune in capital in province of Como, Lombardy.)",
debe a,231569,,letter
olor a,231558,"smell, scent, odor",letter
por ellos,231539,by,"plural of ""él"" (“they, them”)"
mañana siguiente,231483,tomorrow,following
una misma,231399,"acronym of ""Universidad Nacional de Agricultura""",
los antiguos,231346,"masculine plural of ""el"" (the)",the ancients
Guerra Mundial,231291,surname,related to all parts of the world; global
la radio,231259,feminine singular definite article; the,radio (device)
él estaba,231229,"he, him, masculine personal third person subject and disjunctive pronoun (used as a subject and after prepositions)",
llegué a,231228,,letter
los signos,231120,"masculine plural of ""el"" (the)",
una acción,231065,"acronym of ""Universidad Nacional de Agricultura""","action, act, deed (something done)"
el vino,231059,masculine singular definite article; the,"wine (An alcoholic beverage made by fermenting grape juice, with an ABV ranging from 5.5-16%.)"
mujeres de,231015,surname,letter: d
estaba segura,231006,,Segura (river)
establecimiento de,230951,establishment,letter: d
don Juan,230946,title of respect for a man: sir,John (Biblical character)
una estructura,230919,"acronym of ""Universidad Nacional de Agricultura""",structure
más profundo,230908,more; -er (used to make comparisons),deep (having a bottom far from the surface or mouth)
los huesos,230741,"masculine plural of ""el"" (the)",
líneas de,230641,,letter: d
más aún,230566,more; -er (used to make comparisons),"still, yet"
la estancia,230533,feminine singular definite article; the,"stay, residence, sojourn"
de distancia,230524,letter: d,"distance, distancy"
mantener el,230522,to keep,masculine singular definite article; the
del ejercicio,230514,"of the, from the (+ a masculine noun in singular)",exercise
noción de,230513,notion,letter: d
en Colombia,230492,"in, at, on",Colombia (A country in South America.)
a encontrar,230489,letter,to meet
pues en,230431,"so, then; in that case","in, at, on"
velocidad de,230423,speed,letter: d
la edición,230365,feminine singular definite article; the,edition
dejaba de,230286,,letter: d
un mal,230263,an; a,"abbreviation of ""Málaga"""
personas en,230212,,"in, at, on"
me temo,230182,"initialism of ""muerte encefálica"" (“brain death”)",
que sigue,230161,that,
disminución de,230124,"reduction, abatement (act, process, or result of reducing, or abating)",letter: d
parece ser,230090,,to be (essentially or identified as)
camino a,230084,"way, route",letter
una función,230080,"acronym of ""Universidad Nacional de Agricultura""",function
la Ciudad,229984,feminine singular definite article; the,city
esperar a,229857,to hope [+direct object (for something) or infinitive (to do something) or que (+ subjunctive clause) (that something happens)],letter
de nuevos,229806,letter: d,
de ropa,229796,letter: d,"garment, clothing, clothes, robes"
pero tampoco,229787,but,neither; nor; also not
que ocurre,229743,that,
responsables de,229706,,letter: d
también una,229702,"also, too, as well","acronym of ""Universidad Nacional de Agricultura"""
a pie,229598,letter,foot (a part of the body)
acuerdo a,229553,agreement,letter
los sueños,229520,"masculine plural of ""el"" (the)",
solo de,229463,sole; one; only; single (unique),letter: d
vive en,229415,,"in, at, on"
oficina de,229342,office (a room used for non-manual work),letter: d
luz y,229292,given name,letter
en adelante,229263,"in, at, on",forward (toward the front)
de memoria,229257,letter: d,memory (the ability of the brain to record information)
en nada,229244,"in, at, on","nothing, zero, zilch, not...anything"
si él,229231,"A @abbrev of:Sinaloa state, Mexico","he, him, masculine personal third person subject and disjunctive pronoun (used as a subject and after prepositions)"
que quieres,229220,that,
e hizo,229135,letter,
comenzaba a,229091,,letter
abrió los,229086,,"masculine plural of ""el"" (the)"
qué había,229068,(see usage notes) what; which,"smart inflection of ""haber"""
espera de,229019,wait,letter: d
mí mismo,229013,me; (declined form of yo used as the object of a preposition),same; identical; one and the same; indicates that the two compared noun clauses both represent the one thing
del padre,228939,"of the, from the (+ a masculine noun in singular)",Father (a title for a Latin Catholic priest and also God the Father)
para mejorar,228898,"for, to (expressing a recipient)","to make better, improve"
decir nada,228737,"to say, to tell, to name, to mention","nothing, zero, zilch, not...anything"
un chico,228725,an; a,Cámara Hondureña de la Industria de la Construcción
ha habido,228719,"initialism of ""ácido hialurónico""",
de responsabilidad,228714,letter: d,"responsibility, responsibleness"
que pudieran,228704,that,
hubo un,228681,,an; a
de alegría,228649,letter: d,surname
del norte,228631,"of the, from the (+ a masculine noun in singular)",Nord (A department of Hauts-de-France of France.)
y poco,228613,letter,"little, not much"
tiende a,228551,,letter
la marca,228450,feminine singular definite article; the,brand (of clothing etc.)
que nuestro,228320,that,ours
cual el,228293,"like, as, in the manner of",masculine singular definite article; the
una amplia,228239,"acronym of ""Universidad Nacional de Agricultura""",
isla de,228007,surname,letter: d
todo de,227937,all; every,letter: d
por razones,227910,by,
comunidad de,227864,community,letter: d
días y,227715,,letter
está claro,227658,,given name
tal manera,227608,such,way; manner; method; style
camino que,227607,"way, route",that
a aquella,227538,letter,"feminine singular of ""aquel"""
las escuelas,227509,feminine plural definite article; the,
pero había,227467,but,"smart inflection of ""haber"""
se sienta,227451,"abbreviation of ""sudeste""; southeast",
grande que,227348,surname,that
de fondo,227322,letter: d,bottom
otros dos,227319,"masculine plural of ""otro""",two
su país,227310,given name,country (the territory of a nation)
unos instantes,227229,"masculine plural of ""un""",
de camino,227215,letter: d,"way, route"
modelos de,227191,,letter: d
de evaluación,227160,letter: d,evaluation
edición de,227108,edition,letter: d
entre un,227079,between,an; a
y tampoco,227037,letter,neither; nor; also not
a escribir,226965,letter,"to write (to form letters, words or symbols on a surface in order to communicate)"
la nota,226956,feminine singular definite article; the,"note, memo"
los números,226947,"masculine plural of ""el"" (the)",Numbers (the book of the Bible)
paso del,226918,"acronym of ""(elecciones) primarias, abiertas, simultáneas y obligatorias"" (“primary, open, simultaneous, and mandatory (elections)”)","of the, from the (+ a masculine noun in singular)"
proyectos de,226714,,letter: d
propio de,226637,own (belonging to),letter: d
amor que,226626,surname,that
la discusión,226584,feminine singular definite article; the,discussion
la regla,226526,feminine singular definite article; the,"rule (regulation, norm)"
la pista,226499,feminine singular definite article; the,"track, course, trail"
la transformación,226350,feminine singular definite article; the,transformation
alzó la,226276,,feminine singular definite article; the
mediante un,226197,"by means of, through, using",an; a
los sentidos,226183,"masculine plural of ""el"" (the)",
y porque,226167,letter,because
del cuello,226127,"of the, from the (+ a masculine noun in singular)",neck (part of body connecting the head and the torso)
que pudo,226092,that,
los actores,226090,"masculine plural of ""el"" (the)",
uno mismo,226085,one,same; identical; one and the same; indicates that the two compared noun clauses both represent the one thing
presentes en,226042,,"in, at, on"
sentido del,226027,"deeply felt, heartfelt","of the, from the (+ a masculine noun in singular)"
un período,226019,an; a,period (interval of time)
la cruz,225997,feminine singular definite article; the,surname
bajo los,225960,short (of little height),"masculine plural of ""el"" (the)"
lo dijo,225903,"inflection of ""él"" and usted (when referring to a man), and a variant of ello in many constructions; him, you (formal), it, that",
los espacios,225747,"masculine plural of ""el"" (the)",
solo para,225725,sole; one; only; single (unique),"for, to (expressing a recipient)"
solo a,225685,sole; one; only; single (unique),letter
don Quijote,225603,title of respect for a man: sir,Don Quixote (the novel)
acabar con,225599,to finish; to end,with
prevención de,225579,prevention,letter: d
ese modo,225568,letter: s,"way, manner"
quien le,225465,who,"to him, for him; inflection of ""él"""
los pensamientos,225457,"masculine plural of ""el"" (the)",
de varias,225443,letter: d,
la principal,225419,feminine singular definite article; the,"main, most important"
el secreto,225319,masculine singular definite article; the,secret
estas palabras,225276,"alternative spelling of ""éstas"" (“these ones”)","plural of ""palabra"" (“words”)"
principios del,225187,,"of the, from the (+ a masculine noun in singular)"
sino un,225178,"destiny, fate, lot",an; a
estrategia de,225108,strategy,letter: d
por desgracia,225079,by,disgrace
me sentí,225054,"initialism of ""muerte encefálica"" (“brain death”)",
he sido,225028,here is [+(suffixed) accusative or aquí or ahí or allí],
su expresión,224984,given name,expression
aquí no,224961,here (in the speaker's location),"abbreviation of ""noroeste""; northwest"
sangre de,224924,blood,letter: d
las situaciones,224849,feminine plural definite article; the,
mientras le,224825,meanwhile,"to him, for him; inflection of ""él"""
