text,popularity,meaning1,meaning2
o que,388,"The fifteenth letter of the Portuguese alphabet, called ó and written in the Latin script.",that (connecting noun clause)
é que,134,third-person singular present indicative of ser,that (connecting noun clause)
não é,108,not; don't; haven't (negates the meaning of the verb or adverb),third-person singular present indicative of ser
que é,99,that (connecting noun clause),third-person singular present indicative of ser
está a,81,inflection of estar,"The first letter of the Portuguese alphabet, written in the Latin script."
estás a,80,second-person singular present indicative of estar,"The first letter of the Portuguese alphabet, written in the Latin script."
é o,60,third-person singular present indicative of ser,"The fifteenth letter of the Portuguese alphabet, called ó and written in the Latin script."
não não,59,not; don't; haven't (negates the meaning of the verb or adverb),not; don't; haven't (negates the meaning of the verb or adverb)
por favor,58,for (on behalf of),favor (instance of voluntarily assisting someone)
a fazer,56,"The first letter of the Portuguese alphabet, written in the Latin script.",to make
isso é,54,that (the thing near you; the thing mentioned that concerns you),third-person singular present indicative of ser
estou a,54,hello (a greeting used when answering the telephone),"The first letter of the Portuguese alphabet, written in the Latin script."
não me,53,not; don't; haven't (negates the meaning of the verb or adverb),first-person singular objective direct personal pronoun; me
isto é,51,this (the thing here),third-person singular present indicative of ser
eu não,50,I (first-person singular personal pronoun),not; don't; haven't (negates the meaning of the verb or adverb)
está bem,50,inflection of estar,well; accurately; competently
que estás,47,that (connecting noun clause),second-person singular present indicative of estar
é a,44,third-person singular present indicative of ser,"The first letter of the Portuguese alphabet, written in the Latin script."
que se,44,that (connecting noun clause),abbreviation of Sergipe: a state of Brazil
não sei,42,not; don't; haven't (negates the meaning of the verb or adverb),first-person singular present indicative of saber
é um,40,third-person singular present indicative of ser,one
como é,39,"Como (a city and comune, the capital of the province of Como, Lombardy)",third-person singular present indicative of ser
é uma,37,third-person singular present indicative of ser,feminine of um
o quê,36,"The fifteenth letter of the Portuguese alphabet, called ó and written in the Latin script.",what (which thing)
a minha,36,"The first letter of the Portuguese alphabet, written in the Latin script.",feminine singular of meu
tudo bem,35,everything (all the things),well; accurately; competently
qual é,35,which,third-person singular present indicative of ser
alguma coisa,35,feminine singular of algum,"thing (a physical object, entity, or situation)"
uma coisa,34,feminine of um,"thing (a physical object, entity, or situation)"
que está,34,that (connecting noun clause),inflection of estar
ele está,34,third-person masculine singular nominative personal pronoun; he; it,inflection of estar
a falar,34,"The first letter of the Portuguese alphabet, written in the Latin script.",to speak; to talk (to say words out loud)
não te,33,not; don't; haven't (negates the meaning of the verb or adverb),"you (singular), thee"
o meu,32,"The fifteenth letter of the Portuguese alphabet, called ó and written in the Latin script.","my (belonging to, associated with, related to, or in the possession of me)"
que sim,31,that (connecting noun clause),yes (affirmative answer)
se passa,30,abbreviation of Sergipe: a state of Brazil,dried fruit
claro que,29,light (pale in colour),that (connecting noun clause)
é muito,28,third-person singular present indicative of ser,much; many; a lot of; lots of
não está,28,not; don't; haven't (negates the meaning of the verb or adverb),inflection of estar
não tenho,27,not; don't; haven't (negates the meaning of the verb or adverb),first-person singular present indicative of ter
onde está,26,"where; wherever (in or at what place; in or at a/any/the place that, in what situation)",inflection of estar
não há,26,not; don't; haven't (negates the meaning of the verb or adverb),inflection of haver:
tenho de,25,first-person singular present indicative of ter,of (in relation to)
que raio,25,that (connecting noun clause),ray
eu sei,25,I (first-person singular personal pronoun),first-person singular present indicative of saber
é isso,24,third-person singular present indicative of ser,that (the thing near you; the thing mentioned that concerns you)
quem é,24,who; whom (which person?),third-person singular present indicative of ser
onde é,24,"where; wherever (in or at what place; in or at a/any/the place that, in what situation)",third-person singular present indicative of ser
deixa me,24,cue (action or event that is a signal to do something),first-person singular objective direct personal pronoun; me
que queres,23,that (connecting noun clause),second-person singular present indicative of querer
que não,23,that (connecting noun clause),not; don't; haven't (negates the meaning of the verb or adverb)
isso não,23,that (the thing near you; the thing mentioned that concerns you),not; don't; haven't (negates the meaning of the verb or adverb)
está tudo,23,inflection of estar,everything (all the things)
que foi,22,that (connecting noun clause),third-person singular preterite indicative of ir
que eu,22,that (connecting noun clause),I (first-person singular personal pronoun)
não posso,22,not; don't; haven't (negates the meaning of the verb or adverb),first-person singular present indicative of poder
muito bem,22,much; many; a lot of; lots of,well; accurately; competently
com isso,22,with; against,that (the thing near you; the thing mentioned that concerns you)
o teu,21,"The fifteenth letter of the Portuguese alphabet, called ó and written in the Latin script.","your (singular) (belonging to, associated with, related to, or in the possession of you)"
eu vou,21,I (first-person singular personal pronoun),first-person singular present indicative of ir
a dizer,21,"The first letter of the Portuguese alphabet, written in the Latin script.",to say
dá me,20,inflection of dar:,first-person singular objective direct personal pronoun; me
a brincar,20,"The first letter of the Portuguese alphabet, written in the Latin script.","to play, as in child's play or ""playing around"""
que ele,19,that (connecting noun clause),third-person masculine singular nominative personal pronoun; he; it
não estou,19,not; don't; haven't (negates the meaning of the verb or adverb),hello (a greeting used when answering the telephone)
estão a,19,third-person plural present indicative of estar,"The first letter of the Portuguese alphabet, written in the Latin script."
de mim,19,of (in relation to),first-person singular prepositional pronoun
com ele,19,with; against,third-person masculine singular nominative personal pronoun; he; it
a tua,19,"The first letter of the Portuguese alphabet, written in the Latin script.",feminine singular of teu
para mim,18,"for (directed at, intended to belong to or to be appropriate for)",first-person singular prepositional pronoun
não quero,18,not; don't; haven't (negates the meaning of the verb or adverb),first-person singular present indicative of querer
não o,18,not; don't; haven't (negates the meaning of the verb or adverb),"The fifteenth letter of the Portuguese alphabet, called ó and written in the Latin script."
fazer isto,18,to make,this (the thing here)
fazer isso,18,to make,that (the thing near you; the thing mentioned that concerns you)
ela está,18,third-person feminine singular nominative pronoun she; it,inflection of estar
do que,18,"contraction of de + o, literally “of the, from the, -'s (masculine singular)”",that (connecting noun clause)
de ir,18,of (in relation to),to go (to move to a destination)
é bom,17,third-person singular present indicative of ser,good
preciso de,17,precise; accurate (in exact or careful conformity with the truth),of (in relation to)
posso fazer,17,first-person singular present indicative of poder,to make
não se,17,not; don't; haven't (negates the meaning of the verb or adverb),abbreviation of Sergipe: a state of Brazil
não foi,17,not; don't; haven't (negates the meaning of the verb or adverb),third-person singular preterite indicative of ir
de ti,17,of (in relation to),prepositional of tu
para casa,16,"for (directed at, intended to belong to or to be appropriate for)",house
meu deus,16,"my (belonging to, associated with, related to, or in the possession of me)",god; deity
em mim,16,in; inside; within (contained by),first-person singular prepositional pronoun
ele é,16,third-person masculine singular nominative personal pronoun; he; it,third-person singular present indicative of ser
a ver,16,"The first letter of the Portuguese alphabet, written in the Latin script.",to see; to observe (to perceive with one’s eyes)
a sério,16,"The first letter of the Portuguese alphabet, written in the Latin script.",serious; solemn (without humor or expression of happiness)
a certeza,16,"The first letter of the Portuguese alphabet, written in the Latin script.",certainty (state of being certain)
é isto,15,third-person singular present indicative of ser,this (the thing here)
vá lá,15,inflection of ir:,"there (in that place, far from both the speaker and the audience)"
vamos lá,15,inflection of ir:,"there (in that place, far from both the speaker and the audience)"
sei o,15,first-person singular present indicative of saber,"The fifteenth letter of the Portuguese alphabet, called ó and written in the Latin script."
que quer,15,that (connecting noun clause),inflection of querer:
que aconteceu,15,that (connecting noun clause),third-person singular preterite indicative of acontecer
isto não,15,this (the thing here),not; don't; haven't (negates the meaning of the verb or adverb)
é assim,14,third-person singular present indicative of ser,full of; replete
temos de,14,first-person plural present indicative of ter,of (in relation to)
sabes o,14,second-person singular present indicative of saber,"The fifteenth letter of the Portuguese alphabet, called ó and written in the Latin script."
que posso,14,that (connecting noun clause),first-person singular present indicative of poder
por que,14,for (on behalf of),that (connecting noun clause)
para ti,14,"for (directed at, intended to belong to or to be appropriate for)",prepositional of tu
para onde,14,"for (directed at, intended to belong to or to be appropriate for)","where; wherever (in or at what place; in or at a/any/the place that, in what situation)"
não vou,14,not; don't; haven't (negates the meaning of the verb or adverb),first-person singular present indicative of ir
não vai,14,not; don't; haven't (negates the meaning of the verb or adverb),inflection of ir:
não consigo,14,not; don't; haven't (negates the meaning of the verb or adverb),third-person singular reflexive prepositional pronoun with com (with himself; with herself; with itself; with yourself)
eu disse,14,I (first-person singular personal pronoun),first/third-person singular preterite indicative of dizer
está aqui,14,inflection of estar,here (in this place)
estou bem,14,hello (a greeting used when answering the telephone),well; accurately; competently
é verdade,13,third-person singular present indicative of ser,truth (conformity to fact or reality)
um pouco,13,one,little of something
tens de,13,second-person singular present indicative of ter,of (in relation to)
que te,13,that (connecting noun clause),"you (singular), thee"
que isso,13,that (connecting noun clause),that (the thing near you; the thing mentioned that concerns you)
não tem,13,not; don't; haven't (negates the meaning of the verb or adverb),inflection of ter:
é tudo,12,third-person singular present indicative of ser,everything (all the things)
é meu,12,third-person singular present indicative of ser,"my (belonging to, associated with, related to, or in the possession of me)"
um minuto,12,one,minute (60 seconds)
te uma,12,"you (singular), thee",feminine of um
só um,12,only; just (alone in a category),one
que tens,12,that (connecting noun clause),second-person singular present indicative of ter
que estou,12,that (connecting noun clause),hello (a greeting used when answering the telephone)
olha para,12,"a stew prepared with meat, chickpeas, peas and other vegetables","for (directed at, intended to belong to or to be appropriate for)"
não sou,12,not; don't; haven't (negates the meaning of the verb or adverb),first-person singular present indicative of ser
me a,12,first-person singular objective direct personal pronoun; me,"The first letter of the Portuguese alphabet, written in the Latin script."
está o,12,inflection of estar,"The fifteenth letter of the Portuguese alphabet, called ó and written in the Latin script."
e o,12,"The fifth letter of the Portuguese alphabet, called ê or é and written in the Latin script.","The fifteenth letter of the Portuguese alphabet, called ó and written in the Latin script."
deixe me,12,inflection of deixar:,first-person singular objective direct personal pronoun; me
boa noite,12,feminine singular of bom,night (period between sunset and sunrise)
acho que,12,first-person singular present indicative of achar,that (connecting noun clause)
a ouvir,12,"The first letter of the Portuguese alphabet, written in the Latin script.","to hear (to perceive with the ear, without necessarily paying attention to it)"
é nada,11,third-person singular present indicative of ser,nothing (not any thing; no thing)
sair daqui,11,to exit; to leave (go away from a certain place or situation); to get out (of),"contraction of de + aqui, literally “from here”"
que vais,11,that (connecting noun clause),second-person singular present indicative of ir
que estão,11,that (connecting noun clause),third-person plural present indicative of estar
por isso,11,for (on behalf of),that (the thing near you; the thing mentioned that concerns you)
não temos,11,not; don't; haven't (negates the meaning of the verb or adverb),first-person plural present indicative of ter
não pode,11,not; don't; haven't (negates the meaning of the verb or adverb),inflection of poder:
mas que,11,but (introduces a clause that contradicts the implications of the previous clause),that (connecting noun clause)
isso que,11,that (the thing near you; the thing mentioned that concerns you),that (connecting noun clause)
estás aqui,11,second-person singular present indicative of estar,here (in this place)
está ele,11,inflection of estar,third-person masculine singular nominative personal pronoun; he; it
estar a,11,to be (indicates location in space),"The first letter of the Portuguese alphabet, written in the Latin script."
estamos a,11,first-person plural present indicative of estar,"The first letter of the Portuguese alphabet, written in the Latin script."
então o,11,then (at that time),"The fifteenth letter of the Portuguese alphabet, called ó and written in the Latin script."
de que,11,of (in relation to),that (connecting noun clause)
bom dia,11,good,day
é melhor,10,third-person singular present indicative of ser,comparative degree of bom: better
é essa,10,third-person singular present indicative of ser,feminine singular of esse
vamos fazer,10,inflection of ir:,to make
vai ser,10,inflection of ir:,"to be (to have the given quality), especially a quality that is intrinsic or not expected to change, contrasting with estar which denotes a temporary quality"
um prazer,10,one,pleasure
um bom,10,one,good
tenho uma,10,first-person singular present indicative of ter,feminine of um
quer dizer,10,inflection of querer:,to say
que mais,10,that (connecting noun clause),used to form the comparative of adjectives and adverbs; more; -er
para a,10,"for (directed at, intended to belong to or to be appropriate for)","The first letter of the Portuguese alphabet, written in the Latin script."
onde estão,10,"where; wherever (in or at what place; in or at a/any/the place that, in what situation)",third-person plural present indicative of estar
obrigado por,10,thanks; thank you,for (on behalf of)
não tens,10,not; don't; haven't (negates the meaning of the verb or adverb),second-person singular present indicative of ter
não faz,10,not; don't; haven't (negates the meaning of the verb or adverb),inflection of fazer:
foi isso,10,third-person singular preterite indicative of ir,that (the thing near you; the thing mentioned that concerns you)
ficar bem,10,to become; to get; to end up,well; accurately; competently
eu também,10,I (first-person singular personal pronoun),too; also (in addition; as well)
em paz,10,in; inside; within (contained by),peace
disse isso,10,first/third-person singular preterite indicative of dizer,that (the thing near you; the thing mentioned that concerns you)
ainda não,10,"still, yet (up to a time)",not; don't; haven't (negates the meaning of the verb or adverb)
a culpa,10,"The first letter of the Portuguese alphabet, written in the Latin script.",fault
a arma,10,"The first letter of the Portuguese alphabet, written in the Latin script.",weapon
é só,9,third-person singular present indicative of ser,only; just (alone in a category)
é este,9,third-person singular present indicative of ser,this (indicates something or someone nearby)
você está,9,"second-person singular personal pronoun, formal or informal in Brazil, formal or semi-formal in Portugal; you",inflection of estar
um segundo,9,one,second (ordinal numeral for 2)
sim eu,9,yes (affirmative answer),I (first-person singular personal pronoun)
que você,9,that (connecting noun clause),"second-person singular personal pronoun, formal or informal in Brazil, formal or semi-formal in Portugal; you"
que tal,9,that (connecting noun clause),such
que fizeste,9,that (connecting noun clause),second-person singular preterite indicative of fazer
que fazemos,9,that (connecting noun clause),first-person plural present indicative of fazer
que disse,9,that (connecting noun clause),first/third-person singular preterite indicative of dizer
quanto tempo,9,as (to the same extent or degree that),time (the progression from the present into the future)
não sejas,9,not; don't; haven't (negates the meaning of the verb or adverb),second-person singular present subjunctive of ser
não podes,9,not; don't; haven't (negates the meaning of the verb or adverb),second-person singular present indicative of poder
muito tempo,9,much; many; a lot of; lots of,time (the progression from the present into the future)
me um,9,first-person singular objective direct personal pronoun; me,one
mais tarde,9,used to form the comparative of adjectives and adverbs; more; -er,late (near the end of a period of time)
foi um,9,third-person singular preterite indicative of ir,one
foi o,9,third-person singular preterite indicative of ir,"The fifteenth letter of the Portuguese alphabet, called ó and written in the Latin script."
falar com,9,to speak; to talk (to say words out loud),with; against
estás bem,9,second-person singular present indicative of estar,well; accurately; competently
ele não,9,third-person masculine singular nominative personal pronoun; he; it,not; don't; haven't (negates the meaning of the verb or adverb)
de volta,9,of (in relation to),return (act of returning)
como se,9,"Como (a city and comune, the capital of the province of Como, Lombardy)",abbreviation of Sergipe: a state of Brazil
com ela,9,with; against,third-person feminine singular nominative pronoun she; it
a verdade,9,"The first letter of the Portuguese alphabet, written in the Latin script.",truth (conformity to fact or reality)
a porta,9,"The first letter of the Portuguese alphabet, written in the Latin script.",door
a pensar,9,"The first letter of the Portuguese alphabet, written in the Latin script.",to think (communicate to oneself in one’s mind)
a acontecer,9,"The first letter of the Portuguese alphabet, written in the Latin script.",to happen; to occur; to take place
és tu,8,second-person singular present indicative of ser,you; thou (singular second person pronoun)
é por,8,third-person singular present indicative of ser,for (on behalf of)
é para,8,third-person singular present indicative of ser,"for (directed at, intended to belong to or to be appropriate for)"
é esse,8,third-person singular present indicative of ser,that (near you)
à vontade,8,contraction of a (“to”) + a f sg (“the”): feminine singular of ao,will; the condition of feeling like or wanting something
tu não,8,you; thou (singular second person pronoun),not; don't; haven't (negates the meaning of the verb or adverb)
toda a,8,feminine singular of todo,"The first letter of the Portuguese alphabet, written in the Latin script."
te disse,8,"you (singular), thee",first/third-person singular preterite indicative of dizer
sou eu,8,first-person singular present indicative of ser,I (first-person singular personal pronoun)
sim é,8,yes (affirmative answer),third-person singular present indicative of ser
que vai,8,that (connecting noun clause),inflection of ir:
que tem,8,that (connecting noun clause),inflection of ter:
que sabes,8,that (connecting noun clause),second-person singular present indicative of saber
que me,8,that (connecting noun clause),first-person singular objective direct personal pronoun; me
que lhe,8,that (connecting noun clause),dative of ele and ela: (to) him/her/it
que fazer,8,that (connecting noun clause),to make
prazer em,8,pleasure,in; inside; within (contained by)
posso ajudar,8,first-person singular present indicative of poder,"to help, aid; to assist"
porque não,8,because (introduces a reason for that described in the previous clause),not; don't; haven't (negates the meaning of the verb or adverb)
outra vez,8,feminine singular of outro,time; occasion
o problema,8,"The fifteenth letter of the Portuguese alphabet, called ó and written in the Latin script.",problem (difficulty that has to be resolved or dealt with)
não podemos,8,not; don't; haven't (negates the meaning of the verb or adverb),first-person plural present indicative of poder
não faças,8,not; don't; haven't (negates the meaning of the verb or adverb),second-person singular present subjunctive of fazer
não eu,8,not; don't; haven't (negates the meaning of the verb or adverb),I (first-person singular personal pronoun)
não estás,8,not; don't; haven't (negates the meaning of the verb or adverb),second-person singular present indicative of estar
não disse,8,not; don't; haven't (negates the meaning of the verb or adverb),first/third-person singular preterite indicative of dizer
não acredito,8,not; don't; haven't (negates the meaning of the verb or adverb),first-person singular present indicative of acreditar
nada de,8,nothing (not any thing; no thing),of (in relation to)
nada a,8,nothing (not any thing; no thing),"The first letter of the Portuguese alphabet, written in the Latin script."
mais uma,8,used to form the comparative of adjectives and adverbs; more; -er,feminine of um
favor não,8,favor (instance of voluntarily assisting someone),not; don't; haven't (negates the meaning of the verb or adverb)
está ela,8,inflection of estar,third-person feminine singular nominative pronoun she; it
estou aqui,8,hello (a greeting used when answering the telephone),here (in this place)
em casa,8,in; inside; within (contained by),house
ele disse,8,third-person masculine singular nominative personal pronoun; he; it,first/third-person singular preterite indicative of dizer
ela é,8,third-person feminine singular nominative pronoun she; it,third-person singular present indicative of ser
e eu,8,"The fifth letter of the Portuguese alphabet, called ê or é and written in the Latin script.",I (first-person singular personal pronoun)
diz me,8,inflection of dizer:,first-person singular objective direct personal pronoun; me
de falar,8,of (in relation to),to speak; to talk (to say words out loud)
a gozar,8,"The first letter of the Portuguese alphabet, written in the Latin script.",to enjoy
a dormir,8,"The first letter of the Portuguese alphabet, written in the Latin script.",to sleep; to be asleep (to rest in a state of reduced consciousness)
a caminho,8,"The first letter of the Portuguese alphabet, written in the Latin script.",path
é tão,7,third-person singular present indicative of ser,so (to a great extent)
é possível,7,third-person singular present indicative of ser,possible
vê lo,7,The name of the Latin script letter V/v.,"alternative form of o (third-person masculine singular objective pronoun) used as an enclitic and mesoclitic following a verb form ending in a consonant (-z, -r and -s, but not -m); the consonant is elided and the preceding vowel takes an accent if necessary"
vou fazer,7,first-person singular present indicative of ir,to make
ver te,7,to see; to observe (to perceive with one’s eyes),"you (singular), thee"
vemo nos,7,,inflection of nós
vai ficar,7,inflection of ir:,to become; to get; to end up
uma pergunta,7,feminine of um,question
uma boa,7,feminine of um,feminine singular of bom
tens a,7,second-person singular present indicative of ter,"The first letter of the Portuguese alphabet, written in the Latin script."
tenho um,7,first-person singular present indicative of ter,one
sei quem,7,first-person singular present indicative of saber,who; whom (which person?)
se embora,7,abbreviation of Sergipe: a state of Brazil,away; hence (from this place)
raio é,7,ray,third-person singular present indicative of ser
queres dizer,7,second-person singular present indicative of querer,to say
que faz,7,that (connecting noun clause),inflection of fazer:
que ela,7,that (connecting noun clause),third-person feminine singular nominative pronoun she; it
que achas,7,that (connecting noun clause),second-person singular present indicative of achar
precisamos de,7,inflection of precisar:,of (in relation to)
posso falar,7,first-person singular present indicative of poder,to speak; to talk (to say words out loud)
posso ajudá,7,first-person singular present indicative of poder,
pode ser,7,inflection of poder:,"to be (to have the given quality), especially a quality that is intrinsic or not expected to change, contrasting with estar which denotes a temporary quality"
para trás,7,"for (directed at, intended to belong to or to be appropriate for)",behind
para o,7,"for (directed at, intended to belong to or to be appropriate for)","The fifteenth letter of the Portuguese alphabet, called ó and written in the Latin script."
para isto,7,"for (directed at, intended to belong to or to be appropriate for)",this (the thing here)
oh meu,7,alternative spelling of ó,"my (belonging to, associated with, related to, or in the possession of me)"
não vais,7,not; don't; haven't (negates the meaning of the verb or adverb),second-person singular present indicative of ir
não sabes,7,not; don't; haven't (negates the meaning of the verb or adverb),second-person singular present indicative of saber
no chão,7,abbreviation of noroeste,"ground, soil, earth"
minha senhora,7,feminine singular of meu,lady
minha casa,7,feminine singular of meu,house
mas não,7,but (introduces a clause that contradicts the implications of the previous clause),not; don't; haven't (negates the meaning of the verb or adverb)
lado nenhum,7,side,"no, none"
há nada,7,inflection of haver:,nothing (not any thing; no thing)
foi que,7,third-person singular preterite indicative of ir,that (connecting noun clause)
filho da,7,son (male offspring),"contraction of de + a, literally “of/from the (feminine singular)”: feminine singular of do"
falar contigo,7,to speak; to talk (to say words out loud),with you (singular)
eu vi,7,I (first-person singular personal pronoun),first-person singular preterite indicative of ver
eu tenho,7,I (first-person singular personal pronoun),first-person singular present indicative of ter
estão todos,7,third-person plural present indicative of estar,masculine plural of todo
em ti,7,in; inside; within (contained by),prepositional of tu
e tu,7,"The fifth letter of the Portuguese alphabet, called ê or é and written in the Latin script.",you; thou (singular second person pronoun)
deixem me,7,inflection of deixar:,first-person singular objective direct personal pronoun; me
de quê,7,of (in relation to),what (which thing)
de fazer,7,of (in relation to),to make
de ajuda,7,of (in relation to),"help, assistance, aid"
dar uma,7,to give,feminine of um
como está,7,"Como (a city and comune, the capital of the province of Como, Lombardy)",inflection of estar
bem vamos,7,well; accurately; competently,inflection of ir:
ao trabalho,7,contraction of a (“to”) + o m sg (“the”),job (economic role for which a person is paid)
a todos,7,"The first letter of the Portuguese alphabet, written in the Latin script.",masculine plural of todo
a ir,7,"The first letter of the Portuguese alphabet, written in the Latin script.",to go (to move to a destination)
a chegar,7,"The first letter of the Portuguese alphabet, written in the Latin script.",to arrive (at); to reach (to conclude moving to a destination)
é minha,6,third-person singular present indicative of ser,feminine singular of meu
é lindo,6,third-person singular present indicative of ser,beautiful; gorgeous;
é boa,6,third-person singular present indicative of ser,feminine singular of bom
à espera,6,contraction of a (“to”) + a f sg (“the”): feminine singular of ao,wait (time spent waiting)
volta para,6,return (act of returning),"for (directed at, intended to belong to or to be appropriate for)"
vejo te,6,first-person singular present indicative of ver,"you (singular), thee"
vamos a,6,inflection of ir:,"The first letter of the Portuguese alphabet, written in the Latin script."
vai vai,6,inflection of ir:,inflection of ir:
vai te,6,inflection of ir:,"you (singular), thee"
vai para,6,inflection of ir:,"for (directed at, intended to belong to or to be appropriate for)"
um problema,6,one,problem (difficulty that has to be resolved or dealt with)
um erro,6,one,error; mistake
todo o,6,every; all (all of a group),"The fifteenth letter of the Portuguese alphabet, called ó and written in the Latin script."
teu pai,6,"your (singular) (belonging to, associated with, related to, or in the possession of you)",father (male who sires a child)
te preocupes,6,"you (singular), thee",second-person singular present subjunctive of preocupar
te de,6,"you (singular), thee",of (in relation to)
te bem,6,"you (singular), thee",well; accurately; competently
sim estou,6,yes (affirmative answer),hello (a greeting used when answering the telephone)
sente se,6,inflection of sentar:,abbreviation of Sergipe: a state of Brazil
se chama,6,abbreviation of Sergipe: a state of Brazil,flame (visible part of fire)
sabes isso,6,second-person singular present indicative of saber,that (the thing near you; the thing mentioned that concerns you)
sabes disso,6,second-person singular present indicative of saber,"contraction of de + isso, literally “of this thing”: neuter of desse"
raio se,6,ray,abbreviation of Sergipe: a state of Brazil
quero ir,6,first-person singular present indicative of querer,to go (to move to a destination)
quero dizer,6,first-person singular present indicative of querer,to say
queres que,6,second-person singular present indicative of querer,that (connecting noun clause)
que significa,6,that (connecting noun clause),inflection of significar:
que merda,6,that (connecting noun clause),shit; faeces (excretory product evacuated from the bowels)
que ir,6,that (connecting noun clause),to go (to move to a destination)
que fazes,6,that (connecting noun clause),second-person singular present indicative of fazer
que diabos,6,that (connecting noun clause),plural of diabo
que diabo,6,that (connecting noun clause),devil; demon; fiend (creature from Hell)
precisas de,6,feminine plural of preciso,of (in relation to)
por mim,6,for (on behalf of),first-person singular prepositional pronoun
por aqui,6,for (on behalf of),here (in this place)
podes fazer,6,second-person singular present indicative of poder,to make
para que,6,"for (directed at, intended to belong to or to be appropriate for)",that (connecting noun clause)
ouvir me,6,"to hear (to perceive with the ear, without necessarily paying attention to it)",first-person singular objective direct personal pronoun; me
os meus,6,masculine plural of o,masculine plural of meu
olhe para,6,inflection of olhar:,"for (directed at, intended to belong to or to be appropriate for)"
o carro,6,"The fifteenth letter of the Portuguese alphabet, called ó and written in the Latin script.",cart (vehicle drawn or pushed by a person or animal)
não sabia,6,not; don't; haven't (negates the meaning of the verb or adverb),first/third-person singular imperfect indicative of saber
não preciso,6,not; don't; haven't (negates the meaning of the verb or adverb),precise; accurate (in exact or careful conformity with the truth)
não olhes,6,not; don't; haven't (negates the meaning of the verb or adverb),second-person singular present subjunctive of olhar
não era,6,not; don't; haven't (negates the meaning of the verb or adverb),"era (time period of indeterminate length, generally more than one year)"
muito bom,6,much; many; a lot of; lots of,good
minha mãe,6,feminine singular of meu,mother (female who gives birth to or parents a child)
meu irmão,6,"my (belonging to, associated with, related to, or in the possession of me)",brother (male sibling)
me o,6,first-person singular objective direct personal pronoun; me,"The fifteenth letter of the Portuguese alphabet, called ó and written in the Latin script."
me lembro,6,first-person singular objective direct personal pronoun; me,first-person singular present indicative of lembrar
matá lo,6,"apocopic form of matar; used preceding the pronouns lo, la, los or las","alternative form of o (third-person masculine singular objective pronoun) used as an enclitic and mesoclitic following a verb form ending in a consonant (-z, -r and -s, but not -m); the consonant is elided and the preceding vowel takes an accent if necessary"
há mais,6,inflection of haver:,used to form the comparative of adjectives and adverbs; more; -er
foi se,6,third-person singular preterite indicative of ir,abbreviation of Sergipe: a state of Brazil
fizeste isso,6,second-person singular preterite indicative of fazer,that (the thing near you; the thing mentioned that concerns you)
fazer aqui,6,to make,here (in this place)
faz sentido,6,inflection of fazer:,sense (animals’ means of gathering data)
falar a,6,to speak; to talk (to say words out loud),"The first letter of the Portuguese alphabet, written in the Latin script."
eu estou,6,I (first-person singular personal pronoun),hello (a greeting used when answering the telephone)
estás com,6,second-person singular present indicative of estar,with; against
está lá,6,inflection of estar,"there (in that place, far from both the speaker and the audience)"
está certo,6,inflection of estar,right; correct (not containing errors)
estamos aqui,6,first-person plural present indicative of estar,here (in this place)
espero que,6,first-person singular present indicative of esperar,that (connecting noun clause)
espera um,6,wait (time spent waiting),one
em que,6,in; inside; within (contained by),that (connecting noun clause)
em frente,6,in; inside; within (contained by),front (facing side)
ele vai,6,third-person masculine singular nominative personal pronoun; he; it,inflection of ir:
ela disse,6,third-person feminine singular nominative pronoun she; it,first/third-person singular preterite indicative of dizer
e a,6,"The fifth letter of the Portuguese alphabet, called ê or é and written in the Latin script.","The first letter of the Portuguese alphabet, written in the Latin script."
dê me,6,The name of the Latin script letter D/d.,first-person singular objective direct personal pronoun; me
de onde,6,of (in relation to),"where; wherever (in or at what place; in or at a/any/the place that, in what situation)"
de mais,6,of (in relation to),used to form the comparative of adjectives and adverbs; more; -er
bom homem,6,good,male (human of masculine gender)
bem vindo,6,well; accurately; competently,past participle of vir
assim tão,6,full of; replete,so (to a great extent)
aqui a,6,here (in this place),"The first letter of the Portuguese alphabet, written in the Latin script."
amo te,6,master,"you (singular), thee"
ajudar te,6,"to help, aid; to assist","you (singular), thee"
a ti,6,"The first letter of the Portuguese alphabet, written in the Latin script.",prepositional of tu
a polícia,6,"The first letter of the Portuguese alphabet, written in the Latin script.",police
a perceber,6,"The first letter of the Portuguese alphabet, written in the Latin script.",to understand
a passar,6,"The first letter of the Portuguese alphabet, written in the Latin script.",to pass; to pass by (to move past)
a lado,6,"The first letter of the Portuguese alphabet, written in the Latin script.",side
a andar,6,"The first letter of the Portuguese alphabet, written in the Latin script.",to walk (to move on one’s feet)
és um,5,second-person singular present indicative of ser,one
é você,5,third-person singular present indicative of ser,"second-person singular personal pronoun, formal or informal in Brazil, formal or semi-formal in Portugal; you"
é tua,5,third-person singular present indicative of ser,feminine singular of teu
é mesmo,5,third-person singular present indicative of ser,the same
é importante,5,third-person singular present indicative of ser,important (having relevant and crucial value)
é fixe,5,third-person singular present indicative of ser,"cool, awesome"
é estranho,5,third-person singular present indicative of ser,odd; strange (not normal)
é esta,5,third-person singular present indicative of ser,feminine singular of este
é ele,5,third-person singular present indicative of ser,third-person masculine singular nominative personal pronoun; he; it
é ela,5,third-person singular present indicative of ser,third-person feminine singular nominative pronoun she; it
é difícil,5,third-person singular present indicative of ser,"difficult, hard, unlikely"
é de,5,third-person singular present indicative of ser,of (in relation to)
é claro,5,third-person singular present indicative of ser,light (pale in colour)
vou ficar,5,first-person singular present indicative of ir,to become; to get; to end up
vais fazer,5,second-person singular present indicative of ir,to make
vai acontecer,5,inflection of ir:,to happen; to occur; to take place
uma piada,5,feminine of um,joke (amusing story)
uma ideia,5,feminine of um,idea (that which comes to mind)
uma ambulância,5,feminine of um,ambulance
um momento,5,one,moment (very brief period of time)
um favor,5,one,favor (instance of voluntarily assisting someone)
um dois,5,one,two (cardinal number 2)
um acordo,5,one,"agreement, deal (an understanding to follow a course of conduct)"
tua mãe,5,feminine singular of teu,mother (female who gives birth to or parents a child)
tu és,5,you; thou (singular second person pronoun),second-person singular present indicative of ser
tratar disso,5,"to treat (to handle, deal with or behave towards in a specific way)","contraction of de + isso, literally “of this thing”: neuter of desse"
tenho que,5,first-person singular present indicative of ter,that (connecting noun clause)
tenho nada,5,first-person singular present indicative of ter,nothing (not any thing; no thing)
tenho a,5,first-person singular present indicative of ter,"The first letter of the Portuguese alphabet, written in the Latin script."
tempo para,5,time (the progression from the present into the future),"for (directed at, intended to belong to or to be appropriate for)"
temos que,5,first-person plural present indicative of ter,that (connecting noun clause)
tem razão,5,inflection of ter:,reason (the ability to think correctly)
te amo,5,"you (singular), thee",master
te a,5,"you (singular), thee","The first letter of the Portuguese alphabet, written in the Latin script."
sinto me,5,first-person singular present indicative of sentir,first-person singular objective direct personal pronoun; me
sim sim,5,yes (affirmative answer),yes (affirmative answer)
sei que,5,first-person singular present indicative of saber,that (connecting noun clause)
se está,5,abbreviation of Sergipe: a state of Brazil,inflection of estar
sabes que,5,second-person singular present indicative of saber,that (connecting noun clause)
sabe o,5,inflection of saber:,"The fifteenth letter of the Portuguese alphabet, called ó and written in the Latin script."
quero falar,5,first-person singular present indicative of querer,to speak; to talk (to say words out loud)
quem és,5,who; whom (which person?),second-person singular present indicative of ser
quem são,5,who; whom (which person?),"forms the titles of male saints whose names begin with a consonant (except H, which is silent)"
que és,5,that (connecting noun clause),second-person singular present indicative of ser
que vou,5,that (connecting noun clause),first-person singular present indicative of ir
que vamos,5,that (connecting noun clause),inflection of ir:
que temos,5,that (connecting noun clause),first-person plural present indicative of ter
que faço,5,that (connecting noun clause),first-person singular present indicative of fazer
que estamos,5,that (connecting noun clause),first-person plural present indicative of estar
que dizes,5,that (connecting noun clause),second-person singular present indicative of dizer
que disseste,5,that (connecting noun clause),second-person singular preterite indicative of dizer (you said)
qualquer coisa,5,"any; whatever (no matter what kind, which or who)","thing (a physical object, entity, or situation)"
posso dizer,5,first-person singular present indicative of poder,to say
porque é,5,because (introduces a reason for that described in the previous clause),third-person singular present indicative of ser
por onde,5,for (on behalf of),"where; wherever (in or at what place; in or at a/any/the place that, in what situation)"
podemos fazer,5,first-person plural present indicative of poder,to make
para si,5,"for (directed at, intended to belong to or to be appropriate for)",initialism of Sistema Internacional: SI
para fora,5,"for (directed at, intended to belong to or to be appropriate for)",outside (on the outside of a building or location)
para dentro,5,"for (directed at, intended to belong to or to be appropriate for)",inside (within or into something’s interior)
para aqui,5,"for (directed at, intended to belong to or to be appropriate for)",here (in this place)
olhem para,5,inflection of olhar:,"for (directed at, intended to belong to or to be appropriate for)"
o seu,5,"The fifteenth letter of the Portuguese alphabet, called ó and written in the Latin script.",Third-person singular possessive determiner.
o dinheiro,5,"The fifteenth letter of the Portuguese alphabet, called ó and written in the Latin script.",money (means of exchange and measure of value)
não és,5,not; don't; haven't (negates the meaning of the verb or adverb),second-person singular present indicative of ser
não lhe,5,not; don't; haven't (negates the meaning of the verb or adverb),dative of ele and ela: (to) him/her/it
não fiz,5,not; don't; haven't (negates the meaning of the verb or adverb),first-person singular preterite indicative of fazer
não faço,5,not; don't; haven't (negates the meaning of the verb or adverb),first-person singular present indicative of fazer
no carro,5,abbreviation of noroeste,cart (vehicle drawn or pushed by a person or animal)
minha filha,5,feminine singular of meu,daughter
meu pai,5,"my (belonging to, associated with, related to, or in the possession of me)",father (male who sires a child)
meu nome,5,"my (belonging to, associated with, related to, or in the possession of me)","name (word or phrase which identifies an individual person, place, class, or thing)"
meu filho,5,"my (belonging to, associated with, related to, or in the possession of me)",son (male offspring)
me sair,5,first-person singular objective direct personal pronoun; me,to exit; to leave (go away from a certain place or situation); to get out (of)
me licença,5,first-person singular objective direct personal pronoun; me,license; permit (legal document giving official permission to do something)
lá para,5,"there (in that place, far from both the speaker and the audience)","for (directed at, intended to belong to or to be appropriate for)"
lembro me,5,first-person singular present indicative of lembrar,first-person singular objective direct personal pronoun; me
lembras te,5,second-person singular present indicative of lembrar,"you (singular), thee"
já te,5,already (indicating that something has happened before),"you (singular), thee"
já o,5,already (indicating that something has happened before),"The fifteenth letter of the Portuguese alphabet, called ó and written in the Latin script."
isso significa,5,that (the thing near you; the thing mentioned that concerns you),inflection of significar:
fazer o,5,to make,"The fifteenth letter of the Portuguese alphabet, called ó and written in the Latin script."
eu trato,5,I (first-person singular personal pronoun),manner
eu sou,5,I (first-person singular personal pronoun),first-person singular present indicative of ser
eu quero,5,I (first-person singular personal pronoun),first-person singular present indicative of querer
eu posso,5,I (first-person singular personal pronoun),first-person singular present indicative of poder
eu levo,5,I (first-person singular personal pronoun),"first-person singular present indicative of levar; ""I take"""
eu já,5,I (first-person singular personal pronoun),already (indicating that something has happened before)
eu gosto,5,I (first-person singular personal pronoun),taste (one of the five senses)
eu fiz,5,I (first-person singular personal pronoun),first-person singular preterite indicative of fazer
eu fico,5,I (first-person singular personal pronoun),first-person singular present indicative of ficar
eu faço,5,I (first-person singular personal pronoun),first-person singular present indicative of fazer
eu acho,5,I (first-person singular personal pronoun),first-person singular present indicative of achar
estão eles,5,third-person plural present indicative of estar,masculine third-person plural nominative personal pronoun; they
estás tu,5,second-person singular present indicative of estar,you; thou (singular second person pronoun)
está fazendo,5,inflection of estar,gerund of fazer
está cá,5,inflection of estar,here (in this place)
estavas a,5,second-person singular imperfect indicative of estar,"The first letter of the Portuguese alphabet, written in the Latin script."
estar aqui,5,to be (indicates location in space),here (in this place)
então é,5,then (at that time),third-person singular present indicative of ser
eles estão,5,masculine third-person plural nominative personal pronoun; they,third-person plural present indicative of estar
ela não,5,third-person feminine singular nominative pronoun she; it,not; don't; haven't (negates the meaning of the verb or adverb)
dizer com,5,to say,with; against
desta vez,5,"contraction of de + esta, literally “of/from this (feminine)”: feminine singular of deste",time; occasion
de um,5,of (in relation to),one
de sair,5,of (in relation to),to exit; to leave (go away from a certain place or situation); to get out (of)
de nada,5,of (in relation to),nothing (not any thing; no thing)
de banho,5,of (in relation to),bath (the act of bathing)
da puta,5,"contraction of de + a, literally “of/from the (feminine singular)”: feminine singular of do",feminine singular of puto
da mãe,5,"contraction of de + a, literally “of/from the (feminine singular)”: feminine singular of do",mother (female who gives birth to or parents a child)
da minha,5,"contraction of de + a, literally “of/from the (feminine singular)”: feminine singular of do",feminine singular of meu
culpa não,5,fault,not; don't; haven't (negates the meaning of the verb or adverb)
culpa minha,5,fault,feminine singular of meu
cuidado com,5,"meditated, thought-out",with; against
continua a,5,inflection of continuar:,"The first letter of the Portuguese alphabet, written in the Latin script."
como te,5,"Como (a city and comune, the capital of the province of Como, Lombardy)","you (singular), thee"
como estás,5,"Como (a city and comune, the capital of the province of Como, Lombardy)",second-person singular present indicative of estar
com licença,5,with; against,license; permit (legal document giving official permission to do something)
casa de,5,house,of (in relation to)
brincar comigo,5,"to play, as in child's play or ""playing around""",prepositional form with com of eu: with me
bem querida,5,well; accurately; competently,feminine singular of querido
bem que,5,well; accurately; competently,that (connecting noun clause)
aí está,5,there (close to the second person (you)),inflection of estar
as mãos,5,feminine plural of o,plural of mão
ajudá lo,5,,"alternative form of o (third-person masculine singular objective pronoun) used as an enclitic and mesoclitic following a verb form ending in a consonant (-z, -r and -s, but not -m); the consonant is elided and the preceding vowel takes an accent if necessary"
ainda bem,5,"still, yet (up to a time)",well; accurately; competently
acredito em,5,first-person singular present indicative of acreditar,in; inside; within (contained by)
a tentar,5,"The first letter of the Portuguese alphabet, written in the Latin script.","to try, go for, attempt"
a sua,5,"The first letter of the Portuguese alphabet, written in the Latin script.",feminine singular of seu
a questão,5,"The first letter of the Portuguese alphabet, written in the Latin script.",question (phrase asking for information)
a morrer,5,"The first letter of the Portuguese alphabet, written in the Latin script.",to die (to stop living)
a mentir,5,"The first letter of the Portuguese alphabet, written in the Latin script.","to lie (to affirm as true what is known to be false, or to deny what is known to be true)"
a ideia,5,"The first letter of the Portuguese alphabet, written in the Latin script.",idea (that which comes to mind)
a cama,5,"The first letter of the Portuguese alphabet, written in the Latin script.",bed (furniture for sleeping on)
é tarde,4,third-person singular present indicative of ser,late (near the end of a period of time)
é sua,4,third-person singular present indicative of ser,feminine singular of seu
é real,4,third-person singular present indicative of ser,"true, real"
é perfeito,4,third-person singular present indicative of ser,perfect
é não,4,third-person singular present indicative of ser,not; don't; haven't (negates the meaning of the verb or adverb)
é mau,4,third-person singular present indicative of ser,bad
é maravilhoso,4,third-person singular present indicative of ser,wonderful
é justo,4,third-person singular present indicative of ser,free from sin and guilt; righteous
é incrível,4,third-person singular present indicative of ser,"noncredible, uncredible"
é fantástico,4,third-person singular present indicative of ser,fantastic (wonderful; marvelous)
é demasiado,4,third-person singular present indicative of ser,superfluous
à tua,4,contraction of a (“to”) + a f sg (“the”): feminine singular of ao,feminine singular of teu
à noite,4,contraction of a (“to”) + a f sg (“the”): feminine singular of ao,night (period between sunset and sunrise)
vê la,4,The name of the Latin script letter V/v.,"alternative form of a (third-person feminine singular objective pronoun) used as an enclitic and mesoclitic following a verb form ending in a consonant (-z, -r and -s, but not -m); the consonant is elided and the preceding vowel takes an accent if necessary"
vou me,4,first-person singular present indicative of ir,first-person singular objective direct personal pronoun; me
vou já,4,first-person singular present indicative of ir,already (indicating that something has happened before)
vou buscá,4,first-person singular present indicative of ir,"apocopic form of buscar; used preceding the pronouns lo, la, los or las"
vou buscar,4,first-person singular present indicative of ir,to search for
você é,4,"second-person singular personal pronoun, formal or informal in Brazil, formal or semi-formal in Portugal; you",third-person singular present indicative of ser
vez não,4,time; occasion,not; don't; haven't (negates the meaning of the verb or adverb)
ver isto,4,to see; to observe (to perceive with one’s eyes),this (the thing here)
ver com,4,to see; to observe (to perceive with one’s eyes),with; against
vem aí,4,inflection of vir:,there (close to the second person (you))
vamos nós,4,inflection of ir:,first-person plural nominative personal pronoun: we
vamos dar,4,inflection of ir:,to give
uma volta,4,feminine of um,return (act of returning)
uma vez,4,feminine of um,time; occasion
uma loucura,4,feminine of um,"insanity, madness"
uma bebida,4,feminine of um,feminine singular of bebido
um presente,4,one,present (pertaining to the curent time)
um médico,4,one,"doctor, physician"
um idiota,4,one,idiotic
um homem,4,one,male (human of masculine gender)
um acidente,4,one,accident (unexpected event with negative consequences)
tudo o,4,everything (all the things),"The fifteenth letter of the Portuguese alphabet, called ó and written in the Latin script."
tua falta,4,feminine singular of teu,"lack (the condition of not having, needing, or needing more of something)"
tu sabes,4,you; thou (singular second person pronoun),second-person singular present indicative of saber
toca a,4,"den, burrow","The first letter of the Portuguese alphabet, written in the Latin script."
tinha razão,4,ringworm,reason (the ability to think correctly)
tens razão,4,second-person singular present indicative of ter,reason (the ability to think correctly)
tenho medo,4,first-person singular present indicative of ter,fear (emotion caused by actual or perceived danger or threat)
temos tempo,4,first-person plural present indicative of ter,time (the progression from the present into the future)
tem piada,4,inflection of ter:,joke (amusing story)
também te,4,too; also (in addition; as well),"you (singular), thee"
só uma,4,only; just (alone in a category),feminine of um
só isso,4,only; just (alone in a category),that (the thing near you; the thing mentioned that concerns you)
sobre isso,4,on; atop; on top of (located on the top surface of),that (the thing near you; the thing mentioned that concerns you)
sinto muito,4,first-person singular present indicative of sentir,much; many; a lot of; lots of
sim senhor,4,yes (affirmative answer),a man (an adult male human)
sim está,4,yes (affirmative answer),inflection of estar
senta te,4,inflection of sentar:,"you (singular), thee"
sei do,4,first-person singular present indicative of saber,"contraction of de + o, literally “of the, from the, -'s (masculine singular)”"
se trata,4,abbreviation of Sergipe: a state of Brazil,inflection of tratar:
se preocupe,4,abbreviation of Sergipe: a state of Brazil,inflection of preocupar:
se lixe,4,abbreviation of Sergipe: a state of Brazil,inflection of lixar:
saudades tuas,4,plural of saudade,feminine plural of teu
quero saber,4,first-person singular present indicative of querer,to know
queres um,4,second-person singular present indicative of querer,one
queres saber,4,second-person singular present indicative of querer,to know
quem te,4,who; whom (which person?),"you (singular), thee"
quem está,4,who; whom (which person?),inflection of estar
quem era,4,who; whom (which person?),"era (time period of indeterminate length, generally more than one year)"
que tipo,4,that (connecting noun clause),kind; sort; type (grouping based on shared characteristics)
que quiseres,4,that (connecting noun clause),second-person singular future subjunctive of querer
que quero,4,that (connecting noun clause),first-person singular present indicative of querer
que querem,4,that (connecting noun clause),third-person plural present indicative of querer (they want)
que porra,4,that (connecting noun clause),club (heavy stick used as a weapon)
que pensas,4,that (connecting noun clause),second-person singular present indicative of pensar
que há,4,that (connecting noun clause),inflection of haver:
que fiz,4,that (connecting noun clause),first-person singular preterite indicative of fazer
que fez,4,that (connecting noun clause),third-person singular preterite indicative of fazer
que diz,4,that (connecting noun clause),inflection of dizer:
precisa de,4,feminine singular of preciso,of (in relation to)
prazer conhecê,4,pleasure,"apocopic form of conhecer; used preceding the pronouns lo, la, los or las"
posso perguntar,4,first-person singular present indicative of poder,to ask (request an answer)
posso ir,4,first-person singular present indicative of poder,to go (to move to a destination)
por ti,4,for (on behalf of),prepositional of tu
por aí,4,for (on behalf of),there (close to the second person (you))
podes estar,4,second-person singular present indicative of poder,to be (indicates location in space)
pensas que,4,second-person singular present indicative of pensar,that (connecting noun clause)
passa contigo,4,dried fruit,with you (singular)
passa com,4,dried fruit,with; against
passa aqui,4,dried fruit,here (in this place)
para isso,4,"for (directed at, intended to belong to or to be appropriate for)",that (the thing near you; the thing mentioned that concerns you)
para cima,4,"for (directed at, intended to belong to or to be appropriate for)","top, summit"
os dois,4,masculine plural of o,two (cardinal number 2)
onde estás,4,"where; wherever (in or at what place; in or at a/any/the place that, in what situation)",second-person singular present indicative of estar
onde ele,4,"where; wherever (in or at what place; in or at a/any/the place that, in what situation)",third-person masculine singular nominative personal pronoun; he; it
olhes para,4,second-person singular present subjunctive of olhar,"for (directed at, intended to belong to or to be appropriate for)"
oh não,4,alternative spelling of ó,not; don't; haven't (negates the meaning of the verb or adverb)
obrigada por,4,thank you,for (on behalf of)
o vi,4,"The fifteenth letter of the Portuguese alphabet, called ó and written in the Latin script.",first-person singular preterite indicative of ver
o tempo,4,"The fifteenth letter of the Portuguese alphabet, called ó and written in the Latin script.",time (the progression from the present into the future)
o telefone,4,"The fifteenth letter of the Portuguese alphabet, called ó and written in the Latin script.",telephone
o suficiente,4,"The fifteenth letter of the Portuguese alphabet, called ó and written in the Latin script.",sufficient; enough
o senhor,4,"The fifteenth letter of the Portuguese alphabet, called ó and written in the Latin script.",a man (an adult male human)
o seguinte,4,"The fifteenth letter of the Portuguese alphabet, called ó and written in the Latin script.",next (following in a sequence)
o prazer,4,"The fifteenth letter of the Portuguese alphabet, called ó and written in the Latin script.",pleasure
não vi,4,not; don't; haven't (negates the meaning of the verb or adverb),first-person singular preterite indicative of ver
não vamos,4,not; don't; haven't (negates the meaning of the verb or adverb),inflection of ir:
não sabe,4,not; don't; haven't (negates the meaning of the verb or adverb),inflection of saber:
não por,4,not; don't; haven't (negates the meaning of the verb or adverb),for (on behalf of)
não gosto,4,not; don't; haven't (negates the meaning of the verb or adverb),taste (one of the five senses)
não digas,4,not; don't; haven't (negates the meaning of the verb or adverb),second-person singular present subjunctive of dizer
não aguento,4,not; don't; haven't (negates the meaning of the verb or adverb),first-person singular present indicative of aguentar
não acho,4,not; don't; haven't (negates the meaning of the verb or adverb),first-person singular present indicative of achar
na verdade,4,"contraction of em + a, literally “in the”: feminine singular of no",truth (conformity to fact or reality)
muito bonita,4,much; many; a lot of; lots of,feminine singular of bonito
minha palavra,4,feminine singular of meu,word
mexam se,4,inflection of mexer:,abbreviation of Sergipe: a state of Brazil
meu amigo,4,"my (belonging to, associated with, related to, or in the possession of me)",friend (person whose company one enjoys)
mesma coisa,4,feminine singular of mesmo,"thing (a physical object, entity, or situation)"
me ir,4,first-person singular objective direct personal pronoun; me,to go (to move to a destination)
me ajudar,4,first-person singular objective direct personal pronoun; me,"to help, aid; to assist"
matar me,4,to kill (to cause to die),first-person singular objective direct personal pronoun; me
mas eu,4,but (introduces a clause that contradicts the implications of the previous clause),I (first-person singular personal pronoun)
mais um,4,used to form the comparative of adjectives and adverbs; more; -er,one
mais alguma,4,used to form the comparative of adjectives and adverbs; more; -er,feminine singular of algum
ligo te,4,first-person singular present indicative of ligar,"you (singular), thee"
já não,4,already (indicating that something has happened before),not; don't; haven't (negates the meaning of the verb or adverb)
já chega,4,already (indicating that something has happened before),an ox fight
isso mesmo,4,that (the thing near you; the thing mentioned that concerns you),the same
ir para,4,to go (to move to a destination),"for (directed at, intended to belong to or to be appropriate for)"
ir embora,4,to go (to move to a destination),away; hence (from this place)
há tempo,4,inflection of haver:,time (the progression from the present into the future)
há problema,4,inflection of haver:,problem (difficulty that has to be resolved or dealt with)
gozar comigo,4,to enjoy,prepositional form with com of eu: with me
foi assim,4,third-person singular preterite indicative of ir,full of; replete
foi aquilo,4,third-person singular preterite indicative of ir,"neuter singular of aquele; that, that thing (demonstrative)"
ficar aqui,4,to become; to get; to end up,here (in this place)
fez isso,4,third-person singular preterite indicative of fazer,that (the thing near you; the thing mentioned that concerns you)
fazes aqui,4,second-person singular present indicative of fazer,here (in this place)
fazer nada,4,to make,nothing (not any thing; no thing)
faz o,4,inflection of fazer:,"The fifteenth letter of the Portuguese alphabet, called ó and written in the Latin script."
falar comigo,4,to speak; to talk (to say words out loud),prepositional form with com of eu: with me
eu ouvi,4,I (first-person singular personal pronoun),inflection of ouvir:
eu conheço,4,I (first-person singular personal pronoun),"first-person singular present indicative of conhecer; ""I know"""
eu amo,4,I (first-person singular personal pronoun),master
estão aqui,4,third-person plural present indicative of estar,here (in this place)
estás à,4,second-person singular present indicative of estar,contraction of a (“to”) + a f sg (“the”): feminine singular of ao
está vivo,4,inflection of estar,alive (having life; not dead)
está morto,4,inflection of estar,dead (no longer living)
está errado,4,inflection of estar,not correct; wrong; incorrect
está comigo,4,inflection of estar,prepositional form with com of eu: with me
está aí,4,inflection of estar,there (close to the second person (you))
está alguém,4,inflection of estar,somebody; someone (some person)
estou com,4,hello (a greeting used when answering the telephone),with; against
estava lá,4,first/third-person singular imperfect indicative of estar,"there (in that place, far from both the speaker and the audience)"
estamos bem,4,first-person plural present indicative of estar,well; accurately; competently
esta é,4,feminine singular of este,third-person singular present indicative of ser
essa é,4,feminine singular of esse,third-person singular present indicative of ser
espere um,4,inflection of esperar:,one
então e,4,then (at that time),"The fifth letter of the Portuguese alphabet, called ê or é and written in the Latin script."
em cima,4,in; inside; within (contained by),"top, summit"
em breve,4,in; inside; within (contained by),"brief, short"
ele foi,4,third-person masculine singular nominative personal pronoun; he; it,third-person singular preterite indicative of ir
ele era,4,third-person masculine singular nominative personal pronoun; he; it,"era (time period of indeterminate length, generally more than one year)"
e não,4,"The fifth letter of the Portuguese alphabet, called ê or é and written in the Latin script.",not; don't; haven't (negates the meaning of the verb or adverb)
dois três,4,two (cardinal number 2),three (cardinal number 3)
dizer te,4,to say,"you (singular), thee"
deves estar,4,second-person singular present indicative of dever,to be (indicates location in space)
deixa te,4,cue (action or event that is a signal to do something),"you (singular), thee"
de uma,4,of (in relation to),feminine of um
de saber,4,of (in relation to),to know
de o,4,of (in relation to),"The fifteenth letter of the Portuguese alphabet, called ó and written in the Latin script."
da tua,4,"contraction of de + a, literally “of/from the (feminine singular)”: feminine singular of do",feminine singular of teu
da frente,4,"contraction of de + a, literally “of/from the (feminine singular)”: feminine singular of do",front (facing side)
culpa é,4,fault,third-person singular present indicative of ser
correr bem,4,to run (to move quickly on one’s feet),well; accurately; competently
como tu,4,"Como (a city and comune, the capital of the province of Como, Lombardy)",you; thou (singular second person pronoun)
como sabes,4,"Como (a city and comune, the capital of the province of Como, Lombardy)",second-person singular present indicative of saber
como sabe,4,"Como (a city and comune, the capital of the province of Como, Lombardy)",inflection of saber:
como eu,4,"Como (a city and comune, the capital of the province of Como, Lombardy)",I (first-person singular personal pronoun)
com quem,4,with; against,who; whom (which person?)
com o,4,with; against,"The fifteenth letter of the Portuguese alphabet, called ó and written in the Latin script."
com medo,4,with; against,fear (emotion caused by actual or perceived danger or threat)
com isto,4,with; against,this (the thing here)
com fome,4,with; against,hunger (need or compelling desire for food)
com calma,4,with; against,calm
certeza que,4,certainty (state of being certain),that (connecting noun clause)
buscá lo,4,"apocopic form of buscar; used preceding the pronouns lo, la, los or las","alternative form of o (third-person masculine singular objective pronoun) used as an enclitic and mesoclitic following a verb form ending in a consonant (-z, -r and -s, but not -m); the consonant is elided and the preceding vowel takes an accent if necessary"
bom ver,4,good,to see; to observe (to perceive with one’s eyes)
bom trabalho,4,good,job (economic role for which a person is paid)
boa ideia,4,feminine singular of bom,idea (that which comes to mind)
bem obrigado,4,well; accurately; competently,thanks; thank you
bem está,4,well; accurately; competently,inflection of estar
bem então,4,well; accurately; competently,then (at that time)
assim que,4,full of; replete,that (connecting noun clause)
as coisas,4,feminine plural of o,plural of coisa
anda lá,4,stilt (a pole with footrests used by entertainers),"there (in that place, far from both the speaker and the audience)"
algum problema,4,"some, any",problem (difficulty that has to be resolved or dealt with)
ajuda me,4,"help, assistance, aid",first-person singular objective direct personal pronoun; me
ainda está,4,"still, yet (up to a time)",inflection of estar
agora não,4,now; right now (at the present time),not; don't; haven't (negates the meaning of the verb or adverb)
afasta te,4,inflection of afastar:,"you (singular), thee"
abre a,4,inflection of abrir:,"The first letter of the Portuguese alphabet, written in the Latin script."
a vê,4,"The first letter of the Portuguese alphabet, written in the Latin script.",The name of the Latin script letter V/v.
a vida,4,"The first letter of the Portuguese alphabet, written in the Latin script.",life
a trabalhar,4,"The first letter of the Portuguese alphabet, written in the Latin script.",to work (to do a specific task)
a pena,4,"The first letter of the Portuguese alphabet, written in the Latin script.",punishment
a mesma,4,"The first letter of the Portuguese alphabet, written in the Latin script.",feminine singular of mesmo
a gente,4,"The first letter of the Portuguese alphabet, written in the Latin script.",people
a casa,4,"The first letter of the Portuguese alphabet, written in the Latin script.",house
a cabeça,4,"The first letter of the Portuguese alphabet, written in the Latin script.",head (part of the body)
a boca,4,"The first letter of the Portuguese alphabet, written in the Latin script.",mouth (the opening of a creature through which food is ingested)
és tão,3,second-person singular present indicative of ser,so (to a great extent)
és o,3,second-person singular present indicative of ser,"The fifteenth letter of the Portuguese alphabet, called ó and written in the Latin script."
é óptimo,3,third-person singular present indicative of ser,pre-reform spelling (used until 1990) of ótimo; still used where the agreement hasn’t come into effect and may occur as a sporadic misspelling
é todo,3,third-person singular present indicative of ser,every; all (all of a group)
é toda,3,third-person singular present indicative of ser,feminine singular of todo
é terrível,3,third-person singular present indicative of ser,terrible
é ridículo,3,third-person singular present indicative of ser,ridiculous
é nojento,3,third-person singular present indicative of ser,disgusting; gross
é loucura,3,third-person singular present indicative of ser,"insanity, madness"
é louco,3,third-person singular present indicative of ser,"crazy, mad, insane (of unsound mind)"
é linda,3,third-person singular present indicative of ser,feminine singular of lindo
é interessante,3,third-person singular present indicative of ser,interesting (arousing or holding someone’s interest)
é impossível,3,third-person singular present indicative of ser,impossible (not able to be done)
é horrível,3,third-person singular present indicative of ser,cause of horror; horrible; terrible
é fácil,3,third-person singular present indicative of ser,easy (requiring little skill or effort)
é estúpido,3,third-person singular present indicative of ser,stupid
é engraçado,3,third-person singular present indicative of ser,funny
é diferente,3,third-person singular present indicative of ser,"different (not the same, unequal)"
é demais,3,third-person singular present indicative of ser,"too, overly"
é da,3,third-person singular present indicative of ser,"contraction of de + a, literally “of/from the (feminine singular)”: feminine singular of do"
é bonito,3,third-person singular present indicative of ser,"pretty, lovely"
é aquilo,3,third-person singular present indicative of ser,"neuter singular of aquele; that, that thing (demonstrative)"
é aquele,3,third-person singular present indicative of ser,that (far from the speaker and listener)
é agora,3,third-person singular present indicative of ser,now; right now (at the present time)
é absurdo,3,third-person singular present indicative of ser,absurd
vão vão,3,vain,vain
vão se,3,vain,abbreviation of Sergipe: a state of Brazil
vá vá,3,inflection of ir:,inflection of ir:
vá se,3,inflection of ir:,abbreviation of Sergipe: a state of Brazil
vou voltar,3,first-person singular present indicative of ir,to return; to come back
vou ter,3,first-person singular present indicative of ir,to have
vou para,3,first-person singular present indicative of ir,"for (directed at, intended to belong to or to be appropriate for)"
vou eu,3,first-person singular present indicative of ir,I (first-person singular personal pronoun)
vou chamar,3,first-person singular present indicative of ir,to call; to summon (to ask someone to come)
vou a,3,first-person singular present indicative of ir,"The first letter of the Portuguese alphabet, written in the Latin script."
você sabe,3,"second-person singular personal pronoun, formal or informal in Brazil, formal or semi-formal in Portugal; you",inflection of saber:
você quer,3,"second-person singular personal pronoun, formal or informal in Brazil, formal or semi-formal in Portugal; you",inflection of querer:
você não,3,"second-person singular personal pronoun, formal or informal in Brazil, formal or semi-formal in Portugal; you",not; don't; haven't (negates the meaning of the verb or adverb)
vista de,3,eye; eyeball,of (in relation to)
vi nada,3,first-person singular preterite indicative of ver,nothing (not any thing; no thing)
verdade não,3,truth (conformity to fact or reality),not; don't; haven't (negates the meaning of the verb or adverb)
vamos vamos,3,inflection of ir:,inflection of ir:
vamos tentar,3,inflection of ir:,"to try, go for, attempt"
vamos para,3,inflection of ir:,"for (directed at, intended to belong to or to be appropriate for)"
vamos embora,3,inflection of ir:,away; hence (from this place)
vale a,3,valley,"The first letter of the Portuguese alphabet, written in the Latin script."
vais ficar,3,second-person singular present indicative of ir,to become; to get; to end up
vai voltar,3,inflection of ir:,to return; to come back
vai resultar,3,inflection of ir:,to result
vai morrer,3,inflection of ir:,to die (to stop living)
vai demorar,3,inflection of ir:,to take time (to require a comparatively long period of time)
vai correr,3,inflection of ir:,to run (to move quickly on one’s feet)
uma vista,3,feminine of um,eye; eyeball
uma treta,3,feminine of um,feint (offensive movement)
uma palavra,3,feminine of um,word
uma merda,3,feminine of um,shit; faeces (excretory product evacuated from the bowels)
um plano,3,one,flat; level (having the same height at all places)
um pesadelo,3,one,nightmare
um jogo,3,one,play
um café,3,one,coffee (beverage)
um bocado,3,one,mouthful (amount that fits in a mouth)
um bocadinho,3,one,diminutive of bocado
tão mau,3,so (to a great extent),bad
tão bonita,3,so (to a great extent),feminine singular of bonito
tão bom,3,so (to a great extent),good
tudo certo,3,everything (all the things),right; correct (not containing errors)
tua ajuda,3,feminine singular of teu,"help, assistance, aid"
tu é,3,you; thou (singular second person pronoun),third-person singular present indicative of ser
todos para,3,masculine plural of todo,"for (directed at, intended to belong to or to be appropriate for)"
tira a,3,"strip (long, thin piece of a bigger item)","The first letter of the Portuguese alphabet, written in the Latin script."
tentar ajudar,3,"to try, go for, attempt","to help, aid; to assist"
tens uma,3,second-person singular present indicative of ter,feminine of um
tens um,3,second-person singular present indicative of ter,one
tens nada,3,second-person singular present indicative of ter,nothing (not any thing; no thing)
tenho tempo,3,first-person singular present indicative of ter,time (the progression from the present into the future)
tenho dinheiro,3,first-person singular present indicative of ter,money (means of exchange and measure of value)
temos um,3,first-person plural present indicative of ter,one
tem graça,3,inflection of ter:,grace (divine assistance)
tem de,3,inflection of ter:,of (in relation to)
tem a,3,inflection of ter:,"The first letter of the Portuguese alphabet, written in the Latin script."
te sentes,3,"you (singular), thee",second-person singular present subjunctive of sentar
te por,3,"you (singular), thee",for (on behalf of)
te parece,3,"you (singular), thee",inflection of parecer:
te esqueças,3,"you (singular), thee",second-person singular present subjunctive of esquecer
te embora,3,"you (singular), thee",away; hence (from this place)
te disso,3,"you (singular), thee","contraction of de + isso, literally “of this thing”: neuter of desse"
te dele,3,"you (singular), thee",contraction of de + ele
te aconteceu,3,"you (singular), thee",third-person singular preterite indicative of acontecer
talvez não,3,perhaps; maybe (indicates possibility or doubt),not; don't; haven't (negates the meaning of the verb or adverb)
tal como,3,such,"Como (a city and comune, the capital of the province of Como, Lombardy)"
só para,3,only; just (alone in a category),"for (directed at, intended to belong to or to be appropriate for)"
só nós,3,only; just (alone in a category),first-person plural nominative personal pronoun: we
só mais,3,only; just (alone in a category),used to form the comparative of adjectives and adverbs; more; -er
só isto,3,only; just (alone in a category),this (the thing here)
só a,3,only; just (alone in a category),"The first letter of the Portuguese alphabet, written in the Latin script."
suponho que,3,first-person singular present indicative of supor,that (connecting noun clause)
sua ajuda,3,feminine singular of seu,"help, assistance, aid"
sr presidente,3,alternative form of Sr.,"president, head (leader)"
sim sr,3,yes (affirmative answer),alternative form of Sr.
sim senhora,3,yes (affirmative answer),lady
sim já,3,yes (affirmative answer),already (indicating that something has happened before)
sim e,3,yes (affirmative answer),"The fifth letter of the Portuguese alphabet, called ê or é and written in the Latin script."
sim claro,3,yes (affirmative answer),light (pale in colour)
seu filho,3,Third-person singular possessive determiner.,son (male offspring)
sentem se,3,inflection of sentar:,abbreviation of Sergipe: a state of Brazil
sei nada,3,first-person singular present indicative of saber,nothing (not any thing; no thing)
sei como,3,first-person singular present indicative of saber,"Como (a city and comune, the capital of the province of Como, Lombardy)"
se todos,3,abbreviation of Sergipe: a state of Brazil,masculine plural of todo
se de,3,abbreviation of Sergipe: a state of Brazil,of (in relation to)
saia da,3,a woman's skirt,"contraction of de + a, literally “of/from the (feminine singular)”: feminine singular of do"
sai do,3,inflection of sair:,"contraction of de + o, literally “of the, from the, -'s (masculine singular)”"
sai da,3,inflection of sair:,"contraction of de + a, literally “of/from the (feminine singular)”: feminine singular of do"
sabia disso,3,first/third-person singular imperfect indicative of saber,"contraction of de + isso, literally “of this thing”: neuter of desse"
sabes uma,3,second-person singular present indicative of saber,feminine of um
sabes quem,3,second-person singular present indicative of saber,who; whom (which person?)
sabes porquê,3,second-person singular present indicative of saber,why
sabe isso,3,inflection of saber:,that (the thing near you; the thing mentioned that concerns you)
sabe disso,3,inflection of saber:,"contraction of de + isso, literally “of this thing”: neuter of desse"
raio foi,3,ray,third-person singular preterite indicative of ir
raio estás,3,ray,second-person singular present indicative of estar
queres uma,3,second-person singular present indicative of querer,feminine of um
queres fazer,3,second-person singular present indicative of querer,to make
quer saber,3,inflection of querer:,to know
quem eu,3,who; whom (which person?),I (first-person singular personal pronoun)
que tu,3,that (connecting noun clause),you; thou (singular second person pronoun)
que tenho,3,that (connecting noun clause),first-person singular present indicative of ter
que surpresa,3,that (connecting noun clause),surprise (something not expected)
que sabe,3,that (connecting noun clause),inflection of saber:
que raios,3,that (connecting noun clause),plural of raio
que precisas,3,that (connecting noun clause),feminine plural of preciso
que interessa,3,that (connecting noun clause),inflection of interessar:
que horas,3,that (connecting noun clause),plural of hora
que estavas,3,that (connecting noun clause),second-person singular imperfect indicative of estar
que bom,3,that (connecting noun clause),good
que acha,3,that (connecting noun clause),billet (piece of wood used as firewood)
quase lá,3,almost (very close to),"there (in that place, far from both the speaker and the audience)"
pára pára,3,pre-reform spelling (used until 1990) of para; still used where the agreement hasn’t come into effect and may occur as a sporadic misspelling,pre-reform spelling (used until 1990) of para; still used where the agreement hasn’t come into effect and may occur as a sporadic misspelling
pára de,3,pre-reform spelling (used until 1990) of para; still used where the agreement hasn’t come into effect and may occur as a sporadic misspelling,of (in relation to)
preciso da,3,precise; accurate (in exact or careful conformity with the truth),"contraction of de + a, literally “of/from the (feminine singular)”: feminine singular of do"
porque estás,3,because (introduces a reason for that described in the previous clause),second-person singular present indicative of estar
por tudo,3,for (on behalf of),everything (all the things)
por pouco,3,for (on behalf of),little of something
podes ter,3,second-person singular present indicative of poder,to have
podes ficar,3,second-person singular present indicative of poder,to become; to get; to end up
podes dizer,3,second-person singular present indicative of poder,to say
podemos ir,3,first-person plural present indicative of poder,to go (to move to a destination)
pode fazer,3,inflection of poder:,to make
pode esperar,3,inflection of poder:,to wait
penso que,3,band-aid,that (connecting noun clause)
pensei nisso,3,first-person singular preterite indicative of pensar,"contraction of em + isso, literally “in that thing (near you)”: neuter of nesse"
passa se,3,dried fruit,abbreviation of Sergipe: a state of Brazil
parece que,3,inflection of parecer:,that (connecting noun clause)
parece me,3,inflection of parecer:,first-person singular objective direct personal pronoun; me
para quem,3,"for (directed at, intended to belong to or to be appropriate for)",who; whom (which person?)
para fazer,3,"for (directed at, intended to belong to or to be appropriate for)",to make
para ele,3,"for (directed at, intended to belong to or to be appropriate for)",third-person masculine singular nominative personal pronoun; he; it
para aí,3,"for (directed at, intended to belong to or to be appropriate for)",there (close to the second person (you))
para ali,3,"for (directed at, intended to belong to or to be appropriate for)",there (far from both the speaker and the interlocutor(s))
ou não,3,"or (connects at least two alternative words, phrases, clauses, sentences, etc. each of which could make a passage true)",not; don't; haven't (negates the meaning of the verb or adverb)
ou menos,3,"or (connects at least two alternative words, phrases, clauses, sentences, etc. each of which could make a passage true)",less (in lower degree)
os outros,3,masculine plural of o,masculine plural of outro
os olhos,3,masculine plural of o,plural of olho
ora ora,3,now,now
onde tens,3,"where; wherever (in or at what place; in or at a/any/the place that, in what situation)",second-person singular present indicative of ter
onde foi,3,"where; wherever (in or at what place; in or at a/any/the place that, in what situation)",third-person singular preterite indicative of ir
olá pai,3,hello; hi (greeting),father (male who sires a child)
olá mãe,3,hello; hi (greeting),mother (female who gives birth to or parents a child)
olha só,3,"a stew prepared with meat, chickpeas, peas and other vegetables",only; just (alone in a category)
obrigado senhor,3,thanks; thank you,a man (an adult male human)
obrigado pela,3,thanks; thank you,"contraction of per + a, literally “by/through the (feminine singular)”: feminine singular of pelo"
o plano,3,"The fifteenth letter of the Portuguese alphabet, called ó and written in the Latin script.",flat; level (having the same height at all places)
o pai,3,"The fifteenth letter of the Portuguese alphabet, called ó and written in the Latin script.",father (male who sires a child)
o mesmo,3,"The fifteenth letter of the Portuguese alphabet, called ó and written in the Latin script.",the same
o melhor,3,"The fifteenth letter of the Portuguese alphabet, called ó and written in the Latin script.",comparative degree of bom: better
o lado,3,"The fifteenth letter of the Portuguese alphabet, called ó and written in the Latin script.",side
o fazer,3,"The fifteenth letter of the Portuguese alphabet, called ó and written in the Latin script.",to make
o atraso,3,"The fifteenth letter of the Portuguese alphabet, called ó and written in the Latin script.",belatedness (state of being late)
não vem,3,not; don't; haven't (negates the meaning of the verb or adverb),inflection of vir:
não vejo,3,not; don't; haven't (negates the meaning of the verb or adverb),first-person singular present indicative of ver
não toques,3,not; don't; haven't (negates the meaning of the verb or adverb),second-person singular present subjunctive of tocar
não tive,3,not; don't; haven't (negates the meaning of the verb or adverb),first-person singular preterite indicative of ter
não senhor,3,not; don't; haven't (negates the meaning of the verb or adverb),a man (an adult male human)
não sabemos,3,not; don't; haven't (negates the meaning of the verb or adverb),first-person plural present indicative of saber
não podem,3,not; don't; haven't (negates the meaning of the verb or adverb),third-person plural present indicative of poder
não faça,3,not; don't; haven't (negates the meaning of the verb or adverb),inflection of fazer:
não estava,3,not; don't; haven't (negates the meaning of the verb or adverb),first/third-person singular imperfect indicative of estar
não estamos,3,not; don't; haven't (negates the meaning of the verb or adverb),first-person plural present indicative of estar
não diga,3,not; don't; haven't (negates the meaning of the verb or adverb),inflection of dizer:
não acabou,3,not; don't; haven't (negates the meaning of the verb or adverb),third-person singular preterite indicative of acabar
não a,3,not; don't; haven't (negates the meaning of the verb or adverb),"The first letter of the Portuguese alphabet, written in the Latin script."
nos em,3,inflection of nós,in; inside; within (contained by)
nem um,3,not even (introduces an emphatic negation),one
nem por,3,not even (introduces an emphatic negation),for (on behalf of)
nem mais,3,not even (introduces an emphatic negation),used to form the comparative of adjectives and adverbs; more; -er
nada que,3,nothing (not any thing; no thing),that (connecting noun clause)
nada disso,3,nothing (not any thing; no thing),"contraction of de + isso, literally “of this thing”: neuter of desse"
nada bom,3,nothing (not any thing; no thing),good
na hora,3,"contraction of em + a, literally “in the”: feminine singular of no",hour (period of sixty minutes)
muito obrigado,3,much; many; a lot of; lots of,thanks; thank you
muito mau,3,much; many; a lot of; lots of,bad
mostrar te,3,to show,"you (singular), thee"
minha mulher,3,feminine singular of meu,woman (adult female human)
meu senhor,3,"my (belonging to, associated with, related to, or in the possession of me)",a man (an adult male human)
meu dinheiro,3,"my (belonging to, associated with, related to, or in the possession of me)",money (means of exchange and measure of value)
mesmo aqui,3,the same,here (in this place)
merda é,3,shit; faeces (excretory product evacuated from the bowels),third-person singular present indicative of ser
merda merda,3,shit; faeces (excretory product evacuated from the bowels),shit; faeces (excretory product evacuated from the bowels)
me ver,3,first-person singular objective direct personal pronoun; me,to see; to observe (to perceive with one’s eyes)
me uma,3,first-person singular objective direct personal pronoun; me,feminine of um
me sinto,3,first-person singular objective direct personal pronoun; me,first-person singular present indicative of sentir
me por,3,first-person singular objective direct personal pronoun; me,for (on behalf of)
me isso,3,first-person singular objective direct personal pronoun; me,that (the thing near you; the thing mentioned that concerns you)
me entrar,3,first-person singular objective direct personal pronoun; me,to enter; to go into
me embora,3,first-person singular objective direct personal pronoun; me,away; hence (from this place)
me em,3,first-person singular objective direct personal pronoun; me,in; inside; within (contained by)
me daqui,3,first-person singular objective direct personal pronoun; me,"contraction of de + aqui, literally “from here”"
me bem,3,first-person singular objective direct personal pronoun; me,well; accurately; competently
me ajude,3,first-person singular objective direct personal pronoun; me,inflection of ajudar:
mas é,3,but (introduces a clause that contradicts the implications of the previous clause),third-person singular present indicative of ser
mas o,3,but (introduces a clause that contradicts the implications of the previous clause),"The fifteenth letter of the Portuguese alphabet, called ó and written in the Latin script."
mais ou,3,used to form the comparative of adjectives and adverbs; more; -er,"or (connects at least two alternative words, phrases, clauses, sentences, etc. each of which could make a passage true)"
mais nada,3,used to form the comparative of adjectives and adverbs; more; -er,nothing (not any thing; no thing)
lá vamos,3,"there (in that place, far from both the speaker and the audience)",inflection of ir:
lá meu,3,"there (in that place, far from both the speaker and the audience)","my (belonging to, associated with, related to, or in the possession of me)"
lá está,3,"there (in that place, far from both the speaker and the audience)",inflection of estar
lá em,3,"there (in that place, far from both the speaker and the audience)",in; inside; within (contained by)
lá dentro,3,"there (in that place, far from both the speaker and the audience)",inside (within or into something’s interior)
lhe disse,3,dative of ele and ela: (to) him/her/it,first/third-person singular preterite indicative of dizer
lhe aconteceu,3,dative of ele and ela: (to) him/her/it,third-person singular preterite indicative of acontecer
leva me,3,wave (sudden unusually large amount of something),first-person singular objective direct personal pronoun; me
larga a,3,feminine singular of largo,"The first letter of the Portuguese alphabet, written in the Latin script."
já vou,3,already (indicating that something has happened before),first-person singular present indicative of ir
já percebi,3,already (indicating that something has happened before),first-person singular preterite indicative of perceber
já me,3,already (indicating that something has happened before),first-person singular objective direct personal pronoun; me
já está,3,already (indicating that something has happened before),inflection of estar
isso quer,3,that (the thing near you; the thing mentioned that concerns you),inflection of querer:
ir andando,3,to go (to move to a destination),gerund of andar
ir agora,3,to go (to move to a destination),now; right now (at the present time)
há muito,3,inflection of haver:,much; many; a lot of; lots of
ha ha,3,obsolete spelling of há,obsolete spelling of há
graças a,3,plural of graça,"The first letter of the Portuguese alphabet, written in the Latin script."
gosto disso,3,taste (one of the five senses),"contraction of de + isso, literally “of this thing”: neuter of desse"
gosto dele,3,taste (one of the five senses),contraction of de + ele
fá lo,3,fa (musical note),"alternative form of o (third-person masculine singular objective pronoun) used as an enclitic and mesoclitic following a verb form ending in a consonant (-z, -r and -s, but not -m); the consonant is elided and the preceding vowel takes an accent if necessary"
foste tu,3,second-person singular preterite indicative of ir,you; thou (singular second person pronoun)
foi minha,3,third-person singular preterite indicative of ir,feminine singular of meu
foi isto,3,third-person singular preterite indicative of ir,this (the thing here)
foi ele,3,third-person singular preterite indicative of ir,third-person masculine singular nominative personal pronoun; he; it
foi culpa,3,third-person singular preterite indicative of ir,fault
fizeste isto,3,second-person singular preterite indicative of fazer,this (the thing here)
fiz nada,3,first-person singular preterite indicative of fazer,nothing (not any thing; no thing)
fiz isso,3,first-person singular preterite indicative of fazer,that (the thing near you; the thing mentioned that concerns you)
fique com,3,inflection of ficar:,with; against
fica com,3,inflection of ficar:,with; against
faças isso,3,second-person singular present subjunctive of fazer,that (the thing near you; the thing mentioned that concerns you)
faça isso,3,inflection of fazer:,that (the thing near you; the thing mentioned that concerns you)
fazê lo,3,"apocopic form of fazer; used preceding the pronouns lo, la, los or las","alternative form of o (third-person masculine singular objective pronoun) used as an enclitic and mesoclitic following a verb form ending in a consonant (-z, -r and -s, but not -m); the consonant is elided and the preceding vowel takes an accent if necessary"
fazer alguma,3,to make,feminine singular of algum
faz mal,3,inflection of fazer:,"badly (in a faulty, dysfunctional or incorrect manner)"
favor por,3,favor (instance of voluntarily assisting someone),for (on behalf of)
faria isso,3,first/third-person singular conditional of fazer,that (the thing near you; the thing mentioned that concerns you)
falar consigo,3,to speak; to talk (to say words out loud),third-person singular reflexive prepositional pronoun with com (with himself; with herself; with itself; with yourself)
eu sinto,3,I (first-person singular personal pronoun),first-person singular present indicative of sentir
eu ligo,3,I (first-person singular personal pronoun),first-person singular present indicative of ligar
eu faça,3,I (first-person singular personal pronoun),inflection of fazer:
eu falo,3,I (first-person singular personal pronoun),phallus
eu estava,3,I (first-person singular personal pronoun),first/third-person singular imperfect indicative of estar
eu espero,3,I (first-person singular personal pronoun),first-person singular present indicative of esperar
eu entendo,3,I (first-person singular personal pronoun),first-person singular present indicative of entender
eu digo,3,I (first-person singular personal pronoun),first-person singular present indicative of dizer
estão bem,3,third-person plural present indicative of estar,well; accurately; competently
estão as,3,third-person plural present indicative of estar,feminine plural of o
estás aí,3,second-person singular present indicative of estar,there (close to the second person (you))
está viva,3,inflection of estar,feminine singular of vivo
está pronto,3,inflection of estar,"ready, finished"
está na,3,inflection of estar,"contraction of em + a, literally “in the”: feminine singular of no"
está mesmo,3,inflection of estar,the same
está doente,3,inflection of estar,sick (in poor health)
está com,3,inflection of estar,with; against
está ali,3,inflection of estar,there (far from both the speaker and the interlocutor(s))
estou tão,3,hello (a greeting used when answering the telephone),so (to a great extent)
estou só,3,hello (a greeting used when answering the telephone),only; just (alone in a category)
estou quase,3,hello (a greeting used when answering the telephone),almost (very close to)
estou muito,3,hello (a greeting used when answering the telephone),much; many; a lot of; lots of
estou mesmo,3,hello (a greeting used when answering the telephone),the same
estou de,3,hello (a greeting used when answering the telephone),of (in relation to)
este homem,3,this (indicates something or someone nearby),male (human of masculine gender)
estava a,3,first/third-person singular imperfect indicative of estar,"The first letter of the Portuguese alphabet, written in the Latin script."
estamos quase,3,first-person plural present indicative of estar,almost (very close to)
estamos de,3,first-person plural present indicative of estar,of (in relation to)
esta noite,3,feminine singular of este,night (period between sunset and sunrise)
esse o,3,that (near you),"The fifteenth letter of the Portuguese alphabet, called ó and written in the Latin script."
esperem um,3,inflection of esperar:,one
espere espere,3,inflection of esperar:,inflection of esperar:
espera espera,3,wait (time spent waiting),wait (time spent waiting)
era ele,3,"era (time period of indeterminate length, generally more than one year)",third-person masculine singular nominative personal pronoun; he; it
então vamos,3,then (at that time),inflection of ir:
então qual,3,then (at that time),which
embora daqui,3,away; hence (from this place),"contraction of de + aqui, literally “from here”"
em pânico,3,in; inside; within (contained by),panic
em conhecê,3,in; inside; within (contained by),"apocopic form of conhecer; used preceding the pronouns lo, la, los or las"
em baixo,3,in; inside; within (contained by),low
ele tem,3,third-person masculine singular nominative personal pronoun; he; it,inflection of ter:
ele estava,3,third-person masculine singular nominative personal pronoun; he; it,first/third-person singular imperfect indicative of estar
ele a,3,third-person masculine singular nominative personal pronoun; he; it,"The first letter of the Portuguese alphabet, written in the Latin script."
ela vai,3,third-person feminine singular nominative pronoun she; it,inflection of ir:
ei ei,3,"apocopic form of eis; used preceding the pronouns lo, la, los or las","apocopic form of eis; used preceding the pronouns lo, la, los or las"
e é,3,"The fifth letter of the Portuguese alphabet, called ê or é and written in the Latin script.",third-person singular present indicative of ser
e você,3,"The fifth letter of the Portuguese alphabet, called ê or é and written in the Latin script.","second-person singular personal pronoun, formal or informal in Brazil, formal or semi-formal in Portugal; you"
e sabes,3,"The fifth letter of the Portuguese alphabet, called ê or é and written in the Latin script.",second-person singular present indicative of saber
e que,3,"The fifth letter of the Portuguese alphabet, called ê or é and written in the Latin script.",that (connecting noun clause)
e agora,3,"The fifth letter of the Portuguese alphabet, called ê or é and written in the Latin script.",now; right now (at the present time)
dá cá,3,inflection of dar:,here (in this place)
do carro,3,"contraction of de + o, literally “of the, from the, -'s (masculine singular)”",cart (vehicle drawn or pushed by a person or animal)
do caminho,3,"contraction of de + o, literally “of the, from the, -'s (masculine singular)”",path
dizes isso,3,second-person singular present indicative of dizer,that (the thing near you; the thing mentioned that concerns you)
dizer isso,3,to say,that (the thing near you; the thing mentioned that concerns you)
diga me,3,inflection of dizer:,first-person singular objective direct personal pronoun; me
diabos é,3,plural of diabo,third-person singular present indicative of ser
deixem no,3,inflection of deixar:,abbreviation of noroeste
deixe o,3,inflection of deixar:,"The fifteenth letter of the Portuguese alphabet, called ó and written in the Latin script."
deixa o,3,cue (action or event that is a signal to do something),"The fifteenth letter of the Portuguese alphabet, called ó and written in the Latin script."
deixa a,3,cue (action or event that is a signal to do something),"The first letter of the Portuguese alphabet, written in the Latin script."
de voltar,3,of (in relation to),to return; to come back
de qualquer,3,of (in relation to),"any; whatever (no matter what kind, which or who)"
de olhos,3,of (in relation to),plural of olho
de novo,3,of (in relation to),new
de merda,3,of (in relation to),shit; faeces (excretory product evacuated from the bowels)
de loucos,3,of (in relation to),plural of louco
de cima,3,of (in relation to),"top, summit"
de chegar,3,of (in relation to),to arrive (at); to reach (to conclude moving to a destination)
de cada,3,of (in relation to),"each, every (qualifying a singular noun, indicating all examples of the thing so named seen as individual or separate items)"
de acordo,3,of (in relation to),"agreement, deal (an understanding to follow a course of conduct)"
da sua,3,"contraction of de + a, literally “of/from the (feminine singular)”: feminine singular of do",feminine singular of seu
cá isso,3,here (in this place),that (the thing near you; the thing mentioned that concerns you)
cá está,3,here (in this place),inflection of estar
consigo ouvir,3,third-person singular reflexive prepositional pronoun with com (with himself; with herself; with itself; with yourself),"to hear (to perceive with the ear, without necessarily paying attention to it)"
conhecê lo,3,"apocopic form of conhecer; used preceding the pronouns lo, la, los or las","alternative form of o (third-person masculine singular objective pronoun) used as an enclitic and mesoclitic following a verb form ending in a consonant (-z, -r and -s, but not -m); the consonant is elided and the preceding vowel takes an accent if necessary"
conhecê la,3,"apocopic form of conhecer; used preceding the pronouns lo, la, los or las","alternative form of a (third-person feminine singular objective pronoun) used as an enclitic and mesoclitic following a verb form ending in a consonant (-z, -r and -s, but not -m); the consonant is elided and the preceding vowel takes an accent if necessary"
conhecer te,3,to know (be acquainted or familiar with),"you (singular), thee"
confiar em,3,"to confide, entrust",in; inside; within (contained by)
como você,3,"Como (a city and comune, the capital of the province of Como, Lombardy)","second-person singular personal pronoun, formal or informal in Brazil, formal or semi-formal in Portugal; you"
como vai,3,"Como (a city and comune, the capital of the province of Como, Lombardy)",inflection of ir:
como posso,3,"Como (a city and comune, the capital of the province of Como, Lombardy)",first-person singular present indicative of poder
como podes,3,"Como (a city and comune, the capital of the province of Como, Lombardy)",second-person singular present indicative of poder
como estão,3,"Como (a city and comune, the capital of the province of Como, Lombardy)",third-person plural present indicative of estar
com certeza,3,with; against,certainty (state of being certain)
cima de,3,"top, summit",of (in relation to)
certeza disso,3,certainty (state of being certain),"contraction of de + isso, literally “of this thing”: neuter of desse"
calma calma,3,calm,calm
cala te,3,inflection of calar:,"you (singular), thee"
cada vez,3,"each, every (qualifying a singular noun, indicating all examples of the thing so named seen as individual or separate items)",time; occasion
buscá la,3,"apocopic form of buscar; used preceding the pronouns lo, la, los or las","alternative form of a (third-person feminine singular objective pronoun) used as an enclitic and mesoclitic following a verb form ending in a consonant (-z, -r and -s, but not -m); the consonant is elided and the preceding vowel takes an accent if necessary"
boas notícias,3,feminine plural of bom,plural of notícia
bem vinda,3,well; accurately; competently,arrival
bem tudo,3,well; accurately; competently,everything (all the things)
bem obrigada,3,well; accurately; competently,thank you
bem meu,3,well; accurately; competently,"my (belonging to, associated with, related to, or in the possession of me)"
bem já,3,well; accurately; competently,already (indicating that something has happened before)
bem bem,3,well; accurately; competently,well; accurately; competently
bem assim,3,well; accurately; competently,full of; replete
bem aqui,3,well; accurately; competently,here (in this place)
aí vem,3,there (close to the second person (you)),inflection of vir:
até mais,3,until (up to the time of something happening),used to form the comparative of adjectives and adverbs; more; -er
atrás de,3,behind (at the back),of (in relation to)
assim é,3,full of; replete,third-person singular present indicative of ser
assim como,3,full of; replete,"Como (a city and comune, the capital of the province of Como, Lombardy)"
as minhas,3,feminine plural of o,feminine plural of meu
as chaves,3,feminine plural of o,plural of chave
aqui estás,3,here (in this place),second-person singular present indicative of estar
aqui está,3,here (in this place),inflection of estar
aqui estou,3,here (in this place),hello (a greeting used when answering the telephone)
anda cá,3,stilt (a pole with footrests used by entertainers),here (in this place)
ali está,3,there (far from both the speaker and the interlocutor(s)),inflection of estar
ajudá la,3,,"alternative form of a (third-person feminine singular objective pronoun) used as an enclitic and mesoclitic following a verb form ending in a consonant (-z, -r and -s, but not -m); the consonant is elided and the preceding vowel takes an accent if necessary"
ajudem me,3,inflection of ajudar:,first-person singular objective direct personal pronoun; me
ajude me,3,inflection of ajudar:,first-person singular objective direct personal pronoun; me
agora é,3,now; right now (at the present time),third-person singular present indicative of ser
afastem se,3,inflection of afastar:,abbreviation of Sergipe: a state of Brazil
adoro te,3,will/desire to be as the other,"you (singular), thee"
acabei de,3,first-person singular preterite indicative of acabar,of (in relation to)
acaba com,3,inflection of acabar:,with; against
abra a,3,inflection of abrir:,"The first letter of the Portuguese alphabet, written in the Latin script."
a sangrar,3,"The first letter of the Portuguese alphabet, written in the Latin script.",to draw blood (by pricking or opening a vein)
a rapariga,3,"The first letter of the Portuguese alphabet, written in the Latin script.","girl, young lady"
a quem,3,"The first letter of the Portuguese alphabet, written in the Latin script.",who; whom (which person?)
a olhar,3,"The first letter of the Portuguese alphabet, written in the Latin script.",to look
a mãe,3,"The first letter of the Portuguese alphabet, written in the Latin script.",mother (female who gives birth to or parents a child)
a mim,3,"The first letter of the Portuguese alphabet, written in the Latin script.",first-person singular prepositional pronoun
a isto,3,"The first letter of the Portuguese alphabet, written in the Latin script.",this (the thing here)
a chave,3,"The first letter of the Portuguese alphabet, written in the Latin script.",key (object that opens and closes a lock)
óptima ideia,2,feminine singular of óptimo,idea (that which comes to mind)
ó meu,2,the letter o with an acute accent,"my (belonging to, associated with, related to, or in the possession of me)"
és sim,2,second-person singular present indicative of ser,yes (affirmative answer)
és mesmo,2,second-person singular present indicative of ser,the same
és bom,2,second-person singular present indicative of ser,good
é ótimo,2,third-person singular present indicative of ser,great; excellent (very good)
é óbvio,2,third-person singular present indicative of ser,obvious
é teu,2,third-person singular present indicative of ser,"your (singular) (belonging to, associated with, related to, or in the possession of you)"
é sério,2,third-person singular present indicative of ser,serious; solemn (without humor or expression of happiness)
é suficiente,2,third-person singular present indicative of ser,sufficient; enough
é sim,2,third-person singular present indicative of ser,yes (affirmative answer)
é seu,2,third-person singular present indicative of ser,Third-person singular possessive determiner.
é sempre,2,third-person singular present indicative of ser,always (at all times)
é seguro,2,third-person singular present indicative of ser,safe; secure (free from danger)
é problema,2,third-person singular present indicative of ser,problem (difficulty that has to be resolved or dealt with)
é preciso,2,third-person singular present indicative of ser,precise; accurate (in exact or careful conformity with the truth)
é porreiro,2,third-person singular present indicative of ser,"cool, excellent"
é perigoso,2,third-person singular present indicative of ser,"risky, unsafe, dangerous"
é normal,2,third-person singular present indicative of ser,"normal, standard, regular"
é mentira,2,third-person singular present indicative of ser,lie (intentionally untrue statement)
é maluco,2,third-person singular present indicative of ser,"crazy, mad"
é mais,2,third-person singular present indicative of ser,used to form the comparative of adjectives and adverbs; more; -er
é inacreditável,2,third-person singular present indicative of ser,unbelievable; incredible
é hoje,2,third-person singular present indicative of ser,today (in the current day)
é grave,2,third-person singular present indicative of ser,serious; grave (having possible severe negative consequences)
é grande,2,third-person singular present indicative of ser,large; great; big (of great size or extent)
é giro,2,third-person singular present indicative of ser,"rotation, turn (the act of turning around a centre or an axis)"
é excelente,2,third-person singular present indicative of ser,excellent
é espantoso,2,third-person singular present indicative of ser,amazing
é embaraçoso,2,third-person singular present indicative of ser,embarrassing (causing embarrassment)
é doido,2,third-person singular present indicative of ser,crazy; out of one's mind
é divertido,2,third-person singular present indicative of ser,fun; amusing; entertaining
é disso,2,third-person singular present indicative of ser,"contraction of de + isso, literally “of this thing”: neuter of desse"
é culpa,2,third-person singular present indicative of ser,fault
é bonita,2,third-person singular present indicative of ser,feminine singular of bonito
é assustador,2,third-person singular present indicative of ser,frightening; scary; frightful
à procura,2,contraction of a (“to”) + a f sg (“the”): feminine singular of ao,search (an attempt to find something)
à pergunta,2,contraction of a (“to”) + a f sg (“the”): feminine singular of ao,question
à merda,2,contraction of a (“to”) + a f sg (“the”): feminine singular of ao,shit; faeces (excretory product evacuated from the bowels)
à esquerda,2,contraction of a (“to”) + a f sg (“the”): feminine singular of ao,"the left side, part, half or direction"
à direita,2,contraction of a (“to”) + a f sg (“the”): feminine singular of ao,right (opposite of left)
à casa,2,contraction of a (“to”) + a f sg (“the”): feminine singular of ao,house
wall e,2,,"The fifth letter of the Portuguese alphabet, called ê or é and written in the Latin script."
vêm eles,2,third-person plural present indicative of vir,masculine third-person plural nominative personal pronoun; they
vêm aí,2,third-person plural present indicative of vir,there (close to the second person (you))
vê só,2,The name of the Latin script letter V/v.,only; just (alone in a category)
vá para,2,inflection of ir:,"for (directed at, intended to belong to or to be appropriate for)"
vou vomitar,2,first-person singular present indicative of ir,to vomit
vou ver,2,first-person singular present indicative of ir,to see; to observe (to perceive with one’s eyes)
vou sim,2,first-person singular present indicative of ir,yes (affirmative answer)
vou sair,2,first-person singular present indicative of ir,to exit; to leave (go away from a certain place or situation); to get out (of)
vou pensar,2,first-person singular present indicative of ir,to think (communicate to oneself in one’s mind)
vou morrer,2,first-person singular present indicative of ir,to die (to stop living)
vou matá,2,first-person singular present indicative of ir,"apocopic form of matar; used preceding the pronouns lo, la, los or las"
vou matar,2,first-person singular present indicative of ir,to kill (to cause to die)
vou falar,2,first-person singular present indicative of ir,to speak; to talk (to say words out loud)
vou entrar,2,first-person singular present indicative of ir,to enter; to go into
vou embora,2,first-person singular present indicative of ir,away; hence (from this place)
vou dizer,2,first-person singular present indicative of ir,to say
vou deixar,2,first-person singular present indicative of ir,to leave; to exit (to go out of or away from a place)
vou dar,2,first-person singular present indicative of ir,to give
vou contigo,2,first-person singular present indicative of ir,with you (singular)
vou consigo,2,first-person singular present indicative of ir,third-person singular reflexive prepositional pronoun with com (with himself; with herself; with itself; with yourself)
vou conseguir,2,first-person singular present indicative of ir,"to get, obtain"
vossa majestade,2,feminine singular of vosso,majesty (the quality of being impressive and great)
volto já,2,"first-person singular present indicative of voltar; ""I go back, I return""",already (indicating that something has happened before)
voltar ao,2,to return; to come back,contraction of a (“to”) + o m sg (“the”)
volta ao,2,return (act of returning),contraction of a (“to”) + o m sg (“the”)
volta a,2,return (act of returning),"The first letter of the Portuguese alphabet, written in the Latin script."
você vai,2,"second-person singular personal pronoun, formal or informal in Brazil, formal or semi-formal in Portugal; you",inflection of ir:
você também,2,"second-person singular personal pronoun, formal or informal in Brazil, formal or semi-formal in Portugal; you",too; also (in addition; as well)
você acha,2,"second-person singular personal pronoun, formal or informal in Brazil, formal or semi-formal in Portugal; you",billet (piece of wood used as firewood)
viste isto,2,second-person singular preterite indicative of ver,this (the thing here)
vira à,2,a traditional music and dance genre of northern Portugal,contraction of a (“to”) + a f sg (“the”): feminine singular of ao
vindo a,2,past participle of vir,"The first letter of the Portuguese alphabet, written in the Latin script."
ver o,2,to see; to observe (to perceive with one’s eyes),"The fifteenth letter of the Portuguese alphabet, called ó and written in the Latin script."
ver me,2,to see; to observe (to perceive with one’s eyes),first-person singular objective direct personal pronoun; me
ver isso,2,to see; to observe (to perceive with one’s eyes),that (the thing near you; the thing mentioned that concerns you)
vens comigo,2,second-person singular present indicative of vir,prepositional form with com of eu: with me
vem para,2,inflection of vir:,"for (directed at, intended to belong to or to be appropriate for)"
vem ele,2,inflection of vir:,third-person masculine singular nominative personal pronoun; he; it
vem ela,2,inflection of vir:,third-person feminine singular nominative pronoun she; it
vem cá,2,inflection of vir:,here (in this place)
vem a,2,inflection of vir:,"The first letter of the Portuguese alphabet, written in the Latin script."
vamos voltar,2,inflection of ir:,to return; to come back
vamos todos,2,inflection of ir:,masculine plural of todo
vamos sair,2,inflection of ir:,to exit; to leave (go away from a certain place or situation); to get out (of)
vamos por,2,inflection of ir:,for (on behalf of)
vamos morrer,2,inflection of ir:,to die (to stop living)
vamos encontrá,2,inflection of ir:,
vamos conseguir,2,inflection of ir:,"to get, obtain"
vamos apanhá,2,inflection of ir:,
vamos ao,2,inflection of ir:,contraction of a (“to”) + o m sg (“the”)
vamos agora,2,inflection of ir:,now; right now (at the present time)
vais ver,2,second-person singular present indicative of ir,to see; to observe (to perceive with one’s eyes)
vais morrer,2,second-person singular present indicative of ir,to die (to stop living)
vais adorar,2,second-person singular present indicative of ir,to love (to have a great admiration or affection for something or someone)
vais acreditar,2,second-person singular present indicative of ir,to believe (to accept that someone is telling the truth)
vais a,2,second-person singular present indicative of ir,"The first letter of the Portuguese alphabet, written in the Latin script."
vai à,2,inflection of ir:,contraction of a (“to”) + a f sg (“the”): feminine singular of ao
vai matar,2,inflection of ir:,to kill (to cause to die)
vai isso,2,inflection of ir:,that (the thing near you; the thing mentioned that concerns you)
vai funcionar,2,inflection of ir:,to work; to function
vai fazer,2,inflection of ir:,to make
vai doer,2,inflection of ir:,to hurt (be painful)
vai dar,2,inflection of ir:,to give
vai buscá,2,inflection of ir:,"apocopic form of buscar; used preceding the pronouns lo, la, los or las"
uma surpresa,2,feminine of um,surprise (something not expected)
uma rapariga,2,feminine of um,"girl, young lady"
uma pena,2,feminine of um,punishment
uma olhadela,2,feminine of um,"look, glance, glimpse"
uma mulher,2,feminine of um,woman (adult female human)
uma menina,2,feminine of um,girl (female child)
uma festa,2,feminine of um,party
uma criança,2,feminine of um,child (young person)
uma cerveja,2,feminine of um,beer
uma bomba,2,feminine of um,bomb (explosive device)
uma arma,2,feminine of um,weapon
um rapaz,2,one,boy; young man; lad; youngster
um passo,2,one,step; footstep; pace (movement made from one foot to the other)
um monstro,2,one,monster
um milhão,2,one,million (10⁶)
um milagre,2,one,miracle (wonderful event attributed to supernatural powers)
um mentiroso,2,one,liar (one who tells lies)
um instante,2,one,imminent
um filho,2,one,son (male offspring)
um encontro,2,one,meeting; gathering; get-together; meet-up
um cigarro,2,one,cigarette (thin roll of tobacco made for smoking)
um beijo,2,one,kiss (touch with the lips)
um bebé,2,one,baby
um assassino,2,one,murderous
um ano,2,one,year
um amigo,2,one,friend (person whose company one enjoys)
um advogado,2,one,lawyer (individual trained in Law and legally qualified to exercise judicial mandate and other technical and legal functions as a profession)
tão querido,2,so (to a great extent),dear
tudo vai,2,everything (all the things),inflection of ir:
tudo sob,2,everything (all the things),under
tudo pronto,2,everything (all the things),"ready, finished"
tudo isto,2,everything (all the things),this (the thing here)
tudo em,2,everything (all the things),in; inside; within (contained by)
tudo controlado,2,everything (all the things),past participle of controlar
tudo a,2,everything (all the things),"The first letter of the Portuguese alphabet, written in the Latin script."
tua vez,2,feminine singular of teu,time; occasion
tua procura,2,feminine singular of teu,search (an attempt to find something)
tua conta,2,feminine singular of teu,"operation, calculation"
tu vais,2,you; thou (singular second person pronoun),second-person singular present indicative of ir
tu também,2,you; thou (singular second person pronoun),too; also (in addition; as well)
tu queres,2,you; thou (singular second person pronoun),second-person singular present indicative of querer
tu ouviste,2,you; thou (singular second person pronoun),second-person singular preterite indicative of ouvir
tu o,2,you; thou (singular second person pronoun),"The fifteenth letter of the Portuguese alphabet, called ó and written in the Latin script."
tu estás,2,you; thou (singular second person pronoun),second-person singular present indicative of estar
tu e,2,you; thou (singular second person pronoun),"The fifth letter of the Portuguese alphabet, called ê or é and written in the Latin script."
tu consegues,2,you; thou (singular second person pronoun),second-person singular present indicative of conseguir
três quatro,2,three (cardinal number 3),four
três dois,2,three (cardinal number 3),two (cardinal number 2)
trata disso,2,inflection of tratar:,"contraction of de + isso, literally “of this thing”: neuter of desse"
trabalho a,2,job (economic role for which a person is paid),"The first letter of the Portuguese alphabet, written in the Latin script."
trabalhar nisso,2,to work (to do a specific task),"contraction of em + isso, literally “in that thing (near you)”: neuter of nesse"
todos nós,2,masculine plural of todo,first-person plural nominative personal pronoun: we
toda tua,2,feminine singular of todo,feminine singular of teu
tirar te,2,"to take, take out, take away","you (singular), thee"
tira o,2,"strip (long, thin piece of a bigger item)","The fifteenth letter of the Portuguese alphabet, called ó and written in the Latin script."
tira as,2,"strip (long, thin piece of a bigger item)",feminine plural of o
tipo de,2,kind; sort; type (grouping based on shared characteristics),of (in relation to)
tinhas razão,2,second-person singular imperfect indicative of ter,reason (the ability to think correctly)
ti também,2,prepositional of tu,too; also (in addition; as well)
teu problema,2,"your (singular) (belonging to, associated with, related to, or in the possession of you)",problem (difficulty that has to be resolved or dealt with)
teu nome,2,"your (singular) (belonging to, associated with, related to, or in the possession of you)","name (word or phrase which identifies an individual person, place, class, or thing)"
teu amigo,2,"your (singular) (belonging to, associated with, related to, or in the possession of you)",friend (person whose company one enjoys)
teres vindo,2,second-person singular personal infinitive of ter,past participle of vir
terem vindo,2,third-person plural personal infinitive of ter,past participle of vir
ter vindo,2,to have,past participle of vir
ter a,2,to have,"The first letter of the Portuguese alphabet, written in the Latin script."
tens aí,2,second-person singular present indicative of ter,there (close to the second person (you))
tens andado,2,second-person singular present indicative of ter,past participle of andar
tens alguma,2,second-person singular present indicative of ter,feminine singular of algum
tens algum,2,second-person singular present indicative of ter,"some, any"
tenho tudo,2,first-person singular present indicative of ter,everything (all the things)
tenho trabalho,2,first-person singular present indicative of ter,job (economic role for which a person is paid)
tenho sim,2,first-person singular present indicative of ter,yes (affirmative answer)
tenho razão,2,first-person singular present indicative of ter,reason (the ability to think correctly)
tenho muito,2,first-person singular present indicative of ter,much; many; a lot of; lots of
tenho mesmo,2,first-person singular present indicative of ter,the same
tenho fome,2,first-person singular present indicative of ter,hunger (need or compelling desire for food)
tenho certeza,2,first-person singular present indicative of ter,certainty (state of being certain)
tenhas razão,2,second-person singular present subjunctive of ter,reason (the ability to think correctly)
temos muito,2,first-person plural present indicative of ter,much; many; a lot of; lots of
temos aqui,2,first-person plural present indicative of ter,here (in this place)
temo que,2,first-person singular present indicative of temer,that (connecting noun clause)
tem uma,2,inflection of ter:,feminine of um
tem um,2,inflection of ter:,one
tem nada,2,inflection of ter:,nothing (not any thing; no thing)
tem ele,2,inflection of ter:,third-person masculine singular nominative personal pronoun; he; it
tem cuidado,2,inflection of ter:,"meditated, thought-out"
tem calma,2,inflection of ter:,calm
team legendasproject,2,,
te vou,2,"you (singular), thee",first-person singular present indicative of ir
te tanto,2,"you (singular), thee",so much (to a large or excessive degree)
te posso,2,"you (singular), thee",first-person singular present indicative of poder
te para,2,"you (singular), thee","for (directed at, intended to belong to or to be appropriate for)"
te metas,2,"you (singular), thee",plural of meta
te mais,2,"you (singular), thee",used to form the comparative of adjectives and adverbs; more; -er
te lembras,2,"you (singular), thee",second-person singular present indicative of lembrar
te dizer,2,"you (singular), thee",to say
te digo,2,"you (singular), thee",first-person singular present indicative of dizer
te deu,2,"you (singular), thee",third-person singular preterite indicative of dar
te depois,2,"you (singular), thee",later (afterwards in time)
te daqui,2,"you (singular), thee","contraction of de + aqui, literally “from here”"
te chamas,2,"you (singular), thee",plural of chama
te adoro,2,"you (singular), thee",will/desire to be as the other
tarde demais,2,late (near the end of a period of time),"too, overly"
tarde de,2,late (near the end of a period of time),of (in relation to)
tanta certeza,2,feminine singular of tanto,certainty (state of being certain)
também vou,2,too; also (in addition; as well),first-person singular present indicative of ir
também não,2,too; also (in addition; as well),not; don't; haven't (negates the meaning of the verb or adverb)
talvez sim,2,perhaps; maybe (indicates possibility or doubt),yes (affirmative answer)
talvez mais,2,perhaps; maybe (indicates possibility or doubt),used to form the comparative of adjectives and adverbs; more; -er
tal isto,2,such,this (the thing here)
só tu,2,only; just (alone in a category),you; thou (singular second person pronoun)
só que,2,only; just (alone in a category),that (connecting noun clause)
só podes,2,only; just (alone in a category),second-person singular present indicative of poder
só há,2,only; just (alone in a category),inflection of haver:
só eu,2,only; just (alone in a category),I (first-person singular personal pronoun)
só estou,2,only; just (alone in a category),hello (a greeting used when answering the telephone)
são eles,2,"forms the titles of male saints whose names begin with a consonant (except H, which is silent)",masculine third-person plural nominative personal pronoun; they
sou um,2,first-person singular present indicative of ser,one
sou sim,2,first-person singular present indicative of ser,yes (affirmative answer)
sou polícia,2,first-person singular present indicative of ser,police
sou assim,2,first-person singular present indicative of ser,full of; replete
somos uma,2,first-person plural present indicative of ser,feminine of um
sob controlo,2,under,control (influence or authority over something)
sinto o,2,first-person singular present indicative of sentir,"The fifteenth letter of the Portuguese alphabet, called ó and written in the Latin script."
sim tudo,2,yes (affirmative answer),everything (all the things)
sim tenho,2,yes (affirmative answer),first-person singular present indicative of ter
sim tem,2,yes (affirmative answer),inflection of ter:
sim talvez,2,yes (affirmative answer),perhaps; maybe (indicates possibility or doubt)
sim sou,2,yes (affirmative answer),first-person singular present indicative of ser
sim pois,2,yes (affirmative answer),so; then (in that case)
sim pode,2,yes (affirmative answer),inflection of poder:
sim o,2,yes (affirmative answer),"The fifteenth letter of the Portuguese alphabet, called ó and written in the Latin script."
sim não,2,yes (affirmative answer),not; don't; haven't (negates the meaning of the verb or adverb)
sim muito,2,yes (affirmative answer),much; many; a lot of; lots of
sim meu,2,yes (affirmative answer),"my (belonging to, associated with, related to, or in the possession of me)"
sim mestre,2,yes (affirmative answer),master
sim isso,2,yes (affirmative answer),that (the thing near you; the thing mentioned that concerns you)
sim estamos,2,yes (affirmative answer),first-person plural present indicative of estar
sim comandante,2,yes (affirmative answer),commander (one who exercises control and direction over a group of persons)
sim chefe,2,yes (affirmative answer),"chief, head, head man, boss"
sim capitão,2,yes (affirmative answer),captain (army officer rank)
sim acho,2,yes (affirmative answer),first-person singular present indicative of achar
significa isso,2,inflection of significar:,that (the thing near you; the thing mentioned that concerns you)
si também,2,initialism of Sistema Internacional: SI,too; also (in addition; as well)
seu tempo,2,Third-person singular possessive determiner.,time (the progression from the present into the future)
seu nome,2,Third-person singular possessive determiner.,"name (word or phrase which identifies an individual person, place, class, or thing)"
será necessário,2,third-person singular future indicative of ser,necessary
seria óptimo,2,first/third-person singular conditional of ser,pre-reform spelling (used until 1990) of ótimo; still used where the agreement hasn’t come into effect and may occur as a sporadic misspelling
seria bom,2,first/third-person singular conditional of ser,good
ser divertido,2,"to be (to have the given quality), especially a quality that is intrinsic or not expected to change, contrasting with estar which denotes a temporary quality",fun; amusing; entertaining
sentes te,2,second-person singular present subjunctive of sentar,"you (singular), thee"
sempre foi,2,always (at all times),third-person singular preterite indicative of ir
sem tempo,2,"-less; without (not having, containing, characteristic of, etc.)",time (the progression from the present into the future)
sem dúvida,2,"-less; without (not having, containing, characteristic of, etc.)","doubt, uncertainty"
sei querida,2,first-person singular present indicative of saber,feminine singular of querido
sei onde,2,first-person singular present indicative of saber,"where; wherever (in or at what place; in or at a/any/the place that, in what situation)"
sei lá,2,first-person singular present indicative of saber,"there (in that place, far from both the speaker and the audience)"
sei disso,2,first-person singular present indicative of saber,"contraction of de + isso, literally “of this thing”: neuter of desse"
sei de,2,first-person singular present indicative of saber,of (in relation to)
segura te,2,feminine singular of seguro,"you (singular), thee"
se segue,2,abbreviation of Sergipe: a state of Brazil,inflection of seguir:
se por,2,abbreviation of Sergipe: a state of Brazil,for (on behalf of)
se passou,2,abbreviation of Sergipe: a state of Brazil,third-person singular preterite indicative of passar
se no,2,abbreviation of Sergipe: a state of Brazil,abbreviation of noroeste
se mexam,2,abbreviation of Sergipe: a state of Brazil,inflection of mexer:
se mexa,2,abbreviation of Sergipe: a state of Brazil,inflection of mexer:
se lixar,2,abbreviation of Sergipe: a state of Brazil,to sand (with sandpaper)
se importa,2,abbreviation of Sergipe: a state of Brazil,inflection of importar:
se foder,2,abbreviation of Sergipe: a state of Brazil,to fuck
se foda,2,abbreviation of Sergipe: a state of Brazil,fuck (an act of sexual intercourse)
se faz,2,abbreviation of Sergipe: a state of Brazil,inflection of fazer:
se bem,2,abbreviation of Sergipe: a state of Brazil,well; accurately; competently
salvaste me,2,second-person singular preterite indicative of salvar,first-person singular objective direct personal pronoun; me
saiam do,2,inflection of sair:,"contraction of de + o, literally “of the, from the, -'s (masculine singular)”"
saia do,2,a woman's skirt,"contraction of de + o, literally “of the, from the, -'s (masculine singular)”"
sabem que,2,third-person plural present indicative of saber,that (connecting noun clause)
sabe que,2,inflection of saber:,that (connecting noun clause)
resolver isto,2,to solve; to resolve (to find an answer or solution),this (the thing here)
receio que,2,"fear, awe",that (connecting noun clause)
raio aconteceu,2,ray,third-person singular preterite indicative of acontecer
quis dizer,2,first/third-person singular preterite indicative of querer,to say
questão é,2,question (phrase asking for information),third-person singular present indicative of ser
quero vê,2,first-person singular present indicative of querer,The name of the Latin script letter V/v.
quero sair,2,first-person singular present indicative of querer,to exit; to leave (go away from a certain place or situation); to get out (of)
quero morrer,2,first-person singular present indicative of querer,to die (to stop living)
quero ajudar,2,first-person singular present indicative of querer,"to help, aid; to assist"
queria falar,2,first/third-person singular imperfect indicative of querer,to speak; to talk (to say words out loud)
queres vir,2,second-person singular present indicative of querer,to come (to move towards the speaker or the agent)
queres ir,2,second-person singular present indicative of querer,to go (to move to a destination)
queres falar,2,second-person singular present indicative of querer,to speak; to talk (to say words out loud)
queres de,2,second-person singular present indicative of querer,of (in relation to)
quer um,2,inflection of querer:,one
quer isso,2,inflection of querer:,that (the thing near you; the thing mentioned that concerns you)
quem sou,2,who; whom (which person?),first-person singular present indicative of ser
quem se,2,who; whom (which person?),abbreviation of Sergipe: a state of Brazil
quem raio,2,who; whom (which person?),ray
quem o,2,who; whom (which person?),"The fifteenth letter of the Portuguese alphabet, called ó and written in the Latin script."
quem me,2,who; whom (which person?),first-person singular objective direct personal pronoun; me
quem foi,2,who; whom (which person?),third-person singular preterite indicative of ir
quem fez,2,who; whom (which person?),third-person singular preterite indicative of fazer
quem fala,2,who; whom (which person?),speech (the ability to speak)
quem disse,2,who; whom (which person?),first/third-person singular preterite indicative of dizer
quem diabos,2,who; whom (which person?),plural of diabo
que vês,2,that (connecting noun clause),second-person singular present indicative of ver
que vão,2,that (connecting noun clause),vain
que viste,2,that (connecting noun clause),second-person singular preterite indicative of ver
que sorte,2,that (connecting noun clause),sort
que sei,2,that (connecting noun clause),first-person singular present indicative of saber
que sair,2,that (connecting noun clause),to exit; to leave (go away from a certain place or situation); to get out (of)
que parece,2,that (connecting noun clause),inflection of parecer:
que isto,2,that (connecting noun clause),this (the thing here)
que importa,2,that (connecting noun clause),inflection of importar:
que idade,2,that (connecting noun clause),age (part of the duration of a being or thing between its beginning and any given time)
que houve,2,that (connecting noun clause),first/third-person singular preterite indicative of haver
que funciona,2,that (connecting noun clause),inflection of funcionar:
que for,2,that (connecting noun clause),first/third-person singular future subjunctive of ir
que faça,2,that (connecting noun clause),inflection of fazer:
que fazem,2,that (connecting noun clause),third-person plural present indicative of fazer
que falas,2,that (connecting noun clause),plural of fala
que era,2,that (connecting noun clause),"era (time period of indeterminate length, generally more than one year)"
que dizer,2,that (connecting noun clause),to say
que dizem,2,that (connecting noun clause),third-person plural present indicative of dizer
que dia,2,that (connecting noun clause),day
que devo,2,that (connecting noun clause),first-person singular present indicative of dever
que deseja,2,that (connecting noun clause),inflection of desejar:
que cheiro,2,that (connecting noun clause),smell (sensation)
que caralho,2,that (connecting noun clause),cock (penis)
que barulho,2,that (connecting noun clause),"noise (loud and often unwanted, cacophonous sounds)"
que acontece,2,that (connecting noun clause),inflection of acontecer:
quase a,2,almost (very close to),"The first letter of the Portuguese alphabet, written in the Latin script."
quantos anos,2,how many; what number,plural of ano
quanto a,2,as (to the same extent or degree that),"The first letter of the Portuguese alphabet, written in the Latin script."
pt subs,2,initialism of perda total (“totaled car”),plural of sub
provavelmente não,2,probably,not; don't; haven't (negates the meaning of the verb or adverb)
pronto já,2,"ready, finished",already (indicating that something has happened before)
primeira vez,2,feminine singular of primeiro,time; occasion
preocupes com,2,second-person singular present subjunctive of preocupar,with; against
precisamos da,2,inflection of precisar:,"contraction of de + a, literally “of/from the (feminine singular)”: feminine singular of do"
prazer é,2,pleasure,third-person singular present indicative of ser
prazer conhecer,2,pleasure,to know (be acquainted or familiar with)
posso vê,2,first-person singular present indicative of poder,The name of the Latin script letter V/v.
posso ver,2,first-person singular present indicative of poder,to see; to observe (to perceive with one’s eyes)
posso ficar,2,first-person singular present indicative of poder,to become; to get; to end up
posso explicar,2,first-person singular present indicative of poder,to explain
posso esperar,2,first-person singular present indicative of poder,to wait
posso acreditar,2,first-person singular present indicative of poder,to believe (to accept that someone is telling the truth)
possa ajudar,2,inflection of poder:,"to help, aid; to assist"
porra é,2,club (heavy stick used as a weapon),third-person singular present indicative of ser
porque o,2,because (introduces a reason for that described in the previous clause),"The fifteenth letter of the Portuguese alphabet, called ó and written in the Latin script."
porque fizeste,2,because (introduces a reason for that described in the previous clause),second-person singular preterite indicative of fazer
porque está,2,because (introduces a reason for that described in the previous clause),inflection of estar
por tua,2,for (on behalf of),feminine singular of teu
por todo,2,for (on behalf of),every; all (all of a group)
por teres,2,for (on behalf of),second-person singular personal infinitive of ter
por terem,2,for (on behalf of),third-person plural personal infinitive of ter
por ter,2,for (on behalf of),to have
por quê,2,for (on behalf of),what (which thing)
por isto,2,for (on behalf of),this (the thing here)
por falar,2,for (on behalf of),to speak; to talk (to say words out loud)
por exemplo,2,for (on behalf of),example (all senses)
por deus,2,for (on behalf of),god; deity
por conta,2,for (on behalf of),"operation, calculation"
por ali,2,for (on behalf of),there (far from both the speaker and the interlocutor(s))
por acaso,2,for (on behalf of),by chance
pois é,2,so; then (in that case),third-person singular present indicative of ser
pois sim,2,so; then (in that case),yes (affirmative answer)
pois eu,2,so; then (in that case),I (first-person singular personal pronoun)
pois está,2,so; then (in that case),inflection of estar
pois claro,2,so; then (in that case),light (pale in colour)
pois bem,2,so; then (in that case),well; accurately; competently
podes parar,2,second-person singular present indicative of poder,to stop (to no longer move)
podes ir,2,second-person singular present indicative of poder,to go (to move to a destination)
podes crer,2,second-person singular present indicative of poder,to believe
podes contar,2,second-person singular present indicative of poder,to tell (to convey given information)
podem fazer,2,third-person plural present indicative of poder,to make
pode estar,2,inflection of poder:,to be (indicates location in space)
pode entrar,2,inflection of poder:,to enter; to go into
perguntar te,2,to ask (request an answer),"you (singular), thee"
perdoa me,2,inflection of perdoar:,first-person singular objective direct personal pronoun; me
percebes o,2,plural of percebe,"The fifteenth letter of the Portuguese alphabet, called ó and written in the Latin script."
penses nisso,2,second-person singular present subjunctive of pensar,"contraction of em + isso, literally “in that thing (near you)”: neuter of nesse"
pense nisso,2,inflection of pensar:,"contraction of em + isso, literally “in that thing (near you)”: neuter of nesse"
pela boleia,2,"contraction of per + a, literally “by/through the (feminine singular)”: feminine singular of pelo","ride (in a vehicle, for free)"
pela ajuda,2,"contraction of per + a, literally “by/through the (feminine singular)”: feminine singular of pelo","help, assistance, aid"
passa meu,2,dried fruit,"my (belonging to, associated with, related to, or in the possession of me)"
passa consigo,2,dried fruit,third-person singular reflexive prepositional pronoun with com (with himself; with herself; with itself; with yourself)
parece te,2,inflection of parecer:,"you (singular), thee"
para todos,2,"for (directed at, intended to belong to or to be appropriate for)",masculine plural of todo
para quê,2,"for (directed at, intended to belong to or to be appropriate for)",what (which thing)
para nós,2,"for (directed at, intended to belong to or to be appropriate for)",first-person plural nominative personal pronoun: we
para já,2,"for (directed at, intended to belong to or to be appropriate for)",already (indicating that something has happened before)
para ela,2,"for (directed at, intended to belong to or to be appropriate for)",third-person feminine singular nominative pronoun she; it
para baixo,2,"for (directed at, intended to belong to or to be appropriate for)",low
para aquilo,2,"for (directed at, intended to belong to or to be appropriate for)","neuter singular of aquele; that, that thing (demonstrative)"
para ajudar,2,"for (directed at, intended to belong to or to be appropriate for)","to help, aid; to assist"
ouviste o,2,second-person singular preterite indicative of ouvir,"The fifteenth letter of the Portuguese alphabet, called ó and written in the Latin script."
ouviste me,2,second-person singular preterite indicative of ouvir,first-person singular objective direct personal pronoun; me
ouviste isso,2,second-person singular preterite indicative of ouvir,that (the thing near you; the thing mentioned that concerns you)
ouvir te,2,"to hear (to perceive with the ear, without necessarily paying attention to it)","you (singular), thee"
ouvir isso,2,"to hear (to perceive with the ear, without necessarily paying attention to it)",that (the thing near you; the thing mentioned that concerns you)
ouvi isso,2,inflection of ouvir:,that (the thing near you; the thing mentioned that concerns you)
ouvi falar,2,inflection of ouvir:,to speak; to talk (to say words out loud)
ouve me,2,inflection of ouvir:,first-person singular objective direct personal pronoun; me
outra coisa,2,feminine singular of outro,"thing (a physical object, entity, or situation)"
orgulhosa de,2,feminine singular of orgulhoso,of (in relation to)
onde vão,2,"where; wherever (in or at what place; in or at a/any/the place that, in what situation)",vain
onde vamos,2,"where; wherever (in or at what place; in or at a/any/the place that, in what situation)",inflection of ir:
onde vais,2,"where; wherever (in or at what place; in or at a/any/the place that, in what situation)",second-person singular present indicative of ir
onde vai,2,"where; wherever (in or at what place; in or at a/any/the place that, in what situation)",inflection of ir:
onde fica,2,"where; wherever (in or at what place; in or at a/any/the place that, in what situation)",inflection of ficar:
onde estou,2,"where; wherever (in or at what place; in or at a/any/the place that, in what situation)",hello (a greeting used when answering the telephone)
onde arranjaste,2,"where; wherever (in or at what place; in or at a/any/the place that, in what situation)",second-person singular preterite indicative of arranjar
olá rapazes,2,hello; hi (greeting),plural of rapaz
olá querido,2,hello; hi (greeting),dear
olá querida,2,hello; hi (greeting),feminine singular of querido
olá pessoal,2,hello; hi (greeting),personal
olá como,2,hello; hi (greeting),"Como (a city and comune, the capital of the province of Como, Lombardy)"
olhes assim,2,second-person singular present subjunctive of olhar,full of; replete
olhem só,2,inflection of olhar:,only; just (alone in a category)
olhar para,2,to look,"for (directed at, intended to belong to or to be appropriate for)"
olha quem,2,"a stew prepared with meat, chickpeas, peas and other vegetables",who; whom (which person?)
olha o,2,"a stew prepared with meat, chickpeas, peas and other vegetables","The fifteenth letter of the Portuguese alphabet, called ó and written in the Latin script."
oh sim,2,alternative spelling of ó,yes (affirmative answer)
oh merda,2,alternative spelling of ó,shit; faeces (excretory product evacuated from the bowels)
oh deus,2,alternative spelling of ó,god; deity
odeio te,2,first-person singular present indicative of odiar,"you (singular), thee"
obrigado doutor,2,thanks; thank you,a doctor (a person who has attained a doctorate)
obrigada pela,2,thank you,"contraction of per + a, literally “by/through the (feminine singular)”: feminine singular of pelo"
o tenho,2,"The fifteenth letter of the Portuguese alphabet, called ó and written in the Latin script.",first-person singular present indicative of ter
o resto,2,"The fifteenth letter of the Portuguese alphabet, called ó and written in the Latin script.",the rest (that which remains)
o rapaz,2,"The fifteenth letter of the Portuguese alphabet, called ó and written in the Latin script.",boy; young man; lad; youngster
o próximo,2,"The fifteenth letter of the Portuguese alphabet, called ó and written in the Latin script.","near, close"
o nome,2,"The fifteenth letter of the Portuguese alphabet, called ó and written in the Latin script.","name (word or phrase which identifies an individual person, place, class, or thing)"
o matei,2,"The fifteenth letter of the Portuguese alphabet, called ó and written in the Latin script.",first-person singular preterite indicative of matar
o ir,2,"The fifteenth letter of the Portuguese alphabet, called ó and written in the Latin script.",to go (to move to a destination)
o inferno,2,"The fifteenth letter of the Portuguese alphabet, called ó and written in the Latin script.",hell (where sinners go)
o fiz,2,"The fifteenth letter of the Portuguese alphabet, called ó and written in the Latin script.",first-person singular preterite indicative of fazer
o fim,2,"The fifteenth letter of the Portuguese alphabet, called ó and written in the Latin script.","end, conclusion, closure"
o farei,2,"The fifteenth letter of the Portuguese alphabet, called ó and written in the Latin script.",first-person singular future indicative of fazer
o entrar,2,"The fifteenth letter of the Portuguese alphabet, called ó and written in the Latin script.",to enter; to go into
o em,2,"The fifteenth letter of the Portuguese alphabet, called ó and written in the Latin script.",in; inside; within (contained by)
o dizes,2,"The fifteenth letter of the Portuguese alphabet, called ó and written in the Latin script.",second-person singular present indicative of dizer
o dia,2,"The fifteenth letter of the Portuguese alphabet, called ó and written in the Latin script.",day
o conheço,2,"The fifteenth letter of the Portuguese alphabet, called ó and written in the Latin script.","first-person singular present indicative of conhecer; ""I know"""
o chão,2,"The fifteenth letter of the Portuguese alphabet, called ó and written in the Latin script.","ground, soil, earth"
o bebé,2,"The fifteenth letter of the Portuguese alphabet, called ó and written in the Latin script.",baby
nós tratamos,2,first-person plural nominative personal pronoun: we,inflection of tratar:
nós sabemos,2,first-person plural nominative personal pronoun: we,first-person plural present indicative of saber
nós os,2,first-person plural nominative personal pronoun: we,masculine plural of o
nós estamos,2,first-person plural nominative personal pronoun: we,first-person plural present indicative of estar
não vão,2,not; don't; haven't (negates the meaning of the verb or adverb),vain
não vás,2,not; don't; haven't (negates the meaning of the verb or adverb),second-person singular present subjunctive of ir
não vá,2,not; don't; haven't (negates the meaning of the verb or adverb),inflection of ir:
não tão,2,not; don't; haven't (negates the meaning of the verb or adverb),so (to a great extent)
não tenhas,2,not; don't; haven't (negates the meaning of the verb or adverb),second-person singular present subjunctive of ter
não são,2,not; don't; haven't (negates the meaning of the verb or adverb),"forms the titles of male saints whose names begin with a consonant (except H, which is silent)"
não será,2,not; don't; haven't (negates the meaning of the verb or adverb),third-person singular future indicative of ser
não ser,2,not; don't; haven't (negates the meaning of the verb or adverb),"to be (to have the given quality), especially a quality that is intrinsic or not expected to change, contrasting with estar which denotes a temporary quality"
não saias,2,not; don't; haven't (negates the meaning of the verb or adverb),plural of saia
não queria,2,not; don't; haven't (negates the meaning of the verb or adverb),first/third-person singular imperfect indicative of querer
não precisas,2,not; don't; haven't (negates the meaning of the verb or adverb),feminine plural of preciso
não percebo,2,not; don't; haven't (negates the meaning of the verb or adverb),first-person singular present indicative of perceber
não percebes,2,not; don't; haven't (negates the meaning of the verb or adverb),plural of percebe
não penses,2,not; don't; haven't (negates the meaning of the verb or adverb),second-person singular present subjunctive of pensar
não pare,2,not; don't; haven't (negates the meaning of the verb or adverb),inflection of parar:
não ouvi,2,not; don't; haven't (negates the meaning of the verb or adverb),inflection of ouvir:
não olhe,2,not; don't; haven't (negates the meaning of the verb or adverb),inflection of olhar:
não obrigado,2,not; don't; haven't (negates the meaning of the verb or adverb),thanks; thank you
não nem,2,not; don't; haven't (negates the meaning of the verb or adverb),not even (introduces an emphatic negation)
não nada,2,not; don't; haven't (negates the meaning of the verb or adverb),nothing (not any thing; no thing)
não muito,2,not; don't; haven't (negates the meaning of the verb or adverb),much; many; a lot of; lots of
não matei,2,not; don't; haven't (negates the meaning of the verb or adverb),first-person singular preterite indicative of matar
não interessa,2,not; don't; haven't (negates the meaning of the verb or adverb),inflection of interessar:
não importa,2,not; don't; haven't (negates the meaning of the verb or adverb),inflection of importar:
não funciona,2,not; don't; haven't (negates the meaning of the verb or adverb),inflection of funcionar:
não fumo,2,not; don't; haven't (negates the meaning of the verb or adverb),smoke
não fales,2,not; don't; haven't (negates the meaning of the verb or adverb),second-person singular present subjunctive of falar
não existe,2,not; don't; haven't (negates the meaning of the verb or adverb),inflection of existir:
não estão,2,not; don't; haven't (negates the meaning of the verb or adverb),third-person plural present indicative of estar
não espera,2,not; don't; haven't (negates the meaning of the verb or adverb),wait (time spent waiting)
não entendo,2,not; don't; haven't (negates the meaning of the verb or adverb),first-person singular present indicative of entender
não entendes,2,not; don't; haven't (negates the meaning of the verb or adverb),second-person singular present indicative of entender
não entende,2,not; don't; haven't (negates the meaning of the verb or adverb),inflection of entender:
não devias,2,not; don't; haven't (negates the meaning of the verb or adverb),second-person singular imperfect indicative of dever
não devia,2,not; don't; haven't (negates the meaning of the verb or adverb),first/third-person singular imperfect indicative of dever
não de,2,not; don't; haven't (negates the meaning of the verb or adverb),of (in relation to)
não consegues,2,not; don't; haven't (negates the meaning of the verb or adverb),second-person singular present indicative of conseguir
não claro,2,not; don't; haven't (negates the meaning of the verb or adverb),light (pale in colour)
não chega,2,not; don't; haven't (negates the meaning of the verb or adverb),an ox fight
não brinques,2,not; don't; haven't (negates the meaning of the verb or adverb),second-person singular present subjunctive of brincar
não agora,2,not; don't; haven't (negates the meaning of the verb or adverb),now; right now (at the present time)
não acreditas,2,not; don't; haven't (negates the meaning of the verb or adverb),second-person singular present indicative of acreditar
nunca ouvi,2,never (at no time; not ever),inflection of ouvir:
nunca o,2,never (at no time; not ever),"The fifteenth letter of the Portuguese alphabet, called ó and written in the Latin script."
nunca disse,2,never (at no time; not ever),first/third-person singular preterite indicative of dizer
nova iorque,2,news,"York (a city in North Yorkshire, England)"
noutra altura,2,"contraction of em + outra, literally “in other, in another (feminine singular)”: feminine singular of noutro",height
nos lá,2,inflection of nós,"there (in that place, far from both the speaker and the audience)"
nos daqui,2,inflection of nós,"contraction of de + aqui, literally “from here”"
noite não,2,night (period between sunset and sunrise),not; don't; haven't (negates the meaning of the verb or adverb)
no daqui,2,abbreviation of noroeste,"contraction of de + aqui, literally “from here”"
ninguém se,2,no one; nobody (not one person),abbreviation of Sergipe: a state of Brazil
nem uma,2,not even (introduces an emphatic negation),feminine of um
nem sei,2,not even (introduces an emphatic negation),first-person singular present indicative of saber
nem penses,2,not even (introduces an emphatic negation),second-person singular present subjunctive of pensar
nem pense,2,not even (introduces an emphatic negation),inflection of pensar:
nem pensar,2,not even (introduces an emphatic negation),to think (communicate to oneself in one’s mind)
nada demais,2,nothing (not any thing; no thing),"too, overly"
nada bem,2,nothing (not any thing; no thing),well; accurately; competently
mãos de,2,plural of mão,of (in relation to)
mãos atrás,2,plural of mão,behind (at the back)
mãos ao,2,plural of mão,contraction of a (“to”) + o m sg (“the”)
más notícias,2,feminine plural of mau,plural of notícia
má ideia,2,feminine singular of mau,idea (that which comes to mind)
muito que,2,much; many; a lot of; lots of,that (connecting noun clause)
muito melhor,2,much; many; a lot of; lots of,comparative degree of bom: better
muito importante,2,much; many; a lot of; lots of,important (having relevant and crucial value)
muito gosto,2,much; many; a lot of; lots of,taste (one of the five senses)
muito fixe,2,much; many; a lot of; lots of,"cool, awesome"
muito estranho,2,much; many; a lot of; lots of,odd; strange (not normal)
muito dinheiro,2,much; many; a lot of; lots of,money (means of exchange and measure of value)
muito bonito,2,much; many; a lot of; lots of,"pretty, lovely"
minha vida,2,feminine singular of meu,life
minha vez,2,feminine singular of meu,time; occasion
minha nossa,2,feminine singular of meu,feminine singular of nosso
minha mão,2,feminine singular of meu,hand
minha irmã,2,feminine singular of meu,sister
minha frente,2,feminine singular of meu,front (facing side)
mim tudo,2,first-person singular prepositional pronoun,everything (all the things)
mim também,2,first-person singular prepositional pronoun,too; also (in addition; as well)
mim não,2,first-person singular prepositional pronoun,not; don't; haven't (negates the meaning of the verb or adverb)
meu trabalho,2,"my (belonging to, associated with, related to, or in the possession of me)",job (economic role for which a person is paid)
meu melhor,2,"my (belonging to, associated with, related to, or in the possession of me)",comparative degree of bom: better
meu marido,2,"my (belonging to, associated with, related to, or in the possession of me)",husband (male partner in a married couple)
mesmo de,2,the same,of (in relation to)
mesmo ali,2,the same,there (far from both the speaker and the interlocutor(s))
melhor irmos,2,comparative degree of bom: better,first-person plural personal infinitive of ir
melhor ir,2,comparative degree of bom: better,to go (to move to a destination)
media group,2,alternative spelling of média (“media; mass media”),
me só,2,first-person singular objective direct personal pronoun; me,only; just (alone in a category)
me pensar,2,first-person singular objective direct personal pronoun; me,to think (communicate to oneself in one’s mind)
me passar,2,first-person singular objective direct personal pronoun; me,to pass; to pass by (to move past)
me parece,2,first-person singular objective direct personal pronoun; me,inflection of parecer:
me mate,2,first-person singular objective direct personal pronoun; me,maté (Ilex paraguariensis) (a shrub native to southern South America)
me interessa,2,first-person singular objective direct personal pronoun; me,inflection of interessar:
me informado,2,first-person singular objective direct personal pronoun; me,informed
me importo,2,first-person singular objective direct personal pronoun; me,first-person singular present indicative of importar
me falar,2,first-person singular objective direct personal pronoun; me,to speak; to talk (to say words out loud)
me explicar,2,first-person singular objective direct personal pronoun; me,to explain
me esquecia,2,first-person singular objective direct personal pronoun; me,first/third-person singular imperfect indicative of esquecer
me encontraste,2,first-person singular objective direct personal pronoun; me,second-person singular preterite indicative of encontrar
me dizes,2,first-person singular objective direct personal pronoun; me,second-person singular present indicative of dizer
me disseste,2,first-person singular objective direct personal pronoun; me,second-person singular preterite indicative of dizer (you said)
me digas,2,first-person singular objective direct personal pronoun; me,second-person singular present subjunctive of dizer
me dera,2,first-person singular objective direct personal pronoun; me,first/third-person singular pluperfect indicative of dar
me deixes,2,first-person singular objective direct personal pronoun; me,second-person singular present subjunctive of deixar
me consigo,2,first-person singular objective direct personal pronoun; me,third-person singular reflexive prepositional pronoun with com (with himself; with herself; with itself; with yourself)
me conheces,2,first-person singular objective direct personal pronoun; me,second-person singular present indicative of conhecer
me ajudá,2,first-person singular objective direct personal pronoun; me,
me agrada,2,first-person singular objective direct personal pronoun; me,inflection of agradar:
me adivinhar,2,first-person singular objective direct personal pronoun; me,to guess
matem nos,2,inflection of matar:,inflection of nós
matei o,2,first-person singular preterite indicative of matar,"The fifteenth letter of the Portuguese alphabet, called ó and written in the Latin script."
matei ninguém,2,first-person singular preterite indicative of matar,no one; nobody (not one person)
matar te,2,to kill (to cause to die),"you (singular), thee"
mas tu,2,but (introduces a clause that contradicts the implications of the previous clause),you; thou (singular second person pronoun)
mas sabes,2,but (introduces a clause that contradicts the implications of the previous clause),second-person singular present indicative of saber
maneira nenhuma,2,manner; way (particular method of doing something),feminine singular of nenhum
mais rápido,2,used to form the comparative of adjectives and adverbs; more; -er,fast (occurring or happening within a short time)
mais ninguém,2,used to form the comparative of adjectives and adverbs; more; -er,no one; nobody (not one person)
mais força,2,used to form the comparative of adjectives and adverbs; more; -er,force; strength
mais do,2,used to form the comparative of adjectives and adverbs; more; -er,"contraction of de + o, literally “of the, from the, -'s (masculine singular)”"
mais baixo,2,used to form the comparative of adjectives and adverbs; more; -er,low
lá vem,2,"there (in that place, far from both the speaker and the audience)",inflection of vir:
lá vai,2,"there (in that place, far from both the speaker and the audience)",inflection of ir:
lá rapazes,2,"there (in that place, far from both the speaker and the audience)",plural of rapaz
lá pessoal,2,"there (in that place, far from both the speaker and the audience)",personal
lá isso,2,"there (in that place, far from both the speaker and the audience)",that (the thing near you; the thing mentioned that concerns you)
lá fora,2,"there (in that place, far from both the speaker and the audience)",outside (on the outside of a building or location)
lá então,2,"there (in that place, far from both the speaker and the audience)",then (at that time)
longe de,2,"far, a long way",of (in relation to)
lhe uma,2,dative of ele and ela: (to) him/her/it,feminine of um
lhe parece,2,dative of ele and ela: (to) him/her/it,inflection of parecer:
levem no,2,inflection of levar:,abbreviation of noroeste
levanta te,2,inflection of levantar:,"you (singular), thee"
lembra te,2,inflection of lembrar:,"you (singular), thee"
lembra se,2,inflection of lembrar:,abbreviation of Sergipe: a state of Brazil
largue a,2,inflection of largar:,"The first letter of the Portuguese alphabet, written in the Latin script."
lar doce,2,home (place or building where one dwells),"sweet, sugary"
já volto,2,already (indicating that something has happened before),"first-person singular present indicative of voltar; ""I go back, I return"""
já viste,2,already (indicating that something has happened before),second-person singular preterite indicative of ver
já venho,2,already (indicating that something has happened before),first-person singular present indicative of vir
já sei,2,already (indicating that something has happened before),first-person singular present indicative of saber
já sabia,2,already (indicating that something has happened before),first/third-person singular imperfect indicative of saber
já sabes,2,already (indicating that something has happened before),second-person singular present indicative of saber
já passou,2,already (indicating that something has happened before),third-person singular preterite indicative of passar
já ouvi,2,already (indicating that something has happened before),inflection of ouvir:
já falámos,2,already (indicating that something has happened before),first-person plural preterite indicative of falar
já disse,2,already (indicating that something has happened before),first/third-person singular preterite indicative of dizer
isto vai,2,this (the thing here),inflection of ir:
isso seria,2,that (the thing near you; the thing mentioned that concerns you),first/third-person singular conditional of ser
isso foi,2,that (the thing near you; the thing mentioned that concerns you),third-person singular preterite indicative of ir
isso dizer,2,that (the thing near you; the thing mentioned that concerns you),to say
isso aí,2,that (the thing near you; the thing mentioned that concerns you),there (close to the second person (you))
isso aconteceu,2,that (the thing near you; the thing mentioned that concerns you),third-person singular preterite indicative of acontecer
ir trabalhar,2,to go (to move to a destination),to work (to do a specific task)
ideia melhor,2,idea (that which comes to mind),comparative degree of bom: better
ideia foi,2,idea (that which comes to mind),third-person singular preterite indicative of ir
há uma,2,inflection of haver:,feminine of um
há um,2,inflection of haver:,one
há sim,2,inflection of haver:,yes (affirmative answer)
há quanto,2,inflection of haver:,as (to the same extent or degree that)
há ninguém,2,inflection of haver:,no one; nobody (not one person)
há dois,2,inflection of haver:,two (cardinal number 2)
há algo,2,inflection of haver:,something (unspecified object)
horas são,2,plural of hora,"forms the titles of male saints whose names begin with a consonant (except H, which is silent)"
hora de,2,hour (period of sixty minutes),of (in relation to)
hoje não,2,today (in the current day),not; don't; haven't (negates the meaning of the verb or adverb)
grande coisa,2,large; great; big (of great size or extent),"thing (a physical object, entity, or situation)"
gosto muito,2,taste (one of the five senses),much; many; a lot of; lots of
gosto disto,2,taste (one of the five senses),"contraction of de + isto, literally “of/from this thing”: neuter of deste"
gosto dela,2,taste (one of the five senses),contraction of de + ela: feminine singular of dele
gosto de,2,taste (one of the five senses),of (in relation to)
gente sabe,2,people,inflection of saber:
fui eu,2,first-person singular preterite indicative of ir,I (first-person singular personal pronoun)
fomos nós,2,first-person plural preterite indicative of ir,first-person plural nominative personal pronoun: we
foi uma,2,third-person singular preterite indicative of ir,feminine of um
foi tua,2,third-person singular preterite indicative of ir,feminine singular of teu
foi por,2,third-person singular preterite indicative of ir,for (on behalf of)
foi muito,2,third-person singular preterite indicative of ir,much; many; a lot of; lots of
foi há,2,third-person singular preterite indicative of ir,inflection of haver:
foi fácil,2,third-person singular preterite indicative of ir,easy (requiring little skill or effort)
foi bom,2,third-person singular preterite indicative of ir,good
foi boa,2,third-person singular preterite indicative of ir,feminine singular of bom
foi agora,2,third-person singular preterite indicative of ir,now; right now (at the present time)
foda se,2,fuck (an act of sexual intercourse),abbreviation of Sergipe: a state of Brazil
fiz eu,2,first-person singular preterite indicative of fazer,I (first-person singular personal pronoun)
fim do,2,"end, conclusion, closure","contraction of de + o, literally “of the, from the, -'s (masculine singular)”"
filhos da,2,"children (one's direct descendant by birth, regardless of age; one's offspring; a son or daughter)","contraction of de + a, literally “of/from the (feminine singular)”: feminine singular of do"
filha da,2,daughter,"contraction of de + a, literally “of/from the (feminine singular)”: feminine singular of do"
fico feliz,2,first-person singular present indicative of ficar,happy
fico com,2,first-person singular present indicative of ficar,with; against
fico bem,2,first-person singular present indicative of ficar,well; accurately; competently
ficas aqui,2,second-person singular present indicative of ficar,here (in this place)
ficar bom,2,to become; to get; to end up,good
fica no,2,inflection of ficar:,abbreviation of noroeste
fica bem,2,inflection of ficar:,well; accurately; competently
fez isto,2,third-person singular preterite indicative of fazer,this (the thing here)
feliz aniversário,2,happy,anniversary
faço isso,2,first-person singular present indicative of fazer,that (the thing near you; the thing mentioned that concerns you)
faço ideia,2,first-person singular present indicative of fazer,idea (that which comes to mind)
faço a,2,first-person singular present indicative of fazer,"The first letter of the Portuguese alphabet, written in the Latin script."
faças isto,2,second-person singular present subjunctive of fazer,this (the thing here)
faça o,2,inflection of fazer:,"The fifteenth letter of the Portuguese alphabet, called ó and written in the Latin script."
fazes ideia,2,second-person singular present indicative of fazer,idea (that which comes to mind)
fazer te,2,to make,"you (singular), thee"
fazer por,2,to make,for (on behalf of)
fazer agora,2,to make,now; right now (at the present time)
fazendo aqui,2,gerund of fazer,here (in this place)
fazemos agora,2,first-person plural present indicative of fazer,now; right now (at the present time)
fazem aqui,2,third-person plural present indicative of fazer,here (in this place)
faz qualquer,2,inflection of fazer:,"any; whatever (no matter what kind, which or who)"
faz favor,2,inflection of fazer:,favor (instance of voluntarily assisting someone)
faz ele,2,inflection of fazer:,third-person masculine singular nominative personal pronoun; he; it
faz aqui,2,inflection of fazer:,here (in this place)
farei o,2,first-person singular future indicative of fazer,"The fifteenth letter of the Portuguese alphabet, called ó and written in the Latin script."
falámos sobre,2,first-person plural preterite indicative of falar,on; atop; on top of (located on the top surface of)
falta muito,2,"lack (the condition of not having, needing, or needing more of something)",much; many; a lot of; lots of
falo com,2,phallus,with; against
falaste com,2,second-person singular preterite indicative of falar,with; against
falar sobre,2,to speak; to talk (to say words out loud),on; atop; on top of (located on the top surface of)
falar de,2,to speak; to talk (to say words out loud),of (in relation to)
fala com,2,speech (the ability to speak),with; against
eu volto,2,I (first-person singular personal pronoun),"first-person singular present indicative of voltar; ""I go back, I return"""
eu te,2,I (first-person singular personal pronoun),"you (singular), thee"
eu só,2,I (first-person singular personal pronoun),only; just (alone in a category)
eu saiba,2,I (first-person singular personal pronoun),inflection of saber:
eu preciso,2,I (first-person singular personal pronoun),precise; accurate (in exact or careful conformity with the truth)
eu percebo,2,I (first-person singular personal pronoun),first-person singular present indicative of perceber
eu pensei,2,I (first-person singular personal pronoun),first-person singular preterite indicative of pensar
eu nunca,2,I (first-person singular personal pronoun),never (at no time; not ever)
eu mostro,2,I (first-person singular personal pronoun),first-person singular present indicative of mostrar
eu mato,2,I (first-person singular personal pronoun),forest; bush; jungle; woods (uncultivated area covered in wild plants)
eu matei,2,I (first-person singular personal pronoun),first-person singular preterite indicative of matar
eu lembro,2,I (first-person singular personal pronoun),first-person singular present indicative of lembrar
eu ia,2,I (first-person singular personal pronoun),AI (artificial intelligence)
eu eu,2,I (first-person singular personal pronoun),I (first-person singular personal pronoun)
eu consigo,2,I (first-person singular personal pronoun),third-person singular reflexive prepositional pronoun with com (with himself; with herself; with itself; with yourself)
eu avisei,2,I (first-person singular personal pronoun),first-person singular preterite indicative of avisar
eu apanho,2,I (first-person singular personal pronoun),first-person singular present indicative of apanhar
eu ajudo,2,I (first-person singular personal pronoun),first-person singular present indicative of ajudar
eu adoro,2,I (first-person singular personal pronoun),will/desire to be as the other
eu acredito,2,I (first-person singular personal pronoun),first-person singular present indicative of acreditar
estão os,2,third-person plural present indicative of estar,masculine plural of o
estão mortos,2,third-person plural present indicative of estar,plural of morto
estás zangado,2,second-person singular present indicative of estar,past participle of zangar
estás sim,2,second-person singular present indicative of estar,yes (affirmative answer)
estás para,2,second-person singular present indicative of estar,"for (directed at, intended to belong to or to be appropriate for)"
estás muito,2,second-person singular present indicative of estar,much; many; a lot of; lots of
está óptimo,2,inflection of estar,pre-reform spelling (used until 1990) of ótimo; still used where the agreement hasn’t come into effect and may occur as a sporadic misspelling
está sim,2,inflection of estar,yes (affirmative answer)
está nada,2,inflection of estar,nothing (not any thing; no thing)
está muito,2,inflection of estar,much; many; a lot of; lots of
está morta,2,inflection of estar,feminine singular of morto
está melhor,2,inflection of estar,comparative degree of bom: better
está louco,2,inflection of estar,"crazy, mad, insane (of unsound mind)"
está livre,2,inflection of estar,free
está grávida,2,inflection of estar,feminine singular of grávido
está ferido,2,inflection of estar,"injured, hurt, sore, wounded"
está feito,2,inflection of estar,"done, made, produced, created"
está falando,2,inflection of estar,gerund of falar
está armado,2,inflection of estar,armed
está agora,2,inflection of estar,now; right now (at the present time)
está aberta,2,inflection of estar,a sunny spell (the period of time between rain showers)
estou óptimo,2,hello (a greeting used when answering the telephone),pre-reform spelling (used until 1990) of ótimo; still used where the agreement hasn’t come into effect and may occur as a sporadic misspelling
estou óptima,2,hello (a greeting used when answering the telephone),feminine singular of óptimo
estou à,2,hello (a greeting used when answering the telephone),contraction of a (“to”) + a f sg (“the”): feminine singular of ao
estou sim,2,hello (a greeting used when answering the telephone),yes (affirmative answer)
estou preocupado,2,hello (a greeting used when answering the telephone),"preoccupied, worried (who is concerned with)"
estou preocupada,2,hello (a greeting used when answering the telephone),feminine singular of preocupado
estou farto,2,hello (a greeting used when answering the telephone),stuffed
estou eu,2,hello (a greeting used when answering the telephone),I (first-person singular personal pronoun)
estive melhor,2,first-person singular preterite indicative of estar,comparative degree of bom: better
esteve aqui,2,third-person singular preterite indicative of estar,here (in this place)
este tipo,2,this (indicates something or someone nearby),kind; sort; type (grouping based on shared characteristics)
estava à,2,first/third-person singular imperfect indicative of estar,contraction of a (“to”) + a f sg (“the”): feminine singular of ao
estava só,2,first/third-person singular imperfect indicative of estar,only; just (alone in a category)
estava errado,2,first/third-person singular imperfect indicative of estar,not correct; wrong; incorrect
estava aqui,2,first/third-person singular imperfect indicative of estar,here (in this place)
estarei lá,2,first-person singular future indicative of estar,"there (in that place, far from both the speaker and the audience)"
estamos quites,2,first-person plural present indicative of estar,plural of quite
estamos em,2,first-person plural present indicative of estar,in; inside; within (contained by)
essa boca,2,feminine singular of esse,mouth (the opening of a creature through which food is ingested)
essa a,2,feminine singular of esse,"The first letter of the Portuguese alphabet, written in the Latin script."
esqueças disso,2,second-person singular present subjunctive of esquecer,"contraction of de + isso, literally “of this thing”: neuter of desse"
esqueci me,2,first-person singular preterite indicative of esquecer,first-person singular objective direct personal pronoun; me
espero bem,2,first-person singular present indicative of esperar,well; accurately; competently
espere por,2,inflection of esperar:,for (on behalf of)
escolha é,2,choice (opportunity to choose or select something),third-person singular present indicative of ser
era um,2,"era (time period of indeterminate length, generally more than one year)",one
era eu,2,"era (time period of indeterminate length, generally more than one year)",I (first-person singular personal pronoun)
episódios anteriores,2,plural of episódio,masculine/feminine plural of anterior
então porquê,2,then (at that time),why
então está,2,then (at that time),inflection of estar
encontrá lo,2,,"alternative form of o (third-person masculine singular objective pronoun) used as an enclitic and mesoclitic following a verb form ending in a consonant (-z, -r and -s, but not -m); the consonant is elided and the preceding vowel takes an accent if necessary"
em vê,2,in; inside; within (contained by),The name of the Latin script letter V/v.
em si,2,in; inside; within (contained by),initialism of Sistema Internacional: SI
em ordem,2,in; inside; within (contained by),"order (arrangement, disposition)"
em nada,2,in; inside; within (contained by),nothing (not any thing; no thing)
em conhecer,2,in; inside; within (contained by),to know (be acquainted or familiar with)
ele vem,2,third-person masculine singular nominative personal pronoun; he; it,inflection of vir:
ele que,2,third-person masculine singular nominative personal pronoun; he; it,that (connecting noun clause)
ele aqui,2,third-person masculine singular nominative personal pronoun; he; it,here (in this place)
ela foi,2,third-person feminine singular nominative pronoun she; it,third-person singular preterite indicative of ir
e se,2,"The fifth letter of the Portuguese alphabet, called ê or é and written in the Latin script.",abbreviation of Sergipe: a state of Brazil
e quem,2,"The fifth letter of the Portuguese alphabet, called ê or é and written in the Latin script.",who; whom (which person?)
e quanto,2,"The fifth letter of the Portuguese alphabet, called ê or é and written in the Latin script.",as (to the same extent or degree that)
e qual,2,"The fifth letter of the Portuguese alphabet, called ê or é and written in the Latin script.",which
e mais,2,"The fifth letter of the Portuguese alphabet, called ê or é and written in the Latin script.",used to form the comparative of adjectives and adverbs; more; -er
e isso,2,"The fifth letter of the Portuguese alphabet, called ê or é and written in the Latin script.",that (the thing near you; the thing mentioned that concerns you)
e depois,2,"The fifth letter of the Portuguese alphabet, called ê or é and written in the Latin script.",later (afterwards in time)
dá uma,2,inflection of dar:,feminine of um
dá para,2,inflection of dar:,"for (directed at, intended to belong to or to be appropriate for)"
dá mo,2,inflection of dar:,"contraction of me + o, literally “him/it to me”"
dá lhe,2,inflection of dar:,dative of ele and ela: (to) him/her/it
dois um,2,two (cardinal number 2),one
dois dias,2,two (cardinal number 2),plural of dia
dois anos,2,two (cardinal number 2),plural of ano
doce lar,2,"sweet, sugary",home (place or building where one dwells)
do quê,2,"contraction of de + o, literally “of the, from the, -'s (masculine singular)”",what (which thing)
do fbi,2,"contraction of de + o, literally “of the, from the, -'s (masculine singular)”",
do céu,2,"contraction of de + o, literally “of the, from the, -'s (masculine singular)”",sky
dizer uma,2,to say,feminine of um
dizer o,2,to say,"The fifteenth letter of the Portuguese alphabet, called ó and written in the Latin script."
dizer a,2,to say,"The first letter of the Portuguese alphabet, written in the Latin script."
diz isso,2,inflection of dizer:,that (the thing near you; the thing mentioned that concerns you)
disso que,2,"contraction of de + isso, literally “of this thing”: neuter of desse",that (connecting noun clause)
disse que,2,first/third-person singular preterite indicative of dizer,that (connecting noun clause)
disse nada,2,first/third-person singular preterite indicative of dizer,nothing (not any thing; no thing)
disse me,2,first/third-person singular preterite indicative of dizer,first-person singular objective direct personal pronoun; me
disse ele,2,first/third-person singular preterite indicative of dizer,third-person masculine singular nominative personal pronoun; he; it
disse ela,2,first/third-person singular preterite indicative of dizer,third-person feminine singular nominative pronoun she; it
disse alguma,2,first/third-person singular preterite indicative of dizer,feminine singular of algum
digo te,2,first-person singular present indicative of dizer,"you (singular), thee"
difícil de,2,"difficult, hard, unlikely",of (in relation to)
diabo é,2,devil; demon; fiend (creature from Hell),third-person singular present indicative of ser
dia todo,2,day,every; all (all of a group)
devo fazer,2,first-person singular present indicative of dever,to make
devem estar,2,third-person plural present indicative of dever,to be (indicates location in space)
deus não,2,god; deity,not; don't; haven't (negates the meaning of the verb or adverb)
deus meu,2,god; deity,"my (belonging to, associated with, related to, or in the possession of me)"
deus do,2,god; deity,"contraction of de + o, literally “of the, from the, -'s (masculine singular)”"
desliga o,2,inflection of desligar:,"The fifteenth letter of the Portuguese alphabet, called ó and written in the Latin script."
desculpe o,2,inflection of desculpar:,"The fifteenth letter of the Portuguese alphabet, called ó and written in the Latin script."
desculpe me,2,inflection of desculpar:,first-person singular objective direct personal pronoun; me
desculpa o,2,"excuse, pretext (explanation designed to avoid or alleviate guilt or negative judgement)","The fifteenth letter of the Portuguese alphabet, called ó and written in the Latin script."
depois de,2,later (afterwards in time),of (in relation to)
demasiado tarde,2,superfluous,late (near the end of a period of time)
deixem nos,2,inflection of deixar:,inflection of nós
deixe mensagem,2,inflection of deixar:,message (concept or information conveyed)
deixe a,2,inflection of deixar:,"The first letter of the Portuguese alphabet, written in the Latin script."
deixa nos,2,cue (action or event that is a signal to do something),inflection of nós
deixa lá,2,cue (action or event that is a signal to do something),"there (in that place, far from both the speaker and the audience)"
deixa isso,2,cue (action or event that is a signal to do something),that (the thing near you; the thing mentioned that concerns you)
deixa estar,2,cue (action or event that is a signal to do something),to be (indicates location in space)
deitem se,2,inflection of deitar:,abbreviation of Sergipe: a state of Brazil
deite se,2,inflection of deitar:,abbreviation of Sergipe: a state of Brazil
deita te,2,inflection of deitar:,"you (singular), thee"
decisão é,2,decision,third-person singular present indicative of ser
de tudo,2,of (in relation to),everything (all the things)
de todo,2,of (in relation to),every; all (all of a group)
de tempo,2,of (in relation to),time (the progression from the present into the future)
de te,2,of (in relation to),"you (singular), thee"
de ser,2,of (in relation to),"to be (to have the given quality), especially a quality that is intrinsic or not expected to change, contrasting with estar which denotes a temporary quality"
de saída,2,of (in relation to),exit; way (a passage to the outside)
de quem,2,of (in relation to),who; whom (which person?)
de pé,2,of (in relation to),"foot, part of the human body"
de modo,2,of (in relation to),mode; way; method (method or manner of doing something)
de me,2,of (in relation to),first-person singular objective direct personal pronoun; me
de manhã,2,of (in relation to),morning
de maneira,2,of (in relation to),manner; way (particular method of doing something)
de fome,2,of (in relation to),hunger (need or compelling desire for food)
de especial,2,of (in relation to),special
de errado,2,of (in relation to),not correct; wrong; incorrect
de doidos,2,of (in relation to),plural of doido
de dizer,2,of (in relation to),to say
de dinheiro,2,of (in relation to),money (means of exchange and measure of value)
de deus,2,of (in relation to),god; deity
de conversar,2,of (in relation to),to talk; to chat (to engage in conversation)
de certeza,2,of (in relation to),certainty (state of being certain)
de alguma,2,of (in relation to),feminine singular of algum
de acreditar,2,of (in relation to),to believe (to accept that someone is telling the truth)
da casa,2,"contraction of de + a, literally “of/from the (feminine singular)”: feminine singular of do",house
cá vamos,2,here (in this place),inflection of ir:
cá querida,2,here (in this place),feminine singular of querido
culpa tua,2,fault,feminine singular of teu
creio que,2,first-person singular present indicative of crer,that (connecting noun clause)
conta me,2,"operation, calculation",first-person singular objective direct personal pronoun; me
conta da,2,"operation, calculation","contraction of de + a, literally “of/from the (feminine singular)”: feminine singular of do"
consigo ver,2,third-person singular reflexive prepositional pronoun with com (with himself; with herself; with itself; with yourself),to see; to observe (to perceive with one’s eyes)
consigo fazer,2,third-person singular reflexive prepositional pronoun with com (with himself; with herself; with itself; with yourself),to make
consegues fazer,2,second-person singular present indicative of conseguir,to make
conheço te,2,"first-person singular present indicative of conhecer; ""I know""","you (singular), thee"
conheço o,2,"first-person singular present indicative of conhecer; ""I know""","The fifteenth letter of the Portuguese alphabet, called ó and written in the Latin script."
conheço a,2,"first-person singular present indicative of conhecer; ""I know""","The first letter of the Portuguese alphabet, written in the Latin script."
conheces me,2,second-person singular present indicative of conhecer,first-person singular objective direct personal pronoun; me
confio em,2,first-person singular present indicative of confiar,in; inside; within (contained by)
confiei em,2,first-person singular preterite indicative of confiar,in; inside; within (contained by)
confias em,2,second-person singular present indicative of confiar,in; inside; within (contained by)
como vão,2,"Como (a city and comune, the capital of the province of Como, Lombardy)",vain
como quiseres,2,"Como (a city and comune, the capital of the province of Como, Lombardy)",second-person singular future subjunctive of querer
como me,2,"Como (a city and comune, the capital of the province of Como, Lombardy)",first-person singular objective direct personal pronoun; me
como foi,2,"Como (a city and comune, the capital of the province of Como, Lombardy)",third-person singular preterite indicative of ir
como era,2,"Como (a city and comune, the capital of the province of Como, Lombardy)","era (time period of indeterminate length, generally more than one year)"
com todo,2,with; against,every; all (all of a group)
com bom,2,with; against,good
com a,2,with; against,"The first letter of the Portuguese alphabet, written in the Latin script."
coisa para,2,"thing (a physical object, entity, or situation)","for (directed at, intended to belong to or to be appropriate for)"
cheiro é,2,smell (sensation),third-person singular present indicative of ser
chamar a,2,to call; to summon (to ask someone to come),"The first letter of the Portuguese alphabet, written in the Latin script."
cessar fogo,2,to cease,fire (chemical reaction producing a flame)
certo vamos,2,right; correct (not containing errors),inflection of ir:
calma meu,2,calm,"my (belonging to, associated with, related to, or in the possession of me)"
calem se,2,inflection of calar:,abbreviation of Sergipe: a state of Brazil
c um,2,"The third letter of the Portuguese alphabet, called cê and written in the Latin script.",one
bom saber,2,good,to know
bom rapaz,2,good,boy; young man; lad; youngster
bom para,2,good,"for (directed at, intended to belong to or to be appropriate for)"
bom não,2,good,not; don't; haven't (negates the meaning of the verb or adverb)
bom aspecto,2,good,"appearance, look"
boa tarde,2,feminine singular of bom,late (near the end of a period of time)
boa sorte,2,feminine singular of bom,sort
boa pergunta,2,feminine singular of bom,question
boa altura,2,feminine singular of bom,height
blá blá,2,,
bem vindos,2,well; accurately; competently,masculine plural of vindo
bem te,2,well; accurately; competently,"you (singular), thee"
bem sim,2,well; accurately; competently,yes (affirmative answer)
bem senhor,2,well; accurately; competently,a man (an adult male human)
bem querido,2,well; accurately; competently,dear
bem não,2,well; accurately; competently,not; don't; haven't (negates the meaning of the verb or adverb)
bem eu,2,well; accurately; competently,I (first-person singular personal pronoun)
bem amigo,2,well; accurately; competently,friend (person whose company one enjoys)
beber alguma,2,to drink (something),feminine singular of algum
barulho é,2,"noise (loud and often unwanted, cacophonous sounds)",third-person singular present indicative of ser
baixa a,2,downtown,"The first letter of the Portuguese alphabet, written in the Latin script."
aí estás,2,there (close to the second person (you)),second-person singular present indicative of estar
aí alguém,2,there (close to the second person (you)),somebody; someone (some person)
aí a,2,there (close to the second person (you)),"The first letter of the Portuguese alphabet, written in the Latin script."
até à,2,until (up to the time of something happening),contraction of a (“to”) + a f sg (“the”): feminine singular of ao
até agora,2,until (up to the time of something happening),now; right now (at the present time)
atrás dele,2,behind (at the back),contraction of de + ele
atenção por,2,attention,for (on behalf of)
assim seja,2,full of; replete,inflection of ser:
assim mesmo,2,full of; replete,the same
assim está,2,full of; replete,inflection of estar
as crianças,2,feminine plural of o,plural of criança
as armas,2,feminine plural of o,plural of arma
aqui vamos,2,here (in this place),inflection of ir:
aqui tem,2,here (in this place),inflection of ter:
aqui para,2,here (in this place),"for (directed at, intended to belong to or to be appropriate for)"
aqui não,2,here (in this place),not; don't; haven't (negates the meaning of the verb or adverb)
aqui estão,2,here (in this place),third-person plural present indicative of estar
aqui estamos,2,here (in this place),first-person plural present indicative of estar
aqui em,2,here (in this place),in; inside; within (contained by)
aquele tipo,2,that (far from the speaker and listener),kind; sort; type (grouping based on shared characteristics)
anda vamos,2,stilt (a pole with footrests used by entertainers),inflection of ir:
amor de,2,love,of (in relation to)
amo o,2,master,"The fifteenth letter of the Portuguese alphabet, called ó and written in the Latin script."
amo a,2,master,"The first letter of the Portuguese alphabet, written in the Latin script."
amas me,2,plural of ama,first-person singular objective direct personal pronoun; me
ali em,2,there (far from both the speaker and the interlocutor(s)),in; inside; within (contained by)
alguém me,2,somebody; someone (some person),first-person singular objective direct personal pronoun; me
alguém em,2,somebody; someone (some person),in; inside; within (contained by)
alguma pergunta,2,feminine singular of algum,question
alguma ideia,2,feminine singular of algum,idea (that which comes to mind)
ajudar me,2,"to help, aid; to assist",first-person singular objective direct personal pronoun; me
ainda estás,2,"still, yet (up to a time)",second-person singular present indicative of estar
ai sim,2,ouch (expression of physical pain),yes (affirmative answer)
ai não,2,ouch (expression of physical pain),not; don't; haven't (negates the meaning of the verb or adverb)
ai meu,2,ouch (expression of physical pain),"my (belonging to, associated with, related to, or in the possession of me)"
ah é,2,"ah! (expression of relief, realization, awe)",third-person singular present indicative of ser
ah sim,2,"ah! (expression of relief, realization, awe)",yes (affirmative answer)
ah não,2,"ah! (expression of relief, realization, awe)",not; don't; haven't (negates the meaning of the verb or adverb)
aguento mais,2,first-person singular present indicative of aguentar,used to form the comparative of adjectives and adverbs; more; -er
agora vamos,2,now; right now (at the present time),inflection of ir:
agora vai,2,now; right now (at the present time),inflection of ir:
agora já,2,now; right now (at the present time),already (indicating that something has happened before)
agentes federais,2,plural of agente,masculine/feminine plural of federal
agarra a,2,inflection of agarrar:,"The first letter of the Portuguese alphabet, written in the Latin script."
afaste se,2,inflection of afastar:,abbreviation of Sergipe: a state of Brazil
acredito nisto,2,first-person singular present indicative of acreditar,"contraction of em + isto, literally “in this thing”: neuter of neste"
acredito nisso,2,first-person singular present indicative of acreditar,"contraction of em + isso, literally “in that thing (near you)”: neuter of nesse"
acreditas em,2,second-person singular present indicative of acreditar,in; inside; within (contained by)
acreditar nisto,2,to believe (to accept that someone is telling the truth),"contraction of em + isto, literally “in this thing”: neuter of neste"
acreditar em,2,to believe (to accept that someone is telling the truth),in; inside; within (contained by)
acredita em,2,inflection of acreditar:,in; inside; within (contained by)
achas que,2,second-person singular present indicative of achar,that (connecting noun clause)
acesso negado,2,access (a way or means of approaching),past participle of negar
acalmem se,2,inflection of acalmar:,abbreviation of Sergipe: a state of Brazil
acalma te,2,inflection of acalmar:,"you (singular), thee"
acabou se,2,third-person singular preterite indicative of acabar,abbreviation of Sergipe: a state of Brazil
acabou de,2,third-person singular preterite indicative of acabar,of (in relation to)
a volta,2,"The first letter of the Portuguese alphabet, written in the Latin script.",return (act of returning)
a tratar,2,"The first letter of the Portuguese alphabet, written in the Latin script.","to treat (to handle, deal with or behave towards in a specific way)"
a ser,2,"The first letter of the Portuguese alphabet, written in the Latin script.","to be (to have the given quality), especially a quality that is intrinsic or not expected to change, contrasting with estar which denotes a temporary quality"
a senhora,2,"The first letter of the Portuguese alphabet, written in the Latin script.",lady
a seguir,2,"The first letter of the Portuguese alphabet, written in the Latin script.",to follow (to go or come after in physical space)
a salvo,2,"The first letter of the Portuguese alphabet, written in the Latin script.",safe
a sair,2,"The first letter of the Portuguese alphabet, written in the Latin script.",to exit; to leave (go away from a certain place or situation); to get out (of)
a resultar,2,"The first letter of the Portuguese alphabet, written in the Latin script.",to result
a respirar,2,"The first letter of the Portuguese alphabet, written in the Latin script.",to breathe
a razão,2,"The first letter of the Portuguese alphabet, written in the Latin script.",reason (the ability to think correctly)
a quê,2,"The first letter of the Portuguese alphabet, written in the Latin script.",what (which thing)
a primeira,2,"The first letter of the Portuguese alphabet, written in the Latin script.",feminine singular of primeiro
a postos,2,"The first letter of the Portuguese alphabet, written in the Latin script.",plural of posto
a perder,2,"The first letter of the Portuguese alphabet, written in the Latin script.","to lose (an object, a job, interest etc.)"
a nós,2,"The first letter of the Portuguese alphabet, written in the Latin script.",first-person plural nominative personal pronoun: we
a não,2,"The first letter of the Portuguese alphabet, written in the Latin script.",not; don't; haven't (negates the meaning of the verb or adverb)
a noite,2,"The first letter of the Portuguese alphabet, written in the Latin script.",night (period between sunset and sunrise)
a hora,2,"The first letter of the Portuguese alphabet, written in the Latin script.",hour (period of sixty minutes)
a gostar,2,"The first letter of the Portuguese alphabet, written in the Latin script.",to like
a funcionar,2,"The first letter of the Portuguese alphabet, written in the Latin script.",to work; to function
a fugir,2,"The first letter of the Portuguese alphabet, written in the Latin script.",to run away; to flee (to move away from something unpleasant quickly or suddenly)
a ficar,2,"The first letter of the Portuguese alphabet, written in the Latin script.",to become; to get; to end up
a escolha,2,"The first letter of the Portuguese alphabet, written in the Latin script.",choice (opportunity to choose or select something)
a entender,2,"The first letter of the Portuguese alphabet, written in the Latin script.","to understand, to grasp, to comprehend"
a em,2,"The first letter of the Portuguese alphabet, written in the Latin script.",in; inside; within (contained by)
a eles,2,"The first letter of the Portuguese alphabet, written in the Latin script.",masculine third-person plural nominative personal pronoun; they
a divertir,2,"The first letter of the Portuguese alphabet, written in the Latin script.",to distract (divert the attention of)
a deus,2,"The first letter of the Portuguese alphabet, written in the Latin script.",god; deity
a decisão,2,"The first letter of the Portuguese alphabet, written in the Latin script.",decision
a correr,2,"The first letter of the Portuguese alphabet, written in the Latin script.",to run (to move quickly on one’s feet)
a chorar,2,"The first letter of the Portuguese alphabet, written in the Latin script.",to cry; to weep (to shed tears from the eyes)
a bordo,2,"The first letter of the Portuguese alphabet, written in the Latin script.",board (each side of a ship)
