text,popularity,risk,meaning1,meaning2,meaning3,meaning4,meaning5,pinyin,readings
の,841611,,,
は,723771,,,
に,637430,,,
た,570351,,,
を,568311,,,
て,559231,,,
だ,487784,,,
が,480012,,,
で,305190,,,
ない,290488,,,
か,268235,,,
し,262588,,,
と,260953,,,
も,221358,,,
な,207451,,,
よ,192000,,,
ん,170805,,,
私,138728,,me,,shi/watakushi/watashi
てる,122786,,,
何,122507,,what,,ka/nani
から,109342,,,
です,104075,,,
ね,91714,,,
それ,86819,,,
わ,84668,,,
する,84173,,,
こと,83672,,,
彼,83092,,he,,hi/kare
いる,78520,,,
い,77117,,,
あなた,76579,,,
そう,73943,,,
ます,72450,,,
いい,66493,,,
君,62907,,you,,kun/kimi
どう,62526,,,
俺,62444,,i,,ore
さ,60546,,,
ある,57977,,,
じゃ,56790,,,
お,55360,,,
れ,54290,,,
これ,49319,,,
って,47298,,,
この,46773,,,
ここ,44921,,,
くれ,43064,,,
人,42914,,person,,jin/nin/hito
その,41892,,,
お前,41324,,,
誰,41114,,"""who",,"(question word)"" dare"
事,41101,,"""abstract",,"thing"" ji/koto"
ば,40321,,,
見,40134,,see,,ken/mi-ru/mi-eru/mi-seru
彼女,39677,,,
ぞ,39280,,,
ら,38951,,,
なら,37908,,,
だっ,36884,,,
まし,35874,,,
もう,34400,,,
よう,33724,,,
たら,32893,,,
言っ,32750,,,
たい,32094,,,
なかっ,31679,,,
だけ,31138,,,
たち,30373,,,
今,30245,,now,,kon/kin/ima
僕,30035,,me,,boku
ませ,29440,,,
者,28991,,someone,,sha/mono
来,28914,,come,,rai/ku-ru/kita-ru/kita-su
やっ,26500,,,
まで,25146,,,
どこ,25104,,,
へ,25008,,,
けど,24999,,,
さん,24603,,,
なる,24248,,,
ああ,23124,,,
時,22946,,time,,ji/toki
知っ,22400,,,
せ,22241,,,
なっ,22005,,,
中,21816,,middle,,chuu/naka
達,21783,,attain,,tatsu
行く,21686,,,
ため,21582,,,
だろ,21483,,,
前,21226,,"""in",,"front"" zen/mae"
だろう,20620,,,
もの,20598,,,
必要,20546,,,
あの,19555,,,
奴,19281,,guy,,do
なく,19269,,,
あっ,19263,,,
気,19134,,feeling,,ki/ke
あり,19001,,,
でき,18916,,,
我々,18759,,,
大丈夫,18478,,,
話,18176,,talk,,wa/hana-su/hanashi
自分,18043,,,
思っ,17848,,,
時間,17296,,,
られ,17150,,,
本当,16909,,,
なぜ,16901,,,
き,16873,,,
まだ,16839,,,
そんな,16833,,,
出,16747,,exit,,shutsu/de-ru/da-su
そして,16247,,,
ありがとう,16220,,,
的,16179,,target,,teki/mato
思う,16159,,,
いう,16116,,,
いや,15888,,,
聞い,15842,,,
家,15797,,house,,ka/ke/ie/ya
言う,15655,,,
年,15376,,year,,nen/toshi
つ,15140,,,
や,14878,,,
持っ,14862,,,
なん,14817,,,
分かっ,14748,,,
男,14681,,male,,dan/nan/otoko
日,14593,,day,,nichi/jitsu/hi/ka
ちょっと,14408,,,
話し,14301,,,
行っ,14169,,,
手,13936,,hand,,shu/te
方,13902,,direction,,hou/kata
わかっ,13899,,,
そこ,13715,,,
知ら,13630,,,
一,13610,,one,,ichi/itsu/hito/hito-tsu
仕事,13555,,,
一緒,13338,,,
できる,13286,,,
待っ,13180,,,
後,13032,,behind,,go/kou/nochi/ushi-ro/ato/oku-reru
れる,12985,,,
やる,12931,,,
すぐ,12896,,,
ええ,12828,,,
考え,12787,,,
他,12567,,other,,ta/hoka
より,12454,,,
はい,12259,,,
違う,12175,,,
でしょ,12145,,,
目,12110,,eye,,moku/me
なさい,12040,,,
つい,12018,,,
おい,11794,,,
みんな,11700,,,
電話,11456,,,
みたい,11451,,,
しろ,11321,,,
死ん,11219,,,
無い,11189,,,
また,11063,,,
良い,11002,,,
殺し,10885,,,
あんた,10799,,,
助け,10659,,,
でしょう,10636,,,
なんて,10524,,,
所,10478,,place,,sho/tokoro
こんな,10449,,,
見つけ,10330,,,
場所,10231,,,
同じ,10107,,,
あれ,10100,,,
車,10062,,car,,sha/kuruma
子供,10033,,,
様,9893,,"""formal",,"title"" you/sama"
よく,9878,,,
べき,9850,,,
問題,9737,,,
子,9514,,child,,shi/su/ko
ください,9451,,,
好き,9374,,,
さあ,9278,,,
み,9240,,,
世界,9235,,,
たく,9197,,,
金,9163,,gold,,kin/kon/kane
全て,9114,,,
信じ,9002,,,
名前,8945,,,
通り,8882,,,
ご,8880,,,
思い,8871,,,
ー,8855,,,
連れ,8852,,,
もし,8852,,,
来る,8819,,,
願い,8769,,,
皆,8758,,all,,kai/mina
はず,8738,,,
ダメ,8719,,,
少し,8601,,,
ただ,8582,,,
上,8580,,up,,jou/ue/kami/a-geru/a-garu/nobo-ru/nobo-seru/nobo-su
出し,8543,,,
生き,8419,,,
分,8335,,part,,bun/fun/bu/wa-keru/wa-kareru/wa-karu/wa-katsu
よし,8144,,,
人間,8125,,,
くれる,8121,,,
しよう,8104,,,
せる,8097,,,
つもり,8075,,,
しかし,8059,,,
行け,8036,,,
ねえ,8012,,,
出来,7944,,,
ぜ,7884,,,
やめ,7853,,,
いつ,7818,,,
もっと,7743,,,
悪い,7692,,,
すべて,7680,,,
どんな,7668,,,
今日,7656,,,
女,7652,,woman,,jo/nyo/onna/me
パパ,7594,,,
言わ,7580,,,
戻っ,7577,,,
欲しい,7554,,,
入っ,7534,,,
こっち,7473,,,
為,7464,,do,,i
なけれ,7457,,,
でし,7441,,,
うん,7417,,,
入れ,7399,,,
早く,7382,,,
物,7372,,thing,,butsu/motsu/mono
ところ,7288,,,
ママ,7268,,,
教え,7265,,,
心配,7228,,,
ごめん,7200,,,
ましょう,7178,,,
力,7121,,power,,ryoku/riki/chikara
なり,7116,,,
ず,7020,,,
じゃあ,6957,,,
神,6955,,god,,shin/jin/kami
居,6880,,reside,,kyo/i-ru
最後,6761,,,
取り,6740,,,
家族,6733,,,
られる,6710,,,
いいえ,6699,,,
いつも,6681,,,
落ち,6660,,,
くる,6660,,,
意味,6656,,,
官,6579,,"""government",,"official"" kan"
度,6567,,degrees,,do/tabi
行か,6544,,,
関係,6542,,,
受け,6507,,,
息子,6477,,,
次,6451,,next,,ji/shi/tsu-gu/tsugi
娘,6381,,daughter,,musume
言い,6363,,,
父,6306,,father,,fu/chichi
でる,6273,,,
行き,6267,,,
警察,6267,,,
分から,6209,,,
間,6176,,interval,,kan/ken/aida/ma
準備,6120,,,
なきゃ,6079,,,
頭,6078,,head,,tou/zu/atama/kashira
かけ,6048,,,
しか,5954,,,
全部,5949,,,
死ぬ,5928,,,
しれ,5915,,,
心,5909,,heart,,shin/kokoro
感じ,5896,,,
探し,5870,,,
愛し,5869,,,
もちろん,5867,,,
銃,5847,,gun,,juu
殺す,5805,,,
わから,5738,,,
別,5724,,separate,,betsu/waka-reru
理由,5715,,,
情報,5702,,,
とても,5698,,,
つけ,5687,,,
一人,5678,,,
殺さ,5667,,,
ずっと,5656,,,
分かる,5626,,,
外,5611,,outside,,gai/ge/soto/hoka/hazu-su/hazu-reru
人生,5586,,,
以上,5569,,,
危険,5525,,,
会っ,5462,,,
数,5444,,number,,suu/kazu/kazo-eru
安全,5408,,,
捜査,5403,,,
行こう,5389,,,
覚え,5372,,,
すれ,5349,,,
部屋,5337,,,
船,5336,,boat,,sen/fune
いく,5315,,,
最初,5297,,,
出来る,5295,,,
起き,5274,,,
忘れ,5269,,,
ジョン,5206,,,
止め,5202,,,
まあ,5194,,,
下さい,5188,,,
こう,5167,,,
二,5160,,two,,ni/futa/futa-tsu
逃げ,5114,,,
約束,5105,,,
結婚,5082,,,
連絡,5071,,,
女性,5063,,,
なに,5063,,,
新しい,5019,,,
出す,5019,,,
方法,4992,,,
顔,4992,,face,,gan/kao
やり,4946,,,
わけ,4941,,,
友達,4925,,,
無理,4867,,,
わかる,4846,,,
父さん,4817,,,
事件,4807,,,
最高,4800,,,
あいつ,4774,,,
まま,4767,,,
貴方,4765,,,
下,4764,,below,,ka/ge/shita/shimo/moto/sa-geru/sa-garu/kuda-ru/kuda-su/kuda-saru/o-rosu/o-riru
仲間,4751,,,
引き,4749,,,
先,4728,,previous,,sen/saki
見え,4703,,,
計画,4685,,,
頼む,4682,,,
可能,4678,,,
バカ,4664,,,
殺人,4652,,,
待て,4646,,,
どういう,4625,,,
あと,4619,,,
とき,4614,,,
夜,4599,,night,,ya/yo/yoru
ドル,4577,,,
せい,4575,,,
いけ,4557,,,
来い,4539,,,
見せ,4526,,,
確認,4518,,,
こちら,4512,,,
明日,4492,,,
ほど,4484,,,
機,4474,,machine,,ki/hata
取っ,4445,,,
友人,4431,,,
性,4422,,gender,,sei/shou
とも,4411,,,
どうぞ,4408,,,
回,4404,,times,,kai/mawa-ru/mawa-su
全員,4396,,,
ほら,4387,,,
不,4354,,non-,,fu/bu
嘘,4352,,,
こいつ,4336,,,
死,4336,,death,,shi/shi-nu
オレ,4332,,,
くらい,4317,,,
二人,4316,,,
知り,4306,,,
え,4287,,,
王,4285,,king,,ou
会い,4278,,,
理解,4266,,,
一度,4226,,,
かしら,4224,,,
確か,4220,,,
言え,4194,,,
よかっ,4185,,,
やら,4181,,,
命,4180,,fate,,mei/myou/inochi
見る,4174,,,
見える,4166,,,
たり,4104,,,
あぁ,4073,,,
終わり,4051,,,
夢,4047,,dream,,mu/yume
たかっ,4015,,,
聞き,3991,,,
帰っ,3966,,,
やつ,3954,,,
攻撃,3952,,,
質問,3921,,,
ちゃん,3914,,,
とっ,3894,,,
話す,3893,,,
先生,3882,,,
大,3881,,large,,dai/tai/oo/oo-kii/oo-ini
感謝,3879,,,
食べ,3869,,,
思わ,3866,,,
クソ,3859,,,
戻る,3854,,,
道,3832,,road,,dou/michi
今夜,3824,,,
言葉,3823,,,
つまり,3820,,,
名,3813,,name,,mei/myou/na
国,3808,,country,,koku/kuni
やめろ,3778,,,
本,3773,,book,,hon/moto
やれ,3772,,,
妻,3768,,wife,,sai/tsuma
どの,3745,,,
ござい,3727,,,
用,3726,,use,,you/mochi-iru
第,3725,,"""ordinal",,"number prefix"" dai"
居る,3722,,,
野郎,3720,,,
多く,3716,,,
ドア,3711,,,
街,3708,,street,,gai/machi
歳,3704,,year-end,,sai
素晴らしい,3682,,,
おまえ,3681,,,
失礼,3642,,,
しまっ,3639,,,
だめ,3628,,,
博士,3624,,,
うち,3617,,,
良く,3610,,,
犯人,3599,,,
もん,3599,,,
すごい,3554,,,
いっ,3552,,,
絶対,3551,,,
了解,3548,,,
調べ,3544,,,
使っ,3542,,,
得,3534,,acquire,,toku/e-ru/u-ru
なし,3532,,,
説明,3529,,,
どれ,3507,,,
母さん,3502,,,
すま,3502,,,
写真,3501,,,
終わっ,3501,,,
敵,3497,,enemy,,teki/kataki
きっと,3486,,,
始め,3473,,,
父親,3413,,,
良かっ,3403,,,
あ,3392,,,
番,3386,,"""one's",,"turn"" ban"
作っ,3386,,,
重要,3362,,,
状況,3355,,,
室,3346,,room,,shitsu/muro
ちゃ,3344,,,
着い,3342,,,
チーム,3328,,,
水,3321,,water,,sui/mizu
やあ,3319,,,
出る,3296,,,
員,3283,,member,,in
間違い,3282,,,
元気,3278,,,
母,3273,,mother,,bo/haha
大統領,3266,,,
たぶん,3263,,,
続け,3233,,,
丶,3226,,,
十分,3225,,,
一番,3217,,,
命令,3180,,,
血,3178,,blood,,ketsu/chi
声,3169,,voice,,sei/koe
追い,3167,,,
呼ん,3166,,,
証拠,3165,,,
自由,3159,,,
相手,3155,,,
一体,3149,,,
ほう,3134,,,
人々,3133,,,
答え,3130,,,
戦争,3124,,,
込ん,3114,,,
す,3111,,,
秘密,3109,,,
報告,3107,,,
簡単,3096,,,
音,3085,,sound,,on/in/oto/ne
週間,3073,,,
体,3069,,body,,tai/tei/karada
与え,3065,,,
残念,3052,,,
件,3046,,affair,,ken
軍,3035,,army,,gun
なんか,3033,,,
士,3031,,gentleman,,shi
自身,3029,,,
逮捕,3021,,,
寝,3019,,"""lie",,"down"" shin/ne-ru/ne-kasu"
いえ,3018,,,
武器,3007,,,
真実,2984,,,
すみ,2981,,,
ヤツ,2971,,,
ねぇ,2963,,,
昔,2951,,"""long",,"ago"" seki/mukashi"
口,2949,,mouth,,kou/ku/kuchi
すぎ,2927,,,
会社,2914,,,
アメリカ,2911,,,
ちゃっ,2896,,,
月,2894,,moon,,getsu/gatsu/tsuki
警官,2875,,,
初めて,2872,,,
等,2867,,class,,tou/hito-shii
など,2860,,,
あそこ,2859,,,
犬,2857,,dog,,ken/inu
学校,2854,,,
見ろ,2836,,,
大変,2830,,,
離れ,2818,,,
ばかり,2805,,,
元,2798,,origin,,gen/gan/moto
守る,2795,,,
聞こえ,2794,,,
見つける,2781,,,
地球,2774,,,
ジャック,2773,,,
犯罪,2768,,,
うまく,2749,,,
伝え,2744,,,
てろ,2738,,,
みろ,2737,,,
破壊,2734,,,
置い,2731,,,
変,2724,,change,,hen/ka-waru/ka-eru
上げ,2715,,,
存在,2697,,,
乗っ,2692,,,
大きな,2686,,,
こんにちは,2666,,,
間違っ,2664,,,
冗談,2664,,,
母親,2650,,,
帰る,2644,,,
こそ,2643,,,
失っ,2642,,,
愛,2641,,love,,ai
め,2637,,,
聞く,2634,,,
気持ち,2627,,,
我,2617,,ego,,ga/ware/wa
店,2614,,shop,,ten/mise
出せ,2612,,,
責任,2610,,,
座っ,2606,,,
入る,2604,,,
持ち,2603,,,
立ち,2600,,,
ながら,2596,,,
監視,2596,,,
記録,2595,,,
共,2594,,together,,kyou/tomo
実,2590,,truth,,jitsu/mi/mino-ru
消え,2588,,,
分かり,2586,,,
多分,2572,,,
知る,2567,,,
役,2564,,service,,yaku/eki
まず,2558,,,
さえ,2552,,,
開け,2551,,,
行動,2549,,,
違い,2532,,,
向かっ,2529,,,
書い,2524,,,
刑事,2523,,,
会,2519,,association,,kai/e/a-u
兄弟,2514,,,
正しい,2497,,,
病院,2497,,,
生活,2495,,,
合っ,2486,,,
普通,2484,,,
協力,2474,,,
気分,2471,,,
頃,2469,,times,,koro
何処,2462,,,
送っ,2443,,,
実際,2440,,,
飛行,2423,,,
過ぎ,2418,,,
こ,2416,,,
残っ,2416,,,
着,2410,,wear,,chaku/ki-ru/ki-seru/tsu-ku/tsu-keru
戦い,2400,,,
研究,2398,,,
すぎる,2391,,,
罪,2387,,guilt,,zai/tsumi
チャンス,2378,,,
大事,2374,,,
嫌,2372,,dislike,,ken/kira-u/iya
薬,2371,,medicine,,yaku/kusuri
唯一,2361,,,
夫,2358,,husband,,fu/otto
今度,2358,,,
ゲーム,2357,,,
そいつ,2355,,,
会え,2353,,,
返し,2353,,,
結果,2352,,,
発見,2351,,,
隠し,2348,,,
番号,2344,,,
後ろ,2343,,,
場合,2340,,,
解決,2338,,,
状態,2335,,,
長,2334,,long,,chou/naga-i
語,2329,,language,,go/kata-ru/kata-rau
幸せ,2328,,,
運転,2321,,,
カメラ,2319,,,
ほしい,2316,,,
以外,2315,,,
変わっ,2314,,,
働い,2308,,,
静か,2307,,,
壁,2301,,wall,,heki/kabe
あまり,2300,,,
目的,2300,,,
調査,2300,,,
携帯,2294,,,
起こっ,2291,,,
足,2291,,foot,,soku/ashi/ta-riru/ta-ru/ta-su
ひどい,2291,,,
らしい,2290,,,
さて,2287,,,
わかり,2286,,,
かなり,2283,,,
邪魔,2279,,,
しまう,2278,,,
会う,2274,,,
付け,2273,,,
興味,2272,,,
なれ,2269,,,
ヶ月,2260,,,
限り,2260,,,
失敗,2258,,,
あら,2258,,,
急い,2253,,,
くそ,2249,,,
マジ,2246,,,
サム,2244,,,
移動,2236,,,
なあ,2235,,,
用意,2230,,,
長い,2227,,,
近く,2225,,,
装置,2224,,,
朝,2221,,morning,,chou/asa
やろう,2220,,,
被害,2214,,,
特別,2212,,,
ぁ,2208,,,
聞か,2208,,,
何故,2208,,,
信用,2204,,,
宇宙,2202,,,
ちゃんと,2196,,,
ま,2196,,,
政府,2194,,,
みる,2193,,,
ボス,2190,,,
互い,2186,,,
刑務,2183,,,
悪く,2183,,,
場,2175,,place,,jou/ba
捨て,2173,,,
よる,2167,,,
客,2167,,guest,,kyaku/kaku
不明,2155,,,
女の子,2149,,,
選択,2144,,,
動く,2140,,,
医者,2140,,,
よっ,2136,,,
信頼,2129,,,
嫌い,2127,,,
使う,2120,,,
おく,2120,,,
マイク,2119,,,
取引,2119,,,
弁護,2113,,,
システム,2107,,,
あんな,2107,,,
非常,2102,,,
買っ,2097,,,
姿,2094,,figure,,shi/sugata
連中,2092,,,
もしもし,2091,,,
昨日,2087,,,
たくさん,2086,,,
無,2085,,nothing,,mu/bu/na-i
ウソ,2083,,,
変え,2081,,,
記憶,2078,,,
えっ,2074,,,
最も,2068,,,
素敵,2068,,,
陛下,2066,,,
爆弾,2056,,,
部,2054,,part,,bu
とこ,2053,,,
過去,2051,,,
出さ,2048,,,
必ず,2044,,,
弟,2039,,"""younger",,"brother"" tei/otouto"
入れる,2037,,,
ぼく,2036,,,
馬鹿,2028,,,
ぬ,2027,,,
犠牲,2024,,,
完全,2023,,,
全く,2023,,,
決め,2018,,,
待ち,2017,,,
まさか,2017,,,
もらう,2014,,,
三,2007,,three,,san/mi/mi-tsu/mi'-tsu
死体,2007,,,
決して,2005,,,
まるで,2003,,,
似,2002,,becoming,,ji/ni-ru
望ん,2002,,,
おはよう,1999,,,
ジェーン,1994,,,
あげ,1993,,,
未来,1992,,,
最近,1991,,,
町,1991,,town,,chou/machi
服,1988,,clothes,,fuku
精神,1988,,,
価値,1981,,,
想像,1971,,,
着け,1969,,,
現場,1967,,,
無事,1966,,,
映画,1966,,,
とにかく,1965,,,
生,1963,,life,,sei/shou/i-kiru/i-kasu/i-keru/u-mareru/u-mu/o-u/ha-eru/ha-yasu/ki/nama
妹,1960,,"""younger",,"sister"" mai/imouto"
書,1960,,write,,sho/ka-ku
飲ん,1959,,,
残り,1956,,,
怖い,1955,,,
黙っ,1950,,,
隊,1947,,group,,tai
事故,1945,,,
考える,1942,,,
警備,1941,,,
船長,1939,,,
鍵,1936,,key,,ken/kagi
注意,1930,,,
入り,1928,,,
秒,1927,,"""second",,"(part of time)"" byou"
色,1926,,color,,shoku/shiki/iro
撃っ,1925,,,
身,1917,,body,,shin/mi
任務,1916,,,
嬉しい,1914,,,
とおり,1911,,,
以前,1907,,,
生まれ,1907,,,
化,1907,,change,,ka/ke/ba-keru/ba-kasu
帰り,1906,,,
ホント,1905,,,
本物,1895,,,
キミ,1895,,,
海,1893,,sea,,kai/umi
無駄,1881,,,
聞こえる,1881,,,
経験,1879,,,
させ,1875,,,
いか,1873,,,
取る,1871,,,
疲れ,1865,,,
ショー,1862,,,
証明,1860,,,
読ん,1857,,,
風,1856,,wind,,fuu/kaze
聞け,1853,,,
住ん,1853,,,
捕まえ,1853,,,
許可,1852,,,
サラ,1851,,,
恐れ,1850,,,
作戦,1848,,,
裁判,1848,,,
あげる,1846,,,
ちゃう,1846,,,
今回,1845,,,
年間,1845,,,
正直,1840,,,
もらっ,1839,,,
両親,1838,,,
望み,1836,,,
呼び,1834,,,
たろ,1832,,,
大学,1824,,,
内,1822,,inside,,nai/uchi
成功,1817,,,
急げ,1814,,,
腕,1809,,arm,,wan/ude
すごく,1808,,,
最悪,1808,,,
渡し,1799,,,
さぁ,1795,,,
どっち,1786,,,
州,1786,,state,,shuu/su
向こう,1782,,,
人物,1782,,,
傷,1781,,wound,,shou/kizu/ita-mu/ita-meru
撃つ,1781,,,
完璧,1781,,,
銀行,1780,,,
永遠,1780,,,
現実,1780,,,
止める,1775,,,
首,1773,,neck,,shu/kubi
っ,1767,,,
ちょうど,1767,,,
全,1766,,whole,,zen/matta-ku/sube-te
本気,1761,,,
呼ば,1761,,,
小さな,1760,,,
予定,1756,,,
撃た,1755,,,
立っ,1755,,,
氏,1753,,"""family",,"name"" shi/uji"
地,1752,,ground,,chi/ji
日本,1751,,,
馬,1749,,horse,,ba/uma
魔法,1749,,,
話せ,1747,,,
切り,1747,,,
わし,1746,,,
盗ん,1744,,,
死に,1742,,,
美咲,1741,,,
ｱﾙﾏﾝ,1738,,,
病気,1736,,,
付き,1729,,,
島,1720,,island,,tou/shima
ようこそ,1717,,,
強い,1717,,,
信じる,1716,,,
リスト,1716,,,
美しい,1715,,,
少年,1715,,,
我が,1714,,,
求め,1714,,,
悪魔,1711,,,
ホテル,1710,,,
あー,1709,,,
無かっ,1707,,,
レッド,1706,,,
爆発,1704,,,
結構,1702,,,
容疑,1698,,,
動物,1696,,,
科学,1693,,,
品,1693,,article,,hin/shina
法,1691,,method,,hou
期待,1689,,,
治療,1686,,,
メール,1684,,,
古い,1682,,,
追跡,1681,,,
殺せ,1680,,,
時代,1680,,,
かかっ,1679,,,
感じる,1678,,,
呼ぶ,1671,,,
てん,1669,,,
訳,1668,,translate,,yaku/wake
式,1666,,style,,shiki
勇気,1664,,,
保護,1664,,,
込む,1660,,,
続ける,1658,,,
しっかり,1657,,,
合う,1652,,,
かかる,1650,,,
階,1649,,"""floor",,"of a building"" kai"
点,1648,,point,,ten
借り,1648,,,
閉じ,1647,,,
無し,1647,,,
守っ,1645,,,
全然,1644,,,
技術,1641,,,
ピーター,1641,,,
ビル,1639,,,
ほとんど,1638,,,
訓練,1638,,,
ひと,1636,,,
戦う,1633,,,
兵士,1630,,,
主,1629,,master,,shu/nushi/omo
飛び,1628,,,
ぐらい,1628,,,
事実,1625,,,
思え,1618,,,
逃げる,1616,,,
作る,1615,,,
レンジャー,1607,,,
持つ,1606,,,
調子,1602,,,
助ける,1601,,,
そっち,1595,,,
組織,1594,,,
女王,1592,,,
貸し,1592,,,
さっき,1588,,,
戻れ,1586,,,
申し訳,1584,,,
ゆっくり,1583,,,
そりゃ,1582,,,
兄,1580,,"""older",,"brother"" kei/ani"
光,1578,,ray,,kou/hika-ru/hikari
乗り,1577,,,
残し,1575,,,
許し,1575,,,
ニュース,1574,,,
利用,1573,,,
毎日,1572,,,
コーヒー,1572,,,
希望,1572,,,
ミス,1569,,,
面白い,1567,,,
パーティー,1565,,,
火,1565,,fire,,ka/hi
つく,1564,,,
立て,1562,,,
当然,1560,,,
主人,1560,,,
線,1558,,line,,sen
代わり,1555,,,
個人,1552,,,
ベッド,1552,,,
抜け,1545,,,
奥さん,1544,,,
館,1543,,"""public",,"building"" kan/yakata"
任せ,1542,,,
ハイ,1541,,,
山,1540,,mountain,,san/yama
フランク,1539,,,
脳,1538,,brain,,nou
楽し,1537,,,
ジョー,1533,,,
まったく,1530,,,
ニック,1527,,,
いら,1527,,,
救っ,1521,,,
酒,1521,,"""alcoholic",,"drink"" shu/sake"
見つかっ,1521,,,
手伝っ,1517,,,
黙れ,1517,,,
難しい,1515,,,
せろ,1514,,,
カード,1513,,,
せよ,1513,,,
空,1511,,sky,,kuu/sora/a-ku/a-keru/kara
隠れ,1509,,,
犯,1508,,crime,,han/oka-su
どちら,1506,,,
こい,1502,,,
追っ,1501,,,
ニューヨーク,1497,,,
おめでとう,1495,,,
上手く,1495,,,
侵入,1494,,,
将軍,1494,,,
少なく,1494,,,
知れ,1493,,,
押し,1491,,,
高い,1489,,,
狂っ,1487,,,
地獄,1487,,,
右,1486,,"""right",,"(direction)"" u/yuu/migi"
降り,1485,,,
デート,1482,,,
かける,1482,,,
到着,1478,,,
キス,1478,,,
駄目,1477,,,
号,1476,,number,,gou
緊急,1476,,,
切っ,1475,,,
おかしい,1475,,,
あたし,1473,,,
楽しい,1472,,,
星,1471,,star,,sei/hoshi
患者,1469,,,
込め,1469,,,
木,1468,,tree,,boku/moku/ki
昨夜,1467,,,
森,1467,,forest,,shin/mori
幸運,1466,,,
運命,1465,,,
認め,1465,,,
長く,1462,,,
世話,1460,,,
対し,1459,,,
選ん,1458,,,
警告,1455,,,
頼ん,1452,,,
突き,1451,,,
飲み,1451,,,
痛,1449,,pain,,tsuu/ita-i/ita-mu/ita-meru
たって,1445,,,
メッセージ,1442,,,
傷つけ,1439,,,
食事,1438,,,
る,1438,,,
返す,1437,,,
切れ,1437,,,
今朝,1436,,,
部下,1435,,,
側,1433,,side,,soku/gawa
局,1430,,office,,kyoku
探す,1428,,,
わたし,1428,,,
起こし,1424,,,
開始,1424,,,
真,1421,,true,,shin/ma
ミスター,1420,,,
耳,1419,,ear,,ji/mimi
カ,1418,,,
いま,1418,,,
う,1417,,,
話さ,1416,,,
戻し,1416,,,
左,1414,,"""left",,"(direction)"" sa/hidari"
待つ,1410,,,
平気,1409,,,
支配,1408,,,
丿,1403,,,
じゃん,1403,,,
救う,1402,,,
アレックス,1400,,,
明らか,1399,,,
つける,1396,,,
屋,1392,,roof,,oku/ya
パワー,1391,,,
ヘイ,1388,,,
送り,1387,,,
ジム,1385,,,
ロック,1383,,,
誕生,1383,,,
おれ,1383,,,
トラック,1383,,,
去っ,1382,,,
強く,1382,,,
怒っ,1381,,,
要る,1380,,,
完了,1379,,,
動き,1379,,,
何者,1379,,,
スターク,1378,,,
常,1378,,normal,,jou/tsune/toko
戻す,1377,,,
現在,1376,,,
親父,1375,,,
誘拐,1375,,,
少女,1375,,,
おけ,1372,,,
ベン,1372,,,
残る,1371,,,
部隊,1371,,,
赤ちゃん,1371,,,
窓,1369,,window,,sou/mado
混乱,1366,,,
マシン,1364,,,
大切,1363,,,
剣,1360,,sabre,,ken/tsurugi
心臓,1359,,,
ドイツ,1358,,,
出発,1356,,,
楽しん,1351,,,
地下,1350,,,
ファイル,1349,,,
魂,1347,,soul,,kon/tamashii
特に,1345,,,
骨,1345,,bone,,kotsu/hone
現れ,1341,,,
深い,1341,,,
イヤ,1339,,,
再,1339,,again,,sai/futata-bi
原因,1337,,,
おかげ,1336,,,
別れ,1335,,,
チェック,1335,,,
分っ,1334,,,
学,1333,,study,,gaku/mana-bu
行為,1333,,,
よろしく,1333,,,
捜し,1332,,,
能力,1332,,,
一部,1332,,,
位,1332,,rank,,i/kurai
検査,1331,,,
まぁ,1329,,,
マイケル,1329,,,
感情,1327,,,
北,1325,,north,,hoku/kita
人類,1325,,,
チャーリー,1325,,,
夕食,1323,,,
コード,1323,,,
スパイ,1321,,,
恐怖,1320,,,
みのり,1320,,,
警部,1319,,,
手紙,1319,,,
要求,1318,,,
撃て,1317,,,
半分,1315,,,
テスト,1315,,,
機会,1314,,,
なぁ,1314,,,
怖,1312,,dreadful,,fu/kowa-i
ども,1310,,,
おそらく,1309,,,
施設,1309,,,
音楽,1309,,,
自殺,1307,,,
込ま,1306,,,
指示,1305,,,
司令,1305,,,
おお,1299,,,
歌,1299,,song,,ka/uta/uta-u
終わる,1298,,,
いで,1294,,,
遠く,1293,,,
影響,1293,,,
男性,1292,,,
ましょ,1291,,,
いくら,1291,,,
みよう,1291,,,
位置,1290,,,
いれ,1290,,,
偉大,1289,,,
試し,1288,,,
きれい,1288,,,
脱出,1287,,,
戻り,1287,,,
晩,1286,,nightfall,,ban
歴史,1286,,,
箱,1285,,box,,hako
紹介,1282,,,
てっ,1281,,,
やっと,1281,,,
すい,1277,,,
付い,1275,,,
正確,1275,,,
若い,1274,,,
反応,1272,,,
うーん,1272,,,
与える,1271,,,
遅れ,1271,,,
スーパー,1270,,,
通信,1269,,,
料理,1269,,,
データ,1268,,,
使わ,1267,,,
事態,1267,,,
平和,1266,,,
取れ,1265,,,
得る,1265,,,
遺体,1263,,,
悪かっ,1263,,,
たった,1262,,,
権利,1261,,,
終わら,1259,,,
行方,1259,,,
ブラック,1258,,,
払っ,1258,,,
マーク,1257,,,
戻ら,1256,,,
器,1256,,container,,ki/utsuwa
議員,1256,,,
弾,1255,,bullet,,dan/hi-ku/hazu-mu/tama
迎え,1252,,,
師,1251,,expert,,shi
旅,1246,,trip,,ryo/tabi
つか,1246,,,
打ち,1244,,,
望む,1244,,,
きみ,1244,,,
管理,1243,,,
活動,1242,,,
やっぱり,1242,,,
相棒,1241,,,
意見,1241,,,
代,1239,,substitute,,dai/tai/ka-waru/ka-eru/yo/shiro
違っ,1239,,,
掛け,1236,,,
始める,1236,,,
大好き,1235,,,
判断,1234,,,
映像,1234,,,
色々,1232,,,
ロシア,1230,,,
解放,1230,,,
失う,1225,,,
驚い,1225,,,
市,1224,,market,,shi/ichi
反対,1223,,,
立つ,1221,,,
つけろ,1219,,,
信号,1217,,,
嬢,1216,,lass,,jou
すでに,1213,,,
ほんと,1213,,,
瞬間,1209,,,
ウォルター,1203,,,
しばらく,1203,,,
死な,1201,,,
食べる,1200,,,
閣下,1199,,,
契約,1198,,,
テレビ,1197,,,
さま,1197,,,
使え,1195,,,
オーケー,1194,,,
戦っ,1191,,,
マイル,1191,,,
理子,1191,,,
意識,1190,,,
基地,1188,,,
着く,1188,,,
勝利,1188,,,
なれる,1187,,,
面倒,1187,,,
あっち,1185,,,
オフィス,1185,,,
売っ,1182,,,
作り,1182,,,
やがっ,1182,,,
沢山,1177,,,
消し,1177,,,
っけ,1175,,,
担当,1174,,,
悪,1173,,bad,,aku/o/waru-i
とけ,1168,,,
息,1164,,breath,,soku/iki
集中,1164,,,
引っ,1163,,,
結局,1162,,,
向け,1160,,,
穴,1159,,hole,,ketsu/ana
はっきり,1158,,,
おり,1158,,,
運,1158,,carry,,un/hako-bu
目標,1157,,,
えぇ,1152,,,
麻薬,1148,,,
送る,1147,,,
だれ,1146,,,
振り,1146,,,
以来,1143,,,
兵,1141,,soldier,,hei/hyou
いたし,1141,,,
異常,1140,,,
開い,1140,,,
髪,1140,,"""hair",,"of the head"" hatsu/kami"
負け,1139,,,
兵器,1139,,,
飲む,1139,,,
席,1136,,seat,,seki
種,1136,,kind,,shu/tane
痛い,1135,,,
みな,1133,,,
山里,1133,,,
使い,1132,,,
そ,1131,,,
途中,1131,,,
ボク,1127,,,
参加,1127,,,
とい,1126,,,
起こる,1125,,,
もらえ,1122,,,
軍隊,1122,,,
入ら,1120,,,
向かう,1118,,,
トム,1118,,,
変わら,1117,,,
上がっ,1116,,,
可愛い,1115,,,
教授,1109,,,
ロンドン,1109,,,
突然,1109,,,
ナイフ,1107,,,
自然,1106,,,
歩い,1106,,,
なるほど,1105,,,
戦闘,1104,,,
頑張っ,1103,,,
部分,1101,,,
殺害,1101,,,
プログラム,1101,,,
ヒーロー,1099,,,
惑星,1096,,,
様子,1096,,,
怪物,1096,,,
裏,1096,,back,,ri/ura
殺そう,1096,,,
安心,1094,,,
会議,1094,,,
渡す,1092,,,
鳥,1091,,bird,,chou/tori
忘れる,1091,,,
教会,1091,,,
達也,1089,,,
停止,1089,,,
台,1088,,pedestal,,dai/tai
スーツ,1087,,,
ウォーカー,1086,,,
酷い,1085,,,
小さい,1084,,,
姉,1084,,"""older",,"sister"" shi/ane"
礼,1084,,thanks,,rei/rai
ちょうだい,1083,,,
止めろ,1078,,,
保安,1077,,,
中国,1076,,,
生きる,1075,,,
構わ,1073,,,
住所,1073,,,
がっ,1073,,,
フランス,1072,,,
南,1071,,south,,nan/minami
専門,1070,,,
取ら,1070,,,
提供,1069,,,
多い,1066,,,
手術,1065,,,
フィル,1064,,,
超,1062,,transcend,,chou/ko-eru/ko-su
アンタ,1060,,,
事務,1059,,,
親,1058,,parent,,shin/oya/shita-shii/shita-shimu
愛する,1056,,,
全体,1055,,,
猫,1054,,cat,,byou/neko
ど,1053,,,
闇,1052,,darkness,,yami
避難,1051,,,
生徒,1050,,,
誇り,1048,,,
荷物,1048,,,
いったい,1046,,,
実行,1045,,,
捜索,1043,,,
クリスマス,1043,,,
気づい,1042,,,
会話,1041,,,
サイン,1040,,,
時々,1040,,,
周り,1039,,,
うれしい,1038,,,
ドラゴン,1033,,,
もらい,1032,,,
動か,1032,,,
社,1032,,company,,sha/yashiro
ビール,1032,,,
建物,1031,,,
ガス,1031,,,
早い,1031,,,
機械,1031,,,
ヘンリー,1030,,,
制御,1030,,,
曲,1029,,"""musical",,"composition"" kyoku/ma-garu/ma-geru"
速人,1029,,,
さらに,1029,,,
証言,1029,,,
魔女,1028,,,
目撃,1028,,,
開けろ,1027,,,
個,1026,,individual,,ko
フィンチ,1026,,,
発,1025,,departure,,hatsu/hotsu
エンジン,1024,,,
かわいい,1024,,,
怒り,1024,,,
次第,1020,,,
主義,1019,,,
歯,1019,,tooth,,shi/ha
カーター,1018,,,
確信,1018,,,
おやすみ,1017,,,
川,1016,,river,,sen/kawa
投げ,1014,,,
言える,1012,,,
使用,1012,,,
ハリー,1011,,,
旅行,1011,,,
始まっ,1011,,,
王子,1010,,,
前回,1010,,,
直し,1009,,,
毒,1009,,poison,,doku
市民,1008,,,
バス,1008,,,
指揮,1008,,,
我慢,1008,,,
動い,1007,,,
いっぱい,1007,,,
許さ,1006,,,
奴隷,1005,,,
変える,1004,,,
恋,1003,,romance,,ren/ko-u/koi/koi-shii
剤,1002,,dose,,zai
ボート,1001,,,
距離,1001,,,
過ごし,1001,,,
ガキ,1001,,,
案内,1000,,,
ハンク,1000,,,
靴,999,,shoes,,ka/kutsu
よい,998,,,
腹,997,,abdomen,,fuku/hara
会える,996,,,
止まれ,995,,,
危ない,995,,,
だら,994,,,
近い,994,,,
喜ん,992,,,
ありがと,991,,,
リース,990,,,
逃げろ,990,,,
後悔,990,,,
何時,990,,,
奇妙,990,,,
壊れ,989,,,
忙しい,988,,,
新,987,,new,,shin/atara-shii/ara-ta/nii
アア,987,,,
死亡,984,,,
繰り,983,,,
テロ,983,,,
強盗,983,,,
賢い,982,,,
ビデオ,982,,,
支援,981,,,
直接,981,,,
集め,980,,,
社会,980,,,
よせ,979,,,
噂,978,,,
乾杯,977,,,
最終,976,,,
巻き,976,,,
既に,975,,,
味方,974,,,
匂い,973,,,
副,972,,vice,,fuku
判っ,972,,,
一杯,969,,,
感,967,,feeling,,kan
夫人,967,,,
ルール,967,,,
一致,966,,,
一生,966,,,
方向,965,,,
怪我,964,,,
呼吸,961,,,
同意,960,,,
落とし,960,,,
起動,960,,,
勇敢,958,,,
再び,958,,,
以内,957,,,
対する,957,,,
大きい,954,,,
半,953,,half,,han/naka-ba
いろいろ,953,,,
決まっ,953,,,
絵,951,,picture,,kai/e
脅威,951,,,
おき,951,,,
バー,950,,,
天使,949,,,
大きく,949,,,
胸,949,,bosom,,kyou/mune
禁止,948,,,
レベル,947,,,
申し,947,,,
貴様,945,,,
核,943,,nucleus,,kaku
払う,942,,,
とく,942,,,
満足,941,,,
指,940,,finger,,shi/yubi/sa-su
実験,939,,,
足り,938,,,
太陽,938,,,
トイレ,937,,,
キャロル,937,,,
行ける,937,,,
関し,936,,,
マックス,935,,,
撃ち,935,,,
いずれ,933,,,
クラブ,933,,,
有名,933,,,
くそっ,933,,,
越え,932,,,
ネット,930,,,
ウィル,930,,,
諸君,929,,,
てこっ,929,,,
耐え,929,,,
名誉,928,,,
処理,927,,,
神経,927,,,
おっと,927,,,
スター,923,,,
確保,923,,,
努力,923,,,
最,922,,most,,sai/motto-mo
アクセス,922,,,
回復,922,,,
公,922,,public,,kou/ooyake
済ま,922,,,
恐ろしい,921,,,
受ける,916,,,
クリス,916,,,
依頼,916,,,
吉森,916,,,
感染,916,,,
リーダー,915,,,
無視,914,,,
せよう,913,,,
両方,913,,,
応答,912,,,
通し,909,,,
最大,909,,,
ダンス,909,,,
帰れ,909,,,
ホワイト,908,,,
雨,908,,rain,,u/ame
城,908,,castle,,jou/shiro
偶然,907,,,
パーティ,907,,,
飛ん,906,,,
決定,905,,,
卿,905,,,
書類,904,,,
招待,904,,,
ゾンビ,904,,,
隣,903,,neighboring,,rin/tona-ru/tonari
有る,903,,,
起きる,902,,,
花,902,,flower,,ka/hana
さっさと,902,,,
成長,902,,,
張っ,902,,,
切る,901,,,
親友,900,,,
つき,900,,,
夏美,898,,,
ワイン,898,,,
たがっ,896,,,
回っ,896,,,
光る,895,,,
恋人,895,,,
英雄,895,,,
寝る,895,,,
練習,895,,,
オリバー,893,,,
まさに,893,,,
知らせ,892,,,
兄貴,892,,,
大人,891,,,
ロバート,889,,,
物語,889,,,
肉,889,,meat,,niku
獣,888,,animal,,juu/kemono
安定,888,,,
見つから,886,,,
不思議,884,,,
会わ,883,,,
暮らし,883,,,
美月,883,,,
時計,882,,,
マスター,882,,,
才能,880,,,
そろそろ,879,,,
要ら,878,,,
いろ,877,,,
キャリー,877,,,
分析,877,,,
復讐,876,,,
セックス,873,,,
御,871,,honorable,,gyo/go/on
酔っ,871,,,
ちまっ,870,,,
巨人,869,,,
他人,868,,,
変わる,867,,,
大佐,866,,,
慎,865,,humility,,shin/tsutsushi-mu
指輪,863,,,
艦隊,862,,,
立派,862,,,
有り,862,,,
放っ,862,,,
壊し,861,,,
乗る,860,,,
ひとり,860,,,
知り合い,859,,,
見つかる,859,,,
所有,858,,,
そば,858,,,
ハウス,856,,,
王国,854,,,
光栄,854,,,
アラン,854,,,
クレア,853,,,
複雑,853,,,
権,852,,rights,,ken
よろしい,850,,,
手段,850,,,
日間,850,,,
発生,849,,,
徳井,849,,,
具合,849,,,
ハロルド,848,,,
東,847,,east,,tou/higashi
症,847,,symptoms,,shou
臭い,846,,,
生命,846,,,
土地,846,,,
交換,846,,,
提案,846,,,
気の毒,846,,,
去る,845,,,
始まり,845,,,
イエス,845,,,
亡くなっ,845,,,
楽,844,,pleasure,,gaku/raku/tano-shii/tano-shimu
ジェダイ,844,,,
掃除,844,,,
笑っ,844,,,
歓迎,844,,,
新聞,843,,,
高,842,,tall,,kou/taka-i/taka/taka-maru/taka-meru
外し,842,,,
尋ね,842,,,
石,842,,stone,,seki/ishi
パリ,842,,,
修理,841,,,
サー,840,,,
午後,840,,,
茶,839,,tea,,cha/sa
すら,839,,,
遅い,836,,,
長官,836,,,
おじ,834,,,
列車,834,,,
高校,833,,,
優秀,832,,,
自己,832,,,
戦,832,,war,,sen/ikusa/tataka-u
社長,831,,,
下がっ,830,,,
進め,830,,,
魅力,828,,,
カール,828,,,
医,827,,medicine,,i
発射,826,,,
正義,826,,,
狙っ,826,,,
正体,826,,,
筈,825,,,
民,825,,people,,min/tami
加減,824,,,
直ぐ,824,,,
戦士,823,,,
村,823,,village,,son/mura
機能,823,,,
政治,823,,,
救急,822,,,
都市,822,,,
ライト,822,,,
困っ,820,,,
赤ん坊,817,,,
匹,817,,equal,,hitsu/hiki
帽子,817,,,
記事,816,,,
アパート,816,,,
遊び,815,,,
始まる,815,,,
地図,815,,,
捕まえる,814,,,
えー,814,,,
勉強,814,,,
くせ,814,,,
鬼,813,,ghost,,ki/oni
同様,812,,,
まずい,812,,,
倍,812,,double,,bai
ロボット,811,,,
綺麗,811,,,
枚,811,,"""sheet",,"of..."" mai"
本部,809,,,
吹き,809,,,
会おう,809,,,
ジェイク,808,,,
苦労,807,,,
大勢,806,,,
資金,806,,,
覚悟,805,,,
賭け,805,,,
団,805,,group,,dan
合わせ,803,,,
条件,803,,,
無線,803,,,
奪っ,802,,,
愚か,802,,,
調べる,802,,,
規則,802,,,
学ん,801,,,
逆,800,,inverted,,gyaku/saka/saka-rau
叔父,800,,,
電気,800,,,
連邦,800,,,
かつて,800,,,
アイツ,799,,,
接触,799,,,
身体,798,,,
走っ,798,,,
対処,798,,,
済み,798,,,
最低,798,,,
特定,797,,,
流れ,797,,,
金庫,797,,,
立場,797,,,
巨大,797,,,
値,796,,value,,chi/ne/atai
衛星,796,,,
ちがう,795,,,
エイリアン,795,,,
教える,795,,,
急,793,,hurry,,kyuu/iso-gu
効果,793,,,
西,793,,west,,sei/sai/nishi
近づい,792,,,
暴力,792,,,
触れ,791,,,
大した,790,,,
パートナー,790,,,
興奮,790,,,
扱い,789,,,
軍曹,789,,,
障害,789,,,
承知,788,,,
空気,787,,,
ポール,787,,,
不安,785,,,
エネルギー,785,,,
休み,785,,,
出ろ,784,,,
お腹,784,,,
保証,784,,,
リック,784,,,
ぶっ,783,,,
新た,783,,,
魚,782,,fish,,gyo/uo/sakana
止まっ,782,,,
勝っ,781,,,
卒業,780,,,
工場,780,,,
テロリスト,780,,,
変更,779,,,
標的,779,,,
エリック,778,,,
相談,778,,,
評価,777,,,
さよなら,776,,,
確実,775,,,
鼻,775,,nose,,bi/hana
班,775,,squad,,han
贈り物,774,,,
ジェシー,774,,,
子ども,774,,,
非,773,,negative,,hi
バリー,772,,,
裏切り,772,,,
説得,771,,,
交渉,771,,,
ケツ,771,,,
やれる,770,,,
だらけ,770,,,
勝ち,769,,,
遅く,769,,,
あらゆる,769,,,
犯し,769,,,
離れる,769,,,
怖く,768,,,
話そう,768,,,
扉,767,,"""front",,"door"" hi/tobira"
守り,767,,,
指紋,767,,,
将来,767,,,
パイロット,767,,,
欲しく,766,,,
退屈,765,,,
誤解,765,,,
伏せろ,765,,,
例,764,,example,,rei/tato-eru
もっ,764,,,
ガ,763,,,
台無し,763,,,
捕まっ,762,,,
あろう,762,,,
上げる,762,,,
久しぶり,762,,,
マーフィー,761,,,
予想,760,,,
血液,760,,,
帝国,760,,,
欲しかっ,760,,,
手がかり,759,,,
署,758,,"""government",,"office"" sho"
爆破,757,,,
バッグ,757,,,
もらえる,757,,,
とんでも,757,,,
凄い,756,,,
内部,756,,,
うまい,756,,,
試合,756,,,
クビ,755,,,
ドクター,755,,,
男の子,754,,,
妊娠,753,,,
頼み,752,,,
諦め,751,,,
ラニスター,750,,,
キロ,749,,,
伝える,749,,,
法律,749,,,
変化,749,,,
おっ,749,,,
無く,749,,,
逃し,748,,,
納得,748,,,
こりゃ,748,,,
決める,748,,,
ライアン,748,,,
フォース,748,,,
替え,747,,,
手配,747,,,
タバコ,746,,,
あるいは,745,,,
尻,744,,buttocks,,shiri
友,743,,friend,,yuu/tomo
疑問,743,,,
勝つ,742,,,
分ら,742,,,
維持,741,,,
勝手に,741,,,
起こす,741,,,
庫,741,,warehouse,,ko
階段,739,,,
直す,739,,,
うるさい,739,,,
糞,739,,,
働く,739,,,
合わ,738,,,
慣れ,738,,,
タイム,738,,,
ルーシー,737,,,
走れ,737,,,
眠っ,737,,,
生物,737,,,
行う,736,,,
待機,736,,,
見せる,736,,,
手伝い,736,,,
待た,736,,,
避け,736,,,
てく,735,,,
病,734,,sick,,byou/ya-mu/yamai
ドライブ,733,,,
選ぶ,732,,,
出身,732,,,
誓っ,732,,,
違反,731,,,
生存,730,,,
医療,730,,,
深く,730,,,
差し,729,,,
文字,729,,,
ボール,728,,,
ファン,728,,,
食料,727,,,
ねー,727,,,
眠れ,727,,,
無実,727,,,
プロ,727,,,
空港,726,,,
大尉,726,,,
タイプ,725,,,
得意,725,,,
作業,725,,,
始末,724,,,
半田,723,,,
驚く,723,,,
しかも,721,,,
万,721,,"""ten",,"thousand"" man/ban"
多,721,,many,,ta/oo-i
ダニー,721,,,
抵抗,720,,,
正しかっ,718,,,
当て,718,,,
リー,718,,,
シャーロック,718,,,
速く,717,,,
がら,716,,,
やめる,716,,,
未,716,,"""not",,"yet"" mi"
ビジネス,715,,,
泥棒,714,,,
グループ,714,,,
レース,713,,,
だし,713,,,
通っ,711,,,
泣い,711,,,
味,711,,flavor,,mi/aji/aji-wau
金持ち,711,,,
誓い,710,,,
すばらしい,710,,,
ワシ,710,,,
じっと,709,,,
とっても,708,,,
乗れ,707,,,
親切,707,,,
床,707,,bed,,shou/toko/yuka
食べ物,706,,,
さようなら,706,,,
設計,705,,,
杯,705,,"""counter",,"for cupfuls"" hai/sakazuki"
機関,705,,,
どけ,704,,,
肢,704,,limb,,shi
飛ぶ,704,,,
国家,703,,,
盗ま,702,,,
嵐,702,,storm,,arashi
赤,702,,red,,seki/aka/aka-i/aka-ramu/aka-rameru
口座,701,,,
開ける,701,,,
ジョージ,700,,,
アンナ,700,,,
挨拶,700,,,
ドレス,700,,,
救い,700,,,
残さ,700,,,
開発,700,,,
ネズミ,699,,,
ノー,699,,,
赤い,699,,,
英語,698,,,
メンバー,698,,,
形,697,,shape,,kei/gyou/kata/katachi
たとえ,697,,,
買う,697,,,
テープ,697,,,
話せる,696,,,
着陸,696,,,
チップ,696,,,
乗せ,696,,,
卵,695,,egg,,ran/tamago
奇跡,694,,,
届け,694,,,
従う,692,,,
故郷,692,,,
慎重,692,,,
く,691,,,
開く,690,,,
奥様,690,,,
同僚,689,,,
気付い,689,,,
マシ,689,,,
運ん,688,,,
ボブ,688,,,
中止,688,,,
使える,688,,,
貴女,687,,,
過ぎる,687,,,
仕業,687,,,
ジェームズ,686,,,
ホームズ,686,,,
タクシー,686,,,
婦,686,,lady,,fu
例えば,685,,,
謎,685,,riddle,,nazo
存知,685,,,
健康,684,,,
ベル,684,,,
橋,683,,bridge,,kyou/hashi
発表,683,,,
バンド,683,,,
豚,683,,pork,,ton/buta
保険,683,,,
リズボン,683,,,
ケーキ,682,,,
武装,682,,,
ダニエル,682,,,
ほんの,682,,,
レイ,682,,,
間違え,682,,,
サービス,681,,,
アダム,681,,,
アイデア,681,,,
終了,681,,,
ふざけ,680,,,
横,680,,side,,ou/yoko
いかが,679,,,
約,679,,promise,,yaku
アリス,679,,,
証,678,,evidence,,shou
プレゼント,678,,,
言おう,677,,,
ブロック,676,,,
暗殺,675,,,
持た,675,,,
怒ら,674,,,
続く,673,,,
買い,673,,,
ジミー,672,,,
完成,671,,,
離し,671,,,
選ば,670,,,
人質,670,,,
トラブル,670,,,
釈放,669,,,
ありさ,669,,,
トニー,668,,,
いただき,668,,,
道路,668,,,
憶え,667,,,
スカイ,667,,,
小,666,,small,,shou/chii-sai/ko/o
鏡,666,,mirror,,kyou/kagami
是,666,,"""just",,"so"" ze"
畜生,666,,,
アホ,665,,,
渡せ,665,,,
ガール,665,,,
作ら,664,,,
喧嘩,664,,,
医師,663,,,
系,663,,lineage,,kei
送ら,663,,,
兄さん,662,,,
牛,662,,cow,,gyuu/ushi
尋問,662,,,
離婚,662,,,
トミー,661,,,
襲っ,661,,,
正気,660,,,
狼,659,,,
拒否,659,,,
ついに,658,,,
米国,658,,,
見事,658,,,
殿,658,,Mr.,,den/ten/tono/dono
放し,658,,,
遺伝,658,,,
返事,657,,,
強,656,,strong,,kyou/gou/tsuyo-i/tsuyo-maru/tsuyo-meru/shi-iru
従っ,656,,,
駅,656,,station,,eki
放射,656,,,
向い,656,,,
済ん,655,,,
隠す,655,,,
都合,653,,,
エレン,653,,,
神々,653,,,
罠,652,,,
出血,652,,,
テーブル,652,,,
込み,652,,,
天才,651,,,
公園,651,,,
さも,650,,,
字幕,650,,,
コール,649,,,
雄基,649,,,
書き,649,,,
関心,649,,,
伝説,649,,,
単純,649,,,
優先,649,,,
見れ,648,,,
アーサー,648,,,
ブース,648,,,
ステキ,648,,,
立た,648,,,
貰っ,647,,,
襲わ,647,,,
読み,647,,,
防衛,647,,,
進ん,647,,,
のみ,646,,,
大使,645,,,
囚人,645,,,
反乱,644,,,
帰ら,644,,,
詳細,643,,,
注文,643,,,
物質,643,,,
関連,643,,,
人形,643,,,
現金,642,,,
脅し,642,,,
させる,641,,,
自ら,641,,,
関する,640,,,
撮影,640,,,
背中,639,,,
紙,637,,paper,,shi/kami
観,636,,observe,,kan
助かっ,636,,,
上司,636,,,
出来事,635,,,
燃料,635,,,
孤独,634,,,
飲ま,634,,,
倉庫,634,,,
要請,633,,,
ス,633,,,
からだ,632,,,
駐車,632,,,
ほか,631,,,
緊張,631,,,
確かめ,631,,,
マスク,630,,,
操作,630,,,
悲しい,630,,,
守れ,630,,,
ごと,629,,,
議論,629,,,
祈り,629,,,
雇っ,629,,,
有罪,629,,,
義務,628,,,
量,628,,quantity,,ryou/haka-ru
幽霊,628,,,
失い,627,,,
大量,627,,,
下がれ,627,,,
省,627,,"""government",,"ministry"" sei/shou/kaeri-miru/habu-ku"
事情,627,,,
まえ,627,,,
小僧,626,,,
燃え,626,,,
ワシントン,625,,,
目覚め,625,,,
強力,625,,,
恐らく,624,,,
知識,624,,,
学生,623,,,
センター,623,,,
尽くし,623,,,
接続,623,,,
注目,623,,,
エージェント,623,,,
程,621,,extent,,tei/hodo
小屋,619,,,
悪夢,619,,,
楽しかっ,619,,,
ディーン,618,,,
時期,617,,,
いき,617,,,
いやいや,617,,,
虫,617,,insect,,chuu/mushi
死者,617,,,
突っ,616,,,
おら,616,,,
嘘つき,615,,,
地上,615,,,
キー,615,,,
キャンプ,615,,,
厄介,615,,,
指導,614,,,
ショーン,613,,,
驚き,613,,,
影,613,,shadow,,ei/kage
授業,613,,,
接近,612,,,
文句,612,,,
ブロディ,612,,,
ラボ,611,,,
救出,611,,,
ケビン,611,,,
化学,610,,,
機密,610,,,
汚い,610,,,
ヘリ,610,,,
示し,609,,,
援護,608,,,
危機,608,,,
おかしく,608,,,
院,608,,institution,,in
有難う,608,,,
閉鎖,608,,,
悠里子,608,,,
メキシコ,607,,,
中尉,607,,,
決断,607,,,
どうせ,607,,,
高く,607,,,
慈悲,607,,,
アップ,606,,,
椅子,606,,,
緑,605,,green,,ryoku/midori
探せ,605,,,
賛成,604,,,
埋め,604,,,
歩く,604,,,
トッド,604,,,
撮っ,604,,,
売春,604,,,
起きろ,603,,,
少ない,603,,,
辺,602,,environs,,hen/ata-ri/be
ばあ,602,,,
自信,602,,,
機嫌,602,,,
頼ま,602,,,
飛ばし,601,,,
ギャング,601,,,
案,601,,plan,,an
寄っ,601,,,
ゲート,600,,,
今後,600,,,
上げろ,600,,,
彼氏,600,,,
黒,600,,black,,koku/kuro/kuro-i
遊ん,599,,,
保障,599,,,
騎士,599,,,
暗号,598,,,
才,597,,genius,,sai
倒し,597,,,
チャールズ,597,,,
内容,596,,,
面,595,,face,,men/omo/omote/tsura
コンピューター,595,,,
辛い,595,,,
この世,595,,,
傷つける,594,,,
地域,594,,,
恥,594,,shame,,chi/ha-jiru/haji/ha-jirau/ha-zukashii
裏切っ,593,,,
らしく,592,,,
とる,592,,,
熱,592,,heat,,netsu/atsu-i
出口,592,,,
姫,592,,princess,,hime
願っ,592,,,
スコット,592,,,
合い,592,,,
逃亡,592,,,
馬場園,592,,,
パン,591,,,
炎,591,,inflammation,,en/honoo
型,591,,model,,kei/kata
バン,591,,,
呼べ,591,,,
ジェイソン,590,,,
ロス,590,,,
ひどく,590,,,
続き,590,,,
ポンド,589,,,
拷問,589,,,
段階,588,,,
グリーン,588,,,
予約,588,,,
捨てる,587,,,
否定,587,,,
追う,586,,,
動け,586,,,
教師,586,,,
主張,586,,,
トップ,585,,,
クラス,585,,,
気づか,585,,,
殴っ,585,,,
地元,585,,,
コナー,585,,,
イイ,583,,,
クソッ,583,,,
記念,582,,,
背,582,,back,,hai/se/sei/somu-ku/somu-keru
パトリック,581,,,
カイル,581,,,
売り,581,,,
返せ,581,,,
証人,580,,,
なくなっ,580,,,
抜い,580,,,
政子,579,,,
婚約,579,,,
ワトソン,579,,,
詰め,579,,,
消す,578,,,
一般,577,,,
優しい,577,,,
進む,577,,,
週末,577,,,
旦那,577,,,
程度,577,,,
ベイビー,576,,,
コントロール,576,,,
ワン,576,,,
ジョニー,576,,,
一方,576,,,
同時,576,,,
ローマ,575,,,
求める,575,,,
試験,575,,,
重,575,,heavy,,juu/chou/e/omo-i/kasa-neru/kasa-naru
尊敬,574,,,
ビリー,574,,,
認める,574,,,
押さえ,574,,,
艦,573,,warship,,kan
門,573,,gates,,mon/kado
通報,573,,,
喉,573,,throat,,kou/nodo
抱え,573,,,
委員,573,,,
ブルー,572,,,
休暇,571,,,
歩き,571,,,
てけ,570,,,
ウイルス,570,,,
記者,570,,,
いらっしゃい,569,,,
クイン,569,,,
狙い,569,,,
最善,569,,,
触る,569,,,
来れ,569,,,
リード,569,,,
大金,569,,,
落ちる,569,,,
冬,568,,winter,,tou/fuyu
雪,568,,snow,,setsu/yuki
がる,567,,,
少佐,567,,,
おる,567,,,
ハロー,567,,,
警戒,566,,,
ソール,566,,,
塔,566,,pagoda,,tou
けれど,566,,,
よこせ,566,,,
反逆,566,,,
サイモン,565,,,
休ん,565,,,
保管,565,,,
置く,565,,,
バレ,565,,,
違法,565,,,
冷静,564,,,
こんばんは,564,,,
イギリス,563,,,
食い,563,,,
神父,563,,,
順調,561,,,
源,561,,origin,,gen/minamoto
拘束,561,,,
書く,560,,,
宝石,560,,,
カリフォルニア,560,,,
弱い,560,,,
ポケット,559,,,
手助け,559,,,
格好,558,,,
国王,558,,,
ミサイル,557,,,
業,557,,business,,gyou/gou/waza
プール,556,,,
欲し,556,,,
離せ,556,,,
売る,555,,,
演奏,555,,,
ケガ,555,,,
すん,555,,,
送信,555,,,
猿,554,,monkey,,en/saru
もらおう,554,,,
手遅れ,554,,,
エディ,553,,,
ベルト,552,,,
続けろ,552,,,
企業,552,,,
おいしい,552,,,
倒れ,552,,,
辞め,552,,,
踏み,552,,,
夏,551,,summer,,ka/natsu
キャプテン,551,,,
シールド,551,,,
任せろ,550,,,
対,549,,opposite,,tai/tsui
続い,549,,,
近づく,549,,,
ぶち,549,,,
厳しい,548,,,
くそったれ,548,,,
先週,548,,,
誓う,548,,,
分かん,547,,,
ン,547,,,
コンピュータ,547,,,
速度,547,,,
道具,547,,,
忠誠,546,,,
笑顔,546,,,
状,546,,form,,jou
シャツ,546,,,
放せ,545,,,
上がる,545,,,
取得,545,,,
オリビア,544,,,
世紀,544,,,
カーラ,544,,,
上手,544,,,
切ら,544,,,
それぞれ,544,,,
ルイス,544,,,
ホール,543,,,
ちくしょう,542,,,
ターゲット,542,,,
代表,542,,,
警報,542,,,
仕掛け,542,,,
ショック,541,,,
メアリー,540,,,
始めよう,540,,,
ゴメン,540,,,
捨てろ,539,,,
バック,539,,,
狩り,538,,,
張り,538,,,
非難,538,,,
配置,538,,,
まい,538,,,
態度,537,,,
ずつ,537,,,
妨害,537,,,
氷,537,,ice,,hyou/koori/hi
責め,537,,,
破っ,537,,,
消える,537,,,
航空,536,,,
持て,536,,,
守ら,536,,,
投資,535,,,
思い出,535,,,
殺し屋,535,,,
クイーン,535,,,
働き,535,,,
投票,534,,,
老人,534,,,
組ん,534,,,
朝食,533,,,
手伝う,533,,,
モノ,533,,,
スピード,533,,,
特殊,533,,,
育て,532,,,
環境,531,,,
盗む,531,,,
当たっ,531,,,
ケイト,530,,,
遠い,530,,,
午前,530,,,
困難,530,,,
弾丸,529,,,
初,529,,first,,sho/haji-me/haji-mete/hatsu/ui/so-meru
超え,529,,,
恐れる,529,,,
不足,528,,,
ポイント,528,,,
書か,527,,,
過ごす,527,,,
ハニー,527,,,
どっ,527,,,
放送,527,,,
トーマス,526,,,
座れ,526,,,
離れろ,526,,,
臆病,526,,,
失望,526,,,
くだら,526,,,
限ら,525,,,
アイス,525,,,
コピー,525,,,
やすい,525,,,
議長,524,,,
セキュリティ,524,,,
引い,523,,,
更に,522,,,
なさ,522,,,
キング,522,,,
海岸,521,,,
飲み物,521,,,
芸術,521,,,
動機,521,,,
走り,520,,,
もと,520,,,
身元,520,,,
集まっ,519,,,
対応,519,,,
マギー,519,,,
しまい,519,,,
てー,518,,,
リスク,518,,,
祝い,517,,,
タイラー,517,,,
ジュリア,516,,,
てれ,516,,,
休憩,516,,,
墜落,516,,,
共有,516,,,
リチャード,515,,,
降りる,515,,,
天国,515,,,
分る,515,,,
回収,515,,,
遠慮,514,,,
週,514,,week,,shuu
喜び,514,,,
祈っ,514,,,
応援,514,,,
つめ,514,,,
策,514,,scheme,,saku
関わっ,513,,,
育っ,513,,,
祈る,513,,,
波,513,,wave,,ha/nami
吸っ,513,,,
巡査,513,,,
寒い,513,,,
助かる,512,,,
なかなか,512,,,
レベッカ,512,,,
法廷,512,,,
ナン,511,,,
候補,511,,,
操縦,511,,,
種類,511,,,
戻せ,511,,,
脅迫,511,,,
リサ,510,,,
襲撃,510,,,
済む,509,,,
モデル,509,,,
推測,509,,,
死ね,509,,,
告白,509,,,
ぉ,509,,,
諜報,509,,,
感覚,509,,,
妙,509,,exquisite,,myou
看護,509,,,
何百,508,,,
国境,508,,,
伝言,508,,,
支持,507,,,
同士,507,,,
ほっ,507,,,
レストラン,506,,,
くれれ,506,,,
仕方ない,506,,,
アンディ,506,,,
細胞,506,,,
り,506,,,
夜中,505,,,
かい,505,,,
加え,505,,,
課,505,,section,,ka
範囲,505,,,
迷惑,505,,,
ゴミ,505,,,
優れ,505,,,
中心,505,,,
現れる,504,,,
できれ,504,,,
使命,503,,,
ケース,503,,,
選手,503,,,
詐欺,503,,,
ＯＫ,503,,,
負傷,502,,,
国民,502,,,
基本,502,,,
ナンバー,502,,,
監督,502,,,
刺し,501,,,
ボタン,501,,,
エマ,501,,,
エミリー,501,,,
認識,501,,,
ブルース,500,,,
コイツ,500,,,
妄想,500,,,
好み,500,,,
市場,499,,,
令状,499,,,
学ぶ,499,,,
権限,499,,,
フラッシュ,499,,,
シャワー,498,,,
シーズン,498,,,
付ける,498,,,
備え,498,,,
もはや,497,,,
ふう,497,,,
不能,497,,,
スペイン,497,,,
失わ,497,,,
出せる,496,,,
触ら,496,,,
暗い,496,,,
聖,496,,holy,,sei
暇,495,,"""spare",,"time"" ka/hima"
疑っ,495,,,
焼き,495,,,
七,495,,seven,,shichi/nana/nana-tsu
マリー,495,,,
シティ,495,,,
数学,495,,,
地区,494,,,
作品,494,,,
見せろ,494,,,
痕跡,494,,,
うんざり,494,,,
権力,494,,,
犯行,493,,,
動揺,493,,,
若者,493,,,
科,493,,section,,ka
挑戦,492,,,
たろう,492,,,
うそ,492,,,
回し,492,,,
単なる,492,,,
矢,492,,arrow,,shi/ya
正当,492,,,
白人,492,,,
ゾーイ,492,,,
アナタ,491,,,
白い,491,,,
黒い,491,,,
経営,491,,,
ルーク,491,,,
ふり,490,,,
番組,490,,,
困る,490,,,
お気に入り,490,,,
輸送,490,,,
人殺し,490,,,
ドロイド,490,,,
屋根,490,,,
四,489,,four,,shi/yo/yo-tsu/yo'-tsu/yon
数字,489,,,
読む,489,,,
注射,489,,,
創造,489,,,
呪い,489,,,
かかり,488,,,
趣味,488,,,
コート,488,,,
歩,488,,walk,,ho/bu/aru-ku/ayu-mu
解除,487,,,
散歩,487,,,
抜き,487,,,
アーロン,487,,,
奪わ,487,,,
ナイト,486,,,
ルート,486,,,
寂しい,486,,,
教育,486,,,
さすが,486,,,
気付か,485,,,
鉄,485,,iron,,tetsu
利益,485,,,
処分,484,,,
理論,484,,,
適切,484,,,
きり,483,,,
じい,483,,,
モンスター,482,,,
中身,482,,,
海賊,481,,,
邪悪,481,,,
閉め,481,,,
了,481,,finish,,ryou
ボーン,480,,,
ずいぶん,480,,,
故障,480,,,
騒ぎ,480,,,
考えろ,480,,,
仲,480,,relationship,,chuu/naka
ヤバい,480,,,
合図,480,,,
観察,479,,,
全力,479,,,
一日,479,,,
倒す,479,,,
じ,479,,,
なろう,478,,,
えっと,478,,,
係,478,,"""person",,"in charge"" kei/kaka-ru/kakari"
向き,478,,,
救助,478,,,
集団,478,,,
触っ,478,,,
デイブ,477,,,
聴い,477,,,
くん,477,,,
北部,477,,,
ジョーンズ,477,,,
シロ,477,,,
詳しく,476,,,
資料,476,,,
真剣,476,,,
夢中,476,,,
墓,476,,grave,,bo/haka
進行,476,,,
報酬,475,,,
詳しい,475,,,
マーカス,475,,,
かわいそう,475,,,
流し,475,,,
空い,475,,,
農場,475,,,
食っ,474,,,
訪問,474,,,
いろんな,474,,,
阻止,474,,,
崩壊,474,,,
判ら,474,,,
何事,473,,,
世間,473,,,
敬意,472,,,
下げ,472,,,
こん,472,,,
岩,472,,boulder,,gan/iwa
片付け,472,,,
家庭,472,,,
従業,472,,,
暗闇,471,,,
歌っ,471,,,
英国,471,,,
まとも,471,,,
寝室,470,,,
哀れ,470,,,
チーズ,470,,,
楽しく,470,,,
術,470,,art,,jutsu
ボックス,470,,,
貴重,469,,,
財布,469,,,
減っ,469,,,
外れ,469,,,
一族,469,,,
悲し,468,,,
引く,467,,,
支払い,467,,,
デビッド,467,,,
住む,467,,,
限界,467,,,
通じ,466,,,
ぇ,466,,,
アレ,466,,,
クリア,466,,,
追わ,466,,,
ち,466,,,
吸血,466,,,
軍事,466,,,
涙,465,,tears,,rui/namida
跡,465,,tracks,,seki/ato
バウアー,465,,,
出そう,465,,,
おば,464,,,
深刻,464,,,
チケット,464,,,
ライン,464,,,
深,464,,deep,,shin/fuka-i/fuka-maru/fuka-meru
金曜,464,,,
カギ,463,,,
自宅,463,,,
そちら,463,,,
出よう,462,,,
苦痛,462,,,
クルー,462,,,
天,462,,heaven,,ten/ame
金属,461,,,
イ,461,,,
デレク,461,,,
トンネル,460,,,
メートル,460,,,
破滅,460,,,
角,460,,angle,,kaku/kado/tsuno
イーサン,460,,,
経っ,459,,,
円,459,,round,,en/maru-i
行わ,459,,,
ベスト,459,,,
中央,459,,,
不幸,458,,,
計算,458,,,
ジャンプ,457,,,
決まり,457,,,
ブ,457,,,
願う,457,,,
合衆,457,,,
意思,457,,,
気味,457,,,
民間,457,,,
ベス,456,,,
登録,456,,,
クール,456,,,
庭,456,,garden,,tei/niwa
電源,456,,,
嫉妬,456,,,
余計,455,,,
謝罪,455,,,
袋,455,,sack,,tai/fukuro
青い,454,,,
対策,454,,,
舞台,453,,,
どい,453,,,
運ぶ,453,,,
公平,453,,,
笑い,453,,,
近所,453,,,
ユダヤ,453,,,
ご覧,453,,,
地面,452,,,
国際,452,,,
便,452,,convenience,,ben/bin/tayo-ri
アーマン,452,,,
中毒,452,,,
叔母,451,,,
来週,451,,,
描い,451,,,
両手,451,,,
騙し,451,,,
セット,451,,,
今年,451,,,
同盟,450,,,
車両,450,,,
疑い,450,,,
あんまり,450,,,
余地,449,,,
運動,449,,,
転送,448,,,
ては,448,,,
落とす,448,,,
最新,448,,,
復活,447,,,
机,447,,desk,,ki/tsukue
任せる,447,,,
脚,447,,leg,,kyaku/ashi
イタリア,447,,,
奪う,447,,,
王妃,446,,,
滞在,446,,,
ごらん,446,,,
尾行,445,,,
座り,445,,,
アニー,445,,,
走る,445,,,
事業,444,,,
遅,444,,slow,,chi/oku-reru/oku-rasu/oso-i
盗み,444,,,
ザ,443,,,
ローラ,443,,,
ただいま,443,,,
メイ,442,,,
未だ,442,,,
叫ん,442,,,
大き,442,,,
辺り,442,,,
潜入,442,,,
外出,441,,,
食わ,441,,,
封鎖,441,,,
爺,441,,,
ドン,441,,,
はー,441,,,
物事,441,,,
おいおい,441,,,
勝手,440,,,
ダウン,440,,,
助言,440,,,
余裕,440,,,
乙,439,,latter,,otsu
数え,439,,,
関与,439,,,
意志,439,,,
ラリー,439,,,
ケンカ,438,,,
エイミー,438,,,
グレン,438,,,
フィート,438,,,
リラックス,438,,,
通常,438,,,
不満,438,,,
酸素,438,,,
ぶり,438,,,
銃撃,438,,,
誘っ,437,,,
モーガン,437,,,
ウッド,437,,,
ロード,436,,,
っぽい,436,,,
一言,436,,,
ゼロ,436,,,
ガラス,436,,,
湖,436,,lake,,ko/mizuumi
署名,436,,,
革命,436,,,
テッド,436,,,
甘い,436,,,
モンロー,436,,,
むしろ,435,,,
公式,435,,,
コース,435,,,
ジュリアン,435,,,
ﾄﾘﾝﾄﾞﾙ,435,,,
パターン,435,,,
過ち,435,,,
分け,434,,,
つまら,434,,,
解っ,434,,,
組,434,,association,,so/ku-mu/kumi
人気,434,,,
ラジオ,434,,,
イカれ,433,,,
表,433,,express,,hyou/omote/arawa-su/arawa-reru
日々,433,,,
ほぼ,433,,,
わずか,433,,,
底,433,,bottom,,tei/soko
此処,433,,,
ビッグ,433,,,
レイチェル,433,,,
隠さ,433,,,
じき,433,,,
いとこ,433,,,
馬鹿げ,432,,,
軍人,432,,,
ちまう,432,,,
カネ,432,,,
刺激,432,,,
東京,432,,,
百花,432,,,
正解,432,,,
叩き,432,,,
飛ばす,432,,,
黒人,431,,,
サイト,431,,,
奥,431,,heart,,ou/oku
死刑,431,,,
エレベーター,430,,,
発作,430,,,
ハート,430,,,
共通,430,,,
予測,430,,,
悲劇,430,,,
苦し,430,,,
ページ,429,,,
衝突,429,,,
フロド,429,,,
一瞬,428,,,
通過,428,,,
置け,428,,,
怖かっ,428,,,
ドラッグ,428,,,
今週,428,,,
処刑,427,,,
助手,427,,,
念,427,,thought,,nen
おしまい,427,,,
勿論,427,,,
冷たい,427,,,
殴ら,427,,,
か月,427,,,
罰,427,,penalty,,batsu/bachi
制服,426,,,
悪化,426,,,
いける,426,,,
カレン,426,,,
製,426,,manufacture,,sei
変わり,425,,,
規模,425,,,
美人,425,,,
向かい,425,,,
リンク,425,,,
入手,425,,,
世代,425,,,
逃がし,424,,,
調整,424,,,
損傷,424,,,
相当,424,,,
メガフォース,423,,,
頑張れ,423,,,
早,423,,early,,sou/haya-i/haya-maru/haya-meru
謝る,422,,,
正常,422,,,
生まれる,422,,,
設定,422,,,
悪党,422,,,
代理,422,,,
身分,422,,,
苦しん,422,,,
強制,422,,,
帰還,422,,,
ハンナ,421,,,
単に,421,,,
勝て,421,,,
界,421,,world,,kai
スティーブ,421,,,
祖父,421,,,
びっくり,421,,,
掴ん,420,,,
グリム,420,,,
ヴァン,420,,,
用心,420,,,
置き去り,420,,,
エド,419,,,
行い,419,,,
捕虜,419,,,
撤退,419,,,
当局,418,,,
留守,418,,,
越し,418,,,
答える,418,,,
きれ,418,,,
パンツ,418,,,
とりあえず,418,,,
選挙,417,,,
命じ,417,,,
議会,417,,,
皇帝,417,,,
存じ,417,,,
肩,417,,shoulder,,ken/kata
止まる,417,,,
姉妹,417,,,
サンプル,417,,,
千,417,,thousand,,sen/chi
連続,417,,,
翻訳,417,,,
隔離,416,,,
ビーチ,416,,,
渡さ,416,,,
待てよ,416,,,
初め,416,,,
紳士,416,,,
ファック,415,,,
去年,415,,,
坊や,415,,,
ノア,415,,,
呪文,415,,,
工作,414,,,
財産,414,,,
どおり,414,,,
ストーン,414,,,
アフリカ,414,,,
餌,414,,bait,,ji/esa/e
ロビー,414,,,
汚れ,414,,,
よー,414,,,
優しく,413,,,
スーザン,413,,,
怯え,413,,,
ド,413,,,
泣く,413,,,
不要,412,,,
ネットワーク,412,,,
配達,412,,,
姉さん,412,,,
勝負,412,,,
たまに,412,,,
グレース,412,,,
おかしな,412,,,
頂き,411,,,
スタート,411,,,
ロイ,411,,,
除い,411,,,
実現,411,,,
ココ,411,,,
共同,411,,,
丸,411,,circle,,gan/maru/maru-i/maru-meru
隊長,411,,,
判る,411,,,
手錠,410,,,
護衛,410,,,
関わる,410,,,
ステージ,410,,,
浮気,410,,,
飲め,410,,,
グレイ,410,,,
何千,410,,,
射撃,410,,,
騙さ,410,,,
ウサギ,409,,,
資格,409,,,
迷っ,409,,,
ジョフリー,409,,,
真面目,409,,,
吸い,409,,,
シカゴ,409,,,
カップ,409,,,
交通,408,,,
必死,408,,,
女房,408,,,
当時,408,,,
遅刻,407,,,
野朗,407,,,
抜く,406,,,
釣り,406,,,
ベルリン,406,,,
前進,406,,,
派,405,,sect,,ha
役割,405,,,
重大,405,,,
含め,404,,,
セクシー,404,,,
っす,404,,,
援助,404,,,
昼,404,,daytime,,chuu/hiru
期間,404,,,
無罪,404,,,
メモ,404,,,
共和,404,,,
信仰,404,,,
愛さ,403,,,
明確,403,,,
重い,403,,,
火事,403,,,
無人,403,,,
ヾ,403,,,
クズ,403,,,
砂漠,403,,,
ウェイン,403,,,
助けよう,403,,,
残す,403,,,
市長,402,,,
お陰,402,,,
灰,402,,ashes,,kai/hai
失踪,401,,,
何に,401,,,
族,401,,tribe,,zoku
一員,401,,,
婦人,401,,,
検討,401,,,
電子,401,,,
復帰,401,,,
オイ,400,,,
用事,400,,,
あきらめ,400,,,
降伏,400,,,
降りろ,400,,,
販売,400,,,
ラ,400,,,
変身,400,,,
指令,400,,,
冒険,399,,,
正しく,399,,,
スタニス,399,,,
派遣,399,,,
風呂,398,,,
置き,398,,,
ミルク,398,,,
一時,398,,,
生き物,398,,,
上昇,397,,,
ピート,397,,,
陪審,397,,,
はな,397,,,
ハッキング,397,,,
怪しい,397,,,
ドク,397,,,
背後,397,,,
レスター,397,,,
体験,396,,,
許す,396,,,
眠り,396,,,
ノック,396,,,
キレイ,395,,,
乗客,395,,,
終え,395,,,
直ちに,395,,,
抱き,395,,,
出番,395,,,
シート,395,,,
熱い,395,,,
虐殺,394,,,
教,394,,teach,,kyou/oshi-eru/oso-waru
勘違い,394,,,
ウィルス,394,,,
サンサ,394,,,
ジェイ,394,,,
発信,394,,,
壊す,393,,,
ガソリン,393,,,
修復,393,,,
フィールド,393,,,
チビ,393,,,
図,393,,diagram,,zu/to/haka-ru
オーケイ,393,,,
美術,393,,,
意図,393,,,
払い,393,,,
診断,392,,,
勘弁,392,,,
評議,392,,,
不正,391,,,
王女,391,,,
舌,390,,tongue,,zetsu/shita
執行,390,,,
奪い,390,,,
言い訳,390,,,
印,390,,mark,,in/shirushi
泣き,389,,,
盗聴,389,,,
結論,389,,,
わざわざ,389,,,
ハッピー,388,,,
仕方,388,,,
パソコン,388,,,
もたらす,388,,,
用件,388,,,
ゴードン,388,,,
父様,388,,,
狙撃,388,,,
からかっ,388,,,
しゃべり,388,,,
夫婦,388,,,
ローレル,387,,,
タンク,387,,,
骨折,387,,,
逃げよう,387,,,
スキャン,386,,,
救わ,386,,,
打っ,386,,,
頂戴,386,,,
引退,386,,,
とり,386,,,
笑う,385,,,
種族,385,,,
抑え,385,,,
ジェームス,385,,,
サイズ,385,,,
仲良く,384,,,
タイミング,384,,,
返さ,384,,,
速い,384,,,
白,384,,white,,haku/byaku/shiro/shiro-i
作用,384,,,
ｍ,384,,,
額,384,,amount,,gaku/hitai
喜ぶ,383,,,
おう,383,,,
嫌っ,383,,,
ありがたい,383,,,
スイッチ,383,,,
スタッフ,383,,,
対象,383,,,
棒,383,,rod,,bou
抜ける,383,,,
伏せ,383,,,
娼婦,382,,,
繋がっ,382,,,
示す,382,,,
群れ,382,,,
免許,382,,,
キャシー,382,,,
青,382,,blue,,sei/ao/ao-i
作動,382,,,
ナンシー,381,,,
医学,381,,,
引け,381,,,
ええと,381,,,
帰ろう,381,,,
組み,381,,,
排除,380,,,
修正,380,,,
そっ,380,,,
時点,380,,,
公開,380,,,
急が,380,,,
戦略,380,,,
載っ,380,,,
発砲,379,,,
自慢,379,,,
立てる,379,,,
かまわ,379,,,
分離,379,,,
屋敷,378,,,
外国,378,,,
バイク,378,,,
トランク,378,,,
集会,378,,,
ルーム,377,,,
ゾード,377,,,
いただけ,377,,,
ボストン,377,,,
ぜひ,377,,,
ハンター,377,,,
五,377,,five,,go/itsu/itsu-tsu
ピザ,377,,,
戻ろう,377,,,
仮,377,,temporary,,ka/kari
おや,376,,,
初めまして,376,,,
捕らえ,376,,,
海兵,376,,,
見当,376,,,
裸,376,,naked,,ra/hadaka
孫,375,,grandchild,,son/mago
考慮,375,,,
進化,375,,,
労働,375,,,
放棄,375,,,
ばか,374,,,
園,374,,garden,,en/sono
思考,374,,,
イメージ,374,,,
癌,374,,,
眼,373,,eyeball,,gan/manako
屋上,373,,,
驚か,373,,,
把握,373,,,
判事,373,,,
戦場,373,,,
ダグ,372,,,
爪,372,,claw,,tsume
たっ,372,,,
商売,372,,,
質,372,,quality,,shitsu/shichi
捜す,371,,,
給料,371,,,
ペン,371,,,
ライリー,371,,,
モード,371,,,
十,371,,ten,,juu/ji'/too/to
アマンダ,371,,,
チキン,371,,,
フォード,371,,,
正面,371,,,
理想,370,,,
サムライ,370,,,
やがる,370,,,
カッコ,370,,,
カット,370,,,
隠れ家,370,,,
ストレス,370,,,
膝,370,,knee,,hiza
無効,370,,,
供給,370,,,
ミラー,369,,,
稼ぎ,369,,,
捕まえろ,369,,,
監禁,369,,,
掛かっ,369,,,
魔術,369,,,
ウィン,368,,,
薬物,368,,,
春,368,,springtime,,shun/haru
衝撃,368,,,
ランチ,368,,,
祖母,368,,,
充分,368,,,
顧客,368,,,
絶望,367,,,
おかえり,367,,,
テキサス,367,,,
急ぐ,367,,,
受信,367,,,
ウチ,367,,,
上院,367,,,
迫っ,367,,,
月曜,367,,,
心理,367,,,
断る,367,,,
ジュリエット,366,,,
渡っ,366,,,
はやく,366,,,
ダン,366,,,
珍しい,366,,,
動かし,366,,,
祝福,366,,,
オンライン,366,,,
信じろ,366,,,
港,365,,harbor,,kou/minato
ざる,365,,,
寄せ,365,,,
クーパー,365,,,
眠る,365,,,
小説,365,,,
やはり,365,,,
日曜,365,,,
ミッション,365,,,
シスター,365,,,
訴え,364,,,
ダリル,364,,,
幾,364,,"""how",,"many"" ki/iku"
ビクター,364,,,
暮らす,364,,,
ライオン,364,,,
わざと,364,,,
トリック,364,,,
キリスト,364,,,
どのような,364,,,
祭,364,,festival,,sai/matsu-ru/matsu-ri
貰う,364,,,
下ろし,363,,,
外科,363,,,
まっすぐ,363,,,
ううん,363,,,
海軍,363,,,
下ろせ,363,,,
賞,363,,prize,,shou
料,363,,fee,,ryou
類,363,,sort,,rui/tagu-i
リンダ,363,,,
高速,363,,,
チョコレート,362,,,
ハント,362,,,
マット,362,,,
世の中,362,,,
告発,362,,,
ロープ,361,,,
捧げ,361,,,
しょう,361,,,
勤務,361,,,
無用,361,,,
図書,360,,,
そっくり,360,,,
マリア,360,,,
ジェイコブ,360,,,
検索,360,,,
ブラウン,360,,,
汚染,359,,,
ドローン,359,,,
離さ,359,,,
どころ,359,,,
ウィンターフェル,359,,,
サリー,359,,,
本人,359,,,
セント,359,,,
圧力,359,,,
普段,359,,,
艦長,359,,,
マシュー,358,,,
狙わ,358,,,
取り引き,358,,,
起こさ,358,,,
アルファ,358,,,
忠告,358,,,
食う,358,,,
女子,358,,,
どなた,357,,,
印象,357,,,
突入,357,,,
締め,357,,,
よお,357,,,
役目,357,,,
面会,357,,,
遂げ,357,,,
まとめ,356,,,
ゲイ,356,,,
訴訟,356,,,
怒る,356,,,
真似,356,,,
土曜,356,,,
ラッキー,356,,,
ばっかり,355,,,
開か,355,,,
皮膚,355,,,
回る,355,,,
キッチン,355,,,
年齢,355,,,
新人,355,,,
感動,355,,,
直面,355,,,
でかい,355,,,
望ま,354,,,
皮,354,,skin,,hi/kawa
判り,354,,,
わかん,354,,,
オオカミ,354,,,
じゃぁ,354,,,
ケリー,354,,,
スミス,354,,,
補,353,,supplement,,ho/ogina-u
ムリ,353,,,
よれ,353,,,
症状,353,,,
ガールフレンド,352,,,
もたらし,352,,,
牧師,352,,,
エリア,352,,,
ブリッジ,352,,,
調べろ,351,,,
解雇,351,,,
知恵,351,,,
毎晩,351,,,
自動,351,,,
天気,351,,,
追加,351,,,
スポーツ,351,,,
売れ,351,,,
入れろ,351,,,
救え,351,,,
睡眠,350,,,
割り,350,,,
生涯,350,,,
仕え,350,,,
降ろし,350,,,
高度,350,,,
間抜け,350,,,
生かし,349,,,
デ,349,,,
極めて,349,,,
画像,349,,,
ロブ,349,,,
おこう,348,,,
都,348,,metropolis,,to/tsu/miyako
マネ,348,,,
世,348,,world,,sei/se/yo
ドライバー,348,,,
物理,348,,,
リリー,348,,,
新鮮,348,,,
死人,348,,,
破る,348,,,
古代,348,,,
ドーム,347,,,
最中,347,,,
逃走,347,,,
達成,347,,,
歌う,347,,,
正式,347,,,
同情,347,,,
独り,347,,,
数百,346,,,
表現,346,,,
着る,346,,,
ポッド,346,,,
伝えろ,346,,,
殆ど,346,,,
はぁ,346,,,
当たり前,346,,,
握っ,345,,,
バッテリー,345,,,
打つ,345,,,
座標,345,,,
座る,345,,,
残酷,345,,,
結び,345,,,
相,344,,mutual,,sou/shou/ai
マズイ,344,,,
ディナー,344,,,
支え,344,,,
イラク,344,,,
装備,344,,,
ジェット,344,,,
つらい,344,,,
建設,344,,,
承認,344,,,
弱,344,,weak,,jaku/yowa-i/yowa-ru/yowa-maru/yowa-meru
苦手,344,,,
サイロン,344,,,
槍,343,,,
話題,343,,,
有っ,343,,,
アナキン,343,,,
脱獄,343,,,
ちょ,343,,,
切断,343,,,
領域,343,,,
弱点,343,,,
提督,343,,,
クリーム,343,,,
被告,343,,,
刑,342,,punish,,kei
一切,342,,,
届い,342,,,
離す,342,,,
負ける,342,,,
ホット,342,,,
衣装,341,,,
帰れる,341,,,
嫌わ,341,,,
同然,341,,,
手順,341,,,
傷つい,341,,,
級,341,,rank,,kyuu
地点,341,,,
隠れる,341,,,
無くなっ,340,,,
あたり,340,,,
クロエ,340,,,
儀式,340,,,
具体,339,,,
ペニー,339,,,
サンタ,339,,,
玄関,339,,,
煙,339,,smoke,,en/kemu-ru/kemuri/kemu-i
げ,339,,,
分間,339,,,
噛ま,339,,,
答えろ,339,,,
闘い,338,,,
致し,338,,,
伝統,338,,,
獲物,338,,,
ブラッド,338,,,
ロジャー,338,,,
踊っ,338,,,
サイド,338,,,
羊,338,,sheep,,you/hitsuji
友情,338,,,
自転車,337,,,
昼食,337,,,
ジュニア,337,,,
今晩,337,,,
頭痛,337,,,
成果,337,,,
行き先,336,,,
昨晩,336,,,
大臣,336,,,
ブライアン,336,,,
ったら,336,,,
シャトル,336,,,
麦,336,,wheat,,baku/mugi
たび,336,,,
ピンク,335,,,
領主,335,,,
教えろ,335,,,
読め,335,,,
頼り,335,,,
ミア,335,,,
妖精,335,,,
たー,335,,,
ナニ,335,,,
連行,335,,,
アドバイス,334,,,
テディ,334,,,
快適,334,,,
歩け,334,,,
導く,334,,,
報道,334,,,
死因,334,,,
少々,333,,,
夜明け,333,,,
増え,333,,,
凶器,333,,,
グラス,333,,,
電車,333,,,
恋愛,333,,,
心当たり,333,,,
再生,332,,,
電力,332,,,
神聖,332,,,
指名,332,,,
陰謀,332,,,
ダイヤ,332,,,
暗く,332,,,
周辺,332,,,
いこう,331,,,
イライアス,331,,,
職員,331,,,
愛情,331,,,
通る,331,,,
建て,331,,,
忠実,331,,,
師匠,331,,,
追放,330,,,
ヵ月,330,,,
延び,330,,,
古,330,,old,,ko/furu-i/furu-su
真ん中,330,,,
ネルソン,330,,,
商品,330,,,
あげよう,330,,,
バーニー,330,,,
刺さ,330,,,
構築,330,,,
ジョーク,330,,,
手掛かり,330,,,
部長,329,,,
引っ越し,329,,,
スポック,329,,,
聖書,329,,,
サマリア,329,,,
買い物,329,,,
引き金,329,,,
校長,329,,,
トロイ,329,,,
植物,329,,,
たいした,329,,,
フ,328,,,
ショット,328,,,
戦わ,328,,,
バッジ,328,,,
入り口,328,,,
ウォルト,328,,,
丘,328,,hill,,kyuu/oka
チョウ,328,,,
返っ,327,,,
小便,327,,,
際,327,,occasion,,sai/kiwa
残ら,327,,,
極秘,327,,,
サル,327,,,
ズボン,327,,,
アウト,327,,,
信念,327,,,
エリザベス,327,,,
雑誌,326,,,
永久,326,,,
よけれ,326,,,
フード,326,,,
発言,326,,,
マーティン,326,,,
はじめ,326,,,
救える,326,,,
パティ,326,,,
発明,326,,,
ロニー,326,,,
メリー,326,,,
事項,326,,,
作れ,326,,,
遅れる,326,,,
囲ま,325,,,
掛かる,325,,,
放り,325,,,
詩,325,,poem,,shi
キャリア,325,,,
ボビー,325,,,
悪人,325,,,
果たし,324,,,
従え,324,,,
バイバイ,324,,,
なくなる,324,,,
飢え,324,,,
重力,324,,,
払わ,324,,,
筋,324,,muscle,,kin/suji
埋葬,324,,,
肌,324,,texture,,hada
ムダ,324,,,
ハンサム,324,,,
インタビュー,324,,,
おー,323,,,
もしくは,323,,,
探偵,323,,,
本日,323,,,
ブラボー,323,,,
払え,323,,,
ローズ,323,,,
ＦＢＩ,322,,,
代償,322,,,
恥ずかしい,322,,,
張る,322,,,
カバー,322,,,
タワー,322,,,
侮辱,322,,,
半沢,322,,,
やる気,322,,,
争い,321,,,
羽,321,,feather,,u/ha/hane
首相,321,,,
親愛,321,,,
消防,321,,,
拡大,320,,,
駆け,320,,,
笑い声,320,,,
ビショップ,320,,,
持ち主,320,,,
野球,320,,,
合おう,320,,,
ポー,320,,,
虐待,320,,,
戦え,320,,,
収集,319,,,
導い,319,,,
プラン,319,,,
区,319,,ward,,ku
カップル,319,,,
覚め,319,,,
もっとも,319,,,
脱い,319,,,
ボーイフレンド,319,,,
試み,318,,,
随分,318,,,
デルタ,318,,,
期,318,,"""period",,"of time"" ki"
強化,318,,,
幻覚,318,,,
パーカー,317,,,
訪ね,317,,,
周囲,317,,,
眺め,317,,,
評判,317,,,
地下鉄,317,,,
たけれ,317,,,
とっく,317,,,
双子,316,,,
大会,316,,,
職場,316,,,
黄金,316,,,
アーメン,316,,,
キングズ,316,,,
共犯,316,,,
又,316,,or,,mata
漏れ,315,,,
激しい,315,,,
ペット,315,,,
フリ,315,,,
ころ,315,,,
戻れる,315,,,
ランス,315,,,
踊り,315,,,
抱い,315,,,
翼,315,,wing,,yoku/tsubasa
スノウ,315,,,
賢く,315,,,
複数,315,,,
要,315,,need,,you/kaname/i-ru
大物,315,,,
防御,315,,,
すげえ,314,,,
どんどん,314,,,
整理,314,,,
ソ,314,,,
宝,314,,treasure,,hou/takara
能,314,,ability,,nou
起こり,313,,,
杖,313,,,
付けろ,313,,,
会計,313,,,
人工,313,,,
取れる,312,,,
狙う,312,,,
ヨーロッパ,312,,,
企ん,312,,,
検察,312,,,
解読,312,,,
疑わ,312,,,
聞こう,312,,,
エル,312,,,
つかん,311,,,
メス,311,,,
トワイライト,311,,,
グラント,311,,,
金融,311,,,
借金,311,,,
やっぱ,311,,,
谷,311,,valley,,koku/tani
バイ,311,,,
アイリス,311,,,
偵察,311,,,
テレサ,311,,,
競争,311,,,
ハード,310,,,
予言,310,,,
ガン,310,,,
雇わ,310,,,
楽しむ,310,,,
チャンピオン,310,,,
処置,310,,,
着き,310,,,
賞金,309,,,
愉快,309,,,
針,309,,needle,,shin/hari
ヒット,309,,,
年寄り,309,,,
部品,309,,,
ケイティ,309,,,
庁,309,,"""government",,"office"" chou"
発電,309,,,
アン,309,,,
網,309,,netting,,mou/ami
満ち,309,,,
反,309,,anti-,,han/so-ru/so-rasu
面白く,308,,,
航海,308,,,
入院,308,,,
ネイサン,308,,,
そなた,308,,,
半年,308,,,
礼儀,308,,,
あちこち,308,,,
救世,308,,,
せっかく,308,,,
扱う,308,,,
資産,308,,,
Ｃ,307,,,
にくい,307,,,
葬儀,307,,,
回り,307,,,
好,307,,like,,kou/kono-mu/su-ku
大声,307,,,
運び,307,,,
かね,307,,,
国防,307,,,
爆撃,307,,,
巨,307,,gigantic,,kyo
トラヴィス,306,,,
広い,306,,,
高級,306,,,
だり,306,,,
言,306,,say,,gen/gon/i-u/koto
宣言,306,,,
住民,306,,,
至急,306,,,
レーン,306,,,
皮肉,306,,,
オーロラ,305,,,
以下,305,,,
管,305,,pipe,,kan/kuda
宗教,305,,,
検事,305,,,
ようやく,305,,,
動かす,305,,,
ブレナン,305,,,
今頃,305,,,
切れる,305,,,
豆,305,,beans,,tou/mame
純粋,305,,,
保存,305,,,
予備,305,,,
貨物,304,,,
パニック,304,,,
内側,304,,,
数千,304,,,
思える,304,,,
司法,304,,,
偽物,304,,,
最強,304,,,
成し,303,,,
捕まる,303,,,
拍手,303,,,
懸命,303,,,
兆候,303,,,
クレジット,302,,,
吐き,302,,,
叫ぶ,302,,,
シー,302,,,
短い,302,,,
うわ,302,,,
がっかり,302,,,
部門,302,,,
ジェリー,301,,,
警,301,,"""guard",,"against"" kei"
イアン,301,,,
戻さ,301,,,
見つけろ,301,,,
刀,301,,sword,,tou/katana
明かり,301,,,
ソフィー,301,,,
列,301,,row,,retsu
進展,301,,,
マズい,301,,,
製造,300,,,
触れる,300,,,
空間,300,,,
扱っ,300,,,
誘導,300,,,
小さく,300,,,
テア,300,,,
役立つ,300,,,
繭子,300,,,
隻,300,,vessels,,seki
巣,300,,nest,,sou/su
降下,300,,,
時刻,300,,,
クローン,299,,,
死後,299,,,
フランシス,299,,,
おぉ,299,,,
ウォーレン,299,,,
療法,298,,,
博物,298,,,
見つかり,298,,,
ゲイル,298,,,
ショウ,298,,,
果て,298,,,
はるか,298,,,
直前,298,,,
カ月,298,,,
外す,297,,,
地震,297,,,
蛇,297,,snake,,ja/da/hebi
性格,297,,,
付く,297,,,
パーク,297,,,
アル,297,,,
母様,297,,,
ニキータ,297,,,
行,297,,go,,kou/gyou/i-ku/yu-ku/okona-u
展開,297,,,
吐い,297,,,
繋がり,297,,,
噛み,297,,,
鎖,297,,chain,,sa/kusari
きちんと,296,,,
判明,296,,,
キム,296,,,
勝てる,296,,,
エリカ,296,,,
暴行,296,,,
パンチ,296,,,
若く,296,,,
ふざける,296,,,
いかに,296,,,
リンカーン,296,,,
葉,296,,leaf,,you/ha
社員,296,,,
成り,295,,,
開放,295,,,
ワオ,295,,,
賢明,295,,,
ジン,295,,,
トン,295,,,
太,294,,thick,,tai/ta/futo-i/futo-ru
原子,294,,,
利口,294,,,
ドワーフ,294,,,
狂気,294,,,
センサー,294,,,
とれ,294,,,
キット,294,,,
先ず,294,,,
えーと,294,,,
吹っ,294,,,
洞窟,294,,,
砂糖,294,,,
よーし,293,,,
株,293,,stocks,,kabu
守護,293,,,
ジョイ,293,,,
ターナー,293,,,
億,293,,"""hundred",,"million"" oku"
ドリー,293,,,
手続き,293,,,
中佐,293,,,
パスポート,293,,,
不法,293,,,
イカレ,293,,,
ウィルソン,292,,,
デブ,292,,,
偽,292,,falsehood,,gi/itsuwa-ru/nise
キャメロン,292,,,
ロケット,292,,,
友だち,292,,,
戦車,292,,,
票,292,,ballot,,hyou
ギリシャ,292,,,
下手,292,,,
軌道,291,,,
リグスビー,291,,,
肉体,291,,,
ヵ,291,,,
探さ,291,,,
潜在,291,,,
作家,291,,,
ジェシカ,291,,,
百,291,,hundred,,hyaku
色んな,291,,,
タトゥー,290,,,
廊下,290,,,
なー,290,,,
マルコム,290,,,
っと,290,,,
リング,290,,,
同行,290,,,
たどり,290,,,
再開,290,,,
忙しく,290,,,
去り,289,,,
検出,289,,,
グッド,289,,,
菓子,289,,,
地位,289,,,
誘惑,289,,,
皆殺し,289,,,
構造,289,,,
一同,289,,,
パス,289,,,
ジェレミー,289,,,
昇進,289,,,
スピーチ,289,,,
浴び,289,,,
削除,289,,,
モニター,288,,,
独身,288,,,
売人,288,,,
自体,288,,,
殺せる,288,,,
化け物,288,,,
タマ,288,,,
善人,287,,,
断っ,287,,,
殴り,287,,,
クロ,287,,,
郵便,287,,,
離陸,287,,,
手下,287,,,
おもちゃ,287,,,
いきなり,287,,,
毎年,286,,,
カル,286,,,
特徴,286,,,
開き,286,,,
劇場,286,,,
端,286,,edge,,tan/hashi/ha/hata
肺,286,,lungs,,hai
止まら,286,,,
メイン,286,,,
呪わ,285,,,
公表,285,,,
停め,285,,,
Ａ,285,,,
べ,285,,,
美味しい,285,,,
止めよう,285,,,
ノート,285,,,
多少,285,,,
栄光,285,,,
ロン,285,,,
ランド,285,,,
クソッタレ,284,,,
凄く,284,,,
登っ,284,,,
検死,284,,,
尊重,284,,,
ヤバイ,284,,,
録,284,,record,,roku
主任,284,,,
演技,284,,,
融資,284,,,
瓶,284,,"""flower",,"pot"" bin"
しめ,283,,,
インチ,283,,,
難しく,283,,,
サーバー,283,,,
侵略,283,,,
楽しみ,283,,,
去ら,283,,,
率直,283,,,
雲,283,,cloud,,un/kumo
ドーン,283,,,
野人,283,,,
レイプ,282,,,
合格,282,,,
拘留,282,,,
突破,282,,,
泥,282,,mud,,dei/doro
幸い,282,,,
優勝,282,,,
バラバラ,282,,,
誘い,282,,,
アイザック,282,,,
ポップ,282,,,
回避,282,,,
届く,282,,,
太っ,282,,,
徹底,282,,,
帰宅,281,,,
ローガン,281,,,
児,281,,child,,ji
レイナ,281,,,
低い,281,,,
無限,281,,,
たがる,281,,,
ノーマン,281,,,
貰い,281,,,
ヘレン,281,,,
フライト,281,,,
長年,281,,,
言語,281,,,
クマ,281,,,
アレク,281,,,
参っ,281,,,
録音,280,,,
凶獣,280,,,
登場,280,,,
ハッカー,280,,,
おか,279,,,
グレッグ,279,,,
報復,279,,,
此奴,279,,,
燃やし,279,,,
合流,279,,,
パイプ,279,,,
アリバイ,279,,,
匿名,279,,,
アディ,279,,,
上がれ,279,,,
ケイレブ,279,,,
ハッキリ,278,,,
ライフル,278,,,
ソース,278,,,
収穫,278,,,
チーフ,278,,,
尽くす,278,,,
ユニット,278,,,
ゴーゴー,278,,,
殴る,278,,,
提出,278,,,
オフ,278,,,
かき,278,,,
やがれ,277,,,
召喚,277,,,
模様,277,,,
エンタープライズ,277,,,
音声,277,,,
起訴,277,,,
ダーク,277,,,
Ｂ,277,,,
見てくれ,277,,,
分野,277,,,
怪獣,277,,,
王冠,277,,,
拾っ,277,,,
進み,277,,,
文明,277,,,
征服,277,,,
確率,276,,,
ねっ,276,,,
こら,276,,,
選べ,276,,,
無料,276,,,
すりゃ,276,,,
ジャングル,276,,,
ヴァンパイア,276,,,
せれ,276,,,
叩く,276,,,
洗濯,276,,,
あかね,276,,,
腐っ,276,,,
安藤,276,,,
職,275,,employment,,shoku
ふさわしい,275,,,
サン,275,,,
六,275,,six,,roku/mu/mu-tsu/mu'-tsu
喋り,275,,,
ジェニー,275,,,
花嫁,275,,,
根拠,275,,,
コカイン,275,,,
ホーム,274,,,
アブ,274,,,
インド,274,,,
ナチ,274,,,
渡る,274,,,
哲希,274,,,
リバー,274,,,
収容,274,,,
ディスク,274,,,
包囲,273,,,
幸福,273,,,
ストリート,273,,,
黄,273,,yellow,,kou/ou/ki
意外,273,,,
丁度,273,,,
米,273,,rice,,bei/mai/kome
情熱,273,,,
デニス,273,,,
勝者,272,,,
稼い,272,,,
香り,272,,,
飽き,272,,,
孤児,272,,,
損失,272,,,
ボーンズ,272,,,
越える,272,,,
値段,272,,,
空腹,271,,,
うっ,271,,,
デッド,271,,,
ランディング,271,,,
メガネ,271,,,
率,271,,rate,,sotsu/ritsu/hiki-iru
寄付,271,,,
明白,271,,,
喋る,271,,,
鈴,271,,"""small",,"bell"" rei/rin/suzu"
御免,271,,,
アリ,271,,,
ボーイ,270,,,
悩ん,270,,,
下着,270,,,
ジョーダン,270,,,
出席,270,,,
ツアー,270,,,
レオ,270,,,
旗,270,,"""national",,"flag"" ki/hata"
銀河,270,,,
スカイネット,270,,,
送れ,270,,,
汝,269,,,
美しく,269,,,
技,269,,skill,,gi/waza
材料,269,,,
洗っ,269,,,
消さ,269,,,
ティム,269,,,
容赦,269,,,
掘り,269,,,
パスワード,268,,,
地帯,268,,,
逃れ,268,,,
テイラー,268,,,
郡,268,,county,,gun
ヤク,268,,,
銀,268,,silver,,gin
合法,268,,,
パイ,268,,,
缶,268,,"""tin",,"can"" kan"
会見,268,,,
バーンズ,268,,,
関わら,268,,,
集合,267,,,
野蛮,267,,,
文書,267,,,
イケ,267,,,
セリフ,267,,,
頭蓋,267,,,
良し,267,,,
ルーカス,267,,,
アナ,267,,,
失せろ,267,,,
ハリス,267,,,
避ける,266,,,
こっそり,266,,,
責める,266,,,
まだまだ,266,,,
イラン,266,,,
レディ,266,,,
出入り,266,,,
暗黒,266,,,
つつ,266,,,
ワイルド,266,,,
震え,265,,,
貰える,265,,,
取締,265,,,
熊,265,,bear,,kuma
ニ,265,,,
泣か,265,,,
着か,265,,,
上手い,265,,,
うわー,265,,,
職業,265,,,
たしか,265,,,
おやすみなさい,265,,,
悲鳴,265,,,
プライベート,265,,,
ともかく,265,,,
タイヤ,264,,,
意気,264,,,
へえ,264,,,
ウィリアム,264,,,
溺れ,264,,,
葬式,264,,,
疑う,264,,,
静流,264,,,
気づく,264,,,
南上,264,,,
だー,264,,,
カラム,264,,,
イライラ,264,,,
折れ,264,,,
ケーシー,264,,,
外交,264,,,
せめて,263,,,
固定,263,,,
でー,263,,,
ファースト,263,,,
低,263,,low,,tei/hiku-i/hiku-meru/hiku-maru
キャット,263,,,
喋っ,263,,,
次元,263,,,
作れる,263,,,
セバスチャン,263,,,
土,263,,soil,,do/to/tsuchi
着信,263,,,
どー,263,,,
多数,263,,,
ヘン,263,,,
再会,263,,,
ウェルズ,263,,,
継続,263,,,
笑わ,263,,,
言えよ,263,,,
安い,262,,,
メディア,262,,,
悪者,262,,,
ストーム,262,,,
争っ,262,,,
ステーション,262,,,
勧め,262,,,
預け,262,,,
ウォール,262,,,
めっちゃ,262,,,
継ぐ,262,,,
電波,262,,,
フィリップ,262,,,
コーナー,262,,,
筋肉,262,,,
がんばっ,261,,,
異なる,261,,,
コト,261,,,
解明,261,,,
オーク,261,,,
アンジェラ,261,,,
制限,261,,,
忘れろ,261,,,
ジャケット,261,,,
単独,261,,,
すっかり,261,,,
造っ,261,,,
スープ,261,,,
ニコラス,261,,,
失くし,261,,,
誠実,261,,,
動脈,261,,,
プロジェクト,260,,,
そもそも,260,,,
婆,260,,"""old",,"woman"" ba"
オレンジ,260,,,
プ,260,,,
変異,260,,,
タフ,260,,,
表示,260,,,
ちまえ,260,,,
砂,259,,sand,,sa/sha/suna
確かめる,259,,,
はっ,259,,,
Ｘ,259,,,
期限,259,,,
エンジニア,259,,,
つかまっ,259,,,
姉ちゃん,259,,,
独房,259,,,
ただし,259,,,
刃,259,,blade,,jin/ha
経済,259,,,
撮る,259,,,
ジェイミー,259,,,
愛しい,258,,,
逃す,258,,,
恨み,258,,,
ハリソン,258,,,
区域,258,,,
ライオネル,258,,,
経歴,258,,,
効い,258,,,
出会い,258,,,
総督,258,,,
傍,257,,bystander,,bou/katawa-ra
申し出,257,,,
当たる,257,,,
フィフス,257,,,
ビジター,257,,,
適当,257,,,
ボルト,257,,,
コーチ,257,,,
遅かっ,256,,,
メダル,256,,,
文化,256,,,
壊さ,256,,,
へん,256,,,
うわっ,256,,,
教わっ,256,,,
芝居,256,,,
イベント,256,,,
ゴールド,256,,,
畑,256,,farm,,hata/hatake
押す,256,,,
激しく,256,,,
輝く,255,,,
許せ,255,,,
面接,255,,,
アフガニスタン,255,,,
防ぐ,255,,,
坊主,255,,,
断り,255,,,
鑑識,255,,,
士官,255,,,
編集,255,,,
木曜,255,,,
中継,255,,,
請求,255,,,
ジャン,255,,,
カルロス,255,,,
民主,254,,,
大体,254,,,
叫び,254,,,
集まり,254,,,
火星,254,,,
じゃっ,254,,,
回線,254,,,
恐竜,254,,,
継い,254,,,
かしこまり,254,,,
費用,254,,,
所持,254,,,
サンフランシスコ,254,,,
例え,254,,,
ドム,254,,,
盲目,253,,,
デッキ,253,,,
誠人,253,,,
探そう,253,,,
ゴ,253,,,
クモ,253,,,
潜水,253,,,
ガブリエル,253,,,
ぴったり,253,,,
コ,253,,,
掛ける,253,,,
っこ,252,,,
バラ,252,,,
見よう,252,,,
我が家,252,,,
購入,252,,,
ガンダルフ,252,,,
頑固,252,,,
腰,252,,loins,,you/koshi
一種,252,,,
野獣,252,,,
付か,252,,,
協定,252,,,
焼け,252,,,
プリンセス,251,,,
クッキー,251,,,
反撃,251,,,
起こら,251,,,
先日,251,,,
善,251,,good,,zen/yo-i
マヌケ,251,,,
間に合わ,251,,,
結末,251,,,
分かれ,251,,,
ぅ,251,,,
末,251,,end,,matsu/batsu/sue
脱走,250,,,
告訴,250,,,
諦める,250,,,
ピン,250,,,
大気,250,,,
シェーン,250,,,
エジプト,250,,,
述べ,250,,,
合え,250,,,
冷蔵,250,,,
足跡,250,,,
上着,250,,,
アカデミー,250,,,
通路,250,,,
黙ら,250,,,
支払う,250,,,
ゲスト,250,,,
解き,249,,,
リトル,249,,,
めちゃくちゃ,249,,,
本名,249,,,
効く,249,,,
現象,249,,,
ディラン,249,,,
運ば,249,,,
履歴,249,,,
ホードー,249,,,
付き合い,249,,,
良き,248,,,
充電,248,,,
見覚え,248,,,
デイビッド,248,,,
カラス,248,,,
加速,248,,,
罪悪,248,,,
フィルム,248,,,
クレイ,248,,,
休ま,248,,,
集める,247,,,
恩,247,,grace,,on
内緒,247,,,
火曜,247,,,
到達,247,,,
聞けよ,247,,,
マルセル,247,,,
海外,247,,,
ハメ,247,,,
本来,247,,,
境界,247,,,
各,247,,each,,kaku/onoono
去れ,247,,,
探知,247,,,
フェンス,247,,,
詰まっ,247,,,
通話,247,,,
オーナー,247,,,
コイン,247,,,
ドミニク,247,,,
声明,247,,,
棚,246,,shelf,,tana
ベンジャミン,246,,,
交代,246,,,
残れ,246,,,
不利,246,,,
アビー,246,,,
保持,246,,,
ナタリー,246,,,
版,246,,"""printing",,"block"" han"
こっ,246,,,
出動,246,,,
焼い,245,,,
野生,245,,,
ふたり,245,,,
対抗,245,,,
んな,245,,,
楽しめ,245,,,
容易,245,,,
ポルノ,245,,,
良心,245,,,
地方,245,,,
製品,245,,,
干渉,245,,,
当たら,245,,,
黙示,245,,,
遮断,245,,,
銃弾,245,,,
デザイン,244,,,
皿,244,,dish,,sara
ょ,244,,,
エサ,244,,,
溶け,244,,,
陸軍,244,,,
さっぱり,244,,,
有効,244,,,
ザック,244,,,
精,244,,refined,,sei
空軍,244,,,
バカげ,244,,,
建築,244,,,
デカい,244,,,
貴族,244,,,
沈黙,244,,,
ジュース,244,,,
粒子,244,,,
国内,244,,,
フォックス,243,,,
いよう,243,,,
体制,243,,,
誤り,243,,,
民衆,243,,,
ライブ,243,,,
やばい,243,,,
たまえ,243,,,
差,243,,distinction,,sa/sa-su
ウォッチ,243,,,
設置,243,,,
本能,242,,,
ふん,242,,,
ふーん,242,,,
覚まし,242,,,
賭ける,242,,,
映っ,242,,,
同,242,,same,,dou/ona-ji
ジャクソン,242,,,
在,242,,exist,,zai/a-ru
速,242,,fast,,soku/haya-i/haya-meru/haya-maru/sumi-yaka
下り,242,,,
変人,242,,,
割れ,242,,,
見返り,241,,,
クラーク,241,,,
リッパー,241,,,
見解,241,,,
絶滅,241,,,
元老,241,,,
風邪,241,,,
キャス,241,,,
ピアノ,241,,,
例外,241,,,
よな,241,,,
台所,241,,,
ケーブル,241,,,
回転,240,,,
オー,240,,,
向こう側,240,,,
進歩,240,,,
オール,240,,,
一歩,240,,,
広場,240,,,
謝り,240,,,
データベース,240,,,
獲得,239,,,
成績,239,,,
はめ,239,,,
迷子,239,,,
腫瘍,239,,,
凶悪,239,,,
オタク,239,,,
醜い,239,,,
効か,239,,,
志願,239,,,
宿題,239,,,
破片,238,,,
マヤ,238,,,
不快,238,,,
終い,238,,,
診,238,,checkup,,shin/mi-ru
軍団,238,,,
だす,238,,,
ろくでなし,238,,,
逃がす,238,,,
シーン,238,,,
予感,238,,,
たっぷり,238,,,
ドニー,238,,,
軽く,238,,,
費,238,,expense,,hi/tsui-yasu/tsui-eru
愚か者,237,,,
フロリダ,237,,,
ハンニバル,237,,,
ハグ,237,,,
にー,237,,,
わが,237,,,
インターネット,237,,,
揃っ,237,,,
ハム,237,,,
胃,237,,stomach,,i
モーテル,237,,,
大将,237,,,
退却,237,,,
貰え,237,,,
つながっ,237,,,
働か,237,,,
兄ちゃん,237,,,
上出来,237,,,
向ける,237,,,
党,237,,group,,tou
ドッグ,236,,,
最適,236,,,
中断,236,,,
お早う,236,,,
統治,236,,,
日付,236,,,
有利,236,,,
要する,236,,,
売ら,236,,,
有能,236,,,
留め,236,,,
ハン,236,,,
スターリング,236,,,
悩み,236,,,
バター,236,,,
選び,236,,,
若,236,,young,,jaku/waka-i/mo-shikuha
高価,236,,,
玉,235,,ball,,gyoku/tama
スキラー,235,,,
急ぎ,235,,,
過剰,235,,,
カバン,235,,,
法的,235,,,
ルース,235,,,
ありゃ,235,,,
無力,235,,,
連合,235,,,
悟空,235,,,
裏切ら,235,,,
守ろう,235,,,
論理,235,,,
鳴っ,234,,,
マイアミ,234,,,
解る,234,,,
乗ら,234,,,
遊ぶ,234,,,
タンディ,234,,,
有,234,,have,,yuu/u/a-ru
習っ,234,,,
タイ,234,,,
一応,234,,,
女優,234,,,
隣人,234,,,
当たり,234,,,
キャサリン,234,,,
ニュー,234,,,
支店,234,,,
カーン,234,,,
かわり,233,,,
不運,233,,,
踊る,233,,,
届ける,233,,,
汗,233,,sweat,,kan/ase
コレ,233,,,
届か,233,,,
役立た,233,,,
判決,233,,,
退学,233,,,
フィッシュ,233,,,
様々,233,,,
カーク,233,,,
負け犬,233,,,
管制,233,,,
アボット,233,,,
脱げ,232,,,
出来れ,232,,,
裏切る,232,,,
くたばれ,232,,,
ネコ,232,,,
秩序,232,,,
直せ,232,,,
リズ,232,,,
あん,232,,,
偽装,232,,,
ハッチ,232,,,
もらわ,232,,,
支払っ,232,,,
洗い,232,,,
ワクチン,232,,,
すり,232,,,
お袋,232,,,
らん,232,,,
向かえ,232,,,
かから,232,,,
足元,232,,,
自警,232,,,
難い,232,,,
サイヤ,231,,,
香港,231,,,
ビジョン,231,,,
ガード,231,,,
限,231,,limit,,gen/kagi-ru
鎮静,231,,,
飛べ,231,,,
戦術,231,,,
毛,231,,hair,,mou/ke
ワープ,231,,,
徒,231,,junior,,to
変態,231,,,
ウォーター,231,,,
人数,231,,,
おーい,231,,,
徹,231,,penetrate,,tetsu
勤め,231,,,
代わっ,230,,,
叩い,230,,,
パキスタン,230,,,
バランス,230,,,
スペース,230,,,
クルマ,230,,,
素早く,230,,,
構え,230,,,
エリオット,230,,,
未知,230,,,
同じく,230,,,
悔やみ,230,,,
痛め,230,,,
近づけ,230,,,
損害,230,,,
Ｒ,229,,,
素直,229,,,
買え,229,,,
テラス,229,,,
停電,229,,,
プレート,229,,,
ネッド,229,,,
メリッサ,229,,,
モスクワ,229,,,
縛ら,229,,,
忍び,229,,,
万歳,229,,,
スー,228,,,
飛ばさ,228,,,
潰し,228,,,
朔之助,228,,,
換え,228,,,
ひっ,228,,,
是非,228,,,
張れ,228,,,
自白,228,,,
人種,228,,,
慰め,228,,,
スコフィールド,228,,,
管轄,228,,,
夫妻,227,,,
決心,227,,,
ヒトラー,227,,,
調達,227,,,
路,227,,road,,ro/ji
炉,227,,hearth,,ro
モーリス,227,,,
オープン,227,,,
温度,227,,,
まっ,227,,,
ワケ,227,,,
チェス,227,,,
達し,227,,,
スカイラー,227,,,
使い方,227,,,
イヴ,226,,,
軽い,226,,,
呼び出し,226,,,
襲う,226,,,
従わ,226,,,
頂い,226,,,
無けれ,226,,,
ずり,226,,,
穏やか,226,,,
像,226,,statue,,zou
降っ,226,,,
ローン,226,,,
首都,226,,,
全滅,226,,,
負え,226,,,
レーザー,226,,,
シルバー,226,,,
クリプトン,225,,,
明け,225,,,
ホリー,225,,,
いっしょ,225,,,
職務,225,,,
ゴースト,225,,,
知性,225,,,
ビッチ,225,,,
読める,225,,,
券,225,,ticket,,ken
作成,225,,,
ブタ,225,,,
なか,225,,,
あな,225,,,
鋭い,225,,,
致命,225,,,
教室,225,,,
乗組,225,,,
番地,224,,,
ゆう,224,,,
タラ,224,,,
ハズ,224,,,
構い,224,,,
喪失,224,,,
買収,224,,,
保つ,224,,,
痛む,224,,,
目指し,224,,,
報い,224,,,
ミランダ,224,,,
墓地,224,,,
惚れ,224,,,
座,224,,sit,,za/suwa-ru
ぃ,224,,,
解け,223,,,
悪気,223,,,
スカウト,223,,,
アー,223,,,
立,223,,"""stand",,"up"" ritsu/ta-tsu/ta-teru"
メガゾード,223,,,
曲がっ,223,,,
日常,223,,,
比べ,223,,,
終り,223,,,
説教,223,,,
ッ,223,,,
頂け,223,,,
だいぶ,223,,,
外せ,223,,,
退治,223,,,
かっ,223,,,
謝っ,223,,,
試す,223,,,
署長,223,,,
わあ,222,,,
リンゴ,222,,,
弟子,222,,,
催眠,222,,,
道徳,222,,,
シャンパン,222,,,
ちゃい,222,,,
アンドリュー,222,,,
落とせ,222,,,
ベラ,222,,,
バイト,221,,,
闘う,221,,,
習慣,221,,,
体重,221,,,
オート,221,,,
想定,221,,,
盛り,221,,,
異星,221,,,
ビックリ,221,,,
大胆,221,,,
フランクリン,221,,,
秘書,221,,,
宮殿,221,,,
霊,221,,spirits,,rei/ryou/tama
打た,221,,,
近づか,221,,,
侍,220,,waiter,,ji/samurai
参照,220,,,
ハワード,220,,,
込める,220,,,
しゃべっ,220,,,
吸う,220,,,
欠陥,220,,,
替える,220,,,
浮かん,220,,,
サメ,220,,,
デューク,220,,,
直後,219,,,
寂しく,219,,,
チャンネル,219,,,
競技,219,,,
チャン,219,,,
正,219,,correct,,sei/shou/tada-shii/tada-su/masa
手首,219,,,
亡くし,219,,,
いよいよ,219,,,
久利生,219,,,
ほしく,219,,,
低く,219,,,
ボルトン,219,,,
合わせる,219,,,
派手,219,,,
タダ,219,,,
おとなしく,219,,,
痕,219,,mark,,kon/ato
告げ,219,,,
鉱山,219,,,
白状,218,,,
リタ,218,,,
応じ,218,,,
尽き,218,,,
ウッチー,218,,,
マーチン,218,,,
ティー,218,,,
ブラン,218,,,
低下,218,,,
俳優,218,,,
だいたい,218,,,
れれ,218,,,
広がっ,218,,,
どん,218,,,
ティリオン,218,,,
キャンセル,217,,,
偽造,217,,,
同志,217,,,
只,217,,,
訪れ,217,,,
苦しむ,217,,,
消滅,217,,,
盾,217,,shield,,jun/tate
ダブル,217,,,
アレン,217,,,
採用,217,,,
エリス,217,,,
いただい,217,,,
眠ら,217,,,
含ま,217,,,
狭い,217,,,
ジュディ,216,,,
ウィック,216,,,
ヘルメット,216,,,
たわごと,216,,,
マーサ,216,,,
差別,216,,,
破れ,216,,,
マフィア,216,,,
田舎,216,,,
暑い,216,,,
人口,216,,,
ソフィア,216,,,
宣伝,215,,,
花火,215,,,
暖かい,215,,,
ゲイリー,215,,,
ウィリー,215,,,
にゃ,215,,,
悲惨,215,,,
先祖,215,,,
ナ,215,,,
シャロン,215,,,
投与,215,,,
火災,215,,,
解く,215,,,
ジャズ,215,,,
フォー,215,,,
流す,215,,,
なくし,215,,,
ナジール,215,,,
ハンマー,215,,,
下し,215,,,
まくっ,215,,,
キエラ,215,,,
語り,214,,,
チョコ,214,,,
食,214,,eat,,shoku/ku-u/ku-rau/ta-beru
飼っ,214,,,
クラウス,214,,,
ロマンチック,214,,,
テリー,214,,,
ネタ,214,,,
ブルックリン,214,,,
周波,214,,,
毎回,214,,,
ランチョー,214,,,
玉座,214,,,
見付け,214,,,
話し合い,214,,,
問わ,214,,,
組む,214,,,
衝動,214,,,
しまえ,214,,,
伯爵,214,,,
フェア,214,,,
大げさ,213,,,
団体,213,,,
スレイド,213,,,
買わ,213,,,
よぉ,213,,,
昏睡,213,,,
手伝え,213,,,
外部,213,,,
自動車,213,,,
メ,213,,,
みせる,213,,,
間に合う,213,,,
蹴っ,213,,,
以降,213,,,
チンコ,213,,,
表情,213,,,
レポート,213,,,
費やし,213,,,
遺産,212,,,
数える,212,,,
髪の毛,212,,,
シスコ,212,,,
まいっ,212,,,
比較,212,,,
リーク,212,,,
じゃう,212,,,
コブ,212,,,
賞賛,212,,,
ワカ,212,,,
付近,212,,,
ウー,212,,,
毎週,212,,,
唇,212,,lips,,shin/kuchibiru
課題,212,,,
フランキー,212,,,
出れ,212,,,
売買,212,,,
小切手,212,,,
真相,212,,,
ナイス,212,,,
なな恵,212,,,
鹿,212,,deer,,shika
誤っ,212,,,
きっ,212,,,
着けよ,211,,,
麻痺,211,,,
しっ,211,,,
ア,211,,,
雰囲気,211,,,
直感,211,,,
ノ,211,,,
サマンサ,211,,,
無礼,211,,,
ベース,211,,,
入ろう,211,,,
フレッド,211,,,
明るい,211,,,
及び,211,,,
こんにちわ,211,,,
初日,211,,,
良けれ,211,,,
サッカー,211,,,
休む,211,,,
メイド,211,,,
ホビット,210,,,
チャック,210,,,
改造,210,,,
電池,210,,,
取ろう,210,,,
論文,210,,,
ポッター,210,,,
刺す,210,,,
良好,210,,,
寂しかっ,210,,,
エドワード,210,,,
直せる,210,,,
救命,210,,,
大嫌い,210,,,
ワイアット,209,,,
スパイク,209,,,
とっとと,209,,,
シーザー,209,,,
折っ,209,,,
やん,209,,,
ネックレス,209,,,
独立,209,,,
関わり,209,,,
頑張る,209,,,
崇拝,209,,,
カウボーイ,209,,,
踏ん,209,,,
良さ,208,,,
マーティ,208,,,
ウエスト,208,,,
通す,208,,,
傭兵,208,,,
招い,208,,,
動作,208,,,
狂人,208,,,
ベトナム,208,,,
フィン,208,,,
危害,208,,,
広げ,208,,,
憎ん,208,,,
たまたま,208,,,
予算,208,,,
はあ,208,,,
繋がる,208,,,
アーチャー,208,,,
並ん,208,,,
演じ,208,,,
慈善,208,,,
閉めろ,207,,,
なき,207,,,
ウェストロス,207,,,
握手,207,,,
マン,207,,,
義理,207,,,
解い,207,,,
ワールド,207,,,
気絶,207,,,
リジー,207,,,
進ま,207,,,
渡り,207,,,
湾,207,,gulf,,wan
人員,207,,,
アイリーン,207,,,
書け,207,,,
増加,207,,,
噛ん,207,,,
果たす,207,,,
ろ,207,,,
盗難,207,,,
一家,207,,,
とら,207,,,
食堂,207,,,
待ち伏せ,206,,,
つかま,206,,,
大麻,206,,,
みれ,206,,,
訊い,206,,,
グローブ,206,,,
積ん,206,,,
狙え,206,,,
参り,206,,,
観客,206,,,
油,206,,oil,,yu/abura
住人,206,,,
洗浄,206,,,
ブライス,206,,,
仕返し,206,,,
パトロール,206,,,
放て,206,,,
更新,206,,,
カエル,206,,,
反抗,206,,,
チョー,206,,,
かかわら,206,,,
輝い,205,,,
貸す,205,,,
無茶,205,,,
凵,205,,,
ベビー,205,,,
分り,205,,,
ブーツ,205,,,
現,205,,appear,,gen/arawa-reru/arawa-su
いー,205,,,
リン,205,,,
バーバラ,205,,,
恋しい,205,,,
崖,205,,cliff,,gai/gake
性的,205,,,
キックアス,205,,,
尋ねる,205,,,
塩,205,,salt,,en/shio
シェルビー,205,,,
仕える,205,,,
読ま,205,,,
学び,205,,,
ご飯,205,,,
ソロ,204,,,
劇,204,,drama,,geki
置か,204,,,
懐かしい,204,,,
合意,204,,,
取材,204,,,
すてき,204,,,
スーパーマン,204,,,
銃声,204,,,
層,204,,stratum,,sou
トラビス,204,,,
レコード,204,,,
産業,204,,,
なくっ,204,,,
美し,204,,,
つながり,204,,,
スタン,204,,,
好意,204,,,
ドラマ,204,,,
補佐,204,,,
シドニー,203,,,
雨宮,203,,,
知的,203,,,
現状,203,,,
コリンズ,203,,,
料金,203,,,
ゴール,203,,,
現地,203,,,
欠け,203,,,
伸ばし,203,,,
別人,203,,,
稼ぐ,203,,,
レニー,203,,,
ロッカー,203,,,
レーダー,203,,,
フフフ,203,,,
侵攻,203,,,
愛人,203,,,
最良,202,,,
ボット,202,,,
惨め,202,,,
シェフ,202,,,
草,202,,grass,,sou/kusa
パーシー,202,,,
ヘリコプター,202,,,
ソフト,202,,,
負っ,202,,,
展示,202,,,
兵隊,202,,,
弾薬,202,,,
納屋,202,,,
ジョンソン,202,,,
降参,202,,,
ネーム,202,,,
統合,202,,,
マリファナ,202,,,
フック,201,,,
レクター,201,,,
もったい,201,,,
生み,201,,,
斧,201,,,
落とさ,201,,,
タオル,201,,,
見れる,201,,,
出所,201,,,
寄る,201,,,
ハ,201,,,
合,201,,fit,,gou/ga'/a-u/a-wasu/a-waseru
パズル,201,,,
バトル,201,,,
繋い,201,,,
ゴセイ,201,,,
面白,201,,,
語っ,201,,,
ボクシング,201,,,
標準,201,,,
レックス,201,,,
敗北,201,,,
詫び,201,,,
コンサルタント,200,,,
処方,200,,,
次回,200,,,
デイビス,200,,,
ビ,200,,,
ハハハ,200,,,
挙げ,200,,,
生産,200,,,
デュバク,200,,,
部署,200,,,
菌,200,,germ,,kin
リス,200,,,
もー,200,,,
ダナム,200,,,
別れる,200,,,
リアル,200,,,
追え,200,,,
殿下,200,,,
後退,200,,,
隠し事,200,,,
解ら,200,,,
神秘,200,,,
たのむ,200,,,
タグ,200,,,
拠点,200,,,
ファスコ,200,,,
見込み,200,,,
熱心,199,,,
保釈,199,,,
アルバート,199,,,
上がり,199,,,
振っ,199,,,
ウォーリー,199,,,
スノー,199,,,
想,199,,concept,,sou
フューリー,199,,,
ラウンド,199,,,
前科,199,,,
宿,199,,inn,,shuku/yado/yado-ru/yado-su
初期,199,,,
麻酔,199,,,
テント,199,,,
導き,199,,,
機器,199,,,
オリー,199,,,
従い,199,,,
不死,199,,,
絆,199,,,
しも,198,,,
イスラム,198,,,
ヒューストン,198,,,
親戚,198,,,
デタラメ,198,,,
ばれ,198,,,
バックアップ,198,,,
んー,198,,,
まかせ,198,,,
アジア,198,,,
ギター,198,,,
毛布,198,,,
和解,198,,,
包ま,198,,,
戻せる,198,,,
オヤジ,198,,,
ムショ,198,,,
キャンディ,198,,,
作ろう,197,,,
推理,197,,,
供述,197,,,
不審,197,,,
ダナ,197,,,
ごく,197,,,
マジック,197,,,
鉄道,197,,,
章,197,,chapter,,shou
大人しく,197,,,
カルテル,197,,,
嫁,197,,"""marry",,"into"" ka/yome/totsu-gu"
やめよう,197,,,
素晴らしかっ,197,,,
アドレス,197,,,
シェリー,197,,,
回路,197,,,
とー,197,,,
ヤード,197,,,
雷,197,,thunder,,rai/kaminari
タイレル,197,,,
スイス,197,,,
語る,197,,,
ストライク,197,,,
そー,196,,,
ロイド,196,,,
ホスト,196,,,
広告,196,,,
やがて,196,,,
トレーニング,196,,,
スパルタ,196,,,
履い,196,,,
幼い,196,,,
糸,196,,thread,,shi/ito
マウイ,196,,,
点火,196,,,
マーシャル,196,,,
常識,196,,,
サプライズ,196,,,
転換,196,,,
移送,196,,,
懸念,196,,,
略奪,196,,,
好奇,196,,,
象徴,196,,,
主要,195,,,
レジスタンス,195,,,
運営,195,,,
潰す,195,,,
レナ,195,,,
ガレージ,195,,,
野菜,195,,,
消せ,195,,,
コア,195,,,
がたい,195,,,
しー,195,,,
載せ,195,,,
さらさ,195,,,
魚雷,195,,,
日記,195,,,
縁,195,,affinity,,en/fuchi
冷凍,195,,,
交差,195,,,
ラルフ,195,,,
休め,195,,,
ハワイ,195,,,
仕上げ,195,,,
焼か,195,,,
サンドイッチ,195,,,
搭乗,195,,,
字,194,,letter,,ji/aza
ベネット,194,,,
ブランドン,194,,,
迅速,194,,,
かかれ,194,,,
飛ば,194,,,
ベリー,194,,,
おぅ,194,,,
ブツ,194,,,
イン,194,,,
仮定,194,,,
ワォ,194,,,
プライバシー,194,,,
退避,194,,,
照準,194,,,
クリスティン,194,,,
酔い,194,,,
ゾーン,194,,,
スタイル,194,,,
現代,194,,,
クソったれ,193,,,
最愛,193,,,
暴露,193,,,
バート,193,,,
ソ連,193,,,
晴れ,193,,,
実在,193,,,
本質,193,,,
気付く,193,,,
消去,193,,,
デクスター,193,,,
テーマ,193,,,
作,193,,make,,saku/sa/tsuku-ru
檻,193,,,
アリソン,193,,,
補給,193,,,
手口,193,,,
忍耐,193,,,
吐く,193,,,
そっと,192,,,
カナダ,192,,,
異議,192,,,
守れる,192,,,
プレイ,192,,,
ドナルド,192,,,
フェリシティ,192,,,
養子,192,,,
サイバー,192,,,
身長,192,,,
マダム,192,,,
似合い,192,,,
ミュータント,192,,,
再建,192,,,
リーガン,192,,,
決意,192,,,
チェイス,192,,,
あう,192,,,
ジーン,192,,,
とめ,192,,,
治る,192,,,
ト,192,,,
錠,191,,lock,,jou
路地,191,,,
ナショナル,191,,,
改善,191,,,
ピア,191,,,
貢献,191,,,
殺っ,191,,,
粉,191,,flour,,fun/ko/kona
マシーン,191,,,
合理,191,,,
成立,191,,,
ブレイク,191,,,
史,191,,history,,shi
税金,191,,,
てらっしゃい,191,,,
砲,191,,cannon,,hou
ランディ,191,,,
卑怯,191,,,
今晩は,191,,,
不在,191,,,
誘わ,191,,,
画面,191,,,
親しい,191,,,
空け,191,,,
年上,191,,,
雇う,191,,,
せん,191,,,
ゴッサム,190,,,
フィッツ,190,,,
シモンズ,190,,,
女神,190,,,
ジェフ,190,,,
ウォード,190,,,
厳重,190,,,
ロザリー,190,,,
クルミ,190,,,
流さ,190,,,
団結,190,,,
ヤギ,190,,,
スイーツ,190,,,
まあまあ,190,,,
窒息,190,,,
食らえ,190,,,
キッド,190,,,
化粧,190,,,
燃える,190,,,
不動産,190,,,
祖国,190,,,
先月,190,,,
暴動,189,,,
ナイロック,189,,,
泳い,189,,,
密輸,189,,,
カジノ,189,,,
経路,189,,,
シーッ,189,,,
抗議,189,,,
けっこう,189,,,
ムーン,189,,,
専用,189,,,
前方,189,,,
奉仕,189,,,
観光,189,,,
遂げる,189,,,
空っぽ,189,,,
エルフ,188,,,
寒,188,,cold,,kan/samu-i
馬車,188,,,
節約,188,,,
あい,188,,,
マック,188,,,
右側,188,,,
つない,188,,,
癖,188,,mannerism,,heki/kuse
ピエール,188,,,
痛く,188,,,
泊まっ,188,,,
ジュールズ,188,,,
融合,188,,,
サツ,188,,,
魔,188,,witch,,ma
ベイリー,188,,,
ハンドル,188,,,
お守り,188,,,
人格,188,,,
後方,188,,,
出版,188,,,
男女,188,,,
ジョナサン,187,,,
ベティ,187,,,
韓国,187,,,
憎し,187,,,
クリンゴン,187,,,
液体,187,,,
防犯,187,,,
アイディア,187,,,
相続,187,,,
ちょっ,187,,,
ダーリン,187,,,
バービー,187,,,
犯す,187,,,
抜か,187,,,
甥,187,,,
郊外,187,,,
ショップ,187,,,
泉,187,,spring,,sen/izumi
イスラエル,187,,,
鶏,187,,chicken,,kei/niwatori
考えよう,186,,,
バラシオン,186,,,
知能,186,,,
ヨ,186,,,
本心,186,,,
与えよう,186,,,
卜,186,,,
真っ,186,,,
Ｄ,186,,,
オリジナル,186,,,
審判,186,,,
カート,186,,,
仮説,186,,,
ダーシー,186,,,
卑劣,186,,,
竜,186,,dragon,,ryuu/tatsu
アイルランド,186,,,
出産,186,,,
乱暴,186,,,
気楽,186,,,
ケイトリン,185,,,
ヤッ,185,,,
苦しい,185,,,
タウン,185,,,
フェリックス,185,,,
アルコール,185,,,
毎朝,185,,,
問い,185,,,
ねん,185,,,
なけりゃ,185,,,
退職,185,,,
ブロンド,185,,,
ステーキ,185,,,
無謀,185,,,
グラハム,185,,,
け,185,,,
デジタル,185,,,
堕落,185,,,
録画,185,,,
外さ,185,,,
加える,185,,,
ブラスター,184,,,
そうそう,184,,,
爽,184,,refreshing,,sou/sawa-yaka
インディアン,184,,,
批判,184,,,
決着,184,,,
割,184,,divide,,katsu/wa-ru/wari/wa-reru/sa-ku
勢力,184,,,
沙汰,184,,,
ハーイ,184,,,
南部,184,,,
甘く,184,,,
弱く,184,,,
窃盗,184,,,
ソウル,184,,,
預かっ,184,,,
岩崎,184,,,
スキュラ,184,,,
レイモンド,184,,,
オリンピック,184,,,
ボトル,184,,,
カーティス,184,,,
かつ,184,,,
組合,184,,,
前線,184,,,
あちら,184,,,
でたらめ,184,,,
動画,184,,,
ブレーキ,183,,,
外側,183,,,
小人,183,,,
広,183,,wide,,kou/hiro-i/hiro-maru/hiro-meru/hiro-garu/hiro-geru
沿っ,183,,,
ローレンス,183,,,
投げる,183,,,
ハル,183,,,
欲望,183,,,
大騒ぎ,183,,,
解散,183,,,
家賃,183,,,
辿り,183,,,
モリー,183,,,
加護,183,,,
上等,183,,,
ドラム,183,,,
歴,183,,curriculum,,reki
かけろ,183,,,
除く,182,,,
張ら,182,,,
金額,182,,,
遭遇,182,,,
基づい,182,,,
血痕,182,,,
設備,182,,,
夢見,182,,,
寸前,182,,,
ビン,182,,,
ウルフ,182,,,
イライジャ,182,,,
ヴァネッサ,182,,,
破ら,182,,,
臓器,182,,,
憲兵,182,,,
プライド,182,,,
ストップ,181,,,
ハック,181,,,
破り,181,,,
リッチー,181,,,
形跡,181,,,
工学,181,,,
みそ,181,,,
いただく,181,,,
みせ,181,,,
表し,181,,,
手間,181,,,
司祭,181,,,
認証,181,,,
全国,181,,,
大戦,181,,,
審査,181,,,
ネクタイ,181,,,
申請,181,,,
辞める,181,,,
困ら,181,,,
再現,181,,,
通知,181,,,
攻め,181,,,
紅茶,181,,,
歩ける,181,,,
公正,181,,,
区画,181,,,
ぶつかっ,181,,,
回す,181,,,
ピッタリ,180,,,
見つけよう,180,,,
ロビン,180,,,
ばっか,180,,,
住宅,180,,,
捕え,180,,,
タイウィン,180,,,
つかまえ,180,,,
笑え,180,,,
貧しい,180,,,
数十,180,,,
指環,180,,,
鎧,180,,,
掟,180,,,
ダース,180,,,
キャノン,180,,,
両,180,,both,,ryou
ギデオン,180,,,
将校,180,,,
髪型,180,,,
たまら,180,,,
ダウンロード,180,,,
レンリー,180,,,
可,180,,possible,,ka
ブログ,180,,,
聴取,180,,,
汚し,180,,,
瞳,180,,pupil,,dou/hitomi
弱っ,180,,,
右手,179,,,
雇用,179,,,
ペルト,179,,,
院長,179,,,
プラス,179,,,
セラピー,179,,,
ラナ,179,,,
買える,179,,,
ラムジー,179,,,
参考,179,,,
基準,179,,,
クロス,179,,,
セントラル,179,,,
および,179,,,
貸せ,179,,,
ルームメイト,179,,,
害,179,,harm,,gai
善良,179,,,
手袋,179,,,
安らか,179,,,
アレルギー,179,,,
砦,179,,,
クリスタル,179,,,
弓,179,,bow,,kyuu/yumi
警視,179,,,
相応しい,179,,,
ジャー,179,,,
表面,179,,,
タイガー,179,,,
最期,179,,,
己,179,,self,,ko/ki/onore
レディー,179,,,
倒せ,179,,,
役者,178,,,
トロール,178,,,
ヒュー,178,,,
バットマン,178,,,
切符,178,,,
捕獲,178,,,
片方,178,,,
ホッブズ,178,,,
政権,178,,,
サーシー,178,,,
合体,178,,,
ヘッド,178,,,
居ろ,178,,,
片,178,,one-sided,,hen/kata
かっこいい,178,,,
ブレード,178,,,
入れよう,178,,,
作り話,178,,,
マスコミ,178,,,
ローリー,178,,,
アッシュ,178,,,
増える,178,,,
母国,178,,,
模,178,,imitation,,mo/bo
入口,178,,,
借りる,178,,,
新しく,178,,,
乗せる,178,,,
オーディション,178,,,
暴れ,178,,,
積み,178,,,
いじめ,177,,,
ぶつけ,177,,,
飾り,177,,,
サポート,177,,,
根,177,,root,,kon/ne
傷つく,177,,,
キャロライン,177,,,
探っ,177,,,
バディ,177,,,
返ら,177,,,
エディー,177,,,
男子,177,,,
フレディ,177,,,
グランド,177,,,
産ん,177,,,
オーウェン,177,,,
ハリウッド,177,,,
シャム,177,,,
名簿,177,,,
放置,177,,,
ふざけん,177,,,
論,177,,theory,,ron
進路,177,,,
熱く,177,,,
たる,177,,,
先頭,177,,,
起爆,177,,,
昼間,177,,,
抹殺,177,,,
ベニー,177,,,
テッサ,177,,,
思いやり,176,,,
ステュー,176,,,
乗船,176,,,
尻尾,176,,,
一気,176,,,
昨年,176,,,
石油,176,,,
クリストファー,176,,,
閉まっ,176,,,
旧,176,,"""old",,"times"" kyuu"
オイル,176,,,
推薦,176,,,
叫び声,175,,,
迄,175,,,
事前,175,,,
ｺﾞｼｯｸ,175,,,
ベッキー,175,,,
制,175,,control,,sei
座ら,175,,,
紗絵子,175,,,
ブラザー,175,,,
定め,175,,,
延期,175,,,
いかなる,175,,,
生死,175,,,
溢れ,175,,,
キャッスル,175,,,
健,175,,healthy,,ken/suko-yaka
フィオナ,175,,,
魔力,175,,,
きっかけ,175,,,
油断,175,,,
脈,175,,vein,,myaku
育てる,175,,,
飲もう,175,,,
姪,175,,,
住み,175,,,
オゥ,175,,,
検視,175,,,
セクレタリアト,174,,,
拳銃,174,,,
豊か,174,,,
たとえば,174,,,
ステップ,174,,,
貧乏,174,,,
封印,174,,,
エヴァ,174,,,
ストーカー,174,,,
Ｓ,174,,,
オスカー,174,,,
フリン,174,,,
吧,174,,,
大地,174,,,
暫く,174,,,
凶暴,174,,,
食い物,174,,,
異,174,,uncommon,,i/koto
さらば,174,,,
ペンギン,174,,,
文,174,,writing,,bun/mon/fumi
ヘビ,174,,,
入力,174,,,
きつい,174,,,
周,174,,circumference,,shuu/mawa-ri
ゆく,174,,,
メイソン,173,,,
別々,173,,,
オッケー,173,,,
ティナ,173,,,
会合,173,,,
ヒント,173,,,
いたずら,173,,,
部族,173,,,
ハーパー,173,,,
いまだ,173,,,
強烈,173,,,
寛大,173,,,
全身,173,,,
ジュリ,173,,,
ヘザー,173,,,
史上,173,,,
ラウダ,173,,,
ヘロイン,173,,,
所属,173,,,
好か,173,,,
褒め,173,,,
にて,173,,,
アビゲイル,173,,,
治し,173,,,
板,173,,board,,han/ban/ita
姿勢,173,,,
させろ,173,,,
うー,172,,,
幾ら,172,,,
神話,172,,,
恩人,172,,,
ダイアナ,172,,,
食べよう,172,,,
ソファ,172,,,
蹴,172,,kick,,shuu/ke-ru
営業,172,,,
業務,172,,,
ハエ,172,,,
同感,172,,,
食え,172,,,
伊勢島,172,,,
マッチ,172,,,
ゴミ箱,172,,,
左側,172,,,
渇い,172,,,
照明,172,,,
シャットダウン,171,,,
ライラ,171,,,
ケイン,171,,,
亡命,171,,,
修道,171,,,
留まる,171,,,
あて,171,,,
登る,171,,,
トレント,171,,,
アンドレア,171,,,
一掃,171,,,
知事,171,,,
スゴイ,171,,,
楽しま,171,,,
アイアン,171,,,
先端,171,,,
おくれ,171,,,
チクショウ,171,,,
家具,171,,,
かぶっ,171,,,
旋回,171,,,
ピーターソン,171,,,
ベーコン,171,,,
てめえ,171,,,
厳しく,171,,,
ヘクター,171,,,
キチガイ,171,,,
素人,170,,,
国土,170,,,
ジュード,170,,,
富,170,,rich,,fu/to-mu/tomi
ますます,170,,,
無くなる,170,,,
崩れ,170,,,
折り,170,,,
看守,170,,,
はね,170,,,
カフェ,170,,,
荷,170,,luggage,,ka/ni
遂行,170,,,
態勢,170,,,
頂く,170,,,
ダメージ,170,,,
克服,170,,,
治っ,170,,,
応え,170,,,
裕福,170,,,
セクション,170,,,
角度,170,,,
しゃべる,170,,,
壊滅,170,,,
ムーア,170,,,
ご免,170,,,
ハンド,170,,,
脇,170,,aside,,waki
校,170,,school,,kou
ルー,169,,,
防弾,169,,,
漏らし,169,,,
香水,169,,,
マディソン,169,,,
経つ,169,,,
マネージャー,169,,,
場面,169,,,
瑞希,169,,,
レジー,169,,,
群衆,169,,,
育ち,169,,,
遥か,169,,,
沈ん,169,,,
スティーブン,169,,,
物資,169,,,
誘う,169,,,
コメント,169,,,
ケン,169,,,
冷酷,169,,,
明るく,169,,,
割っ,169,,,
アントニオ,169,,,
退院,169,,,
引き換え,169,,,
いやあ,168,,,
クレイジー,168,,,
短剣,168,,,
うむ,168,,,
感心,168,,,
そん,168,,,
友好,168,,,
ケイシー,168,,,
戻そう,168,,,
美女,168,,,
親しく,168,,,
バージニア,168,,,
ヘイゼル,168,,,
デール,168,,,
慌て,168,,,
ミリアム,168,,,
至る所,168,,,
オースティン,168,,,
絞り,168,,,
築い,168,,,
マザー,168,,,
ガードナー,168,,,
ゴルフ,168,,,
菜々果,168,,,
もめ,168,,,
下がる,168,,,
手動,168,,,
ジャスティン,167,,,
エルサ,167,,,
無敵,167,,,
発進,167,,,
がんばれ,167,,,
蹴り,167,,,
撮ら,167,,,
リセット,167,,,
密告,167,,,
せいぜい,167,,,
ナナ,167,,,
サラダ,167,,,
群,167,,flock,,gun/mu-reru/mu-re
猶予,167,,,
騒ぐ,167,,,
試練,167,,,
ニッキー,167,,,
務め,167,,,
ガラクタ,167,,,
拉致,167,,,
マンハッタン,167,,,
局長,167,,,
鞄,167,,,
冬眠,167,,,
ヴィッキー,167,,,
些細,167,,,
合成,167,,,
メニュー,167,,,
タナー,167,,,
厳密,167,,,
血清,167,,,
消えろ,167,,,
よこし,167,,,
証券,166,,,
着ける,166,,,
植え,166,,,
透明,166,,,
拒絶,166,,,
座席,166,,,
驚異,166,,,
キューバ,166,,,
お宅,166,,,
慣れる,166,,,
主に,166,,,
ふむ,166,,,
絶え,166,,,
並べ,166,,,
帰し,166,,,
ヒロ,166,,,
不良,166,,,
ポテト,166,,,
警護,166,,,
闘っ,166,,,
コーン,166,,,
コロンビア,166,,,
レッスン,166,,,
高貴,166,,,
強大,166,,,
アライグマ,166,,,
センス,166,,,
シャドウ,166,,,
デカイ,166,,,
レイン,166,,,
ビクトリア,166,,,
聞かさ,166,,,
拳,166,,fist,,ken/kobushi
聖堂,166,,,
終える,166,,,
つれ,166,,,
苦しめ,166,,,
苦情,166,,,
リッチ,166,,,
澪,165,,,
満たさ,165,,,
強姦,165,,,
あえて,165,,,
ファッション,165,,,
救おう,165,,,
大砲,165,,,
鍛え,165,,,
輪,165,,wheel,,rin/wa
渋滞,165,,,
牙,165,,tusk,,ga/kiba
走ら,165,,,
ソーダ,165,,,
君等,165,,,
歌手,165,,,
入学,165,,,
傍受,165,,,
順番,165,,,
会場,165,,,
宝物,165,,,
ジェニファー,165,,,
たれ,165,,,
肝心,165,,,
身代,165,,,
っぱなし,165,,,
孤立,165,,,
ジェイデン,165,,,
裏口,164,,,
デバイス,164,,,
提示,164,,,
寄り,164,,,
ロボ,164,,,
民族,164,,,
ごちそう,164,,,
マウンテン,164,,,
こもっ,164,,,
箇所,164,,,
バレる,164,,,
口径,164,,,
下す,164,,,
支度,164,,,
階級,164,,,
濡れ,164,,,
北朝鮮,164,,,
捉え,164,,,
ため息,164,,,
探検,164,,,
通用,164,,,
祭り,164,,,
演説,164,,,
ハーバード,164,,,
云っ,164,,,
ドリル,164,,,
血圧,164,,,
遠隔,163,,,
クールソン,163,,,
喜ば,163,,,
射殺,163,,,
マルコ,163,,,
歌い,163,,,
公共,163,,,
含む,163,,,
棟,163,,ridgepole,,tou/mune
野心,163,,,
レオン,163,,,
サイコー,163,,,
オーバー,163,,,
免疫,163,,,
説,163,,theory,,setsu/to-ku
構成,163,,,
ル,163,,,
彼方,163,,,
アップロード,163,,,
がり,163,,,
鼓動,163,,,
飯,163,,meal,,han/meshi
価格,163,,,
サクラメント,163,,,
子守,163,,,
宣誓,163,,,
バルカン,163,,,
パック,163,,,
ハドソン,163,,,
プラスチック,163,,,
センチ,162,,,
カウント,162,,,
持てる,162,,,
総統,162,,,
たいてい,162,,,
中隊,162,,,
伝染,162,,,
こめ,162,,,
街中,162,,,
訪れる,162,,,
ラテン,162,,,
疑わしい,162,,,
究極,162,,,
廃棄,162,,,
水道,162,,,
ジル,162,,,
腐敗,162,,,
服装,162,,,
ポーカー,162,,,
ウォー,162,,,
滴,162,,drip,,teki/shizuku/shitata-ru
埋める,162,,,
ホモ,162,,,
でろ,162,,,
ラスト,162,,,
スタンバイ,162,,,
塗っ,162,,,
翌日,162,,,
チョット,162,,,
集まる,162,,,
抑制,162,,,
捧げる,162,,,
ダンサー,161,,,
シナリオ,161,,,
制度,161,,,
圏,161,,sphere,,ken
井戸,161,,,
いわ,161,,,
塊,161,,clod,,kai/katamari
身内,161,,,
フレイ,161,,,
経過,161,,,
哲学,161,,,
内臓,161,,,
嫌う,161,,,
蜂,161,,bee,,hou/hachi
スチュアート,161,,,
ワイヤー,161,,,
ブチ,161,,,
救済,161,,,
明朝,161,,,
ロフト,161,,,
鋼,161,,steel,,kou/hagane
口論,161,,,
オペラ,161,,,
狂,161,,lunatic,,kyou/kuru-u/kuru-oshii
おもしろい,161,,,
要点,161,,,
識別,161,,,
カンパニー,161,,,
追求,161,,,
アンテナ,160,,,
道のり,160,,,
マーシー,160,,,
肝臓,160,,,
Ｔ,160,,,
天井,160,,,
微妙,160,,,
ミルズ,160,,,
ジャーナリスト,160,,,
うるせえ,160,,,
偽名,160,,,
当,160,,hit,,tou/a-taru/a-teru
幹部,160,,,
楽しもう,160,,,
アーヤ,160,,,
シンプル,160,,,
キック,160,,,
すげぇ,160,,,
あたっ,160,,,
オモチャ,160,,,
傷跡,160,,,
吸収,160,,,
便利,160,,,
通訳,160,,,
ポートランド,160,,,
ダイヤモンド,160,,,
摂取,160,,,
じっくり,159,,,
スキー,159,,,
手伝わ,159,,,
レシピ,159,,,
今さら,159,,,
過,159,,"""go",,"beyond"" ka/su-giru/su-gosu/ayama-tsu/ayama-chi"
すっごく,159,,,
ボード,159,,,
ロボナイト,159,,,
交信,159,,,
理性,159,,,
見張り,159,,,
ヴィンセント,159,,,
鳴る,159,,,
堂々,159,,,
ウンザリ,159,,,
老,159,,"""old",,"man"" rou/o-iru/fu-keru"
特権,159,,,
浪費,159,,,
放す,159,,,
放題,159,,,
笑える,159,,,
伯父,159,,,
寄せる,159,,,
もた,159,,,
ヘイリー,159,,,
教訓,159,,,
商人,158,,,
ウェイ,158,,,
細かい,158,,,
振動,158,,,
カム,158,,,
可哀想,158,,,
要素,158,,,
空想,158,,,
洗脳,158,,,
手伝おう,158,,,
押せ,158,,,
東田,158,,,
諸島,158,,,
無くし,158,,,
モアナ,158,,,
サーカス,158,,,
メタトロン,158,,,
寮,158,,dormitory,,ryou
帰国,158,,,
荷造り,158,,,
分ける,158,,,
未亡人,158,,,
照合,158,,,
伺い,158,,,
通,158,,"""pass",,"through"" tsuu/too-ru/too-su/kayo-u"
親指,158,,,
猿橋,157,,,
忙しかっ,157,,,
入国,157,,,
景色,157,,,
貿易,157,,,
痩せ,157,,,
レジェンド,157,,,
ハロウィン,157,,,
見通し,157,,,
脅かす,157,,,
フリー,157,,,
良,157,,good,,ryou/yo-i
旧友,157,,,
柱,157,,pillar,,chuu/hashira
謝ら,157,,,
キツネ,157,,,
迎える,157,,,
宣告,157,,,
乗員,157,,,
嗅ぎ,157,,,
返る,156,,,
聖職,156,,,
デービッド,156,,,
恵み,156,,,
再度,156,,,
一撃,156,,,
格納,156,,,
麗子,156,,,
国連,156,,,
つかめ,156,,,
煙草,156,,,
描く,156,,,
新入り,156,,,
感知,156,,,
ファイン,156,,,
きょう,156,,,
変えよう,156,,,
友子,156,,,
デザート,156,,,
治す,156,,,
曹操,156,,,
上級,156,,,
同胞,156,,,
偽り,156,,,
健太郎,156,,,
美,156,,beauty,,bi/utsuku-shii
金髪,156,,,
つた,156,,,
サンドラ,156,,,
来年,156,,,
舞踏,155,,,
超能力,155,,,
傲慢,155,,,
つながる,155,,,
止まり,155,,,
分子,155,,,
敵対,155,,,
軽蔑,155,,,
超える,155,,,
隷,155,,slave,,rei
被っ,155,,,
売れる,155,,,
駆除,155,,,
外傷,155,,,
裁き,155,,,
光景,155,,,
自爆,155,,,
ダ,155,,,
立証,155,,,
教えよう,155,,,
予期,155,,,
補助,155,,,
上空,155,,,
電,155,,electricity,,den
ヘラクレス,155,,,
スタンド,155,,,
出演,155,,,
枝,155,,branch,,shi/eda
役員,155,,,
ロー,155,,,
フォート,154,,,
任命,154,,,
公衆,154,,,
資源,154,,,
におい,154,,,
一旦,154,,,
ナイツ,154,,,
信者,154,,,
エリー,154,,,
バスルーム,154,,,
始動,154,,,
結ん,154,,,
コレクション,154,,,
フォスター,154,,,
ウェブ,154,,,
解析,154,,,
ゴー,154,,,
耐える,154,,,
襲い,154,,,
シンボル,154,,,
罪人,154,,,
よさ,154,,,
採取,154,,,
残忍,154,,,
ウイスラー,154,,,
パール,154,,,
雇い主,154,,,
輝き,154,,,
辛抱,154,,,
アスガルド,154,,,
水曜,154,,,
マンス,154,,,
共謀,153,,,
ツイ,153,,,
きい,153,,,
弾い,153,,,
スタジオ,153,,,
屈辱,153,,,
ケージ,153,,,
平穏,153,,,
キャッチ,153,,,
操る,153,,,
押収,153,,,
アリシア,153,,,
モリス,153,,,
黒幕,153,,,
大門,153,,,
電磁,153,,,
幕,153,,curtain,,maku/baku
解釈,153,,,
変装,153,,,
解剖,153,,,
オーダー,153,,,
後継,153,,,
まじ,152,,,
ヒューズ,152,,,
カワイイ,152,,,
重ね,152,,,
推定,152,,,
好む,152,,,
隠せ,152,,,
体内,152,,,
控え,152,,,
憧れ,152,,,
引き出し,152,,,
掘っ,152,,,
占領,152,,,
クラウリー,152,,,
你,152,,,
絵画,152,,,
運べ,152,,,
予防,152,,,
構う,152,,,
ラッセル,152,,,
季節,152,,,
恐い,152,,,
ブランド,152,,,
償い,152,,,
オン,152,,,
バーグ,152,,,
ソー,152,,,
ワクワク,152,,,
過ごせ,152,,,
マッサージ,152,,,
トラ,151,,,
所在,151,,,
ボランティア,151,,,
上官,151,,,
絶好,151,,,
行けよ,151,,,
断片,151,,,
寒く,151,,,
ブラシ,151,,,
上陸,151,,,
出力,151,,,
視界,151,,,
フットボール,151,,,
ギャラクティカ,151,,,
結合,151,,,
遠,151,,far,,en/too-i
名案,151,,,
肋骨,151,,,
相互,151,,,
マディ,151,,,
設立,151,,,
ループ,151,,,
絞め,151,,,
クロウ,151,,,
勝ち目,150,,,
ヨット,150,,,
適任,150,,,
及ば,150,,,
外見,150,,,
戦える,150,,,
酷く,150,,,
意義,150,,,
印刷,150,,,
藻,150,,seaweed,,sou/mo
オズ,150,,,
ギャンブル,150,,,
降ろす,150,,,
まじめ,150,,,
モーゼ,150,,,
カン,150,,,
片付ける,150,,,
ウイスキー,150,,,
機体,150,,,
反し,150,,,
シ,150,,,
発展,150,,,
呼ぼう,150,,,
サーシャ,150,,,
エコー,150,,,
圧倒,150,,,
ラジュー,150,,,
メンタ,150,,,
測定,150,,,
ガム,150,,,
勢い,150,,,
過程,150,,,
根性,149,,,
気配,149,,,
何十,149,,,
降ろせ,149,,,
乾い,149,,,
ロラス,149,,,
亡くなり,149,,,
ネ,149,,,
彩,149,,coloring,,sai/irodo-ru
概念,149,,,
送金,149,,,
ダチ,149,,,
紛れ,149,,,
前向き,149,,,
十字,149,,,
青年,149,,,
まさしく,149,,,
優し,149,,,
流,149,,stream,,ryuu/naga-reru/naga-su
隠蔽,149,,,
窮地,149,,,
活躍,149,,,
クローゼット,149,,,
意地悪,149,,,
読書,149,,,
深夜,149,,,
覚ます,149,,,
リハーサル,148,,,
方針,148,,,
シオン,148,,,
土産,148,,,
足ら,148,,,
がな,148,,,
稲妻,148,,,
診察,148,,,
移植,148,,,
ジュディス,148,,,
終われ,148,,,
仲直り,148,,,
稼げる,148,,,
家内,148,,,
傑作,148,,,
オーストラリア,148,,,
アンバー,148,,,
食欲,148,,,
調理,148,,,
落下,148,,,
裂い,148,,,
トラウマ,148,,,
スコッティ,147,,,
アップル,147,,,
共産,147,,,
エイプリル,147,,,
たか,147,,,
屋根裏,147,,,
ボケ,147,,,
居所,147,,,
おなか,147,,,
ダール,147,,,
マイ,147,,,
王座,147,,,
加わっ,147,,,
およそ,147,,,
ナシ,147,,,
ニール,147,,,
赤毛,147,,,
だいじょうぶ,147,,,
ホッパー,147,,,
王家,147,,,
大和田,147,,,
ベガ,147,,,
除去,147,,,
惹か,147,,,
つっ,147,,,
大抵,147,,,
分解,147,,,
浄化,147,,,
カー,147,,,
令,147,,orders,,rei
起こせ,147,,,
モル,147,,,
沿岸,147,,,
浮かぶ,147,,,
也,147,,,
毎,147,,every,,mai
考えれ,147,,,
キース,147,,,
細工,147,,,
去,147,,leave,,kyo/ko/sa-ru
鳴らし,147,,,
分類,146,,,
失業,146,,,
レ,146,,,
加わる,146,,,
脅さ,146,,,
過激,146,,,
短,146,,short,,tan/mijika-i
壺,146,,,
アッ,146,,,
ウォッカ,146,,,
志穂,146,,,
ボンド,146,,,
意,146,,idea,,i
大いに,146,,,
心得,146,,,
護る,146,,,
楽器,146,,,
業界,146,,,
掴め,146,,,
儲け,146,,,
生え,146,,,
アンジー,146,,,
突撃,146,,,
移民,146,,,
オランダ,146,,,
ほんとう,146,,,
ナチス,146,,,
点検,146,,,
無傷,146,,,
デイジー,146,,,
クルーズ,146,,,
決まる,146,,,
ポンプ,146,,,
新品,146,,,
使者,146,,,
仕切っ,145,,,
ローリ,145,,,
ちょい,145,,,
フレディー,145,,,
破産,145,,,
ローレライ,145,,,
手柄,145,,,
デスク,145,,,
一流,145,,,
欠点,145,,,
助かり,145,,,
跳ね,145,,,
到,145,,arrival,,tou
デモ,145,,,
おまけ,145,,,
診療,145,,,
率い,145,,,
ソーン,145,,,
放火,145,,,
迷路,145,,,
ウーン,145,,,
パブ,145,,,
弾頭,145,,,
軒,145,,flats,,ken/noki
出現,145,,,
近道,145,,,
学習,145,,,
へぇ,145,,,
ソロモン,145,,,
飲酒,145,,,
実力,145,,,
妥協,145,,,
働け,145,,,
秋,145,,autumn,,shuu/aki
縛り,144,,,
聴く,144,,,
救援,144,,,
空中,144,,,
余り,144,,,
枕,144,,pillow,,makura
組み合わせ,144,,,
自覚,144,,,
ホームレス,144,,,
バーン,144,,,
酸,144,,acid,,san/su-i
アンダーソン,144,,,
フッ,144,,,
逆らう,144,,,
名付け,144,,,
ヘマ,144,,,
単語,144,,,
血まみれ,144,,,
持ち物,144,,,
牛乳,144,,,
がん,144,,,
処女,144,,,
継承,144,,,
物体,144,,,
チャウ,144,,,
キティ,144,,,
マトボ,144,,,
クライアント,144,,,
ジャマ,144,,,
ラム,144,,,
飛べる,144,,,
詰める,144,,,
おっぱい,144,,,
パネル,143,,,
スパイダーマン,143,,,
かー,143,,,
機長,143,,,
ブラジル,143,,,
謹,143,,discreet,,kin/tsutsushi-mu
憎む,143,,,
側面,143,,,
込もう,143,,,
バンク,143,,,
進入,143,,,
ホーク,143,,,
手榴,143,,,
つけよう,143,,,
老師,143,,,
モイラ,143,,,
ターク,143,,,
あきらめる,143,,,
喋ら,143,,,
楽勝,143,,,
ドロシー,143,,,
居住,143,,,
行儀,143,,,
勇士,143,,,
支局,143,,,
アシスタント,143,,,
解毒,143,,,
人材,143,,,
衛生,143,,,
黙り,143,,,
探索,143,,,
温かい,143,,,
サンド,143,,,
就職,143,,,
ぜんぜん,142,,,
出世,142,,,
さー,142,,,
職人,142,,,
ライフ,142,,,
残骸,142,,,
破棄,142,,,
モール,142,,,
真下,142,,,
一矢,142,,,
倒れる,142,,,
したがっ,142,,,
対戦,142,,,
くださる,142,,,
装填,142,,,
店員,142,,,
傾向,142,,,
亡霊,142,,,
スーパーメガ,142,,,
不倫,142,,,
直,142,,straight,,choku/jiki/tada-chini/nao-su/nao-ru
支払わ,142,,,
イェーガー,142,,,
スコッチ,142,,,
竜巻,142,,,
ローブ,142,,,
指摘,142,,,
吸わ,142,,,
アデリン,142,,,
古く,141,,,
コワルスキー,141,,,
タップ,141,,,
燃やす,141,,,
だまし,141,,,
収入,141,,,
つて,141,,,
づけ,141,,,
ニコール,141,,,
発動,141,,,
トビー,141,,,
感想,141,,,
豊富,141,,,
オーストリア,141,,,
投獄,141,,,
防備,141,,,
生体,141,,,
カラ,141,,,
くらえ,141,,,
豪華,141,,,
要望,141,,,
ラップトップ,141,,,
区別,141,,,
遭っ,141,,,
おびき,141,,,
聴き,141,,,
心拍,141,,,
封じ,141,,,
バケツ,141,,,
十字架,141,,,
断言,141,,,
つぶし,141,,,
ワーム,141,,,
要塞,141,,,
肉食,141,,,
服役,141,,,
霧,141,,fog,,mu/kiri
ジョシュア,141,,,
面白かっ,141,,,
ハッ,141,,,
対決,141,,,
鑑定,141,,,
カーテン,141,,,
閉店,141,,,
ジョセフ,141,,,
和人,140,,,
幻想,140,,,
名声,140,,,
休息,140,,,
嫌がらせ,140,,,
出頭,140,,,
伴う,140,,,
酒場,140,,,
目当て,140,,,
徹夜,140,,,
頑張り,140,,,
栄誉,140,,,
シフト,140,,,
アームストロング,140,,,
解体,140,,,
バッチリ,140,,,
コネ,140,,,
そら,140,,,
封筒,140,,,
ベイマックス,140,,,
ちっとも,140,,,
国外,140,,,
城壁,140,,,
独占,140,,,
ホラ,140,,,
祐司,140,,,
ロキ,140,,,
隊員,140,,,
夕飯,140,,,
欲,140,,longing,,yoku/ho'-suru/ho-shii
粉々,140,,,
すごかっ,139,,,
アンソニー,139,,,
タッカー,139,,,
効率,139,,,
対面,139,,,
塗り,139,,,
繊維,139,,,
結ば,139,,,
王位,139,,,
ユーモア,139,,,
食物,139,,,
滅ぼす,139,,,
ライバル,139,,,
いまいましい,139,,,
却下,139,,,
グリフィン,139,,,
長者,139,,,
格闘,139,,,
カスパー,139,,,
隠れろ,139,,,
地雷,139,,,
シークレット,139,,,
反省,139,,,
やおや,139,,,
エイドリアン,139,,,
やすく,139,,,
ロサンゼルス,139,,,
看板,139,,,
確証,139,,,
逃れる,139,,,
農家,139,,,
サイラス,139,,,
ゲラー,139,,,
アポロ,139,,,
仕打ち,138,,,
クルーガー,138,,,
重罪,138,,,
其処,138,,,
親密,138,,,
だまれ,138,,,
眠れる,138,,,
覚ませ,138,,,
服従,138,,,
食品,138,,,
企み,138,,,
コリン,138,,,
頼め,138,,,
投稿,138,,,
わぁ,138,,,
巧,138,,adroit,,kou/taku-mi
グリッド,138,,,
流れる,138,,,
ソル,138,,,
ヒマ,138,,,
手品,138,,,
魔物,138,,,
サマリタン,138,,,
アンドリア,138,,,
災害,138,,,
あふれ,138,,,
プレッシャー,138,,,
同期,138,,,
容器,138,,,
カレブ,138,,,
訴える,138,,,
カプセル,138,,,
マニー,138,,,
プロトコル,138,,,
ギブス,138,,,
募集,138,,,
使おう,137,,,
っきり,137,,,
収監,137,,,
余,137,,"""leave",,"over"" yo/ama-ru/ama-su"
屁,137,,,
陰,137,,shade,,in/kage/kage-ru
間に合っ,137,,,
無能,137,,,
定義,137,,,
顔色,137,,,
ずっ,137,,,
吐き気,137,,,
グレー,137,,,
見せよう,137,,,
体調,137,,,
カトリック,137,,,
仇,137,,,
若かっ,137,,,
教官,137,,,
マーテル,137,,,
仮面,137,,,
継が,137,,,
ジュリー,137,,,
ウォーキング,137,,,
パトカー,137,,,
メーカー,137,,,
リーチャー,137,,,
着せ,137,,,
マティソン,137,,,
だって,137,,,
ったく,137,,,
バンクス,136,,,
サヨナラ,136,,,
途絶え,136,,,
法則,136,,,
牧場,136,,,
平均,136,,,
改良,136,,,
安置,136,,,
ビビっ,136,,,
ニンジン,136,,,
調べよう,136,,,
ホッジンズ,136,,,
フロイド,136,,,
合える,136,,,
マント,136,,,
ソーニャ,136,,,
縛っ,136,,,
メイスター,136,,,
ジュマ,136,,,
冒し,136,,,
長生き,136,,,
冷たく,136,,,
漫画,136,,,
モリアティー,136,,,
夕方,136,,,
措置,136,,,
続行,136,,,
後部,136,,,
思想,136,,,
復元,136,,,
独特,136,,,
回せ,136,,,
勲章,136,,,
ユージーン,136,,,
ＩＤ,136,,,
近づき,136,,,
おごり,135,,,
湯,135,,"""hot",,"water"" tou/yu"
向かわ,135,,,
マージェリー,135,,,
教団,135,,,
ステファン,135,,,
会長,135,,,
演じる,135,,,
大陸,135,,,
フロント,135,,,
プリンス,135,,,
グレアム,135,,,
基礎,135,,,
閉じる,135,,,
元帥,135,,,
方角,135,,,
平凡,135,,,
名乗り,135,,,
リハビリ,135,,,
トマト,135,,,
エイブ,135,,,
講義,135,,,
組め,135,,,
目立つ,135,,,
監獄,135,,,
覚える,135,,,
ＣＩＡ,135,,,
招き,135,,,
遺言,135,,,
船員,135,,,
人民,135,,,
めまい,135,,,
重さ,135,,,
エラ,135,,,
祖先,135,,,
アロン,135,,,
ヴァルカン,135,,,
のど,135,,,
エナジェム,135,,,
仕事場,135,,,
悲しん,134,,,
象,134,,elephant,,shou/zou
栄養,134,,,
だまさ,134,,,
Ｆ,134,,,
揺れ,134,,,
発つ,134,,,
負担,134,,,
夕,134,,evening,,seki/yuu
勘,134,,intuition,,kan
フフッ,134,,,
味わっ,134,,,
スケジュール,134,,,
幻,134,,phantasm,,gen/maboroshi
プライス,134,,,
トラベル,134,,,
退,134,,retreat,,tai/shirizo-ku/shirizo-keru
テス,134,,,
てっきり,134,,,
星系,134,,,
囚われ,134,,,
ベッカ,134,,,
まわり,134,,,
テクノロジー,134,,,
財務,134,,,
小鳥,134,,,
ストーリー,134,,,
放出,134,,,
ターガリアン,134,,,
長期,134,,,
もともと,134,,,
毛皮,134,,,
晒さ,134,,,
着用,134,,,
団長,134,,,
マイナス,134,,,
もつ,134,,,
ルーサー,134,,,
急ごう,134,,,
子息,134,,,
真っ直ぐ,133,,,
縄,133,,"""straw",,"rope"" jou/nawa"
とうとう,133,,,
マ,133,,,
エレナ,133,,,
眼鏡,133,,,
破損,133,,,
倒さ,133,,,
延びる,133,,,
イケメン,133,,,
池,133,,pond,,chi/ike
バナナ,133,,,
シャープ,133,,,
ワル,133,,,
倒せる,133,,,
分かち,133,,,
ケノービ,133,,,
ニモ,133,,,
シェルター,133,,,
倫理,133,,,
撤回,133,,,
泳ぎ,133,,,
視聴,133,,,
うる,133,,,
臨時,133,,,
ポニー,133,,,
カーリー,133,,,
足止め,133,,,
スイート,133,,,
直さ,133,,,
写っ,133,,,
隅,133,,corner,,guu/sumi
不死身,133,,,
勝,133,,win,,shou/ka-tsu/masa-ru
サミー,133,,,
古典,133,,,
啊,133,,,
はーい,133,,,
重荷,133,,,
子孫,133,,,
偉い,132,,,
持ち場,132,,,
バット,132,,,
本音,132,,,
マリ,132,,,
とんだ,132,,,
策略,132,,,
ロビンソン,132,,,
ユーロ,132,,,
ファラ,132,,,
エンジェル,132,,,
泳ぐ,132,,,
さぞ,132,,,
定期,132,,,
一連,132,,,
超人,132,,,
フロア,132,,,
暑,132,,hot,,sho/atsu-i
探査,132,,,
ブレナー,132,,,
冷え,132,,,
方々,132,,,
レモン,132,,,
クスリ,132,,,
悪意,132,,,
フォーエバー,132,,,
褒美,132,,,
チャド,132,,,
液,132,,fluid,,eki
ドーナツ,132,,,
ゴンドール,132,,,
閉じろ,132,,,
買い手,132,,,
照らし,132,,,
ペニス,132,,,
棺,132,,coffin,,kan
エリート,132,,,
薄い,132,,,
沈む,132,,,
ジェス,132,,,
うわぁ,132,,,
整備,132,,,
ランプ,132,,,
リディア,132,,,
くださっ,132,,,
スーキー,132,,,
上海,132,,,
詮索,132,,,
モルヒネ,131,,,
模倣,131,,,
モス,131,,,
社交,131,,,
ゴム,131,,,
捜せ,131,,,
指図,131,,,
財宝,131,,,
命中,131,,,
捕まら,131,,,
コーラ,131,,,
ジェン,131,,,
通れ,131,,,
Ｑ,131,,,
視,131,,"""look",,"at"" shi"
血管,131,,,
メルリン,131,,,
ク,131,,,
ドック,131,,,
決勝,131,,,
争う,131,,,
コツ,131,,,
向く,131,,,
ダンカン,131,,,
アート,131,,,
疫病,131,,,
薬品,131,,,
対立,131,,,
オブ,131,,,
売却,131,,,
天皇,131,,,
学者,131,,,
フロビシャー,131,,,
藝,131,,,
手入れ,131,,,
独自,131,,,
手当,130,,,
ハット,130,,,
ビルボ,130,,,
まー,130,,,
工事,130,,,
至る,130,,,
偉,130,,admirable,,i/era-i
目立た,130,,,
お巡り,130,,,
名刺,130,,,
聞ける,130,,,
壮大,130,,,
デヴィッド,130,,,
脅す,130,,,
株式,130,,,
シス,130,,,
次々,130,,,
聖杯,130,,,
リコ,130,,,
パリッシュ,130,,,
田鶴,130,,,
ひょっと,130,,,
スワン,130,,,
ピアス,130,,,
セキュリティー,130,,,
かた,130,,,
靴下,130,,,
寺院,130,,,
ステファニー,130,,,
ペース,130,,,
ソーセージ,130,,,
下ろす,130,,,
手当て,130,,,
ソード,130,,,
丈,130,,length,,jou/take
抑える,130,,,
決闘,130,,,
帯,130,,sash,,tai/o-biru/obi
新婚,130,,,
マーヴィン,130,,,
撮り,130,,,
からー,129,,,
虎,129,,tiger,,ko/tora
全面,129,,,
寄生,129,,,
さらし,129,,,
及ぶ,129,,,
行進,129,,,
レスリー,129,,,
セラピスト,129,,,
早速,129,,,
デボ,129,,,
れよう,129,,,
兵団,129,,,
ウィンチェスター,129,,,
専攻,129,,,
デイリー,129,,,
理,129,,reason,,ri
爆薬,129,,,
本題,129,,,
マチェーテ,129,,,
始めろ,129,,,
先輩,129,,,
ダンバース,129,,,
ウソつき,129,,,
ＮＹ,129,,,
セス,129,,,
アーリーズウェル,129,,,
ジア,129,,,
生き残り,129,,,
冊,129,,"""counter",,"for books"" satsu/saku"
獅子,129,,,
繰り返し,129,,,
アルフレッド,129,,,
指定,129,,,
メーデー,129,,,
負う,128,,,
クリーン,128,,,
スーツケース,128,,,
進める,128,,,
役人,128,,,
茜,128,,,
人手,128,,,
さらっ,128,,,
殺戮,128,,,
アミン,128,,,
ホーン,128,,,
預言,128,,,
スリー,128,,,
風船,128,,,
とうさん,128,,,
っぽく,128,,,
拝見,128,,,
番人,128,,,
上品,128,,,
紫,128,,purple,,shi/murasaki
太平洋,128,,,
学園,128,,,
招集,128,,,
盗っ,128,,,
スキル,128,,,
あの世,128,,,
まぬけ,128,,,
牢,128,,,
左手,128,,,
ジプシー,128,,,
ゼウス,128,,,
同性,128,,,
別荘,128,,,
強要,128,,,
本番,128,,,
領土,128,,,
む,128,,,
酔っ払い,127,,,
経由,127,,,
給え,127,,,
若干,127,,,
明信,127,,,
ミ,127,,,
一目,127,,,
てか,127,,,
協会,127,,,
自首,127,,,
チャンプ,127,,,
エバ,127,,,
北側,127,,,
マイクロ,127,,,
ジョシュ,127,,,
シリア,127,,,
近,127,,near,,kin/chika-i
しくじっ,127,,,
恥ずかし,127,,,
ホース,127,,,
共感,127,,,
かなっ,127,,,
釘,127,,,
移っ,127,,,
移し,127,,,
敷地,127,,,
有力,127,,,
要員,127,,,
ぱらっ,127,,,
引用,127,,,
学長,127,,,
エイブリー,127,,,
ばかげ,127,,,
什么,127,,,
扱わ,127,,,
ビーコン,127,,,
援軍,127,,,
来れる,127,,,
ジョーカー,127,,,
さし,127,,,
吹い,127,,,
かけよう,127,,,
ム,127,,,
丁寧,127,,,
フォーク,127,,,
戯言,126,,,
黄色い,126,,,
学ば,126,,,
ディーラー,126,,,
逃がさ,126,,,
混ぜ,126,,,
生じ,126,,,
依然,126,,,
裏庭,126,,,
執着,126,,,
カメ,126,,,
ウィスキー,126,,,
夜間,126,,,
度胸,126,,,
トレイ,126,,,
サミュエル,126,,,
サマー,126,,,
台湾,126,,,
フェラーリ,126,,,
産まれ,126,,,
仕組ん,126,,,
総,126,,whole,,sou
ばー,126,,,
オブライエン,126,,,
積極,126,,,
極端,126,,,
暴走,126,,,
嬉しく,126,,,
ジーザス,126,,,
ピーク,126,,,
規定,126,,,
清掃,126,,,
政策,126,,,
舐め,126,,,
安らぎ,125,,,
スプレー,125,,,
ついで,125,,,
分け前,125,,,
造る,125,,,
失格,125,,,
大衆,125,,,
想い,125,,,
頼っ,125,,,
コブラ,125,,,
アムステルダム,125,,,
迷い,125,,,
いわゆる,125,,,
中東,125,,,
あくまで,125,,,
出勤,125,,,
ミリ,125,,,
レン,125,,,
デネリス,125,,,
告ぐ,125,,,
イザベル,125,,,
こよう,125,,,
ウェイトレス,125,,,
好物,125,,,
掛かり,125,,,
かん,125,,,
小型,125,,,
つまん,125,,,
デイ,125,,,
える,125,,,
ビザ,125,,,
球,125,,sphere,,kyuu/tama
廉,125,,bargain,,ren
同居,125,,,
大半,125,,,
ベール,125,,,
ゲット,125,,,
マイキー,124,,,
ひ,124,,,
家出,124,,,
ペルシャ,124,,,
どいつ,124,,,
原始,124,,,
ポスト,124,,,
楽園,124,,,
原,124,,field,,gen/hara
たがら,124,,,
危うく,124,,,
陽,124,,sunshine,,you
器用,124,,,
アロー,124,,,
路上,124,,,
日焼け,124,,,
役所,124,,,
吐か,124,,,
身近,124,,,
グレート,124,,,
シャーマン,124,,,
余分,124,,,
ラスベガス,124,,,
ハッカニ,124,,,
フスコ,124,,,
すっ,124,,,
たて,124,,,
要り,124,,,
転ん,124,,,
目指す,124,,,
難民,124,,,
発行,124,,,
所長,124,,,
献身,124,,,
少数,124,,,
村田,124,,,
終っ,124,,,
平等,124,,,
さがれ,124,,,
ソフトウェア,124,,,
演出,124,,,
目覚める,124,,,
ルディ,124,,,
打撃,124,,,
注入,124,,,
なお,124,,,
潜伏,124,,,
ロッキー,124,,,
奨学,123,,,
恐ろしく,123,,,
入隊,123,,,
響き,123,,,
弾切れ,123,,,
被験,123,,,
推進,123,,,
破裂,123,,,
徹信,123,,,
エンド,123,,,
最小,123,,,
覆わ,123,,,
ダム,123,,,
授け,123,,,
よそ者,123,,,
手先,123,,,
押さえろ,123,,,
終身,123,,,
台本,123,,,
スクリーン,123,,,
腎臓,123,,,
寝れ,123,,,
リビング,123,,,
万が一,123,,,
早急,123,,,
実習,123,,,
プロポーズ,123,,,
静寂,123,,,
忘れ物,123,,,
ダンブルドア,123,,,
さらわ,123,,,
ニュージャージー,122,,,
火傷,122,,,
反射,122,,,
金塊,122,,,
まね,122,,,
祝っ,122,,,
受賞,122,,,
和平,122,,,
トルコ,122,,,
牢屋,122,,,
カットニス,122,,,
躊躇,122,,,
気違い,122,,,
贅沢,122,,,
押さ,122,,,
流行,122,,,
まだか,122,,,
愛国,122,,,
ダラス,122,,,
ごきげんよう,122,,,
美波,122,,,
隠そう,122,,,
ジャッキー,122,,,
回れ,122,,,
ジンジャー,122,,,
エバンス,122,,,
あァ,122,,,
オマール,122,,,
モルドール,122,,,
ひとみ,122,,,
北西,122,,,
看,122,,"""watch",,"over"" kan"
進軍,122,,,
加地,122,,,
該当,122,,,
ハーヴィー,122,,,
新蔵,122,,,
楽しめる,122,,,
隙,122,,fissure,,geki/suki
疑惑,121,,,
虹,121,,rainbow,,niji
チャージ,121,,,
結晶,121,,,
拭い,121,,,
ディグル,121,,,
演習,121,,,
衛兵,121,,,
誓約,121,,,
フン,121,,,
シンジケート,121,,,
裂か,121,,,
工,121,,craft,,kou/ku
おとぎ話,121,,,
大型,121,,,
ヤン,121,,,
見出し,121,,,
セリブ,121,,,
浜辺,121,,,
残虐,121,,,
見舞い,121,,,
カルト,121,,,
云う,121,,,
パーセント,121,,,
文章,121,,,
鳴り,121,,,
サルティ,121,,,
ダッシュ,121,,,
ブルーム,121,,,
ジョディ,121,,,
癒し,121,,,
ｋ,121,,,
叶え,121,,,
ふれ,121,,,
アーノルド,121,,,
アデル,121,,,
微,121,,delicate,,bi
アクション,121,,,
ほしかっ,120,,,
させよう,120,,,
脂肪,120,,,
住まい,120,,,
家畜,120,,,
感傷,120,,,
ウルトラ,120,,,
トレッド,120,,,
引か,120,,,
トレーラー,120,,,
片づけ,120,,,
果物,120,,,
妖怪,120,,,
アンドレ,120,,,
浅野,120,,,
宿命,120,,,
きつく,120,,,
アメリア,120,,,
振る,120,,,
ミンディ,120,,,
奪還,120,,,
加害,120,,,
スメアゴル,120,,,
バレエ,120,,,
焼く,120,,,
じゅう,120,,,
アメリカン,120,,,
ヒル,120,,,
動力,120,,,
打ち合わせ,120,,,
アリゾナ,120,,,
レインボー,120,,,
おたく,120,,,
通行,120,,,
気晴らし,120,,,
給油,120,,,
常務,120,,,
パンダ,120,,,
直そう,120,,,
火薬,120,,,
恵まれ,120,,,
操っ,120,,,
オハイオ,120,,,
タイタス,120,,,
ヤっ,120,,,
待とう,120,,,
反論,120,,,
伸び,119,,,
凍結,119,,,
べく,119,,,
名乗っ,119,,,
パイク,119,,,
続か,119,,,
功績,119,,,
禁じ,119,,,
ウェブサイト,119,,,
シェパード,119,,,
ウェスト,119,,,
嬉しかっ,119,,,
樽,119,,,
乱し,119,,,
伍長,119,,,
トゥギャザー,119,,,
パット,119,,,
止血,119,,,
防護,119,,,
シリーズ,119,,,
恐,119,,fear,,kyou/oso-reru/oso-roshii
陸,119,,land,,riku
しら,119,,,
誌,119,,document,,shi
打て,119,,,
マイルズ,119,,,
違え,119,,,
スティック,119,,,
有機,119,,,
ロール,119,,,
視線,119,,,
淑女,119,,,
洋服,119,,,
元々,119,,,
ゃ,119,,,
仕様,119,,,
私立,119,,,
留まっ,119,,,
仔,119,,,
ミーティング,119,,,
今更,119,,,
家系,119,,,
帳,119,,"""account",,"book"" chou"
気取り,118,,,
ィ,118,,,
がた,118,,,
縄張り,118,,,
バーベキュー,118,,,
ホットドッグ,118,,,
延長,118,,,
可愛,118,,,
告げる,118,,,
ゆえ,118,,,
ドリュー,118,,,
クジラ,118,,,
備後,118,,,
裂く,118,,,
記入,118,,,
ガーディアン,118,,,
ペテン,118,,,
サウロン,118,,,
知人,118,,,
とう,118,,,
ラング,118,,,
開催,118,,,
許,118,,permit,,kyo/yuru-su
荒れ,118,,,
南側,118,,,
グレグソン,118,,,
ワナ,118,,,
以,118,,"""by",,"means of"" i"
ワトニー,118,,,
岸,118,,beach,,gan/kishi
小銭,118,,,
手放す,118,,,
王都,118,,,
ＴＶ,118,,,
踊ろう,118,,,
ジャニス,118,,,
苦悩,118,,,
故意,118,,,
居れ,118,,,
ジュリアナ,118,,,
天候,118,,,
自得,118,,,
閉める,118,,,
顧問,118,,,
接し,118,,,
治癒,118,,,
アルゴリズム,118,,,
タトゥ,118,,,
内密,118,,,
飾っ,118,,,
指し,118,,,
ヒューゴ,118,,,
札,117,,tag,,satsu/fuda
アーニー,117,,,
僅か,117,,,
アナベル,117,,,
覗い,117,,,
捕らえる,117,,,
侵害,117,,,
ジョーイ,117,,,
れん,117,,,
カスティエル,117,,,
コンドーム,117,,,
抗,117,,confront,,kou
とどめ,117,,,
甲板,117,,,
客人,117,,,
招く,117,,,
生む,117,,,
願望,117,,,
人違い,117,,,
盗品,117,,,
整え,117,,,
自業,117,,,
物音,117,,,
ｃｍ,117,,,
本性,117,,,
こたえ,117,,,
ピアース,117,,,
エアロック,117,,,
落書き,117,,,
テンソウ,117,,,
ホップス,117,,,
離脱,117,,,
経緯,117,,,
挙げろ,117,,,
ごっこ,117,,,
頭脳,117,,,
農民,117,,,
災難,117,,,
ブルクハルト,117,,,
出航,117,,,
操り,116,,,
理屈,116,,,
広がる,116,,,
ニーナ,116,,,
半径,116,,,
保っ,116,,,
無数,116,,,
のめし,116,,,
成年,116,,,
ガイド,116,,,
安く,116,,,
きか,116,,,
狩猟,116,,,
パドメ,116,,,
留置,116,,,
拾い,116,,,
バイオ,116,,,
乗務,116,,,
規制,116,,,
早かっ,116,,,
包帯,116,,,
エビ,116,,,
レジ,116,,,
タリー,116,,,
ソウ,116,,,
老いぼれ,116,,,
射,116,,shoot,,sha/i-ru
菫,116,,,
チンピラ,116,,,
満たし,116,,,
往生,116,,,
マネー,116,,,
名字,116,,,
消耗,116,,,
悲しく,116,,,
分別,116,,,
けどー,116,,,
刻印,116,,,
撃墜,116,,,
名義,116,,,
よろしけれ,116,,,
ジーナ,115,,,
フィッシャー,115,,,
頼める,115,,,
ローレン,115,,,
下げろ,115,,,
ウィーン,115,,,
手放し,115,,,
王族,115,,,
ドロレス,115,,,
八,115,,eight,,hachi/ya/ya-tsu/ya'-tsu
直っ,115,,,
交流,115,,,
創り,115,,,
発揮,115,,,
なるべく,115,,,
おしっこ,115,,,
みゆき,115,,,
欲求,115,,,
ミセス,115,,,
すこし,115,,,
悪口,115,,,
送ろう,115,,,
ヤクザ,115,,,
物件,115,,,
アーチー,115,,,
艇,115,,rowboat,,tei
万全,115,,,
フェニックス,115,,,
余市,115,,,
坊,115,,boy,,bou
うま,115,,,
ゴールデン,115,,,
かく,115,,,
制圧,115,,,
通せ,115,,,
若き,115,,,
スポット,115,,,
おびえ,115,,,
アルマ,115,,,
漁師,115,,,
残れる,115,,,
主役,115,,,
潰さ,115,,,
フライ,114,,,
タ,114,,,
ザンダー,114,,,
スローン,114,,,
われ,114,,,
ワイリー,114,,,
タッチ,114,,,
死ねる,114,,,
ブローカー,114,,,
プレー,114,,,
逃さ,114,,,
尽きる,114,,,
君主,114,,,
クリスチャン,114,,,
ビンゴ,114,,,
操ら,114,,,
時速,114,,,
ほ,114,,,
凍っ,114,,,
広く,114,,,
やっかい,114,,,
パンケーキ,114,,,
エイブラハム,114,,,
親衛,114,,,
インク,114,,,
ミッキー,114,,,
みたく,114,,,
バーコフ,114,,,
言及,114,,,
試作,114,,,
デッカー,114,,,
佐久間,114,,,
梶,114,,,
パンク,114,,,
寂し,114,,,
ダウンタウン,114,,,
ヴァリス,114,,,
検知,114,,,
遅かれ,114,,,
カウンター,114,,,
近づける,114,,,
実家,114,,,
洗う,114,,,
マンディ,114,,,
バリケード,114,,,
ベガス,114,,,
威力,114,,,
西部,114,,,
固い,114,,,
没収,114,,,
アルビン,113,,,
掴まっ,113,,,
スプリーム,113,,,
オ,113,,,
カクテル,113,,,
舞い,113,,,
おやじ,113,,,
のー,113,,,
回答,113,,,
一刻,113,,,
ムカつく,113,,,
分裂,113,,,
壊せ,113,,,
タイムズ,113,,,
おごる,113,,,
スペンサー,113,,,
イタズラ,113,,,
引っ越す,113,,,
消費,113,,,
弁当,113,,,
ゴーヤ,113,,,
ハンス,113,,,
てぇ,113,,,
気づき,113,,,
傾け,113,,,
中学,113,,,
形成,113,,,
ブーン,113,,,
チャット,113,,,
毒殺,113,,,
ニキ,113,,,
片付い,113,,,
バーナード,113,,,
バード,113,,,
無害,113,,,
逃げ道,113,,,
飲める,113,,,
巧妙,113,,,
小隊,113,,,
活性,113,,,
日の出,113,,,
車輪,113,,,
カンフー,113,,,
けー,113,,,
先ほど,113,,,
ヵヾ,113,,,
磨い,113,,,
繋げ,113,,,
いただける,113,,,
採掘,112,,,
カイン,112,,,
クラッシュ,112,,,
噛む,112,,,
無知,112,,,
アカウント,112,,,
キツイ,112,,,
検問,112,,,
狩,112,,hunt,,shu/ka-ru/ka-ri
評決,112,,,
くつろい,112,,,
乗れる,112,,,
ヘイデン,112,,,
オールド,112,,,
滅多,112,,,
権威,112,,,
言い分,112,,,
道化,112,,,
潔白,112,,,
バージョン,112,,,
コロラド,112,,,
確定,112,,,
みどり,112,,,
バーネット,112,,,
シミュレーション,112,,,
スマート,112,,,
基,112,,foundation,,ki/moto/motoi
製作,112,,,
イエロー,112,,,
すむ,112,,,
イス,112,,,
まみれ,112,,,
つかむ,112,,,
あがっ,112,,,
盗もう,112,,,
恥じ,112,,,
テンプル,112,,,
手伝える,112,,,
密か,112,,,
サター,112,,,
宜しく,112,,,
称賛,112,,,
トレット,112,,,
カリーシ,112,,,
従兄弟,112,,,
デトロイト,112,,,
伝えよう,112,,,
デクスタ,112,,,
膨大,112,,,
早かれ,112,,,
山田,112,,,
こんばんわ,112,,,
房,112,,tassel,,bou/fusa
ケチ,111,,,
配備,111,,,
キーン,111,,,
食糧,111,,,
介入,111,,,
狩る,111,,,
抽出,111,,,
ジョエル,111,,,
エリソン,111,,,
人体,111,,,
あわせ,111,,,
あいにく,111,,,
移る,111,,,
従者,111,,,
激怒,111,,,
業者,111,,,
七面鳥,111,,,
配線,111,,,
傷口,111,,,
重く,111,,,
不滅,111,,,
そろっ,111,,,
可笑しい,111,,,
ウィンストン,111,,,
上げよう,111,,,
遠ざけ,111,,,
滑っ,111,,,
キレ,111,,,
掴む,111,,,
適し,111,,,
除け,111,,,
除外,111,,,
のんびり,111,,,
賄賂,111,,,
案件,111,,,
いやー,111,,,
シュミット,111,,,
困惑,111,,,
当てる,111,,,
出張,111,,,
いらし,111,,,
妥当,111,,,
年金,111,,,
ピエロ,111,,,
シグナル,111,,,
ｵﾘｳﾞｨｴ,111,,,
ずーっと,111,,,
バカバカしい,111,,,
暖炉,111,,,
かっこ,111,,,
やろ,111,,,
ダイアン,111,,,
来月,111,,,
スピーカー,110,,,
刺さっ,110,,,
繁栄,110,,,
ショットガン,110,,,
居心地,110,,,
ショート,110,,,
シッター,110,,,
冒涜,110,,,
意地,110,,,
ウィンター,110,,,
性交,110,,,
デズモンド,110,,,
痛かっ,110,,,
退去,110,,,
雇い,110,,,
なめ,110,,,
パレード,110,,,
発音,110,,,
頭部,110,,,
なぞ,110,,,
フィリップス,110,,,
試さ,110,,,
捕捉,110,,,
クリスティーナ,110,,,
画,110,,tableau,,ga/kaku
用語,110,,,
クローバー,110,,,
アラーム,110,,,
里親,110,,,
アプリ,110,,,
イカし,110,,,
アヒル,110,,,
サイコ,110,,,
帰す,110,,,
トレーナー,110,,,
傘,110,,umbrella,,san/kasa
情け,110,,,
陣,110,,camp,,jin
呼べる,110,,,
ニュートン,110,,,
ぐ,110,,,
炭素,110,,,
祝う,110,,,
ハウンド,110,,,
研修,110,,,
ハーシェル,110,,,
きさま,110,,,
上がら,110,,,
任さ,110,,,
ラブ,110,,,
レナード,110,,,
困り,110,,,
アイ,110,,,
浴びる,110,,,
ランジェリー,110,,,
ペンキ,109,,,
情,109,,feelings,,jou/nasa-ke
ミシェル,109,,,
向上,109,,,
オードリー,109,,,
誠,109,,sincerity,,sei/makoto
手前,109,,,
巡回,109,,,
ベレンソン,109,,,
アトランタ,109,,,
腰抜け,109,,,
腸,109,,intestines,,chou
灯り,109,,,
アバドン,109,,,
忙し,109,,,
ミカサ,109,,,
未熟,109,,,
アルカディア,109,,,
ズートピア,109,,,
乾燥,109,,,
派閥,109,,,
過小,109,,,
未遂,109,,,
取り分,109,,,
体育,109,,,
隠密,109,,,
探る,109,,,
如何,109,,,
口実,109,,,
ズル,109,,,
丁,109,,ward,,chou/tei
集めろ,109,,,
個性,109,,,
不潔,109,,,
西側,109,,,
正に,109,,,
稀,109,,,
国務,109,,,
ふっ,109,,,
一線,109,,,
ディレクター,109,,,
病人,109,,,
惨事,109,,,
彫刻,109,,,
エヴァン,109,,,
奪え,109,,,
ファミリー,109,,,
好調,109,,,
仕留め,109,,,
イェーイ,108,,,
兵力,108,,,
盗ら,108,,,
コンサート,108,,,
プロファイル,108,,,
広報,108,,,
汚す,108,,,
感激,108,,,
悩ま,108,,,
Ｊ,108,,,
単位,108,,,
アダムス,108,,,
保留,108,,,
潜ん,108,,,
鳴き声,108,,,
制作,108,,,
レイダー,108,,,
骨董,108,,,
パーツ,108,,,
体温,108,,,
スパロウ,108,,,
通ら,108,,,
没,108,,drown,,botsu
ツー,108,,,
西村,108,,,
ハァ,108,,,
赤く,108,,,
洪水,108,,,
交戦,108,,,
代金,108,,,
曖昧,108,,,
寝かせ,108,,,
スカーフ,108,,,
ルッソ,108,,,
惜しい,108,,,
親子,108,,,
グロリア,108,,,
チューイー,108,,,
治安,108,,,
節,108,,node,,setsu/fushi
抹消,108,,,
ホープ,108,,,
悪霊,108,,,
休日,108,,,
こないだ,108,,,
裂け,108,,,
病棟,108,,,
正午,108,,,
鋼鉄,108,,,
抱か,107,,,
マーガレット,107,,,
ボディ,107,,,
変換,107,,,
児童,107,,,
とまれ,107,,,
タイトル,107,,,
不可欠,107,,,
割ら,107,,,
ジェラルド,107,,,
満たす,107,,,
スールー,107,,,
まとめる,107,,,
汚さ,107,,,
整っ,107,,,
溝,107,,gutter,,kou/mizo
晒す,107,,,
急行,107,,,
ヘレナ,107,,,
狂信,107,,,
プロセス,107,,,
うろつい,107,,,
マリコ,107,,,
追悼,107,,,
小娘,107,,,
インチキ,107,,,
帳簿,107,,,
下げる,107,,,
一人ぼっち,107,,,
さらす,107,,,
リムジン,107,,,
ダンハム,107,,,
アストラ,107,,,
ストッダード,107,,,
減少,107,,,
グレーズ,107,,,
手本,107,,,
ケリ,107,,,
観念,107,,,
足首,107,,,
ロナルド,107,,,
切除,107,,,
産,107,,"""give",,"birth"" san/u-mu/u-mareru/ubu"
喰らえ,107,,,
即,107,,instant,,soku
陥っ,107,,,
プラグ,107,,,
ナポレオン,107,,,
人事,107,,,
増し,107,,,
混沌,107,,,
ホー,107,,,
トカゲ,106,,,
トランプ,106,,,
ハンバーガー,106,,,
口出し,106,,,
最上,106,,,
復旧,106,,,
帆,106,,sail,,han/ho
キラー,106,,,
宛,106,,allocate,,a-teru
なあに,106,,,
ゴジラ,106,,,
コンテスト,106,,,
悲しむ,106,,,
蘇っ,106,,,
繁殖,106,,,
気温,106,,,
気まぐれ,106,,,
結ぶ,106,,,
久美子,106,,,
貫通,106,,,
ヘス,106,,,
サトル,106,,,
アベル,106,,,
長かっ,106,,,
巻い,106,,,
長居,106,,,
片手,106,,,
視覚,106,,,
スタイン,106,,,
しん,106,,,
殻,106,,husk,,kaku/kara
下品,106,,,
創っ,106,,,
洗礼,106,,,
脱ぐ,106,,,
適合,106,,,
スタンプ,106,,,
相違,106,,,
伝達,106,,,
懇願,106,,,
グレトゲン,106,,,
餓死,106,,,
スポンサー,106,,,
フォルカー,106,,,
フット,106,,,
刻ん,106,,,
別名,106,,,
おっしゃる,106,,,
画家,106,,,
ライダー,106,,,
仕方なかっ,106,,,
停車,105,,,
空き,105,,,
視点,105,,,
インターン,105,,,
インターポール,105,,,
蝶,105,,,
会員,105,,,
パム,105,,,
観測,105,,,
ブレンダ,105,,,
パナマ,105,,,
繊細,105,,,
戦死,105,,,
ヴァイオレット,105,,,
或いは,105,,,
パラシュート,105,,,
ペラント,105,,,
憑か,105,,,
下さ,105,,,
向か,105,,,
曲げ,105,,,
南西,105,,,
くさい,105,,,
いったん,105,,,
わー,105,,,
米軍,105,,,
ビタミン,105,,,
箋,105,,paper,,sen
薪,105,,fuel,,shin/takigi
ビジネスマン,105,,,
辛かっ,105,,,
黙秘,105,,,
強かっ,105,,,
察し,105,,,
カウンセラー,105,,,
集結,105,,,
増やし,105,,,
パジャマ,105,,,
ノース,105,,,
ユキ,105,,,
撮れ,105,,,
順,105,,obey,,jun
ベルギー,105,,,
スージー,105,,,
ゲイレン,105,,,
装飾,105,,,
返答,105,,,
決めろ,105,,,
コステロ,105,,,
ハーブ,105,,,
騒い,104,,,
笑,104,,laugh,,shou/wara-u/e-mu
ｇ,104,,,
検証,104,,,
オリーブ,104,,,
押さえる,104,,,
適用,104,,,
セルフ,104,,,
闘技,104,,,
劇的,104,,,
点け,104,,,
仰せ,104,,,
ふた,104,,,
薬局,104,,,
一味,104,,,
見つけれ,104,,,
セカンド,104,,,
建造,104,,,
ツリー,104,,,
バギンズ,104,,,
こずえ,104,,,
コミュニティ,104,,,
バーガー,104,,,
行き止まり,104,,,
そりゃあ,104,,,
老い,104,,,
マホーン,104,,,
ミサ,104,,,
連隊,104,,,
騙す,104,,,
鐘,104,,bell,,shou/kane
董,104,,,
典型,104,,,
マシューズ,104,,,
ユー,104,,,
てりゃ,104,,,
ミック,104,,,
支部,104,,,
テフィティ,104,,,
依存,104,,,
ボロボロ,104,,,
じみ,104,,,
拘置,104,,,
百万,104,,,
どけろ,104,,,
健全,104,,,
空爆,104,,,
雑音,104,,,
カッコイイ,104,,,
規律,104,,,
バートン,104,,,
狂い,103,,,
徐々,103,,,
光線,103,,,
生理,103,,,
髭,103,,,
無理やり,103,,,
託し,103,,,
今月,103,,,
リブ,103,,,
着ろ,103,,,
原稿,103,,,
近藤,103,,,
天然,103,,,
頬,103,,,
目玉,103,,,
堂,103,,"""public",,"chamber"" dou"
ナース,103,,,
丿丶,103,,,
嫌悪,103,,,
コンタクト,103,,,
クレイン,103,,,
偽善,103,,,
ニマ,103,,,
堅い,103,,,
描か,103,,,
複製,103,,,
ヒゲ,103,,,
一定,103,,,
グローブス,103,,,
磁気,103,,,
植民,103,,,
望め,103,,,
存続,103,,,
アンド,103,,,
洋,103,,ocean,,you
認可,103,,,
不可解,103,,,
マーチ,103,,,
限定,103,,,
ジョージア,103,,,
駆逐,103,,,
シャーロット,103,,,
ミドル,103,,,
ミショーン,103,,,
キャビン,103,,,
スマン,103,,,
墓場,103,,,
寝ろ,103,,,
詩人,103,,,
セクター,103,,,
ダメダメ,103,,,
凍ら,103,,,
恨ん,103,,,
暗示,103,,,
繋が,103,,,
握り,103,,,
利己,103,,,
出撃,103,,,
致死,103,,,
メシ,103,,,
ふさわしく,102,,,
マウス,102,,,
浴室,102,,,
オコナー,102,,,
通じる,102,,,
サンキュー,102,,,
咳,102,,,
チェコフ,102,,,
大昔,102,,,
ミラクル,102,,,
シチュー,102,,,
スプーン,102,,,
スレッジ,102,,,
まわっ,102,,,
はずれ,102,,,
引,102,,pull,,in/hi-ku/hi-keru
振る舞い,102,,,
ごまかし,102,,,
モーター,102,,,
テック,102,,,
ライザ,102,,,
学べ,102,,,
伝わっ,102,,,
ァ,102,,,
聖人,102,,,
えーっと,102,,,
背負っ,102,,,
司教,102,,,
統計,102,,,
北東,102,,,
しだい,102,,,
ボクサー,102,,,
改革,102,,,
遊ぼう,102,,,
頼る,102,,,
修行,102,,,
ロング,102,,,
ピーナッツ,102,,,
性質,102,,,
代役,102,,,
示さ,102,,,
マデリン,102,,,
断れ,102,,,
やさしい,102,,,
ボーグ,102,,,
ポンコツ,102,,,
ユニコーン,102,,,
正しけれ,102,,,
助,102,,help,,jo/tasu-keru/tasu-karu/suke
供,102,,offer,,kyou/sona-eru/tomo
怖れ,102,,,
クリック,101,,,
サンセット,101,,,
バレンタイン,101,,,
蘇生,101,,,
本土,101,,,
よっしゃ,101,,,
突,101,,stab,,totsu/tsu-ku
遠ざける,101,,,
だぁ,101,,,
稼働,101,,,
美味い,101,,,
長旅,101,,,
返済,101,,,
ソナ,101,,,
罰する,101,,,
乙女,101,,,
順位,101,,,
ありか,101,,,
義父,101,,,
連鎖,101,,,
らし,101,,,
リオ,101,,,
装甲,101,,,
もてなし,101,,,
キューブ,101,,,
サークル,101,,,
騒音,101,,,
執事,101,,,
ハンソン,101,,,
メチャクチャ,101,,,
ひどかっ,101,,,
滅茶苦茶,101,,,
悟っ,101,,,
金貨,101,,,
見方,101,,,
副官,101,,,
スグ,101,,,
成る,101,,,
うわさ,101,,,
悪事,101,,,
束,101,,bundle,,soku/taba
企画,101,,,
馴染み,101,,,
若造,101,,,
ガストン,101,,,
サイコパス,101,,,
たぁ,101,,,
損,101,,loss,,son/soko-nau/soko-neru
リーグ,101,,,
グレッチェン,101,,,
ああっ,101,,,
審議,101,,,
達人,101,,,
チリ,101,,,
代替,101,,,
覚める,101,,,
次長,101,,,
あけ,101,,,
見学,101,,,
剥い,101,,,
ネジ,101,,,
ブレット,101,,,
総合,101,,,
反する,101,,,
トラップ,101,,,
ラベル,101,,,
受付,101,,,
そらす,101,,,
血統,101,,,
シェン,100,,,
処罰,100,,,
一夜,100,,,
愛想,100,,,
ライター,100,,,
ジークフリート,100,,,
カミーユ,100,,,
ソニー,100,,,
アル中,100,,,
キップ,100,,,
ピラミッド,100,,,
フラニー,100,,,
肉屋,100,,,
工業,100,,,
滑走,100,,,
ヴィクター,100,,,
向っ,100,,,
ロウソク,100,,,
送れる,100,,,
ハーフ,100,,,
バイヤー,100,,,
貼っ,100,,,
わっ,100,,,
適応,100,,,
船体,100,,,
断ち,100,,,
ブレスレット,100,,,
王室,100,,,
仲介,100,,,
柔らかい,100,,,
愛す,100,,,
協議,100,,,
消毒,100,,,
成り行き,100,,,
暮れ,100,,,
寺,100,,"""Buddhist",,"temple"" ji/tera"
積荷,100,,,
経,100,,manage,,kei/kyou/he-ru
デカ,100,,,
モン,100,,,
ホルモン,100,,,
入札,100,,,
静粛,100,,,
ダグラス,100,,,
結成,100,,,
巴,100,,,
ペッパー,100,,,
抗生,100,,,
しつこい,100,,,
ターン,100,,,
謙虚,100,,,
クライド,100,,,
次期,100,,,
ゴルド,100,,,
弦,100,,bowstring,,gen/tsuru
入れ墨,100,,,
ヲ,100,,,
イースト,100,,,
主催,100,,,
光速,100,,,
終結,100,,,
カメラマン,100,,,
放さ,99,,,
スピン,99,,,
つめる,99,,,
隙間,99,,,
セーター,99,,,
作物,99,,,
シュート,99,,,
パトリシア,99,,,
泊まる,99,,,
苦しま,99,,,
冷却,99,,,
お主,99,,,
アソコ,99,,,
実施,99,,,
レバー,99,,,
身柄,99,,,
河,99,,river,,ka/kawa
速やか,99,,,
村人,99,,,
酔っぱらい,99,,,
下っ,99,,,
アリン,99,,,
ダイエット,99,,,
一面,99,,,
リ,99,,,
かげん,99,,,
宛て,99,,,
ギリギリ,99,,,
泡,99,,bubbles,,hou/awa
過ごせる,99,,,
フリング,99,,,
光っ,99,,,
じゃろう,99,,,
軍勢,99,,,
戦艦,99,,,
人魚,99,,,
不意,99,,,
埋め合わせ,99,,,
語ら,99,,,
こむ,99,,,
演劇,99,,,
ミーガン,99,,,
おとり,99,,,
抱く,99,,,
モーモント,99,,,
謹慎,99,,,
応用,99,,,
満月,99,,,
アラブ,99,,,
メルル,99,,,
後半,99,,,
アルミン,99,,,
育つ,99,,,
里,99,,village,,ri/sato
ぼ,99,,,
在庫,99,,,
へー,99,,,
古き,99,,,
マーケット,98,,,
ガッカリ,98,,,
機材,98,,,
レンガ,98,,,
吾,98,,,
肝,98,,liver,,kan/kimo
持参,98,,,
くっ,98,,,
ひい,98,,,
オーエン,98,,,
負わ,98,,,
壊れる,98,,,
Ｖ,98,,,
初耳,98,,,
挑発,98,,,
ギフト,98,,,
充填,98,,,
チューブ,98,,,
揚げ,98,,,
エッシャー,98,,,
ビンセント,98,,,
二等,98,,,
Ｅ,98,,,
静脈,98,,,
搬送,98,,,
同一,98,,,
休戦,98,,,
ウ,98,,,
いらっしゃる,98,,,
鞭,98,,,
トリップ,98,,,
改めて,98,,,
プロム,98,,,
万事,98,,,
マコ,98,,,
承諾,98,,,
回さ,98,,,
私生,98,,,
投げろ,98,,,
叶う,98,,,
貯蔵,98,,,
キュート,98,,,
増やす,98,,,
閉まる,98,,,
ランボー,98,,,
冒す,98,,,
矛盾,98,,,
ハッター,98,,,
リーフ,97,,,
鎮痛,97,,,
ホラー,97,,,
スカーレット,97,,,
道間,97,,,
手出し,97,,,
ターミネーター,97,,,
包み,97,,,
登り,97,,,
ぞー,97,,,
人助け,97,,,
キラ,97,,,
グリーヴァス,97,,,
秘め,97,,,
首長,97,,,
築く,97,,,
階下,97,,,
素晴らしく,97,,,
フッド,97,,,
返そう,97,,,
入,97,,enter,,nyuu/i-ru/i-reru/hai-ru
ふ,97,,,
刺青,97,,,
リッキー,97,,,
前例,97,,,
駒,97,,horse,,koma
座れよ,97,,,
途方,97,,,
ディビジョン,97,,,
動かさ,97,,,
ニックス,97,,,
無法,97,,,
確立,97,,,
あげろ,97,,,
勇者,97,,,
吸引,97,,,
ファイト,97,,,
ファイター,97,,,
アラスカ,97,,,
ピース,97,,,
イブ,97,,,
布,97,,linen,,fu/nuno
技師,97,,,
ＤＮＡ,97,,,
下院,97,,,
背景,97,,,
いざ,97,,,
こなし,97,,,
脅かし,97,,,
バレー,97,,,
イーグル,97,,,
クリーニング,97,,,
都会,97,,,
売女,96,,,
精子,96,,,
沖,96,,"""open",,"sea"" chuu/oki"
よかろう,96,,,
シリアル,96,,,
乳首,96,,,
首輪,96,,,
変形,96,,,
同類,96,,,
出資,96,,,
ひざ,96,,,
バローズ,96,,,
エクエストリア,96,,,
ドナ,96,,,
後戻り,96,,,
晒し,96,,,
生贄,96,,,
シアトル,96,,,
ねがい,96,,,
キ,96,,,
ドナー,96,,,
各自,96,,,
騒が,96,,,
真っ暗,96,,,
ざま,96,,,
助から,96,,,
覚醒,96,,,
教科,96,,,
メイト,96,,,
うう,96,,,
フロスト,96,,,
各地,96,,,
横断,96,,,
敏感,96,,,
エジソン,96,,,
黙る,96,,,
勝た,96,,,
ミッシー,96,,,
ミッチ,96,,,
移り,96,,,
ヨーダ,96,,,
消失,96,,,
アルトン,96,,,
コーディ,96,,,
野,96,,field,,ya/no
少尉,96,,,
ザマ,96,,,
むこう,96,,,
ヤ,96,,,
領事,96,,,
ほれ,96,,,
編成,96,,,
親族,96,,,
アザ,96,,,
転校,96,,,
巻き添え,96,,,
気遣い,96,,,
リア,96,,,
遊ば,96,,,
総省,96,,,
つくっ,96,,,
貰おう,96,,,
フリント,96,,,
くっつい,96,,,
コック,96,,,
手足,95,,,
更なる,95,,,
まつり,95,,,
投下,95,,,
情けない,95,,,
ラングレー,95,,,
書斎,95,,,
退役,95,,,
ちなみ,95,,,
スライド,95,,,
叩か,95,,,
トーク,95,,,
水中,95,,,
憲法,95,,,
条約,95,,,
鳥井,95,,,
莫大,95,,,
サンディ,95,,,
われわれ,95,,,
折る,95,,,
おいし,95,,,
だんだん,95,,,
いちいち,95,,,
寿命,95,,,
巡礼,95,,,
はまっ,95,,,
カンザス,95,,,
ナビ,95,,,
ダヴォス,95,,,
長老,95,,,
ハァッ,95,,,
支える,95,,,
絡ん,95,,,
バスケス,95,,,
秒間,95,,,
学位,95,,,
左右,95,,,
ピンクマン,95,,,
シルク,95,,,
成分,95,,,
病原,95,,,
向う,95,,,
電灯,95,,,
蜘蛛,95,,,
ティミー,95,,,
デス,95,,,
学期,95,,,
うらやましい,95,,,
産む,95,,,
アドレナリン,95,,,
ベイ,95,,,
火山,95,,,
ブッシュ,95,,,
キャンペーン,95,,,
広大,95,,,
アインシュタイン,95,,,
横たわっ,95,,,
活発,95,,,
不吉,95,,,
メラニー,95,,,
マンション,95,,,
廃墟,95,,,
ヤク中,95,,,
アイビー,95,,,
潮,95,,tide,,chou/shio
オークション,95,,,
配慮,95,,,
流血,95,,,
のっ,95,,,
探し物,95,,,
つま先,95,,,
報わ,95,,,
マニュアル,95,,,
収め,94,,,
朝飯,94,,,
手帳,94,,,
射手,94,,,
軸,94,,axis,,jiku
破綻,94,,,
透視,94,,,
ハウザー,94,,,
クラスター,94,,,
アンサリード,94,,,
中立,94,,,
ｋｍ,94,,,
アベンジャーズ,94,,,
面談,94,,,
ホリス,94,,,
もも,94,,,
近寄る,94,,,
移住,94,,,
移す,94,,,
師団,94,,,
貪欲,94,,,
乗車,94,,,
衣服,94,,,
おっしゃっ,94,,,
終末,94,,,
ウェイド,94,,,
並,94,,line-up,,hei/nami/nara-beru/nara-bu/nara-bini
タコ,94,,,
しな,94,,,
握る,94,,,
ウィリアムズ,94,,,
三角,94,,,
腹ペコ,94,,,
道理,94,,,
半数,94,,,
分割,94,,,
脱が,94,,,
基金,94,,,
スチュー,94,,,
シュレック,94,,,
刑期,94,,,
マーゴ,94,,,
故,94,,circumstances,,ko/yue
クレーン,94,,,
黒ひげ,94,,,
でっ,94,,,
ジュン,94,,,
昆虫,94,,,
国籍,94,,,
急速,94,,,
降る,94,,,
美容,94,,,
バスター,94,,,
滝,94,,waterfall,,taki
解り,94,,,
昼寝,94,,,
てめぇ,94,,,
散っ,94,,,
拾う,94,,,
冷め,94,,,
幼稚,94,,,
レストレード,94,,,
ナターシャ,93,,,
騒動,93,,,
性能,93,,,
カス,93,,,
すげー,93,,,
頻繁,93,,,
突い,93,,,
ブラッドリー,93,,,
ドキュメント,93,,,
ドキドキ,93,,,
妨げ,93,,,
モート,93,,,
主婦,93,,,
染め,93,,,
任意,93,,,
頑丈,93,,,
品質,93,,,
ハゲ,93,,,
プライム,93,,,
来よう,93,,,
イカ,93,,,
逝っ,93,,,
揃え,93,,,
散々,93,,,
示唆,93,,,
ラップ,93,,,
ハンガー,93,,,
イヤー,93,,,
監房,93,,,
ヤダ,93,,,
桃,93,,"""peach",,"tree"" tou/momo"
ベット,93,,,
被,93,,incur,,hi/koumu-ru
なす,93,,,
収まる,93,,,
陽気,93,,,
凍え,93,,,
売ろう,93,,,
掘る,93,,,
披露,93,,,
吗,93,,,
下水,93,,,
経費,93,,,
ツール,93,,,
仕組み,93,,,
絞首,93,,,
災い,93,,,
ポーラ,93,,,
潰れ,93,,,
マサチューセッツ,93,,,
導か,93,,,
既婚,93,,,
台詞,93,,,
羽根,93,,,
万一,93,,,
素材,93,,,
かまう,93,,,
アルバム,93,,,
好ま,93,,,
来客,93,,,
めった,93,,,
中間,93,,,
正す,93,,,
トゥポル,93,,,
家政,93,,,
認知,93,,,
上層,93,,,
刻ま,93,,,
自力,93,,,
傾ける,93,,,
憎悪,92,,,
歌え,92,,,
造り,92,,,
体力,92,,,
メチル,92,,,
スッキリ,92,,,
見かけ,92,,,
ブーム,92,,,
メモリー,92,,,
控えめ,92,,,
昆,92,,descendants,,kon
パッケージ,92,,,
遺物,92,,,
下ら,92,,,
ジョナス,92,,,
哥,92,,,
エドガー,92,,,
ロジャース,92,,,
毎月,92,,,
ペレス,92,,,
きっちり,92,,,
開拓,92,,,
方面,92,,,
ドレイク,92,,,
実感,92,,,
ナッツ,92,,,
サイレン,92,,,
水素,92,,,
中華,92,,,
乗せろ,92,,,
ホームステッド,92,,,
開けよう,92,,,
無縁,92,,,
ゆ,92,,,
歩み,92,,,
表す,92,,,
魅了,92,,,
業績,92,,,
ギャレット,92,,,
られれ,92,,,
いかん,92,,,
かろうじて,92,,,
専念,92,,,
コマンド,92,,,
預金,92,,,
投入,92,,,
習得,92,,,
儂,92,,,
ローマン,92,,,
妊婦,92,,,
ファルコーネ,92,,,
ゝ,92,,,
フォッサ,92,,,
ビーム,92,,,
フクロウ,92,,,
柄,92,,design,,hei/gara/e
グレタ,92,,,
コロニー,91,,,
罰し,91,,,
ウィーバー,91,,,
エンダー,91,,,
よせよ,91,,,
津波,91,,,
ほっと,91,,,
捕える,91,,,
オメガ,91,,,
強引,91,,,
フォール,91,,,
牢獄,91,,,
気持,91,,,
うっかり,91,,,
小児,91,,,
アルメイダ,91,,,
流出,91,,,
部外,91,,,
散らし,91,,,
宿泊,91,,,
マルティネス,91,,,
娯楽,91,,,
絶,91,,discontinue,,zetsu/ta-eru/ta-yasu/ta-tsu
ワトキンス,91,,,
男爵,91,,,
恐喝,91,,,
トラスク,91,,,
ポーランド,91,,,
トリニティ,91,,,
続けよう,91,,,
迂回,91,,,
タック,91,,,
ソファー,91,,,
明かす,91,,,
まとい,91,,,
特許,91,,,
親しかっ,91,,,
キラキラ,91,,,
配属,91,,,
足音,91,,,
減速,91,,,
信心,91,,,
亭主,91,,,
発達,91,,,
無口,91,,,
作曲,91,,,
知らさ,91,,,
仕置き,91,,,
手元,91,,,
減る,91,,,
ニュート,91,,,
がち,91,,,
ビーン,91,,,
ポット,91,,,
敵意,91,,,
有益,91,,,
カウントダウン,90,,,
わたっ,90,,,
帰り道,90,,,
スタンフォード,90,,,
ヴィジュアライズ,90,,,
火葬,90,,,
人目,90,,,
乱れ,90,,,
トゥルーディ,90,,,
擁護,90,,,
クラシック,90,,,
スタイルズ,90,,,
毒物,90,,,
小さ,90,,,
一夕,90,,,
レビンソン,90,,,
みつけ,90,,,
まじか,90,,,
かか,90,,,
成人,90,,,
宜しい,90,,,
禁煙,90,,,
桜井,90,,,
餌食,90,,,
脆弱,90,,,
あだ名,90,,,
ひき,90,,,
増援,90,,,
加担,90,,,
逆らっ,90,,,
リチャーズ,90,,,
化石,90,,,
なんぞ,90,,,
犯さ,90,,,
ぜんぶ,90,,,
大阪,90,,,
行使,90,,,
機動,90,,,
こだわる,90,,,
住居,90,,,
トーリン,90,,,
調教,90,,,
イェー,90,,,
敗者,90,,,
晩餐,90,,,
一息,90,,,
ケニー,90,,,
聖域,90,,,
ウェル,90,,,
伊賀上,90,,,
たきゃ,90,,,
交わし,90,,,
メタル,90,,,
盗人,90,,,
セオドア,90,,,
ディエゴ,90,,,
ヨガ,90,,,
唯,90,,solely,,yui
ラック,90,,,
ルビー,90,,,
ワニ,90,,,
辛く,90,,,
曹長,90,,,
山脈,90,,,
付,90,,attach,,fu/tsu-keru/tsu-ku
浮上,90,,,
エール,90,,,
先導,90,,,
探り,90,,,
フェリー,90,,,
努め,90,,,
並み,90,,,
ティッシュ,90,,,
濃度,89,,,
量子,89,,,
蜂蜜,89,,,
投降,89,,,
葉っぱ,89,,,
ハハ,89,,,
忘れよう,89,,,
やり直し,89,,,
射程,89,,,
ウォレス,89,,,
仕向け,89,,,
ドネリー,89,,,
バスケ,89,,,
ヘルメス,89,,,
かぎり,89,,,
占い,89,,,
大いなる,89,,,
仏,89,,Buddha,,butsu/hotoke
ハイジ,89,,,
分隊,89,,,
初心,89,,,
ストレート,89,,,
リズム,89,,,
幼児,89,,,
ライサ,89,,,
泣き声,89,,,
ネバダ,89,,,
タイマー,89,,,
テキスト,89,,,
短く,89,,,
迷う,89,,,
うえ,89,,,
セッション,89,,,
有毒,89,,,
注い,89,,,
コンパス,89,,,
渓谷,89,,,
消化,89,,,
廃止,89,,,
とてつ,89,,,
トレイシー,89,,,
シンシア,89,,,
すなわち,89,,,
パターソン,89,,,
酋長,89,,,
マロリー,89,,,
シティー,89,,,
オォ,89,,,
バードマン,89,,,
各国,89,,,
エラー,89,,,
ヾー,89,,,
施し,89,,,
問う,88,,,
でっかい,88,,,
福祉,88,,,
ポート,88,,,
訊か,88,,,
ニガー,88,,,
生かす,88,,,
ぶん,88,,,
ガット,88,,,
森田,88,,,
デシマ,88,,,
異端,88,,,
唾,88,,saliva,,da/tsuba
高き,88,,,
近寄ら,88,,,
顎,88,,jaw,,gaku/ago
ヤリ,88,,,
着地,88,,,
レイク,88,,,
トコ,88,,,
之,88,,,
へっ,88,,,
当事,88,,,
磁石,88,,,
屈し,88,,,
ゼット,88,,,
フラ,88,,,
ベ,88,,,
見物,88,,,
ちっぽけ,88,,,
クララ,88,,,
ハネムーン,88,,,
フラー,88,,,
赦し,88,,,
切開,88,,,
布告,88,,,
缶詰,88,,,
チュー,88,,,
ボルチモア,88,,,
当分,88,,,
注ぎ,88,,,
任,88,,responsibility,,nin/maka-seru/maka-su
半端,88,,,
ブリエン,88,,,
広がり,88,,,
リーアム,88,,,
委ね,88,,,
参謀,88,,,
車庫,88,,,
クリニック,88,,,
アテネ,88,,,
ウェンデル,88,,,
相応,88,,,
葉巻,88,,,
ロレイン,88,,,
ジョアン,88,,,
バーボン,88,,,
ブリーフケース,88,,,
ヤング,88,,,
アントン,88,,,
買おう,88,,,
ペリー,88,,,
夕べ,88,,,
ロイス,88,,,
ライトニング,88,,,
ただちに,88,,,
滅び,88,,,
ウエィド,87,,,
頂ける,87,,,
たまる,87,,,
沈め,87,,,
しゃべら,87,,,
クリーク,87,,,
悪臭,87,,,
エレーン,87,,,
ドス,87,,,
孫娘,87,,,
ラファエル,87,,,
逃げ場,87,,,
隕石,87,,,
掌握,87,,,
暖かく,87,,,
日光,87,,,
選べる,87,,,
ロジータ,87,,,
短気,87,,,
同席,87,,,
特,87,,special,,toku
遂に,87,,,
ハイパー,87,,,
灯,87,,lamp,,tou/hi
治せる,87,,,
助けろ,87,,,
計,87,,measure,,kei/haka-ru/haka-rau
りす,87,,,
撃てる,87,,,
宴,87,,banquet,,en
聞かせ,87,,,
飾る,87,,,
公聴,87,,,
したわ,87,,,
ベイカー,87,,,
防止,87,,,
シンディ,87,,,
企て,87,,,
見よ,87,,,
混合,87,,,
ボーディ,87,,,
ブルック,87,,,
カーマイン,87,,,
クセ,87,,,
ブリュンヒルデ,87,,,
歩道,87,,,
人命,87,,,
容態,87,,,
一斉,87,,,
テリ,87,,,
法務,87,,,
魔獣,87,,,
優位,87,,,
関節,87,,,
ランチョルダース,87,,,
停職,87,,,
チェサ,87,,,
だせ,87,,,
シェア,87,,,
偏見,87,,,
ナオミ,87,,,
やす,87,,,
プロデューサー,87,,,
焦点,87,,,
搭載,87,,,
戦利,87,,,
モーゼス,87,,,
拒ん,87,,,
ありのまま,87,,,
断ら,87,,,
総員,87,,,
ニューオリンズ,87,,,
コスト,87,,,
標識,87,,,
ケイ,87,,,
密売,87,,,
トリス,86,,,
遺書,86,,,
改装,86,,,
チャップマン,86,,,
出荷,86,,,
身代わり,86,,,
黒髪,86,,,
代わる,86,,,
償う,86,,,
たいへん,86,,,
取り返し,86,,,
フラン,86,,,
水平,86,,,
あああ,86,,,
精鋭,86,,,
わかれ,86,,,
貸,86,,lend,,tai/ka-su
セールスマン,86,,,
割る,86,,,
コリアー,86,,,
待,86,,wait,,tai/ma-tsu
ヨルダン,86,,,
ドゥークー,86,,,
ミラ,86,,,
築き,86,,,
脚本,86,,,
スタック,86,,,
まとっ,86,,,
紋章,86,,,
素性,86,,,
んっ,86,,,
ミッチェル,86,,,
放つ,86,,,
ギャラリー,86,,,
マトリックス,86,,,
チクショー,86,,,
固め,86,,,
根本,86,,,
ヘタ,86,,,
恥ずかしく,86,,,
届,86,,deliver,,todo-keru/todo-ku
アール,86,,,
ジュピター,86,,,
アーッ,86,,,
白雪,86,,,
楽観,86,,,
ユーザー,86,,,
でかし,86,,,
しめる,86,,,
向,86,,"""over",,"there"" kou/mu-ku/mu-keru/mu-kau/mu-kou"
応じる,86,,,
砲撃,86,,,
プレイヤー,86,,,
転がっ,86,,,
シングル,86,,,
バグ,86,,,
エム,86,,,
アンドロイド,86,,,
類似,86,,,
武,86,,military,,bu/mu
ジョス,86,,,
南東,86,,,
ちゃえ,86,,,
食器,86,,,
剃っ,86,,,
強奪,85,,,
貝,85,,shellfish,,kai
マクレーン,85,,,
オフライン,85,,,
恩恵,85,,,
捕まり,85,,,
ベーカー,85,,,
如何なる,85,,,
学べる,85,,,
服用,85,,,
チャッピー,85,,,
プラズマ,85,,,
電流,85,,,
打,85,,hit,,da/u-tsu
リリアン,85,,,
づつ,85,,,
フレンチ,85,,,
かあさん,85,,,
コップ,85,,,
間近,85,,,
たらー,85,,,
フィラデルフィア,85,,,
ドワイト,85,,,
踊れ,85,,,
最速,85,,,
ネイト,85,,,
脅かさ,85,,,
ペーパー,85,,,
端末,85,,,
パルス,85,,,
ハーマイオニー,85,,,
有望,85,,,
唱え,85,,,
具,85,,tool,,gu
阿良,85,,,
ジジイ,85,,,
早朝,85,,,
人権,85,,,
ヒドい,85,,,
イングランド,85,,,
歌わ,85,,,
遠吠え,85,,,
バイキング,85,,,
欧州,85,,,
チ,85,,,
ボロ,85,,,
日誌,85,,,
未満,85,,,
あたる,85,,,
ぐっすり,85,,,
幅,85,,breadth,,fuku/haba
微笑ん,85,,,
ひげ,85,,,
キャンディー,85,,,
食らっ,85,,,
条,85,,clause,,jou
ウェンディ,85,,,
パラソース,85,,,
一口,85,,,
溺死,85,,,
監査,85,,,
所詮,85,,,
届き,85,,,
失せ,85,,,
ヤル,84,,,
乗り物,84,,,
コウモリ,84,,,
清潔,84,,,
世辞,84,,,
従順,84,,,
有害,84,,,
ペア,84,,,
事例,84,,,
明かし,84,,,
呼ばわり,84,,,
足し,84,,,
洞察,84,,,
模範,84,,,
フル,84,,,
統一,84,,,
感電,84,,,
パーソンズ,84,,,
パート,84,,,
おろし,84,,,
覆っ,84,,,
免れ,84,,,
アレクス,84,,,
重傷,84,,,
ときどき,84,,,
いち,84,,,
蘇る,84,,,
ボーナス,84,,,
忌々しい,84,,,
夏休み,84,,,
炭疽,84,,,
ホームランド,84,,,
ビルマ,84,,,
囮,84,,,
アフガン,84,,,
快楽,84,,,
引越し,84,,,
レンジ,84,,,
ジューン,84,,,
ペンタゴン,84,,,
笛,84,,flute,,teki/fue
答,84,,answer,,tou/kota-eru/kota-e
動ける,84,,,
からかう,84,,,
デーモン,84,,,
ホルス,84,,,
元カレ,84,,,
すっごい,84,,,
双方,84,,,
ターボ,84,,,
アラゴルン,84,,,
呼び名,84,,,
フェイス,84,,,
グスタフ,84,,,
ブッ,84,,,
カレー,84,,,
預かる,84,,,
ハモンド,84,,,
九,84,,nine,,kyuu/ku/kokono/kokono-tsu
作法,84,,,
北極,84,,,
ウォン,84,,,
ハイツ,84,,,
拡散,84,,,
途端,84,,,
頂上,84,,,
まわし,84,,,
スゲー,84,,,
近頃,84,,,
栽培,84,,,
コンクリート,84,,,
年代,83,,,
ラウンズ,83,,,
ヴラック,83,,,
フラッグ,83,,,
聞き覚え,83,,,
チェスターズミル,83,,,
接点,83,,,
利か,83,,,
懸賞,83,,,
ユーリ,83,,,
弱虫,83,,,
喋れ,83,,,
スカート,83,,,
フィンガー,83,,,
遠征,83,,,
つくる,83,,,
騎兵,83,,,
デューイ,83,,,
ああー,83,,,
シフター,83,,,
スルタン,83,,,
不当,83,,,
調和,83,,,
ウフーラ,83,,,
バースデー,83,,,
チャオ,83,,,
大聖,83,,,
イーライ,83,,,
洗練,83,,,
背い,83,,,
似顔,83,,,
捕食,83,,,
ホグワーツ,83,,,
プレストン,83,,,
気付き,83,,,
渡そう,83,,,
トースト,83,,,
大群,83,,,
ミアリーン,83,,,
直る,83,,,
批評,83,,,
トール,83,,,
主導,83,,,
勘定,83,,,
マーサー,83,,,
嗅い,83,,,
右腕,83,,,
実績,83,,,
ウェラー,83,,,
消息,83,,,
桁,83,,beam,,keta
ハア,83,,,
諦めろ,83,,,
登れ,83,,,
親権,83,,,
ヴェイダー,83,,,
訛り,83,,,
得点,83,,,
削減,83,,,
セト,83,,,
コンビ,83,,,
狂う,83,,,
カモ,83,,,
ハイブリッド,83,,,
ナブー,83,,,
エミリィ,83,,,
人前,83,,,
ポジション,83,,,
乳,83,,milk,,nyuu/chichi/chi
硬い,83,,,
済,83,,settle,,sai/su-mu/su-masu
細部,83,,,
解消,83,,,
加わり,83,,,
ヒック,83,,,
悪名,83,,,
潜り,83,,,
書ける,82,,,
マユ,82,,,
形式,82,,,
昇る,82,,,
センチネル,82,,,
宅,82,,home,,taku
ノット,82,,,
仕込ん,82,,,
メモリ,82,,,
ディープ,82,,,
弾道,82,,,
捜さ,82,,,
くず,82,,,
ティア,82,,,
スコットランド,82,,,
衰え,82,,,
岸川,82,,,
広げる,82,,,
欲しけれ,82,,,
護送,82,,,
促進,82,,,
寄こせ,82,,,
エアコン,82,,,
アレス,82,,,
なかろう,82,,,
ヒト,82,,,
ブライトン,82,,,
ヴァリリア,82,,,
落ちろ,82,,,
換える,82,,,
満タン,82,,,
奥方,82,,,
クラクション,82,,,
ヤバ,82,,,
弾く,82,,,
動転,82,,,
どのみち,82,,,
ラジャ,82,,,
柵,82,,fence,,saku
年月,82,,,
ジャヴァディ,82,,,
荒野,82,,,
なさる,82,,,
否,82,,negate,,hi/ina
かばっ,82,,,
マッド,82,,,
前後,82,,,
掻き,82,,,
妃,82,,queen,,hi
干,0,,dry,,kan/ho-su/hi-ru
久,0,,"""long",,"time"" kyuu/hisa-shii"
及,0,,"""reach",,"out"" kyuu/oyo-bu/oyo-bi/oyo-bosu"
巾,0,,towel,,kin
乞,0,,beg,,ko-u
寸,0,,measurement,,sun
亡,0,,deceased,,bou/na-i
凡,0,,mediocre,,bon
与,0,,give,,yo/ata-eru
介,0,,"""jammed",,"in"" kai"
刈,0,,reap,,ka-ru
凶,0,,villain,,kyou
斤,0,,axe,,kin
欠,0,,lack,,ketsu/ka-keru/ka-ku
戸,0,,door,,ko/to
互,0,,mutually,,go/taga-i
午,0,,noon,,go
勾,0,,capture,,kou
孔,0,,cavity,,kou
支,0,,branch,,shi/sasa-eru
止,0,,stop,,shi/to-maru/to-meru
尺,0,,shaku,,shaku
収,0,,"""take",,"in"" shuu/osa-meru/osa-maru"
升,0,,"""measuring",,"box"" shou/masu"
少,0,,few,,shou/suku-nai/suko-shi
冗,0,,superfluous,,jou
仁,0,,humanity,,jin
井,0,,well,,sei/i
切,0,,cut,,setsu/ki-ru/ki-reru
双,0,,pair,,sou/futa
丹,0,,cinnabar,,tan
弔,0,,condolences,,chou/tomura-u
斗,0,,"""Big",,"Dipper"" to"
屯,0,,barracks,,ton
匂,0,,scent,,nio-u
比,0,,compare,,hi/kura-beru
乏,0,,scarce,,bou/tobo-shii
厄,0,,unlucky,,yaku
予,0,,"""in",,"advance"" yo"
圧,0,,pressure,,atsu
永,0,,eternity,,ei/naga-i
凹,0,,concave,,ou
央,0,,center,,ou
加,0,,add,,ka/kuwa-eru/kuwa-waru
瓦,0,,tile,,ga/kawara
且,0,,moreover,,ka-tsu
刊,0,,publish,,kan
甘,0,,sweet,,kan/ama-i/ama-eru/ama-yakasu
句,0,,phrase,,ku
玄,0,,mysterious,,gen
功,0,,achievement,,kou
甲,0,,armor,,kou/kan
込,0,,crowded,,ko-mu/ko-meru
仕,0,,do,,shi/tsuka-eru
司,0,,director,,shi
示,0,,indicate,,ji/shi/shime-su
叱,0,,scold,,shitsu/shika-ru
失,0,,lose,,shitsu/ushina-u
写,0,,copy,,sha/utsu-su/utsu-ru
囚,0,,captured,,shuu
汁,0,,soup,,juu/shiru
処,0,,dispose,,sho
召,0,,summon,,shou/me-su
申,0,,say,,shin/mou-su
斥,0,,reject,,seki
仙,0,,hermit,,sen
占,0,,"""fortune",,"telling"" sen/shi-meru/urana-u"
旦,0,,daybreak,,tan/dan
田,0,,"""rice",,"paddy"" den/ta"
凸,0,,convex,,totsu
丼,0,,"""bowl",,"of food"" donburi"
尼,0,,nun,,ni/ama
氾,0,,"""spread",,"out"" han"
必,0,,"""without",,"fail"" hitsu/kanara-zu"
払,0,,pay,,futsu/hara-u
丙,0,,"""third",,"class"" hei"
平,0,,flat,,hei/byou/tai-ra/hira
弁,0,,valve,,ben
包,0,,wrap,,hou/tsutsu-mu
矛,0,,halberd,,mu/hoko
由,0,,reason,,yu/yuu/yoshi
幼,0,,infancy,,you/osana-i
扱,0,,handle,,atsuka-u
安,0,,cheap,,an/yasu-i
衣,0,,clothes,,i/koromo
芋,0,,potato,,imo
因,0,,cause,,in/yo-ru
宇,0,,eaves,,u
汚,0,,dirty,,o/kega-su/kega-reru/kega-rawashii/yogo-su/yogo-reru/kitana-i
企,0,,plan,,ki/kuwada-teru
伎,0,,deed,,ki
危,0,,dangerous,,ki/abu-nai/aya-ui/aya-bumu
吉,0,,"""good",,"luck"" kichi/kitsu"
休,0,,rest,,kyuu/yasu-mu/yasu-maru/yasu-meru
吸,0,,suck,,kyuu/su-u
朽,0,,decay,,kyuu/ku-chiru
臼,0,,mortar,,kyuu/usu
叫,0,,shout,,kyou/sake-bu
仰,0,,face-up,,gyou/ao-gu/oo-se
交,0,,mix,,kou/maji-waru/maji-eru/ma-jiru/ma-zaru/ma-zeru/ka-u/ka-wasu
后,0,,empress,,kou
江,0,,inlet,,kou/e
考,0,,think,,kou/kanga-eru
旨,0,,delicious,,shi/mune
至,0,,climax,,shi/ita-ru
自,0,,oneself,,ji/shi/mizuka-ra
芝,0,,turf,,shiba
守,0,,protect,,shu/mamo-ru/mo-ri
朱,0,,vermilion,,shu
舟,0,,boat,,shuu/fune
充,0,,allot,,juu/a-teru
旬,0,,"""10-day",,"period (of the month)"" jun"
巡,0,,patrol,,jun/megu-ru
如,0,,likeness,,jo/nyo
匠,0,,artisan,,shou
尽,0,,exhaust,,jin/tsu-kusu/tsu-kiru/tsu-kasu
迅,0,,swift,,jin
成,0,,become,,sei/na-ru/na-su
壮,0,,robust,,sou
争,0,,conflict,,sou/araso-u
存,0,,suppose,,son/zon
竹,0,,bamboo,,chiku/take
兆,0,,portent,,chou/kiza-su/kiza-shi
伝,0,,transmit,,den/tsuta-waru/tsuta-eru/tsuta-u
吐,0,,spit,,to/ha-ku
弐,0,,"""two",,"(falsification prevention)"" ni"
伐,0,,fell,,batsu
汎,0,,pan-,,han
伏,0,,prostrated,,fuku/fu-seru/fu-su
忙,0,,busy,,bou/isoga-shii
朴,0,,crude,,boku
妄,0,,delusion,,mou/bou
吏,0,,officer,,ri
劣,0,,inferiority,,retsu/oto-ru
亜,0,,sub-,,a
囲,0,,surround,,i/kako-mu/kako-u
壱,0,,"""one",,"(falsification prevention)"" ichi"
応,0,,respond,,ou/kota-eru
快,0,,cheerful,,kai/kokoroyo-i
戒,0,,commandment,,kai/imashi-meru
改,0,,reformation,,kai/arata-meru/arata-maru
完,0,,perfect,,kan
含,0,,include,,gan/fuku-mu/fuku-meru
岐,0,,"""branch",,"off"" ki"
希,0,,hope,,ki
忌,0,,mourning,,ki/i-mu/i-mawashii
汽,0,,steam,,ki
却,0,,instead,,kyaku
求,0,,request,,kyuu/moto-meru
究,0,,research,,kyuu/kiwa-meru
均,0,,level,,kin
吟,0,,versify,,gin
串,0,,skewer,,kushi
芸,0,,art,,gei
迎,0,,welcome,,gei/muka-eru
決,0,,decide,,ketsu/ki-meru/ki-maru
呉,0,,give,,go
坑,0,,pit,,kou
孝,0,,"""filial",,"piety"" kou"
攻,0,,aggression,,kou/se-meru
更,0,,"""grow",,"late"" kou/sara/fu-keru/fu-kasu"
克,0,,overcome,,koku
告,0,,tell,,koku/tsu-geru
困,0,,"""become",,"distressed"" kon/koma-ru"
佐,0,,help,,sa
沙,0,,sand,,sa
災,0,,disaster,,sai/wazawa-i
材,0,,lumber,,zai
伺,0,,"""pay",,"respects"" shi/ukaga-u"
志,0,,intention,,shi/kokoroza-su/kokorozashi
寿,0,,longevity,,ju/kotobuki
秀,0,,excel,,shuu/hii-deru
住,0,,dwelling,,juu/su-mu/su-mau
序,0,,preface,,jo
抄,0,,extract,,shou
肖,0,,resemblance,,shou
伸,0,,lengthen,,shin/no-biru/no-basu/no-beru
臣,0,,retainer,,shin/jin
芯,0,,core,,shin
辛,0,,spicy,,shin/kara-i
吹,0,,blow,,sui/fu-ku
杉,0,,cedar,,sugi
折,0,,fold,,setsu/o-ru/ori/o-reru
走,0,,run,,sou/hashi-ru
汰,0,,luxury,,ta
妥,0,,gentle,,da
択,0,,choose,,taku
沢,0,,swamp,,taku/sawa
但,0,,however,,tada-shi
沈,0,,sink,,chin/shizu-mu/shizu-meru
呈,0,,display,,tei
廷,0,,courts,,tei
努,0,,toil,,do/tsuto-meru
投,0,,throw,,tou/na-geru
那,0,,what,,na
尿,0,,urine,,nyou
妊,0,,pregnancy,,nin
忍,0,,endure,,nin/shino-bu/shino-baseru
把,0,,grasp,,ha
売,0,,sell,,bai/u-ru/u-reru
伯,0,,chief,,haku
抜,0,,"""slip",,"out"" batsu/nu-ku/nu-keru/nu-kasu/nu-karu"
伴,0,,consort,,han/ban/tomona-u
判,0,,judge,,han/ban
坂,0,,slope,,han/saka
阪,0,,heights,,han
批,0,,criticism,,hi
尾,0,,tail,,bi/o
肘,0,,elbow,,hiji
扶,0,,aid,,fu
返,0,,return,,hen/kae-su/kae-ru
芳,0,,perfume,,hou/kanba-shii
邦,0,,"""home",,"country"" hou"
妨,0,,disturb,,bou/samata-geru
忘,0,,forget,,bou/wasu-reru
防,0,,prevent,,bou/fuse-gu
冶,0,,melting,,ya
妖,0,,bewitching,,you/aya-shii
抑,0,,repress,,yoku/osa-eru
沃,0,,fertility,,yoku
乱,0,,riot,,ran/mida-reru/mida-su
利,0,,profit,,ri/ki-ku
冷,0,,cool,,rei/tsume-tai/hi-eru/hi-ya/hi-yasu/hi-yakasu/sa-meru/sa-masu
励,0,,encourage,,rei/hage-mu/hage-masu
戻,0,,re-,,rei/modo-su/modo-ru
呂,0,,spine,,ro
労,0,,labour,,rou
弄,0,,"""tamper",,"with"" rou/moteaso-bu"
依,0,,reliant,,i
委,0,,committee,,i/yuda-neru
育,0,,nurture,,iku/soda-tsu/soda-teru/haguku-mu
泳,0,,swim,,ei/oyo-gu
英,0,,england,,ei
易,0,,easy,,eki/i/yasa-shii
延,0,,prolong,,en/no-biru/no-beru/no-basu
沿,0,,"""run",,"alongside"" en/so-u"
往,0,,"""outward",,"journey"" ou"
押,0,,push,,ou/o-su/o-saeru
旺,0,,flourishing,,ou
欧,0,,Europe,,ou
殴,0,,assault,,ou/nagu-ru
岡,0,,hill,,oka
佳,0,,excellent,,ka
価,0,,value,,ka/atai
果,0,,fruit,,ka/ha-tasu/ha-teru/ha-te
苛,0,,torment,,ka
芽,0,,bud,,ga/me
怪,0,,suspicious,,kai/aya-shii/aya-shimu
拐,0,,kidnap,,kai
劾,0,,censure,,gai
拡,0,,broaden,,kaku
岳,0,,point,,gaku/take
玩,0,,"""trifle",,"with"" gan"
奇,0,,strange,,ki
祈,0,,pray,,ki/ino-ru
季,0,,seasons,,ki
宜,0,,"""best",,"regards"" gi"
泣,0,,cry,,kyuu/na-ku
拒,0,,repel,,kyo/koba-mu
拠,0,,foothold,,kyo/ko
京,0,,capital,,kyou/kei
享,0,,receive,,kyou
協,0,,cooperation,,kyou
況,0,,condition,,kyou
苦,0,,suffer,,ku/kuru-shii/kuru-shimu/kuru-shimeru/niga-i/niga-ru
屈,0,,yield,,kutsu
径,0,,diameter,,kei
茎,0,,stalk,,kei/kuki
呼,0,,call,,ko/yo-bu
固,0,,hard,,ko/kata-meru/kata-maru/kata-i
股,0,,crotch,,ko/mata
効,0,,effect,,kou/ki-ku
幸,0,,happiness,,kou/saiwa-i/sachi/shiawa-se
拘,0,,arrest,,kou
肯,0,,agreement,,kou
刻,0,,engrave,,koku/kiza-mu
采,0,,form,,sai
刷,0,,printing,,satsu/su-ru
刹,0,,temple,,satsu/setsu
参,0,,participate,,san/mai-ru
使,0,,use,,shi/tsuka-u
刺,0,,thorn,,shi/sa-su/sa-saru
始,0,,begin,,shi/haji-meru/haji-maru
祉,0,,welfare,,shi
治,0,,govern,,ji/chi/osa-meru/osa-maru/nao-ru/nao-su
舎,0,,cottage,,sha
邪,0,,wicked,,ja
取,0,,take,,shu/to-ru
受,0,,accept,,ju/u-keru/u-karu
呪,0,,curse,,ju/noro-u
宗,0,,religion,,shuu/sou
叔,0,,uncle,,shuku
述,0,,mention,,jutsu/no-beru
尚,0,,esteem,,shou
招,0,,beckon,,shou/mane-ku
承,0,,acquiesce,,shou/uketamawa-ru
昇,0,,"""rise",,"up"" shou/nobo-ru"
松,0,,pine,,shou/matsu
沼,0,,marsh,,shou/numa
垂,0,,droop,,sui/ta-reru/ta-rasu
炊,0,,cook,,sui/ta-ku
枢,0,,hinge,,suu
姓,0,,surname,,sei/shou
征,0,,subjugate,,sei
斉,0,,adjusted,,sei
析,0,,chop,,seki
拙,0,,bungling,,setsu/tsutana-i
狙,0,,"""aim",,"at"" so/near-u"
阻,0,,thwart,,so/haba-mu
卒,0,,graduate,,sotsu
卓,0,,eminent,,taku
拓,0,,"""clear",,"(the land)"" taku"
担,0,,shouldering,,tan/katsu-gu/nina-u
知,0,,know,,chi/shi-ru
宙,0,,mid-air,,chuu
忠,0,,loyalty,,chuu
抽,0,,pluck,,chuu
注,0,,pour,,chuu/soso-gu
坪,0,,"""two-mat",,"area"" tsubo"
定,0,,decide,,tei/jou/sada-meru/sada-maru/sada-ka
抵,0,,resist,,tei
邸,0,,residence,,tei
迭,0,,transfer,,tetsu
典,0,,code,,ten
妬,0,,jealousy,,to/neta-mu
奈,0,,what,,na
拝,0,,worship,,hai/oga-mu
拍,0,,clap,,haku
泊,0,,overnight,,haku/to-maru/to-meru
迫,0,,urge,,haku/sema-ru
披,0,,expose,,hi
肥,0,,fertilizer,,hi/ko-eru/koe/ko-yasu/ko-yashi
泌,0,,ooze,,hitsu/hi
苗,0,,seedling,,byou/nae
府,0,,"""urban",,"prefecture"" fu"
阜,0,,mound,,fu
附,0,,affixed,,fu
侮,0,,scorn,,bu/anado-ru
沸,0,,seethe,,futsu/wa-ku/wa-kasu
併,0,,join,,hei/awa-seru
奉,0,,observance,,hou/tatematsu-ru
抱,0,,embrace,,hou/da-ku/ida-ku/kaka-eru
放,0,,release,,hou/hana-su/hana-tsu/hana-reru/hou-ru
肪,0,,obese,,bou
牧,0,,breed,,boku/maki
奔,0,,bustle,,hon
抹,0,,rub,,matsu
岬,0,,headland,,misaki
明,0,,bright,,mei/myou/a-kari/aka-rui/aka-rumu/aka-ramu/aki-raka/a-keru/a-ku/a-kuru/a-kasu
免,0,,excuse,,men/manuka-reru
茂,0,,overgrown,,mo/shige-ru
盲,0,,blind,,mou
弥,0,,"""all",,"the more"" ya"
拉,0,,crush,,ra
林,0,,woods,,rin/hayashi
和,0,,peace,,wa/yawa-ragu/yawa-rageru/nago-mu/nago-yaka
枠,0,,frame,,waku
哀,0,,pathetic,,ai/awa-re/awa-remu
威,0,,intimidate,,i
畏,0,,fear,,i/oso-reru
茨,0,,thorn,,ibara
咽,0,,throat,,in
姻,0,,matrimony,,in
映,0,,reflect,,ei/utsu-ru/utsu-su/ha-eru
栄,0,,prosperity,,ei/saka-eru/ha-e/ha-eru
疫,0,,epidemic,,eki
怨,0,,grudge,,en/on
卸,0,,wholesale,,oro-su/oroshi
架,0,,rack,,ka/ka-keru/ka-karu
悔,0,,repent,,kai/ku-iru/ku-yamu/kuya-shii
垣,0,,hedge,,kaki
柿,0,,persimmon,,kaki
革,0,,leather,,kaku/kawa
括,0,,fasten,,katsu
活,0,,active,,katsu
冠,0,,crown,,kan/kanmuri
巻,0,,scroll,,kan/ma-ku/maki
紀,0,,chronicle,,ki
軌,0,,rut,,ki
虐,0,,tyrannize,,gyaku/shiita-geru
糾,0,,twist,,kyuu
峡,0,,gorge,,kyou
挟,0,,pinch,,kyou/hasa-mu/hasa-maru
狭,0,,cramped,,kyou/sema-i/seba-meru/seba-maru
契,0,,pledge,,kei/chigi-ru
建,0,,build,,ken/ta-teru/ta-tsu
研,0,,sharpen,,ken/to-gu
県,0,,prefecture,,ken
孤,0,,orphan,,ko
弧,0,,arc,,ko
枯,0,,wither,,ko/ka-reru/ka-rasu
侯,0,,marquis,,kou
厚,0,,thick,,kou/atsu-i
恒,0,,constancy,,kou
洪,0,,deluge,,kou
皇,0,,emperor,,kou/ou
紅,0,,"""deep",,"red"" kou/beni/kurenai"
荒,0,,"""laid",,"waste"" kou/ara-i/a-reru/a-rasu"
郊,0,,outskirts,,kou
香,0,,incense,,kou/ka/kao-ri/kao-ru
拷,0,,torture,,gou
恨,0,,rancor,,kon/ura-mu/ura-meshii
査,0,,investigate,,sa
砕,0,,smash,,sai/kuda-ku/kuda-keru
削,0,,plane,,saku/kezu-ru
昨,0,,previous,,saku
咲,0,,blossom,,sa-ku
拶,0,,"""be",,"imminent"" satsu"
思,0,,think,,shi/omo-u
施,0,,"""carry",,"out"" shi/se/hodoko-su"
持,0,,hold,,ji/mo-tsu
拾,0,,"""pick",,"up"" shuu/jū/hiro-u"
臭,0,,stinking,,shuu/kusa-i/nio-u
柔,0,,tender,,juu/nyū/yawa-raka/yawa-rakai
祝,0,,celebrate,,shuku/iwa-u
俊,0,,genius,,shun
叙,0,,confer,,jo
昭,0,,shining,,shou
乗,0,,ride,,jou/no-ru/no-seru
浄,0,,clean,,jou
拭,0,,wipe,,shoku/fu-ku/nugu-u
侵,0,,encroach,,shin/oka-su
信,0,,trust,,shin
津,0,,haven,,shin/tsu
甚,0,,tremendously,,jin/hanaha-da/hanaha-dashii
帥,0,,commander,,sui
政,0,,politics,,sei/matsurigoto
牲,0,,"""animal",,"sacrifice"" sei"
窃,0,,stealth,,setsu
宣,0,,proclaim,,sen
専,0,,specialty,,sen/moppa-ra
浅,0,,shallow,,sen/asa-i
洗,0,,wash,,sen/ara-u
染,0,,dye,,sen/so-meru/so-maru/shi-miru/shi-mi
祖,0,,ancestor,,so
奏,0,,"""play",,"music"" sou/kana-deru"
荘,0,,villa,,sou
送,0,,send,,sou/oku-ru
促,0,,stimulate,,soku/unaga-su
則,0,,rule,,soku
俗,0,,vulgar,,zoku
耐,0,,resistant,,tai/ta-eru
怠,0,,neglect,,tai/okota-ru/nama-keru
胎,0,,womb,,tai
単,0,,simple,,tan
炭,0,,charcoal,,tan/sumi
胆,0,,"""gall",,"bladder"" tan"
段,0,,steps,,dan
挑,0,,challenge,,chou/ido-mu
勅,0,,"""imperial",,"order"" choku"
珍,0,,rare,,chin/mezura-shii
追,0,,follow,,tsui/o-u
亭,0,,pavilion,,tei
貞,0,,upright,,tei
帝,0,,sovereign,,tei
訂,0,,revise,,tei
怒,0,,angry,,do/ika-ru/oko-ru
逃,0,,escape,,tou/ni-geru/ni-gasu/noga-su/noga-reru
洞,0,,den,,dou/hora
峠,0,,"""mountain",,"peak"" touge"
独,0,,alone,,doku/hito-ri
栃,0,,"""horse",,"chestnut"" tochi"
卑,0,,lowly,,hi/iya-shii/iya-shimu/iya-shimeru
飛,0,,fly,,hi/to-bu/to-basu
眉,0,,eyebrow,,bi/mayu
訃,0,,obituary,,fu
負,0,,lose,,fu/ma-keru/ma-kasu/o-u
赴,0,,proceed,,fu/omomu-ku
封,0,,seal,,fuu/hou
保,0,,preserve,,ho/tamo-tsu
胞,0,,placenta,,hou
某,0,,so-and-so,,bou
冒,0,,risk,,bou/oka-su
勃,0,,rise,,botsu
盆,0,,basin,,bon
昧,0,,foolish,,mai
迷,0,,astray,,mei/mayo-u
勇,0,,courage,,yuu/isa-mu
幽,0,,seclude,,yuu
律,0,,law,,ritsu
柳,0,,willow,,ryuu/yanagi
侶,0,,companion,,ryo
厘,0,,thousandth,,rin
郎,0,,son,,rou
挨,0,,"""push",,"open"" ai"
唄,0,,song,,uta/bai
畝,0,,furrow,,une
浦,0,,bay,,ura
益,0,,benefit,,eki
悦,0,,ecstasy,,etsu
桜,0,,"""cherry",,"tree"" ou/sakura"
翁,0,,"""venerable",,"old man"" ou"
華,0,,splendor,,ka/hana
蚊,0,,mosquito,,ka
格,0,,status,,kaku
釜,0,,kettle,,kama
陥,0,,collapse,,kan/ochii-ru/otoshii-reru
既,0,,previously,,ki/sude-ni
記,0,,"""write",,"down"" ki/shiru-su"
起,0,,"""wake",,"up"" ki/o-kiru/o-koru/o-kosu"
飢,0,,hungry,,ki/u-eru
帰,0,,return,,ki/kae-ru/kae-su
宮,0,,"""Shinto",,"shrine"" kyuu/gū/miya"
挙,0,,raise,,kyo/a-geru/a-garu
恭,0,,respect,,kyou/uyauya-shii
脅,0,,threaten,,kyou/obiya-kasu/odo-su/odo-kasu
訓,0,,instruction,,kun
恵,0,,favor,,kei/e/megu-mu
倹,0,,frugal,,ken
兼,0,,concurrently,,ken/ka-neru
娯,0,,recreation,,go
悟,0,,enlightenment,,go/sato-ru
候,0,,climate,,kou/sourou
耕,0,,till,,kou/tagaya-su
航,0,,cruise,,kou
貢,0,,tribute,,kou/mitsu-gu
降,0,,descend,,kou/o-riru/o-rosu/fu-ru
剛,0,,sturdy,,gou
唆,0,,tempt,,sa/sosonoka-su
挫,0,,sprain,,za
宰,0,,superintend,,sai
栽,0,,plantation,,sai
財,0,,wealth,,zai
索,0,,cord,,saku
殺,0,,kill,,satsu/koro-su
桟,0,,scaffold,,san
蚕,0,,silkworm,,san/kaiko
残,0,,remainder,,zan/noko-ru/noko-su
恣,0,,selfish,,shi
脂,0,,fat,,shi/abura
疾,0,,rapidly,,shitsu
借,0,,borrow,,shaku/ka-riru
酌,0,,bartending,,shaku/ku-mu
殊,0,,particularly,,shu/koto
珠,0,,pearl,,shu
修,0,,discipline,,shuu/osa-meru/osa-maru
袖,0,,sleeve,,shuu/sode
従,0,,obey,,juu/shitaga-u/shitaga-eru
准,0,,quasi-,,jun
殉,0,,martyrdom,,jun
純,0,,genuine,,jun
徐,0,,gradually,,jo
除,0,,exclude,,jo/nozo-ku
宵,0,,"""wee",,"hours"" shou/yoi"
将,0,,leader,,shou
消,0,,extinguish,,shou/ki-eru/ke-su
祥,0,,auspicious,,shou
称,0,,appellation,,shou
辱,0,,embarrass,,joku/hazukashi-meru
娠,0,,"""with",,"child"" shin"
振,0,,shake,,shin/fu-ru/fu-ruu/fu-reru
浸,0,,immersed,,shin/hita-su/hita-ru
粋,0,,chic,,sui/iki
衰,0,,decline,,sui/otoro-eru
凄,0,,uncanny,,sei
逝,0,,departed,,sei/yu-ku/i-ku
脊,0,,stature,,seki
扇,0,,fan,,sen/ougi
栓,0,,plug,,sen
租,0,,tariff,,so
素,0,,elementary,,so/su
倉,0,,warehouse,,sou/kura
捜,0,,search,,sou/saga-su
挿,0,,insert,,sou/sa-su
桑,0,,mulberry,,sou/kuwa
造,0,,create,,zou/tsuku-ru
捉,0,,capture,,soku/tora-eru
泰,0,,peaceful,,tai
託,0,,consign,,taku
致,0,,"""(to)",,"do"" chi/ita-su"
畜,0,,livestock,,chiku
逐,0,,pursue,,chiku
秩,0,,regularity,,chitsu
衷,0,,inmost,,chuu
酎,0,,sake,,chuu
捗,0,,"""make",,"progress"" choku"
朕,0,,"""majestic",,"plural"" chin"
逓,0,,relay,,tei
哲,0,,philosophy,,tetsu
展,0,,expand,,ten
途,0,,route,,to
倒,0,,overthrow,,tou/tao-reru/tao-su
凍,0,,frozen,,tou/koo-ru/kogo-eru
唐,0,,T'ang,,tou/kara
討,0,,chastise,,tou/u-tsu
透,0,,transparent,,tou/su-ku/su-kasu/su-keru
胴,0,,trunk,,dou
匿,0,,hide,,toku
悩,0,,trouble,,nou/naya-mu/naya-masu
納,0,,settlement,,nou/osa-meru/osa-maru
破,0,,rend,,ha/yabu-ru/yabu-reru
俳,0,,haiku,,hai
配,0,,distribute,,hai/kuba-ru
梅,0,,"""ume",,"(Japanese apricot)"" bai/ume"
剝,0,,peel,,haku/ha-gasu/ha-gu/ha-gareru/ha-geru
畔,0,,paddy-ridge,,han
般,0,,generally,,han
疲,0,,exhausted,,hi/tsuka-reru
秘,0,,secret,,hi/hi-meru
俵,0,,bag,,hyou/tawara
浜,0,,seacoast,,hin/hama
敏,0,,cleverness,,bin
浮,0,,floating,,fu/u-ku/u-kareru/u-kabu/u-kaberu
紛,0,,distract,,fun/magi-reru/magi-rasu/magi-rawasu/magi-rawashii
陛,0,,highness,,hei
勉,0,,exertion,,ben
哺,0,,suckle,,ho
捕,0,,catch,,ho/to-raeru/to-rawareru/to-ru/tsuka-maeru/tsuka-maru
俸,0,,salary,,hou
倣,0,,emulate,,hou/nara-u
峰,0,,summit,,hou/mine
剖,0,,divide,,bou
紡,0,,spinning,,bou/tsumu-gu
埋,0,,bury,,mai/u-meru/u-maru/u-moreru
眠,0,,sleep,,min/nemu-ru/nemu-i
冥,0,,dark,,mei/myou
耗,0,,decrease,,mou
紋,0,,"""family",,"crest"" mon"
容,0,,contain,,you
浴,0,,bathe,,yoku/a-biru/a-biseru
留,0,,detain,,ryuu/to-meru/to-maru
倫,0,,ethics,,rin
烈,0,,ardent,,retsu
連,0,,"""take",,"along"" ren/tsura-naru/tsura-neru/tsu-reru"
朗,0,,melodious,,rou/hoga-raka
浪,0,,wandering,,rou
尉,0,,"""military",,"officer"" i"
移,0,,shift,,i/utsu-ru/utsu-su
萎,0,,wither,,i/na-eru
域,0,,range,,iki
逸,0,,deviate,,itsu
淫,0,,lewdness,,in/mida-ra
菓,0,,confectionery,,ka
貨,0,,freight,,ka
械,0,,contraption,,kai
涯,0,,horizon,,gai
郭,0,,enclosure,,kaku
掛,0,,hang,,ka-keru/ka-karu/kakari
喝,0,,hoarse,,katsu
渇,0,,thirst,,katsu/kawa-ku
乾,0,,dry,,kan/kawa-ku/kawa-kasu
患,0,,afflicted,,kan/wazura-u
貫,0,,pierce,,kan/tsuranu-ku
寄,0,,approach,,ki/yo-ru/yo-seru
規,0,,rule,,ki
亀,0,,turtle,,ki/kame
菊,0,,chrysanthemum,,kiku
救,0,,salvation,,kyuu/suku-u
虚,0,,void,,kyo
郷,0,,"""home",,"town"" kyou/gou"
惧,0,,dread,,gu
偶,0,,accidentally,,guu
掘,0,,dig,,kutsu/ho-ru
啓,0,,disclose,,kei
掲,0,,"""put",,"up (a notice)"" kei/kaka-geru"
渓,0,,"""mountain",,"stream"" kei"
蛍,0,,lightning-bug,,kei/hotaru
険,0,,precipitous,,ken/kewa-shii
舷,0,,gunwale,,gen
康,0,,health,,kou
控,0,,withdraw,,kou/hika-eru
梗,0,,"""close",,"up"" kou"
婚,0,,marriage,,kon
混,0,,mix,,kon/ma-jiru/ma-zaru/ma-zeru/ko-mu
紺,0,,"""dark",,"blue"" kon"
採,0,,pick,,sai/to-ru
斎,0,,purification,,sai
細,0,,thin,,sai/hoso-i/hoso-ru/koma-ka/koma-kai
菜,0,,vegetable,,sai/na
埼,0,,"""cape",,"(geography)"" sai"
崎,0,,promontory,,saki
惨,0,,wretched,,san/zan/miji-me
斬,0,,"""kill",,"by slicing"" zan/ki-ru"
執,0,,tenacious,,shitsu/shuu/to-ru
捨,0,,"""throw",,"away"" sha/su-teru"
赦,0,,pardon,,sha
斜,0,,diagonal,,sha/nana-me
釈,0,,explanation,,shaku
寂,0,,loneliness,,jaku/sabi/sabi-shii/sabi-reru
授,0,,instruct,,ju/sazu-keru/sazu-karu
終,0,,end,,shuu/o-waru/o-eru
羞,0,,"""feel",,"ashamed"" shuu"
習,0,,learn,,shuu/nara-u
渋,0,,astringent,,juu/shibu/shibu-i/shibu-ru
淑,0,,graceful,,shuku
粛,0,,solemn,,shuku
庶,0,,commoner,,sho
唱,0,,chant,,shou/tona-eru
商,0,,sell,,shou/akina-u
渉,0,,ford,,shou
紹,0,,introduce,,shou
訟,0,,sue,,shou
剰,0,,surplus,,jou
紳,0,,sire,,shin
進,0,,advance,,shin/susu-mu/susu-meru
推,0,,infer,,sui/o-su
酔,0,,drunk,,sui/yo-u
崇,0,,adore,,suu
据,0,,set,,su-eru/su-waru
清,0,,pure,,sei/kiyo-i/kiyo-maru/kiyo-meru
盛,0,,prosper,,sei/mo-ru/saka-ru/saka-n
惜,0,,pity,,seki/o-shii/o-shimu
戚,0,,grieve,,seki
責,0,,blame,,seki/se-meru
接,0,,contact,,setsu/tsu-gu
設,0,,establish,,setsu/mou-keru
旋,0,,rotation,,sen
措,0,,"""set",,"aside"" so"
粗,0,,coarse,,so/ara-i
掃,0,,sweep,,sou/ha-ku
曹,0,,cadet,,sou
曽,0,,formerly,,sou
堆,0,,"""piled",,"high"" tai"
逮,0,,apprehend,,tai
脱,0,,undress,,datsu/nu-gu/nu-geru
探,0,,grope,,tan/sagu-ru/saga-su
淡,0,,thin,,tan/awa-i
断,0,,"""cut",,"off"" dan/ta-tsu/kotowa-ru"
窒,0,,"""plug",,"up"" chitsu"
著,0,,renowned,,cho/arawa-su/ichijiru-shii
張,0,,stretch,,chou/ha-ru
彫,0,,carve,,chou/ho-ru
眺,0,,stare,,chou/naga-meru
釣,0,,angling,,chou/tsu-ru
頂,0,,"""place",,"on the head"" chou/itada-ku/itadaki"
陳,0,,exhibit,,chin
停,0,,halt,,tei
偵,0,,spy,,tei
添,0,,annexed,,ten/so-eru/so-u
転,0,,revolve,,ten/koro-garu/koro-geru/koro-gasu/koro-bu
悼,0,,lament,,tou/ita-mu
盗,0,,steal,,tou/nusu-mu
陶,0,,pottery,,tou
動,0,,move,,dou/ugo-ku/ugo-kasu
貪,0,,covet,,don/musabo-ru
梨,0,,"""pear",,"tree"" nashi"
軟,0,,soft,,nan/yawa-raka/yawa-rakai
捻,0,,twist,,nen/hine-ru
粘,0,,sticky,,nen/neba-ru
排,0,,repudiate,,hai
敗,0,,failure,,hai/yabu-reru
培,0,,cultivate,,bai/tsuchika-u
陪,0,,obeisance,,bai
舶,0,,liner,,haku
販,0,,marketing,,han
描,0,,sketch,,byou/ega-ku/ka-ku
貧,0,,poor,,hin/bin/mazu-shii
符,0,,token,,fu
閉,0,,closed,,hei/to-jiru/to-zasu/shi-meru/shi-maru
偏,0,,partial,,hen/katayo-ru
崩,0,,crumble,,hou/kuzu-reru/kuzu-su
訪,0,,visit,,hou/otozu-reru/tazu-neru
望,0,,hope,,bou/mou/nozo-mu
堀,0,,ditch,,hori
麻,0,,hemp,,ma/asa
密,0,,secrecy,,mitsu
務,0,,duty,,mu/tsuto-meru/tsuto-maru
猛,0,,fierce,,mou
問,0,,question,,mon/to-u/to-i
悠,0,,permanence,,yuu
郵,0,,mail,,yuu
庸,0,,commonplace,,you
翌,0,,"""the",,"following"" yoku"
略,0,,abbreviation,,ryaku
粒,0,,grains,,ryuu/tsubu
隆,0,,hump,,ryuu
涼,0,,refreshing,,ryou/suzu-shii/suzu-mu
猟,0,,game-hunting,,ryou
陵,0,,mausoleum,,ryou/misasagi
累,0,,accumulate,,rui
握,0,,grip,,aku/nigi-ru
椅,0,,chair,,i
飲,0,,drink,,in/no-mu
営,0,,manage,,ei/itona-mu
詠,0,,recitation,,ei/yo-mu
越,0,,"""cross",,"over"" etsu/ko-su/ko-eru"
媛,0,,princess,,en
援,0,,aid,,en
温,0,,warm,,on/atata-ka/atata-kai/atata-maru/atata-meru
渦,0,,whirlpool,,ka/uzu
賀,0,,congratulations,,ga
開,0,,open,,kai/hira-ku/hira-keru/a-ku/a-keru
覚,0,,memorize,,kaku/obo-eru/sa-masu/sa-meru
葛,0,,arrowroot,,katsu/kuzu
喚,0,,yell,,kan
堪,0,,withstand,,kan/ta-eru
換,0,,interchange,,kan/ka-eru/ka-waru
敢,0,,daring,,kan
款,0,,goodwill,,kan
閑,0,,leisure,,kan
喜,0,,rejoice,,ki/yoroko-bu
揮,0,,brandish,,ki
棋,0,,"""chess",,"piece"" ki"
貴,0,,precious,,ki/tatto-i/touto-i/tatto-bu/touto-bu
欺,0,,deceit,,gi/azamu-ku
喫,0,,consume,,kitsu
給,0,,salary,,kyuu
距,0,,long-distance,,kyo
暁,0,,daybreak,,gyou/akatsuki
極,0,,poles,,kyoku/goku/kiwa-meru/kiwa-maru/kiwa-mi
勤,0,,diligence,,kin/tsuto-meru/tsuto-maru
琴,0,,harp,,kin/koto
遇,0,,interview,,guu
敬,0,,respect,,kei/uyama-u
景,0,,scenery,,kei
軽,0,,light,,kei/karu-i/karo-yaka
結,0,,tie,,ketsu/musu-bu/yu-u/yu-waeru
堅,0,,strict,,ken/kata-i
検,0,,examine,,ken
減,0,,decrease,,gen/he-ru/he-rasu
雇,0,,employ,,ko/yato-u
慌,0,,disconcerted,,kou/awa-teru/awa-tadashii
硬,0,,stiff,,kou/kata-i
絞,0,,strangle,,kou/shibo-ru/shi-meru/shi-maru
項,0,,paragraph,,kou
詐,0,,lie,,sa
裁,0,,judge,,sai/ta-tsu/saba-ku
酢,0,,vinegar,,saku/su
散,0,,scatter,,san/chi-ru/chi-rasu/chi-rakasu/chi-rakaru
詞,0,,poetry,,shi
滋,0,,nourishing,,ji
湿,0,,damp,,shitsu/shime-ru/shime-su
煮,0,,boil,,sha/ni-ru/ni-eru/ni-yasu
就,0,,concerning,,shuu/tsu-ku/tsu-keru
衆,0,,masses,,shuu
集,0,,collect,,shuu/atsu-maru/atsu-meru/tsudo-u
循,0,,sequential,,jun
掌,0,,manipulate,,shou
晶,0,,sparkle,,shou
焼,0,,bake,,shou/ya-ku/ya-keru
焦,0,,char,,shou/ko-geru/ko-gasu/ko-gareru/ase-ru
硝,0,,nitrate,,shou
粧,0,,cosmetics,,shou
詔,0,,"""imperial",,"edict"" shou/mikotonori"
畳,0,,"""tatami",,"mat"" jou/tata-mu/tatami"
植,0,,plant,,shoku/u-eru/u-waru
殖,0,,augment,,shoku/fu-eru/fu-yasu
尋,0,,inquire,,jin/tazu-neru
須,0,,"""by",,"all means"" su"
遂,0,,consummate,,sui/to-geru
随,0,,follow,,zui
婿,0,,bridegroom,,sei/muko
晴,0,,"""clear",,"up"" sei/ha-reru/ha-rasu"
税,0,,tax,,zei
然,0,,so,,zen/nen
疎,0,,alienate,,so/uto-i/uto-mu
訴,0,,sue,,so/utta-eru
創,0,,create,,sou/tsuku-ru
喪,0,,miss,,sou/mo
痩,0,,"""get",,"thin"" sou/ya-seru"
葬,0,,interment,,sou/houmu-ru
装,0,,attire,,sou/shou/yosoo-u
測,0,,fathom,,soku/haka-ru
属,0,,belong,,zoku
尊,0,,revered,,son/tatto-i/touto-i/tatto-bu/touto-bu
堕,0,,degenerate,,da
惰,0,,lazy,,da
替,0,,exchange,,tai/ka-eru/ka-waru
貯,0,,savings,,cho
貼,0,,paste,,chou/ha-ru
椎,0,,oak,,tsui
塚,0,,hillock,,tsuka
堤,0,,dike,,tei/tsutsumi
提,0,,present,,tei/sa-geru
渡,0,,transit,,to/wata-ru/wata-su
搭,0,,board,,tou
痘,0,,pox,,tou
登,0,,climb,,tou/to/nobo-ru
筒,0,,cylinder,,tou/tsutsu
統,0,,unite,,tou/su-beru
童,0,,juvenile,,dou/warabe
鈍,0,,dull,,don/nibu-i/nibu-ru
廃,0,,abolish,,hai/suta-reru/suta-ru
媒,0,,mediator,,bai
買,0,,buy,,bai/ka-u
博,0,,Dr.,,haku
斑,0,,blemish,,han
蛮,0,,barbarian,,ban
悲,0,,sad,,hi/kana-shii/kana-shimu
備,0,,provide,,bi/sona-eru/sona-waru
筆,0,,"""writing",,"brush"" hitsu/fude"
評,0,,evaluate,,hyou
普,0,,universal,,fu
復,0,,again,,fuku
雰,0,,atmosphere,,fun
塀,0,,fence,,hei
遍,0,,everywhere,,hen
募,0,,recruit,,bo/tsuno-ru
報,0,,report,,hou/muku-iru
帽,0,,cap,,bou
貿,0,,trade,,bou
満,0,,full,,man/mi-chiru/mi-tasu
喩,0,,metaphor,,yu
愉,0,,pleasure,,yu
湧,0,,boil,,yuu/wa-ku
猶,0,,furthermore,,yuu
裕,0,,abundant,,yuu
遊,0,,play,,yuu/aso-bu
雄,0,,male,,yuu/o/osu
揚,0,,hoist,,you/a-geru/a-garu
揺,0,,swing,,you/yu-reru/yu-ru/yu-ragu/yu-rugu/yu-suru/yu-saburu/yu-suburu
絡,0,,entwine,,raku/kara-mu/kara-maru/kara-meru
落,0,,fall,,raku/o-chiru/o-tosu
痢,0,,diarrhea,,ri
硫,0,,sulphur,,ryuu
塁,0,,bases,,rui
裂,0,,split,,retsu/sa-ku/sa-keru
廊,0,,corridor,,rou
惑,0,,beguile,,waku/mado-u
暗,0,,dark,,an/kura-i
彙,0,,"""same",,"kind"" i"
違,0,,differ,,i/chiga-u/chiga-eru
鉛,0,,lead,,en/namari
虞,0,,uneasiness,,osore
禍,0,,calamity,,ka
雅,0,,gracious,,ga
楷,0,,"""square",,"character style"" kai"
解,0,,untie,,kai/ge/to-ku/to-kasu/to-keru
慨,0,,rue,,gai
蓋,0,,cover,,gai/futa
該,0,,above-stated,,gai
較,0,,contrast,,kaku
隔,0,,isolate,,kaku/heda-teru/heda-taru
滑,0,,slippery,,katsu/kotsu/sube-ru/name-raka
褐,0,,brown,,katsu
勧,0,,persuade,,kan/susu-meru
寛,0,,tolerant,,kan
幹,0,,tree-trunk,,kan/miki
漢,0,,China,,kan
頑,0,,stubborn,,gan
棄,0,,abandon,,ki
毀,0,,destroy,,ki
義,0,,righteousness,,gi
詰,0,,packed,,kitsu/tsu-meru/tsu-maru/tsu-mu
嗅,0,,smell,,kyuu/ka-gu
僅,0,,"""a",,"wee bit"" kin/wazu-ka"
禁,0,,prohibition,,kin
愚,0,,foolish,,gu/oro-ka
窟,0,,cavern,,kutsu
傾,0,,lean,,kei/katamu-ku/katamu-keru
携,0,,portable,,kei/tazusa-eru/tazusa-waru
継,0,,inherit,,kei/tsu-gu
詣,0,,"""visit",,"a temple"" kei/mou-deru"
傑,0,,greatness,,ketsu
献,0,,offering,,ken
絹,0,,silk,,ken/kinu
遣,0,,dispatch,,ken/tsuka-u/tsuka-wasu
誇,0,,boast,,ko/hoko-ru
鼓,0,,drum,,ko/tsuzumi
碁,0,,Go,,go
鉱,0,,mineral,,kou
傲,0,,"""be",,"proud"" gou"
債,0,,bond,,sai
催,0,,sponsor,,sai/moyoo-su
塞,0,,obstruct,,sai/soku/fusa-gu/fusa-garu
載,0,,ride,,sai/no-seru/no-ru
搾,0,,squeeze,,saku/shibo-ru
嗣,0,,heir,,shi
試,0,,test,,shi/kokoro-miru/tame-su
資,0,,resources,,shi
飼,0,,domesticate,,shi/ka-u
慈,0,,mercy,,ji/itsuku-shimu
辞,0,,resign,,ji/ya-meru
嫉,0,,envy,,shitsu
腫,0,,tumor,,shu/ha-reru/ha-rasu
愁,0,,distress,,shuu/ure-eru/ure-i
酬,0,,repay,,shuu
準,0,,standard,,jun
奨,0,,exhort,,shou
照,0,,illuminate,,shou/te-ru/te-rasu/te-reru
詳,0,,detailed,,shou/kuwa-shii
蒸,0,,steam,,jou/mu-su/mu-reru/mu-rasu
飾,0,,decorate,,shoku/kaza-ru
触,0,,contact,,shoku/fu-reru/sawa-ru
腎,0,,kidney,,jin
睡,0,,drowsy,,sui
裾,0,,cuff,,suso
勢,0,,power,,sei/ikio-i
摂,0,,vicarious,,setsu
煎,0,,broil,,sen/i-ru
羨,0,,envy,,sen/uraya-mu/uraya-mashii
腺,0,,gland,,sen
詮,0,,discussion,,sen
践,0,,tread,,sen
禅,0,,Zen,,zen
塑,0,,model,,so
僧,0,,"""Buddhist",,"priest"" sou"
賊,0,,burglar,,zoku
続,0,,continue,,zoku/tsuzu-ku/tsuzu-keru
滞,0,,stagnate,,tai/todokoo-ru
嘆,0,,sigh,,tan/nage-ku/nage-kawashii
暖,0,,warmth,,dan/atata-ka/atata-kai/atata-maru/atata-meru
痴,0,,stupid,,chi
稚,0,,immature,,chi
置,0,,put,,chi/o-ku
蓄,0,,amass,,chiku/takuwa-eru
跳,0,,hop,,chou/ha-neru/to-bu
賃,0,,fare,,chin
溺,0,,drown,,deki/obo-reru
塡,0,,"""fill",,"in"" ten"
塗,0,,paint,,to/nu-ru
働,0,,work,,dou/hatara-ku
督,0,,coach,,toku
頓,0,,suddenly,,ton
農,0,,farming,,nou
漠,0,,vague,,baku
鉢,0,,bowl,,hachi
搬,0,,conveyor,,han
煩,0,,anxiety,,han/wazura-u/wazura-wasu
頒,0,,partition,,han
福,0,,luck,,fuku
豊,0,,bountiful,,hou/yuta-ka
飽,0,,sated,,hou/a-kiru/a-kasu
睦,0,,harmonious,,boku
盟,0,,alliance,,mei
滅,0,,destroy,,metsu/horo-biru/horo-bosu
誉,0,,reputation,,yo/homa-re
預,0,,deposit,,yo/azu-keru/azu-karu
溶,0,,melt,,you/to-keru/to-kasu/to-ku
酪,0,,"""dairy",,"products"" raku"
慄,0,,fear,,ritsu
虜,0,,captive,,ryo
零,0,,zero,,rei
賂,0,,bribe,,ro
楼,0,,watchtower,,rou
賄,0,,bribe,,wai/makana-u
維,0,,fiber,,i
隠,0,,conceal,,in/kaku-su/kaku-reru
演,0,,perform,,en
寡,0,,widow,,ka
箇,0,,"""counters",,"for things"" ka"
概,0,,outline,,gai
閣,0,,tall,,kaku
慣,0,,accustomed,,kan/na-reru/na-rasu
関,0,,related,,kan/seki/kaka-waru
疑,0,,doubt,,gi/utaga-u
漁,0,,fishing,,gyo/ryou
境,0,,boundary,,kyou/sakai
駆,0,,drive,,ku/ka-keru/ka-ru
誤,0,,mistake,,go/ayama-ru
構,0,,construct,,kou/kama-eru/kama-u
綱,0,,hawser,,kou/tsuna
酵,0,,fermentation,,kou
豪,0,,overpowering,,gou
穀,0,,cereals,,koku
酷,0,,cruel,,koku
獄,0,,prison,,goku
察,0,,guess,,satsu
雑,0,,miscellaneous,,zatsu/zou
算,0,,calculate,,san
雌,0,,feminine,,shi/me/mesu
磁,0,,magnet,,ji
漆,0,,lacquer,,shitsu/urushi
遮,0,,intercept,,sha/saegi-ru
需,0,,demand,,ju
塾,0,,"""cram",,"school"" juku"
緒,0,,thong,,sho/o
彰,0,,patent,,shou
障,0,,hurt,,shou/sawa-ru
誓,0,,vow,,sei/chika-u
静,0,,quiet,,sei/shizu/shizu-ka/shizu-maru/shizu-meru
銭,0,,coin,,sen/zeni
漸,0,,steadily,,zen
遡,0,,"""go",,"upstream"" so/sakanobo-ru"
遭,0,,encounter,,sou/a-u
増,0,,increase,,zou/ma-su/fu-eru/fu-yasu
憎,0,,hate,,zou/niku-mu/niku-i/niku-rashii/niku-shimi
遜,0,,humble,,son
駄,0,,burdensome,,da
態,0,,condition,,tai
奪,0,,rob,,datsu/uba-u
綻,0,,rip,,tan/hokoro-biru
嫡,0,,"""legitimate",,"wife"" chaku"
徴,0,,indications,,chou
漬,0,,pickling,,tsu-keru/tsu-karu
摘,0,,pinch,,teki/tsu-mu
適,0,,suitable,,teki
稲,0,,"""rice",,"plant"" tou/ine"
銅,0,,copper,,dou
徳,0,,benevolence,,toku
読,0,,read,,doku/toku/yo-mu
認,0,,recognize,,nin/mito-meru
寧,0,,rather,,nei
閥,0,,clique,,batsu
碑,0,,tombstone,,hi
漂,0,,drift,,hyou/tadayo-u
腐,0,,rot,,fu/kusa-ru/kusa-reru/kusa-rasu
複,0,,duplicate,,fuku
聞,0,,hear,,bun/mon/ki-ku/ki-koeru
蔑,0,,ignore,,betsu/sagesu-mu
慕,0,,pining,,bo/shita-u
暮,0,,livelihood,,bo/ku-reru/ku-rasu
貌,0,,appearance,,bou
墨,0,,"""black",,"ink"" boku/sumi"
膜,0,,membrane,,maku
慢,0,,ridicule,,man
漫,0,,cartoon,,man
蜜,0,,honey,,mitsu
銘,0,,inscription,,mei
鳴,0,,chirp,,mei/na-ku/na-ru/na-rasu
綿,0,,cotton,,men/wata
誘,0,,entice,,yuu/saso-u
瘍,0,,"""boil",,"(medical)"" you"
踊,0,,jump,,you/odo-ru/odo-ri
辣,0,,bitter,,ratsu
僚,0,,colleague,,ryou
領,0,,territory,,ryou
瑠,0,,"""lapis",,"lazuli"" ru"
暦,0,,calendar,,reki/koyomi
練,0,,practice,,ren/ne-ru
漏,0,,leak,,rou/mo-ru/mo-reru/mo-rasu
慰,0,,consolation,,i/nagusa-meru/nagusa-mu
遺,0,,bequeath,,i
鋭,0,,pointed,,ei/surudo-i
謁,0,,audience,,etsu
閲,0,,review,,etsu
稼,0,,earnings,,ka/kase-gu
餓,0,,starve,,ga
潰,0,,crush,,kai/tsubu-su/tsubu-reru
確,0,,certain,,kaku/tashi-ka/tashi-kameru
潟,0,,lagoon,,kata
歓,0,,delight,,kan
監,0,,oversee,,kan
緩,0,,slacken,,kan/yuru-i/yuru-yaka/yuru-mu/yuru-meru
畿,0,,capital,,ki
輝,0,,radiance,,ki/kagaya-ku
儀,0,,ceremony,,gi
戯,0,,frolic,,gi/tawamu-reru
窮,0,,"""hard",,"up"" kyuu/kiwa-meru/kiwa-maru"
緊,0,,tense,,kin
勲,0,,"""meritorious",,"deed"" kun"
慶,0,,jubilation,,kei
憬,0,,"""long",,"for"" kei"
稽,0,,consider,,kei
撃,0,,beat,,geki/u-tsu
潔,0,,undefiled,,ketsu/isagiyo-i
稿,0,,draft,,kou
撮,0,,snapshot,,satsu/to-ru
賛,0,,approve,,san
暫,0,,temporarily,,zan
摯,0,,seriousness,,shi
賜,0,,grant,,shi/tamawa-ru
趣,0,,gist,,shu/omomuki
熟,0,,ripen,,juku/u-reru
潤,0,,wet,,jun/uruo-u/uruo-su/uru-mu
遵,0,,"""abide",,"by"" jun"
諸,0,,various,,sho
憧,0,,desire,,shou/akoga-reru
衝,0,,collide,,shou
嘱,0,,entrust,,shoku
審,0,,examine,,shin
震,0,,quake,,shin/furu-u/furu-eru
穂,0,,ear,,sui/ho
請,0,,solicit,,sei/ko-u/u-keru
潜,0,,submerge,,sen/hiso-mu/mogu-ru
遷,0,,transition,,sen
選,0,,choose,,sen/era-bu
槽,0,,vat,,sou
踪,0,,remains,,sou
蔵,0,,warehouse,,zou/kura
諾,0,,consent,,daku
誕,0,,nativity,,tan
談,0,,discuss,,dan
鋳,0,,casting,,chuu/i-ru
駐,0,,stop-over,,chuu
嘲,0,,ridicule,,chou/azake-ru
澄,0,,lucidity,,chou/su-mu/su-masu
調,0,,investigate,,chou/shira-beru/totono-u/totono-eru
墜,0,,crash,,tsui
締,0,,tighten,,tei/shi-maru/shi-meru
撤,0,,remove,,tetsu
踏,0,,step,,tou/fu-mu/fu-maeru
導,0,,guide,,dou/michibi-ku
罵,0,,insult,,ba/nonoshi-ru
輩,0,,comrade,,hai
賠,0,,compensation,,bai
箸,0,,chopsticks,,hashi
範,0,,pattern,,han
盤,0,,tray,,ban
罷,0,,quit,,hi
標,0,,signpost,,hyou
賓,0,,V.I.P.,,hin
敷,0,,spread,,fu/shi-ku
膚,0,,skin,,fu
賦,0,,levy,,fu
舞,0,,dance,,bu/ma-u/mai
噴,0,,erupt,,fun/fu-ku
墳,0,,tomb,,fun
憤,0,,aroused,,fun/ikidoo-ru
幣,0,,cash,,hei
弊,0,,abuse,,hei
蔽,0,,cover,,hei
餅,0,,"""mochi",,"rice cake"" hei/mochi"
編,0,,compile,,hen/a-mu
舗,0,,pavement,,ho
褒,0,,praise,,hou/ho-meru
暴,0,,outburst,,bou/aba-ku/aba-reru
撲,0,,slap,,boku
摩,0,,chafe,,ma
魅,0,,fascination,,mi
黙,0,,silence,,moku/dama-ru
憂,0,,melancholy,,yuu/ure-eru/ure-i/u-i
窯,0,,kiln,,you/kama
養,0,,foster,,you/yashina-u
履,0,,footgear,,ri/ha-ku
璃,0,,glassy,,ri
慮,0,,prudence,,ryo
緯,0,,horizontal,,i
衛,0,,defense,,ei
憶,0,,recollection,,oku
穏,0,,calm,,on/oda-yaka
壊,0,,demolition,,kai/kowa-su/kowa-reru
懐,0,,pocket,,kai/futokoro/natsu-kashii/natsu-kashimu/natsu-ku/natsu-keru
諧,0,,harmony,,kai
骸,0,,"""dead",,"remains"" gai"
獲,0,,seize,,kaku/e-ru
憾,0,,remorse,,kan
還,0,,"""send",,"back"" kan"
凝,0,,congeal,,gyou/ko-ru/ko-rasu
錦,0,,brocade,,kin/nishiki
薫,0,,fragrant,,kun/kao-ru
憩,0,,recess,,kei/iko-i/iko-u
激,0,,violent,,geki/hage-shii
憲,0,,constitution,,ken
賢,0,,intelligent,,ken/kashiko-i
錮,0,,"""tie",,"up"" ko"
興,0,,entertain,,kou/kyou/oko-ru/oko-su
衡,0,,equilibrium,,kou
墾,0,,ground-breaking,,kon
錯,0,,confused,,saku
諮,0,,"""consult",,"with"" shi/haka-ru"
儒,0,,Confucian,,ju
樹,0,,trees,,ju
縦,0,,vertical,,juu/tate
壌,0,,lot,,jou
整,0,,"""put",,"in order"" sei/totono-eru/totono-u"
醒,0,,"""be",,"disillusioned"" sei"
積,0,,accumulate,,seki/tsu-mu/tsu-moru
薦,0,,recommend,,sen/susu-meru
膳,0,,tray,,zen
操,0,,maneuver,,sou/misao/ayatsu-ru
濁,0,,voiced,,daku/nigo-ru/nigo-su
壇,0,,podium,,dan
緻,0,,"""fine",,"(not coarse)"" chi"
築,0,,fabricate,,chiku/kizu-ku
諦,0,,abandon,,tei/akira-meru
賭,0,,gamble,,to/ka-keru
糖,0,,sugar,,tou
篤,0,,fervent,,toku
曇,0,,"""cloudy",,"weather"" don/kumo-ru"
燃,0,,burn,,nen/mo-eru/mo-yasu/mo-su
濃,0,,concentrated,,nou/ko-i
薄,0,,dilute,,haku/usu-i/usu-meru/usu-maru/usu-ragu/usu-reru
縛,0,,truss,,baku/shiba-ru
繁,0,,luxuriant,,han
避,0,,evade,,hi/sa-keru
奮,0,,"""stirred",,"up"" fun/furu-u"
縫,0,,sew,,hou/nu-u
膨,0,,swell,,bou/fuku-ramu/fuku-reru
謀,0,,conspire,,bou/haka-ru
頰,0,,cheek,,hoo
磨,0,,grind,,ma/miga-ku
麺,0,,noodles,,men
諭,0,,rebuke,,yu/sato-su
輸,0,,transport,,yu
融,0,,dissolve,,yuu
擁,0,,embrace,,you
謡,0,,"""noh",,"chanting"" you/utai/uta-u"
頼,0,,trust,,rai/tano-mu/tano-moshii/tayo-ru
錬,0,,tempering,,ren
曖,0,,"""not",,"clear"" ai"
臆,0,,timidity,,oku
嚇,0,,menacing,,kaku
轄,0,,control,,katsu
環,0,,ring,,kan
擬,0,,mimic,,gi
犠,0,,sacrifice,,gi
矯,0,,rectify,,kyou/ta-meru
謙,0,,self-effacing,,ken
厳,0,,strict,,gen/ogoso-ka/kibi-shii
講,0,,lecture,,kou
購,0,,subscription,,kou
懇,0,,sociable,,kon/nengo-ro
擦,0,,grate,,satsu/su-ru/su-reru
謝,0,,apologize,,sha/ayama-ru
爵,0,,baron,,shaku
醜,0,,ugly,,shuu/miniku-i
縮,0,,shrink,,shuku/chiji-mu/chiji-maru/chiji-meru/chiji-reru/chiji-rasu
償,0,,reparation,,shou/tsuguna-u
礁,0,,reef,,shou
績,0,,exploits,,seki
繊,0,,slender,,sen
鮮,0,,fresh,,sen/aza-yaka
燥,0,,parch,,sou
霜,0,,frost,,sou/shimo
戴,0,,"""be",,"crowned with"" tai"
濯,0,,laundry,,taku
鍛,0,,forge,,tan/kita-eru
聴,0,,listen,,chou/ki-ku
謄,0,,mimeograph,,tou
鍋,0,,pot,,nabe
頻,0,,repeatedly,,hin
優,0,,superior,,yuu/yasa-shii/sugu-reru
覧,0,,perusal,,ran
療,0,,heal,,ryou
瞭,0,,clear,,ryou
齢,0,,age,,rei
穫,0,,harvest,,kaku
鎌,0,,sickle,,kama
簡,0,,simplicity,,kan
韓,0,,Korea,,kan
騎,0,,equestrian,,ki
襟,0,,collar,,kin/eri
繭,0,,cocoon,,ken/mayu
顕,0,,appear,,ken
験,0,,test,,ken
瞬,0,,wink,,shun/matata-ku
織,0,,weave,,shoku/shiki/o-ru
繕,0,,darning,,zen/tsukuro-u
礎,0,,cornerstone,,so/ishizue
騒,0,,boisterous,,sou/sawa-gu
贈,0,,presents,,zou/oku-ru
題,0,,topic,,dai
懲,0,,penal,,chou/ko-riru/ko-rasu/ko-rashimeru
鎮,0,,tranquilize,,chin/shizu-meru/shizu-maru
藤,0,,wisteria,,tou/fuji
闘,0,,fight,,tou/tataka-u
難,0,,difficult,,nan/kata-i/muzuka-shii
藩,0,,clan,,han
覆,0,,capsize,,fuku/oo-u/kutsugae-su/kutsugae-ru
璧,0,,sphere,,heki
翻,0,,flip,,hon/hirugae-ru/hirugae-su
癒,0,,healing,,yu/i-eru/i-yasu
曜,0,,"""day",,"of the week"" you"
濫,0,,excessive,,ran
藍,0,,indigo,,ran/ai
糧,0,,provisions,,ryou/kate
臨,0,,"""look",,"to"" rin/nozo-mu"
韻,0,,rhyme,,in
艶,0,,glossy,,en/tsuya
願,0,,request,,gan/nega-u
繰,0,,winding,,ku-ru
鯨,0,,whale,,gei/kujira
璽,0,,"""emperor's",,"seal"" ji"
識,0,,discriminating,,shiki
髄,0,,marrow,,zui
瀬,0,,rapids,,se
臓,0,,entrails,,zou
覇,0,,hegemony,,ha
爆,0,,explode,,baku
譜,0,,"""musical",,"score"" fu"
簿,0,,register,,bo
羅,0,,gauze,,ra
離,0,,detach,,ri/hana-reru/hana-su
麗,0,,lovely,,rei/uruwa-shii
麓,0,,"""foot",,"of a mountain"" roku/fumoto"
議,0,,deliberation,,gi
競,0,,compete,,kyou/kei/kiso-u/se-ru
響,0,,echo,,kyou/hibi-ku
懸,0,,suspend,,ken/ka-keru/ka-karu
護,0,,safeguard,,go
譲,0,,defer,,jou/yuzu-ru
醸,0,,brew,,jou/kamo-su
籍,0,,enroll,,seki
騰,0,,inflation,,tou
欄,0,,column,,ran
顧,0,,"""look",,"back"" ko/kaeri-miru"
鶴,0,,crane,,tsuru
躍,0,,leap,,yaku/odo-ru
露,0,,dew,,ro/tsuyu
驚,0,,wonder,,kyou/odoro-ku/odoro-kasu
襲,0,,attack,,shuu/oso-u
籠,0,,basket,,rou/kago/ko-moru
鑑,0,,specimen,,kan/kanga-miru
鬱,0,,gloom,,utsu
