text,popularity,meaning1,meaning2
de la,199238029,from (used to indicate origin),feminine of le: the
de l',118353922,from (used to indicate origin),"apocopic form of le, la: the"
à la,79726696,"A with grave accent, a letter used in French mostly to distinguish some homographs and in transliteration.",feminine of le: the
à l',62495552,"A with grave accent, a letter used in French mostly to distinguish some homographs and in transliteration.","apocopic form of le, la: the"
d' un,55404944,apocopic form of de: of,"an, a"
d' une,50578297,apocopic form of de: of,"feminine singular of un (“a / an”), the feminine indefinite article"
et de,45830376,and,from (used to indicate origin)
dans le,45059629,"in, inside (enclosed in a physical space, a group, a state)",the (definite article)
dans la,42866486,"in, inside (enclosed in a physical space, a group, a state)",feminine of le: the
dans les,31086370,"in, inside (enclosed in a physical space, a group, a state)",plural of le: the
sur le,30240306,"on, upon",the (definite article)
et les,27729386,and,plural of le: the
de son,27127800,from (used to indicate origin),sound
que je,26005927,that (introduces a subordinate noun clause and connects it to its parent clause),I
je ne,25361333,I,abbreviation of nord-est; NE
sur la,25204929,"on, upon",feminine of le: the
et la,25138110,and,feminine of le: the
et le,24537849,and,the (definite article)
ce qui,24454906,EC (European Community),"who, whom"
ce que,23259462,EC (European Community),that (introduces a subordinate noun clause and connects it to its parent clause)
que le,22606160,that (introduces a subordinate noun clause and connects it to its parent clause),the (definite article)
que les,22058634,that (introduces a subordinate noun clause and connects it to its parent clause),plural of le: the
dans l',21130069,"in, inside (enclosed in a physical space, a group, a state)","apocopic form of le, la: the"
il est,20630614,he (third-person singular masculine subject pronoun for human subject),east
que la,20529985,that (introduces a subordinate noun clause and connects it to its parent clause),feminine of le: the
de sa,19602901,from (used to indicate origin),initialism of société anonyme (Incorporated (Inc.)) (Limited liability company (Ltd.))
dans un,18707718,"in, inside (enclosed in a physical space, a group, a state)","an, a"
sur les,18654251,"on, upon",plural of le: the
que l',18609104,that (introduces a subordinate noun clause and connects it to its parent clause),"apocopic form of le, la: the"
tous les,18078068,all,plural of le: the
par la,17913907,through,feminine of le: the
de l,17428622,from (used to indicate origin),"The twelfth letter of the French alphabet, written in the Latin script."
et des,17335559,and,"plural of un (“some”, the plural indefinite article)"
de ses,17101767,from (used to indicate origin),"his, her, its, their, one's (when referring to a plural noun)"
par le,17062445,through,the (definite article)
de ce,16986552,from (used to indicate origin),EC (European Community)
il y,16702616,he (third-person singular masculine subject pronoun for human subject),"a letter in the French alphabet, after x and before z"
et l',15594438,and,"apocopic form of le, la: the"
par les,15005446,through,plural of le: the
je suis,14670144,I,first-person singular present indicative of être
pour les,14454555,"for (meant for, intended for)",plural of le: the
pour la,13940473,"for (meant for, intended for)",feminine of le: the
il ne,13751628,he (third-person singular masculine subject pronoun for human subject),abbreviation of nord-est; NE
un peu,13723515,"an, a",little; not very much/many
pas de,13702412,"step, pace, footstep",from (used to indicate origin)
y a,13684456,"a letter in the French alphabet, after x and before z","The first letter of the French alphabet, written in the Latin script."
je me,13654387,I,me (direct object)
dans une,13536652,"in, inside (enclosed in a physical space, a group, a state)","feminine singular of un (“a / an”), the feminine indefinite article"
de cette,13237238,from (used to indicate origin),feminine singular of ce
à un,13190110,"A with grave accent, a letter used in French mostly to distinguish some homographs and in transliteration.","an, a"
à une,12965967,"A with grave accent, a letter used in French mostly to distinguish some homographs and in transliteration.","feminine singular of un (“a / an”), the feminine indefinite article"
et à,12892139,and,"A with grave accent, a letter used in French mostly to distinguish some homographs and in transliteration."
pour le,12724482,"for (meant for, intended for)",the (definite article)
et d',11657787,and,apocopic form of de: of
que vous,11589331,that (introduces a subordinate noun clause and connects it to its parent clause),the plural personal pronoun in the second person
que nous,11538783,that (introduces a subordinate noun clause and connects it to its parent clause),the plural personal pronoun in the first person:
l' on,11502710,"apocopic form of le, la: the","one, people, you, someone (an unspecified individual)"
l' autre,11313285,"apocopic form of le, la: the",other
de ces,11285336,from (used to indicate origin),"masculine/feminine plural of ce: these, those"
que tu,11175747,that (introduces a subordinate noun clause and connects it to its parent clause),you (singular)
à son,11113513,"A with grave accent, a letter used in French mostly to distinguish some homographs and in transliteration.",sound
il se,11093505,he (third-person singular masculine subject pronoun for human subject),abbreviation of sud-est; SE
d' autres,11064473,apocopic form of de: of,plural of autre
qui se,11049705,"who, whom",abbreviation of sud-est; SE
de se,10821201,from (used to indicate origin),abbreviation of sud-est; SE
la vie,10782638,feminine of le: the,"life, the state of organisms (organic beings) prior to death"
le plus,10748872,the (definite article),used to express the comparative and superlative of a following adjective or adverb
a été,10375306,"The first letter of the French alphabet, written in the Latin script.",summer
la tête,10354402,feminine of le: the,head (part of the body)
il a,10249307,he (third-person singular masculine subject pronoun for human subject),"The first letter of the French alphabet, written in the Latin script."
et il,10216412,and,he (third-person singular masculine subject pronoun for human subject)
qui est,10204151,"who, whom",east
il faut,10178228,he (third-person singular masculine subject pronoun for human subject),third-person singular present indicative of falloir
par l',10124598,through,"apocopic form of le, la: the"
les deux,10056761,plural of le: the,two
de leur,10050552,from (used to indicate origin),(to) them
d' être,9913747,apocopic form of de: of,to be
sur l',9843949,"on, upon","apocopic form of le, la: the"
toutes les,9776735,feminine plural of tout,plural of le: the
à ce,9712575,"A with grave accent, a letter used in French mostly to distinguish some homographs and in transliteration.",EC (European Community)
ne pas,9559722,abbreviation of nord-est; NE,"step, pace, footstep"
et je,9503500,and,I
de plus,9266152,from (used to indicate origin),used to express the comparative and superlative of a following adjective or adverb
plus de,9236879,used to express the comparative and superlative of a following adjective or adverb,from (used to indicate origin)
il avait,9215343,he (third-person singular masculine subject pronoun for human subject),third-person singular imperfect indicative of avoir
le monde,9165224,the (definite article),world
dans son,9001630,"in, inside (enclosed in a physical space, a group, a state)",sound
mais il,8981957,"but, although",he (third-person singular masculine subject pronoun for human subject)
pour l',8975808,"for (meant for, intended for)","apocopic form of le, la: the"
de lui,8920906,from (used to indicate origin),"him, he, it; the third-person masculine singular personal pronoun used after a preposition, or as the predicate of a linking verb, or when disjoined from a sentence, or as a stressed subject"
et que,8721344,and,that (introduces a subordinate noun clause and connects it to its parent clause)
qui ne,8528171,"who, whom",abbreviation of nord-est; NE
l' homme,8518727,"apocopic form of le, la: the",man (adult male human)
avec un,8329983,with,"an, a"
comme un,8327365,"as (in the role of, by way of)","an, a"
les yeux,8321135,plural of le: the,"plural of œil, eyes"
à des,8285186,"A with grave accent, a letter used in French mostly to distinguish some homographs and in transliteration.","plural of un (“some”, the plural indefinite article)"
le temps,8268400,the (definite article),time (in general)
avec les,8155974,with,plural of le: the
il était,8155725,he (third-person singular masculine subject pronoun for human subject),third-person singular imperfect indicative of être
ou de,8103097,or,from (used to indicate origin)
pas à,8084943,"step, pace, footstep","A with grave accent, a letter used in French mostly to distinguish some homographs and in transliteration."
la première,8057402,feminine of le: the,feminine singular of premier
que ce,8016488,that (introduces a subordinate noun clause and connects it to its parent clause),EC (European Community)
à l,7985103,"A with grave accent, a letter used in French mostly to distinguish some homographs and in transliteration.","The twelfth letter of the French alphabet, written in the Latin script."
les autres,7934222,plural of le: the,plural of autre
avec le,7888092,with,the (definite article)
les plus,7823861,plural of le: the,used to express the comparative and superlative of a following adjective or adverb
quelque chose,7715117,some (singular),thing
par un,7702585,through,"an, a"
ne peut,7633068,abbreviation of nord-est; NE,third-person singular present indicative of pouvoir
en effet,7589377,"in (used to indicate space, also see usage notes)",effect
et en,7462475,and,"in (used to indicate space, also see usage notes)"
tout le,7443509,all,the (definite article)
dans sa,7415141,"in, inside (enclosed in a physical space, a group, a state)",initialism of société anonyme (Incorporated (Inc.)) (Limited liability company (Ltd.))
qui a,7386886,"who, whom","The first letter of the French alphabet, written in the Latin script."
et qui,7381690,and,"who, whom"
dans ce,7363145,"in, inside (enclosed in a physical space, a group, a state)",EC (European Community)
la main,7308041,feminine of le: the,hand
l' un,7229629,"apocopic form of le, la: the","an, a"
la porte,7221886,feminine of le: the,door
avec une,7221044,with,"feminine singular of un (“a / an”), the feminine indefinite article"
parce que,7199901,only used in parce que,that (introduces a subordinate noun clause and connects it to its parent clause)
avec la,7188424,with,feminine of le: the
de faire,7168389,from (used to indicate origin),to do
à sa,7159831,"A with grave accent, a letter used in French mostly to distinguish some homographs and in transliteration.",initialism of société anonyme (Incorporated (Inc.)) (Limited liability company (Ltd.))
entre les,7138407,between,plural of le: the
nous avons,7119826,the plural personal pronoun in the first person:,first-person plural present indicative of avoir
elle se,7116301,she,abbreviation of sud-est; SE
est un,7085973,east,"an, a"
elle est,6976057,she,east
avant de,6933502,beforehand; earlier,from (used to indicate origin)
on ne,6883025,"one, people, you, someone (an unspecified individual)",abbreviation of nord-est; NE
par exemple,6851163,through,example
et se,6787056,and,abbreviation of sud-est; SE
sur un,6767205,"on, upon","an, a"
ne se,6723982,abbreviation of nord-est; NE,abbreviation of sud-est; SE
ceux qui,6715190,masculine plural of celui: those,"who, whom"
par des,6669397,through,"plural of un (“some”, the plural indefinite article)"
je vous,6625543,I,the plural personal pronoun in the second person
par une,6587853,through,"feminine singular of un (“a / an”), the feminine indefinite article"
et du,6586057,and,"contraction of de + le, literally “of the”"
la même,6401639,feminine of le: the,even
elle ne,6384091,she,abbreviation of nord-est; NE
elle avait,6367000,she,third-person singular imperfect indicative of avoir
pas le,6366816,"step, pace, footstep",the (definite article)
tout ce,6322865,all,EC (European Community)
plus tard,6221048,used to express the comparative and superlative of a following adjective or adverb,late
on peut,6214452,"one, people, you, someone (an unspecified individual)",third-person singular present indicative of pouvoir
la plus,6123455,feminine of le: the,used to express the comparative and superlative of a following adjective or adverb
et un,6106486,and,"an, a"
de mon,6079640,from (used to indicate origin),my (used to qualify masculine nouns and vowel-initial words regardless of gender)
un autre,6049468,"an, a",other
une fois,5971774,"feminine singular of un (“a / an”), the feminine indefinite article",time (an instance or repetition of something happening)
la maison,5922375,feminine of le: the,house
comme une,5920577,"as (in the role of, by way of)","feminine singular of un (“a / an”), the feminine indefinite article"
la fin,5888896,feminine of le: the,"end, close, finish"
de leurs,5876751,from (used to indicate origin),plural of leur: their (used before a plural noun)
ainsi que,5845506,"in this way, thus",that (introduces a subordinate noun clause and connects it to its parent clause)
et une,5833789,and,"feminine singular of un (“a / an”), the feminine indefinite article"
de ne,5832535,from (used to indicate origin),abbreviation of nord-est; NE
à partir,5828983,"A with grave accent, a letter used in French mostly to distinguish some homographs and in transliteration.","to share, to share out, to divide"
mais je,5810932,"but, although",I
ne sont,5810503,abbreviation of nord-est; NE,third-person plural present indicative of être
sans doute,5772022,without (not having),doubt
d' abord,5727147,apocopic form of de: of,"the manner with which one acts in the presence of another person or persons, especially in a first encounter"
l' air,5725403,"apocopic form of le, la: the",air (gases of the atmosphere)
il en,5671821,he (third-person singular masculine subject pronoun for human subject),"in (used to indicate space, also see usage notes)"
alors que,5638601,then (at that time),that (introduces a subordinate noun clause and connects it to its parent clause)
la ville,5622670,feminine of le: the,"town, city"
que de,5570833,that (introduces a subordinate noun clause and connects it to its parent clause),from (used to indicate origin)
à cette,5555370,"A with grave accent, a letter used in French mostly to distinguish some homographs and in transliteration.",feminine singular of ce
à ses,5521832,"A with grave accent, a letter used in French mostly to distinguish some homographs and in transliteration.","his, her, its, their, one's (when referring to a plural noun)"
du monde,5462072,"contraction of de + le, literally “of the”",world
est le,5450663,east,the (definite article)
qui lui,5435231,"who, whom","him, he, it; the third-person masculine singular personal pronoun used after a preposition, or as the predicate of a linking verb, or when disjoined from a sentence, or as a stressed subject"
un des,5414346,"an, a","plural of un (“some”, the plural indefinite article)"
avec des,5409669,with,"plural of un (“some”, the plural indefinite article)"
de le,5371364,from (used to indicate origin),the (definite article)
où il,5335615,where (interrogative),he (third-person singular masculine subject pronoun for human subject)
vous avez,5325366,the plural personal pronoun in the second person,second-person plural present indicative of avoir
est une,5297114,east,"feminine singular of un (“a / an”), the feminine indefinite article"
elle a,5296313,she,"The first letter of the French alphabet, written in the Latin script."
et son,5292797,and,sound
dans cette,5275199,"in, inside (enclosed in a physical space, a group, a state)",feminine singular of ce
un homme,5269374,"an, a",man (adult male human)
à se,5244901,"A with grave accent, a letter used in French mostly to distinguish some homographs and in transliteration.",abbreviation of sud-est; SE
dans ses,5173123,"in, inside (enclosed in a physical space, a group, a state)","his, her, its, their, one's (when referring to a plural noun)"
une autre,5170388,"feminine singular of un (“a / an”), the feminine indefinite article",other
sur une,5163905,"on, upon","feminine singular of un (“a / an”), the feminine indefinite article"
comme le,5148144,"as (in the role of, by way of)",the (definite article)
d' ailleurs,5131981,apocopic form of de: of,elsewhere; somewhere else
d' avoir,5128799,apocopic form of de: of,to have; to own; to possess; to get
le premier,5110837,the (definite article),first
tu as,5097039,you (singular),ace (card of value 1)
la mort,5094249,feminine of le: the,past participle of mourir
la nuit,5088858,feminine of le: the,night
et ses,5006330,and,"his, her, its, their, one's (when referring to a plural noun)"
tout à,5002911,all,"A with grave accent, a letter used in French mostly to distinguish some homographs and in transliteration."
de ma,4979459,from (used to indicate origin),abbreviation of meilleur avant (“best before”): BB
en plus,4974706,"in (used to indicate space, also see usage notes)",used to express the comparative and superlative of a following adjective or adverb
je vais,4940538,I,first-person singular present indicative of aller
sur son,4930297,"on, upon",sound
si vous,4923171,initialism of Système international: SI,the plural personal pronoun in the second person
l' avait,4921325,"apocopic form of le, la: the",third-person singular imperfect indicative of avoir
je l',4918777,I,"apocopic form of le, la: the"
de notre,4913816,from (used to indicate origin),our
peut être,4911826,third-person singular present indicative of pouvoir,to be
l' histoire,4910187,"apocopic form of le, la: the",story
point de,4892583,point (small mark),from (used to indicate origin)
à faire,4860186,"A with grave accent, a letter used in French mostly to distinguish some homographs and in transliteration.",to do
avec l',4859548,with,"apocopic form of le, la: the"
nous sommes,4849974,the plural personal pronoun in the first person:,first-person plural present indicative of être
le cas,4848672,the (definite article),"case, situation"
la loi,4839488,feminine of le: the,law (legal code)
pour une,4824794,"for (meant for, intended for)","feminine singular of un (“a / an”), the feminine indefinite article"
pas la,4789698,"step, pace, footstep",feminine of le: the
pour un,4750674,"for (meant for, intended for)","an, a"
de même,4748582,from (used to indicate origin),even
avait été,4720291,third-person singular imperfect indicative of avoir,summer
de tout,4711679,from (used to indicate origin),all
pour lui,4681266,"for (meant for, intended for)","him, he, it; the third-person masculine singular personal pronoun used after a preposition, or as the predicate of a linking verb, or when disjoined from a sentence, or as a stressed subject"
tout en,4680255,all,"in (used to indicate space, also see usage notes)"
ont été,4677079,third-person plural present indicative of avoir,summer
même si,4675478,even,initialism of Système international: SI
à travers,4669311,"A with grave accent, a letter used in French mostly to distinguish some homographs and in transliteration.",outside (the external part of)
dans des,4627327,"in, inside (enclosed in a physical space, a group, a state)","plural of un (“some”, the plural indefinite article)"
elle était,4625180,she,third-person singular imperfect indicative of être
y avait,4622192,"a letter in the French alphabet, after x and before z",third-person singular imperfect indicative of avoir
la société,4613281,feminine of le: the,"company, frequentation"
et elle,4612272,and,she
l' eau,4600896,"apocopic form of le, la: the","water, a liquid that is transparent, colorless, odorless, and tasteless in its pure form, the primary constituent of lakes, rivers, seas, and oceans"
la question,4587692,feminine of le: the,question (interrogation by torture)
est de,4566215,east,from (used to indicate origin)
bien que,4553149,"good, all right, great",that (introduces a subordinate noun clause and connects it to its parent clause)
de me,4537153,from (used to indicate origin),me (direct object)
mise en,4534212,feminine singular of mis,"in (used to indicate space, also see usage notes)"
on a,4524717,"one, people, you, someone (an unspecified individual)","The first letter of the French alphabet, written in the Latin script."
de toute,4519970,from (used to indicate origin),feminine singular of tout
un petit,4473045,"an, a",small
le même,4459598,the (definite article),even
pas d',4447828,"step, pace, footstep",apocopic form of de: of
vous êtes,4442542,the plural personal pronoun in the second person,second-person plural present indicative of être
autour de,4430471,around,from (used to indicate origin)
peu de,4400764,little; not very much/many,from (used to indicate origin)
sous le,4400696,"below, under",the (definite article)
qui l',4388629,"who, whom","apocopic form of le, la: the"
quand il,4385620,when (at what time),he (third-person singular masculine subject pronoun for human subject)
comme si,4356920,"as (in the role of, by way of)",initialism of Système international: SI
l' a,4350770,"apocopic form of le, la: the","The first letter of the French alphabet, written in the Latin script."
au moins,4338486,"contraction of à + le, literally “to the, for the, at the”","comparative degree of peu; less, fewer"
ne l',4295383,abbreviation of nord-est; NE,"apocopic form of le, la: the"
qui ont,4283820,"who, whom",third-person plural present indicative of avoir
temps de,4283191,time (in general),from (used to indicate origin)
sous la,4276677,"below, under",feminine of le: the
que des,4270112,that (introduces a subordinate noun clause and connects it to its parent clause),"plural of un (“some”, the plural indefinite article)"
je le,4270065,I,the (definite article)
la fois,4248160,feminine of le: the,time (an instance or repetition of something happening)
si elle,4241485,initialism of Système international: SI,she
le fait,4238832,the (definite article),fact
la guerre,4237080,feminine of le: the,war
est la,4230691,east,feminine of le: the
près de,4229604,near (a time or a place); close (to a time or a place),from (used to indicate origin)
de temps,4228210,from (used to indicate origin),time (in general)
plus que,4222453,used to express the comparative and superlative of a following adjective or adverb,that (introduces a subordinate noun clause and connects it to its parent clause)
tu es,4216768,you (singular),second-person singular present indicative of être
à leur,4207801,"A with grave accent, a letter used in French mostly to distinguish some homographs and in transliteration.",(to) them
besoin de,4205272,need,from (used to indicate origin)
vers le,4197981,towards,the (definite article)
la nature,4185200,feminine of le: the,nature
la France,4170463,feminine of le: the,France (a country located primarily in Western Europe)
d' autre,4160703,apocopic form of de: of,other
sont pas,4143285,third-person plural present indicative of être,"step, pace, footstep"
afin de,4135793,to,from (used to indicate origin)
celle de,4128405,feminine singular of celui,from (used to indicate origin)
de vous,4124041,from (used to indicate origin),the plural personal pronoun in the second person
toute la,4071860,feminine singular of tout,feminine of le: the
tandis que,4044323,during,that (introduces a subordinate noun clause and connects it to its parent clause)
en ce,4025269,"in (used to indicate space, also see usage notes)",EC (European Community)
de tous,4020014,from (used to indicate origin),all
à lui,4009104,"A with grave accent, a letter used in French mostly to distinguish some homographs and in transliteration.","him, he, it; the third-person masculine singular personal pronoun used after a preposition, or as the predicate of a linking verb, or when disjoined from a sentence, or as a stressed subject"
l' idée,4002138,"apocopic form of le, la: the",idea
ne me,4001257,abbreviation of nord-est; NE,me (direct object)
mais aussi,3988125,"but, although","too, also, as well"
pas un,3983000,"step, pace, footstep","an, a"
il me,3972997,he (third-person singular masculine subject pronoun for human subject),me (direct object)
plus en,3962537,used to express the comparative and superlative of a following adjective or adverb,"in (used to indicate space, also see usage notes)"
le droit,3961470,the (definite article),right (entitlement)
si l',3956991,initialism of Système international: SI,"apocopic form of le, la: the"
si je,3953849,initialism of Système international: SI,I
il lui,3938578,he (third-person singular masculine subject pronoun for human subject),"him, he, it; the third-person masculine singular personal pronoun used after a preposition, or as the predicate of a linking verb, or when disjoined from a sentence, or as a stressed subject"
celui de,3917074,the one,from (used to indicate origin)
en France,3913873,"in (used to indicate space, also see usage notes)",France (a country located primarily in Western Europe)
la plupart,3902724,feminine of le: the,"main part, majority"
partir de,3899650,"to share, to share out, to divide",from (used to indicate origin)
tu ne,3879735,you (singular),abbreviation of nord-est; NE
bien sûr,3875543,"good, all right, great","sure, certain"
qui sont,3871400,"who, whom",third-person plural present indicative of être
vers la,3867614,towards,feminine of le: the
un grand,3860810,"an, a",big
qui avait,3857804,"who, whom",third-person singular imperfect indicative of avoir
de moi,3811546,from (used to indicate origin),me (first-person singular disjunctive pronoun)
et sa,3807226,and,initialism of société anonyme (Incorporated (Inc.)) (Limited liability company (Ltd.))
sont les,3806267,third-person plural present indicative of être,plural of le: the
nombre de,3788765,number,from (used to indicate origin)
je lui,3785747,I,"him, he, it; the third-person masculine singular personal pronoun used after a preposition, or as the predicate of a linking verb, or when disjoined from a sentence, or as a stressed subject"
les hommes,3782871,plural of le: the,plural of homme
mais elle,3777195,"but, although",she
l' une,3762676,"apocopic form of le, la: the","feminine singular of un (“a / an”), the feminine indefinite article"
celui qui,3739689,the one,"who, whom"
l' esprit,3708938,"apocopic form of le, la: the",immaterial or incorporeal substance
et ne,3707095,and,abbreviation of nord-est; NE
que son,3694791,that (introduces a subordinate noun clause and connects it to its parent clause),sound
pour que,3688530,"for (meant for, intended for)",that (introduces a subordinate noun clause and connects it to its parent clause)
son père,3669754,sound,father (parent)
pour se,3668797,"for (meant for, intended for)",abbreviation of sud-est; SE
et dans,3663417,and,"in, inside (enclosed in a physical space, a group, a state)"
un coup,3660135,"an, a","blow, hit, strike"
au cours,3659877,"contraction of à + le, literally “to the, for the, at the”","stream of water, river"
ils sont,3653019,they (male or mixed group),third-person plural present indicative of être
de les,3649345,from (used to indicate origin),plural of le: the
partie de,3648558,"part (portion, amount)",from (used to indicate origin)
de nos,3636275,from (used to indicate origin),plural of notre; our
l' enfant,3626908,"apocopic form of le, la: the",child (someone who is not yet an adult)
beaucoup de,3618626,"much, very much, a lot",from (used to indicate origin)
un jour,3614667,"an, a",day
est en,3614101,east,"in (used to indicate space, also see usage notes)"
je te,3608035,I,you
lui avait,3607034,"him, he, it; the third-person masculine singular personal pronoun used after a preposition, or as the predicate of a linking verb, or when disjoined from a sentence, or as a stressed subject",third-person singular imperfect indicative of avoir
sa mère,3603048,initialism of société anonyme (Incorporated (Inc.)) (Limited liability company (Ltd.)),mother
tout de,3599791,all,from (used to indicate origin)
je sais,3578423,I,first/second-person singular present indicative of savoir
de votre,3576643,from (used to indicate origin),"your, belonging to you (plural or formal)"
ce sont,3576499,EC (European Community),third-person plural present indicative of être
de mes,3561998,from (used to indicate origin),my (when referring to a plural noun)
dont la,3553037,"of/from whom/which, whose; whereof",feminine of le: the
sa vie,3536727,initialism of société anonyme (Incorporated (Inc.)) (Limited liability company (Ltd.)),"life, the state of organisms (organic beings) prior to death"
des années,3529455,"plural of un (“some”, the plural indefinite article)",plural of année
nous ne,3527499,the plural personal pronoun in the first person:,abbreviation of nord-est; NE
une des,3525929,"feminine singular of un (“a / an”), the feminine indefinite article","plural of un (“some”, the plural indefinite article)"
la situation,3519702,feminine of le: the,situation (all meanings)
une grande,3509304,"feminine singular of un (“a / an”), the feminine indefinite article",feminine singular of grand
d' elle,3507770,apocopic form of de: of,she
fin de,3505305,"end, close, finish",from (used to indicate origin)
ne pouvait,3505280,abbreviation of nord-est; NE,third-person singular imperfect indicative of pouvoir
du temps,3501295,"contraction of de + le, literally “of the”",time (in general)
ne le,3458446,abbreviation of nord-est; NE,the (definite article)
l' article,3457731,"apocopic form of le, la: the",article (a piece of nonfictional writing)
de nous,3455368,from (used to indicate origin),the plural personal pronoun in the first person:
et lui,3451220,and,"him, he, it; the third-person masculine singular personal pronoun used after a preposition, or as the predicate of a linking verb, or when disjoined from a sentence, or as a stressed subject"
l' État,3449827,"apocopic form of le, la: the","state, condition"
l' amour,3435316,"apocopic form of le, la: the",love
après avoir,3422276,"after, later than in time.",to have; to own; to possess; to get
fait de,3399058,fact,from (used to indicate origin)
se sont,3393725,abbreviation of sud-est; SE,third-person plural present indicative of être
me suis,3388907,me (direct object),first-person singular present indicative of être
en fait,3388282,"in (used to indicate space, also see usage notes)",fact
dont il,3385320,"of/from whom/which, whose; whereof",he (third-person singular masculine subject pronoun for human subject)
sur des,3382192,"on, upon","plural of un (“some”, the plural indefinite article)"
dont le,3381678,"of/from whom/which, whose; whereof",the (definite article)
dont les,3381309,"of/from whom/which, whose; whereof",plural of le: the
ses yeux,3375850,"his, her, its, their, one's (when referring to a plural noun)","plural of œil, eyes"
cas de,3354044,"case, situation",from (used to indicate origin)
ne sais,3345925,abbreviation of nord-est; NE,first/second-person singular present indicative of savoir
face à,3339741,face,"A with grave accent, a letter used in French mostly to distinguish some homographs and in transliteration."
à peine,3339440,"A with grave accent, a letter used in French mostly to distinguish some homographs and in transliteration.",punishment
au milieu,3339249,"contraction of à + le, literally “to the, for the, at the”",middle; center
l' intérieur,3328124,"apocopic form of le, la: the",interior
nous nous,3327641,the plural personal pronoun in the first person:,the plural personal pronoun in the first person:
de Dieu,3327537,from (used to indicate origin),"a god, male divinity"
vous ne,3323481,the plural personal pronoun in the second person,abbreviation of nord-est; NE
et ce,3318147,and,EC (European Community)
de travail,3299634,from (used to indicate origin),work; labor
de vie,3289241,from (used to indicate origin),"life, the state of organisms (organic beings) prior to death"
ou d',3278795,or,apocopic form of de: of
et nous,3278087,and,the plural personal pronoun in the first person:
le nom,3277122,the (definite article),name
qui nous,3274268,"who, whom",the plural personal pronoun in the first person:
en se,3268068,"in (used to indicate space, also see usage notes)",abbreviation of sud-est; SE
lors de,3267444,"then, at that time",from (used to indicate origin)
nom de,3251667,name,from (used to indicate origin)
et si,3246646,and,initialism of Système international: SI
au sein,3240128,"contraction of à + le, literally “to the, for the, at the”",breast (the chest)
de façon,3234113,from (used to indicate origin),way; manner; fashion
si le,3231555,initialism of Système international: SI,the (definite article)
dire que,3228966,"to say, to tell (to express through speech)",that (introduces a subordinate noun clause and connects it to its parent clause)
l' ordre,3227184,"apocopic form of le, la: the",order (way in which things are arranged)
et pour,3216818,and,"for (meant for, intended for)"
la place,3206346,feminine of le: the,"place, square, plaza, piazza"
pas que,3204874,"step, pace, footstep",that (introduces a subordinate noun clause and connects it to its parent clause)
la famille,3194719,feminine of le: the,family (group of related people)
doit être,3193756,"third-person singular present indicative of devoir: must, has to",to be
mais le,3187392,"but, although",the (definite article)
de vue,3170126,from (used to indicate origin),feminine singular of vu
une nouvelle,3166293,"feminine singular of un (“a / an”), the feminine indefinite article",feminine singular of nouveau (“new”)
en lui,3165141,"in (used to indicate space, also see usage notes)","him, he, it; the third-person masculine singular personal pronoun used after a preposition, or as the predicate of a linking verb, or when disjoined from a sentence, or as a stressed subject"
de deux,3163806,from (used to indicate origin),two
a fait,3156016,"The first letter of the French alphabet, written in the Latin script.",fact
de manière,3155262,from (used to indicate origin),"manner, way"
et non,3153675,and,no
de toutes,3149299,from (used to indicate origin),feminine plural of tout
la suite,3145860,feminine of le: the,result
la femme,3144807,feminine of le: the,woman
d' en,3144177,apocopic form of de: of,"in (used to indicate space, also see usage notes)"
qui était,3142376,"who, whom",third-person singular imperfect indicative of être
a pas,3136792,"The first letter of the French alphabet, written in the Latin script.","step, pace, footstep"
je crois,3135154,I,inflection of croire:
je veux,3134166,I,inflection of vouloir:
l' ensemble,3127190,"apocopic form of le, la: the",together
la jeune,3121938,feminine of le: the,young
que cette,3120415,that (introduces a subordinate noun clause and connects it to its parent clause),feminine singular of ce
pour moi,3120152,"for (meant for, intended for)",me (first-person singular disjunctive pronoun)
et au,3117659,and,"contraction of à + le, literally “to the, for the, at the”"
pas une,3115329,"step, pace, footstep","feminine singular of un (“a / an”), the feminine indefinite article"
lieu de,3114428,place,from (used to indicate origin)
une petite,3104231,"feminine singular of un (“a / an”), the feminine indefinite article",feminine singular of petit
l' ai,3092718,"apocopic form of le, la: the",first-person singular present indicative of avoir
grâce à,3082924,"grace, charm","A with grave accent, a letter used in French mostly to distinguish some homographs and in transliteration."
de nouveau,3078083,from (used to indicate origin),"new, novel"
où l',3069101,where (interrogative),"apocopic form of le, la: the"
qui le,3069094,"who, whom",the (definite article)
une femme,3067011,"feminine singular of un (“a / an”), the feminine indefinite article",woman
ils ont,3060684,they (male or mixed group),third-person plural present indicative of avoir
à côté,3052497,"A with grave accent, a letter used in French mostly to distinguish some homographs and in transliteration.",side
au moment,3051534,"contraction of à + le, literally “to the, for the, at the”",moment (point in time)
un de,3047415,"an, a",from (used to indicate origin)
parmi les,3047320,"among, amongst",plural of le: the
la terre,3035061,feminine of le: the,earth; soil
qui me,3031019,"who, whom",me (direct object)
la rue,3027544,feminine of le: the,"street, road"
si tu,3025464,initialism of Système international: SI,you (singular)
les enfants,3023289,plural of le: the,plural of enfant
sur ses,3021036,"on, upon","his, her, its, their, one's (when referring to a plural noun)"
en train,3019200,"in (used to indicate space, also see usage notes)",train (rail mounted vehicle)
et moi,3017610,and,me (first-person singular disjunctive pronoun)
la salle,3011753,feminine of le: the,hall
pas encore,3006194,"step, pace, footstep",still
côté de,2997690,side,from (used to indicate origin)
quant à,2994882,only used in quant à,"A with grave accent, a letter used in French mostly to distinguish some homographs and in transliteration."
à mon,2994633,"A with grave accent, a letter used in French mostly to distinguish some homographs and in transliteration.",my (used to qualify masculine nouns and vowel-initial words regardless of gender)
ou à,2987016,or,"A with grave accent, a letter used in French mostly to distinguish some homographs and in transliteration."
est à,2986823,east,"A with grave accent, a letter used in French mostly to distinguish some homographs and in transliteration."
l' heure,2982692,"apocopic form of le, la: the","hour, time"
l' objet,2979119,"apocopic form of le, la: the","thing, object"
cours de,2974793,"stream of water, river",from (used to indicate origin)
se trouve,2974150,abbreviation of sud-est; SE,inflection of trouver:
envie de,2972140,"desire, lust, urge",from (used to indicate origin)
ne lui,2971038,abbreviation of nord-est; NE,"him, he, it; the third-person masculine singular personal pronoun used after a preposition, or as the predicate of a linking verb, or when disjoined from a sentence, or as a stressed subject"
que dans,2968284,that (introduces a subordinate noun clause and connects it to its parent clause),"in, inside (enclosed in a physical space, a group, a state)"
de cet,2964094,from (used to indicate origin),this
en l',2962012,"in (used to indicate space, also see usage notes)","apocopic form of le, la: the"
tant que,2960676,so much,that (introduces a subordinate noun clause and connects it to its parent clause)
une voix,2953834,"feminine singular of un (“a / an”), the feminine indefinite article",voice
sur ce,2948473,"on, upon",EC (European Community)
en place,2945800,"in (used to indicate space, also see usage notes)","place, square, plaza, piazza"
sur sa,2936366,"on, upon",initialism of société anonyme (Incorporated (Inc.)) (Limited liability company (Ltd.))
même temps,2933936,even,time (in general)
les gens,2933052,plural of le: the,set of people
mon père,2926488,my (used to qualify masculine nouns and vowel-initial words regardless of gender),father (parent)
comme des,2923802,"as (in the role of, by way of)","plural of un (“some”, the plural indefinite article)"
pas l',2918972,"step, pace, footstep","apocopic form of le, la: the"
mais la,2917863,"but, although",feminine of le: the
à tout,2916965,"A with grave accent, a letter used in French mostly to distinguish some homographs and in transliteration.",all
elle en,2913018,she,"in (used to indicate space, also see usage notes)"
comme la,2912772,"as (in the role of, by way of)",feminine of le: the
comme les,2910390,"as (in the role of, by way of)",plural of le: the
des hommes,2904964,"plural of un (“some”, the plural indefinite article)",plural of homme
un moment,2895866,"an, a",moment (point in time)
si la,2894151,initialism of Système international: SI,feminine of le: the
les mains,2886615,plural of le: the,plural of main
plus d',2872781,used to express the comparative and superlative of a following adjective or adverb,apocopic form of de: of
qui les,2865920,"who, whom",plural of le: the
droit de,2855525,right (entitlement),from (used to indicate origin)
en tant,2853943,"in (used to indicate space, also see usage notes)",so much
sont des,2853847,third-person plural present indicative of être,"plural of un (“some”, the plural indefinite article)"
ou des,2842350,or,"plural of un (“some”, the plural indefinite article)"
après la,2838874,"after, later than in time.",feminine of le: the
le cadre,2836325,the (definite article),frame (of a door or picture)
chez les,2835990,"to, at, in or into the place of",plural of le: the
ils se,2834036,they (male or mixed group),abbreviation of sud-est; SE
que ça,2830231,that (introduces a subordinate noun clause and connects it to its parent clause),that (distal demonstrative pronoun)
l' époque,2819606,"apocopic form of le, la: the",vintage
ils ne,2816445,they (male or mixed group),abbreviation of nord-est; NE
fait que,2802197,fact,that (introduces a subordinate noun clause and connects it to its parent clause)
le corps,2799538,the (definite article),body
des autres,2785594,"plural of un (“some”, the plural indefinite article)",plural of autre
d' eau,2783658,apocopic form of de: of,"water, a liquid that is transparent, colorless, odorless, and tasteless in its pure form, the primary constituent of lakes, rivers, seas, and oceans"
on se,2780614,"one, people, you, someone (an unspecified individual)",abbreviation of sud-est; SE
n o,2779518,"The fourteenth letter of the French alphabet, written in the Latin script.","The fifteenth letter of the French alphabet, written in the Latin script."
non plus,2773269,no,used to express the comparative and superlative of a following adjective or adverb
et puis,2770828,and,then; after; next
ce moment,2769353,EC (European Community),moment (point in time)
l' espace,2764487,"apocopic form of le, la: the",space
ce dernier,2764097,EC (European Community),last
des deux,2757892,"plural of un (“some”, the plural indefinite article)",two
coup de,2752115,"blow, hit, strike",from (used to indicate origin)
comme il,2750781,"as (in the role of, by way of)",he (third-person singular masculine subject pronoun for human subject)
un certain,2749417,"an, a","certain, guaranteed (sure, positive)"
dans l,2747355,"in, inside (enclosed in a physical space, a group, a state)","The twelfth letter of the French alphabet, written in the Latin script."
la table,2746216,feminine of le: the,table (furniture with a top surface to accommodate a variety of uses)
pas les,2744042,"step, pace, footstep",plural of le: the
avec son,2743321,with,sound
le jour,2742909,the (definite article),day
dans leur,2739936,"in, inside (enclosed in a physical space, a group, a state)",(to) them
comme l',2732974,"as (in the role of, by way of)","apocopic form of le, la: the"
l' année,2730022,"apocopic form of le, la: the",year (period)
la vérité,2726748,feminine of le: the,truth
la mise,2717814,feminine of le: the,feminine singular of mis
du travail,2715323,"contraction of de + le, literally “of the”",work; labor
rien de,2715022,nothing,from (used to indicate origin)
les femmes,2712793,plural of le: the,plural of femme
entre le,2710405,between,the (definite article)
e siècle,2709962,"The fifth letter of the French alphabet, written in the Latin script.",century (period of 100 years)
de voir,2709105,from (used to indicate origin),to see (visually)
train de,2708663,train (rail mounted vehicle),from (used to indicate origin)
mettre en,2701218,to put; to place,"in (used to indicate space, also see usage notes)"
bout de,2692913,"end, extremity, tip (of a physical object)",from (used to indicate origin)
les choses,2690132,plural of le: the,plural of chose; things.
pour faire,2687760,"for (meant for, intended for)",to do
et vous,2685597,and,the plural personal pronoun in the second person
et aux,2683723,and,Contraction of à + les ('to the' or 'of the')
en particulier,2680633,"in (used to indicate space, also see usage notes)",particular
dit que,2667588,"a sentence, saying or maxim",that (introduces a subordinate noun clause and connects it to its parent clause)
la seule,2659344,feminine of le: the,feminine singular of seul
une bonne,2654150,"feminine singular of un (“a / an”), the feminine indefinite article",feminine singular of bon
au contraire,2647817,"contraction of à + le, literally “to the, for the, at the”",opposite
la lumière,2642611,feminine of le: the,light
la route,2640897,feminine of le: the,"road (sometimes route like ""Route 66"")"
de nombreux,2640201,from (used to indicate origin),"numerous, many"
où les,2635532,where (interrogative),plural of le: the
même pas,2635132,even,"step, pace, footstep"
a un,2632286,"The first letter of the French alphabet, written in the Latin script.","an, a"
première fois,2628883,feminine singular of premier,time (an instance or repetition of something happening)
l' impression,2625308,"apocopic form of le, la: the","an impression, the overall effect of something"
l' art,2620832,"apocopic form of le, la: the",art
et même,2618129,and,even
il l',2614636,he (third-person singular masculine subject pronoun for human subject),"apocopic form of le, la: the"
est l',2607327,east,"apocopic form of le, la: the"
en même,2606733,"in (used to indicate space, also see usage notes)",even
histoire de,2602010,story,from (used to indicate origin)
la recherche,2601198,feminine of le: the,research
ma mère,2587089,abbreviation of meilleur avant (“best before”): BB,mother
d' après,2576531,apocopic form of de: of,"after, later than in time."
la pièce,2566318,feminine of le: the,"room in a house, etc."
la chambre,2558217,feminine of le: the,"a chamber in its various senses, including:"
que cela,2553898,that (introduces a subordinate noun clause and connects it to its parent clause),that
état de,2553752,"state, condition",from (used to indicate origin)
une certaine,2552551,"feminine singular of un (“a / an”), the feminine indefinite article",feminine singular of certain
et plus,2549248,and,used to express the comparative and superlative of a following adjective or adverb
et par,2541303,and,through
les jours,2539486,plural of le: the,plural of jour (“day”)
que tout,2539403,that (introduces a subordinate noun clause and connects it to its parent clause),all
pas en,2537954,"step, pace, footstep","in (used to indicate space, also see usage notes)"
d' où,2535836,apocopic form of de: of,where (interrogative)
le visage,2533787,the (definite article),face (of a human)
à Paris,2533074,"A with grave accent, a letter used in French mostly to distinguish some homographs and in transliteration.",Paris (the capital and largest city of France)
le roi,2532989,the (definite article),king
à peu,2532890,"A with grave accent, a letter used in French mostly to distinguish some homographs and in transliteration.",little; not very much/many
son visage,2521429,sound,face (of a human)
quand on,2518931,when (at what time),"one, people, you, someone (an unspecified individual)"
ne vous,2518242,abbreviation of nord-est; NE,the plural personal pronoun in the second person
à cause,2518144,"A with grave accent, a letter used in French mostly to distinguish some homographs and in transliteration.",cause
au fond,2505243,"contraction of à + le, literally “to the, for the, at the”",back
l' école,2502519,"apocopic form of le, la: the",school
car il,2497602,"as, since, because, for",he (third-person singular masculine subject pronoun for human subject)
la forme,2494885,feminine of le: the,shape (geometrical representation)
avec lui,2486883,with,"him, he, it; the third-person masculine singular personal pronoun used after a preposition, or as the predicate of a linking verb, or when disjoined from a sentence, or as a stressed subject"
de France,2486078,from (used to indicate origin),France (a country located primarily in Western Europe)
ne suis,2483474,abbreviation of nord-est; NE,first-person singular present indicative of être
permet de,2481580,third-person singular present indicative of permettre,from (used to indicate origin)
par rapport,2479140,through,ratio
l' action,2477477,"apocopic form of le, la: the","action, act, deed"
moins de,2475720,"comparative degree of peu; less, fewer",from (used to indicate origin)
ces deux,2475687,"masculine/feminine plural of ce: these, those",two
la petite,2474173,feminine of le: the,feminine singular of petit
l' entreprise,2474101,"apocopic form of le, la: the","company, business"
en un,2462360,"in (used to indicate space, also see usage notes)","an, a"
si les,2461933,initialism of Système international: SI,plural of le: the
avec ses,2461331,with,"his, her, its, their, one's (when referring to a plural noun)"
la voix,2458440,feminine of le: the,voice
contre les,2453457,against (in physical contact with),plural of le: the
même de,2452677,even,from (used to indicate origin)
forme de,2449788,shape (geometrical representation),from (used to indicate origin)
que pour,2447547,that (introduces a subordinate noun clause and connects it to its parent clause),"for (meant for, intended for)"
non seulement,2438452,no,only
très bien,2434154,very,"good, all right, great"
au bout,2433662,"contraction of à + le, literally “to the, for the, at the”","end, extremity, tip (of a physical object)"
le cœur,2433090,the (definite article),heart (organ)
une sorte,2430266,"feminine singular of un (“a / an”), the feminine indefinite article","sort, kind, type"
se faire,2425493,abbreviation of sud-est; SE,to do
entre eux,2422658,between,disjunctive form of ils; them
le sens,2421871,the (definite article),"meaning, sense"
ou la,2419780,or,feminine of le: the
contre le,2413981,against (in physical contact with),the (definite article)
pour ne,2410916,"for (meant for, intended for)",abbreviation of nord-est; NE
a une,2402450,"The first letter of the French alphabet, written in the Latin script.","feminine singular of un (“a / an”), the feminine indefinite article"
au début,2401802,"contraction of à + le, literally “to the, for the, at the”","start, beginning"
au niveau,2401113,"contraction of à + le, literally “to the, for the, at the”",level (general)
sorte de,2396871,"sort, kind, type",from (used to indicate origin)
l' image,2395215,"apocopic form of le, la: the","picture, image"
la personne,2390194,feminine of le: the,person
de prendre,2388186,from (used to indicate origin),to take
où le,2383154,where (interrogative),the (definite article)
que sa,2383100,that (introduces a subordinate noun clause and connects it to its parent clause),initialism of société anonyme (Incorporated (Inc.)) (Limited liability company (Ltd.))
que d',2376534,that (introduces a subordinate noun clause and connects it to its parent clause),apocopic form of de: of
une telle,2373797,"feminine singular of un (“a / an”), the feminine indefinite article",feminine singular of tel
l' état,2368384,"apocopic form of le, la: the","state, condition"
ou le,2366007,or,the (definite article)
cette fois,2363867,feminine singular of ce,time (an instance or repetition of something happening)
cause de,2352546,cause,from (used to indicate origin)
personne ne,2350964,person,abbreviation of nord-est; NE
en cas,2350197,"in (used to indicate space, also see usage notes)","case, situation"
le faire,2349804,the (definite article),to do
pour des,2342251,"for (meant for, intended for)","plural of un (“some”, the plural indefinite article)"
de Paris,2341560,from (used to indicate origin),Paris (the capital and largest city of France)
l' auteur,2340177,"apocopic form of le, la: the",author
que l,2338006,that (introduces a subordinate noun clause and connects it to its parent clause),"The twelfth letter of the French alphabet, written in the Latin script."
sais pas,2335309,first/second-person singular present indicative of savoir,"step, pace, footstep"
les années,2332431,plural of le: the,plural of année
la réalité,2329671,feminine of le: the,reality; actuality; truth
à tous,2325381,"A with grave accent, a letter used in French mostly to distinguish some homographs and in transliteration.",all
mais ce,2319085,"but, although",EC (European Community)
eh bien,2314808,signifying indifference or surprise,"good, all right, great"
le seul,2312118,the (definite article),lonely
moment où,2311615,moment (point in time),where (interrogative)
la force,2306416,feminine of le: the,force
un regard,2305692,"an, a","look, glance"
la grande,2304152,feminine of le: the,feminine singular of grand
un instant,2303627,"an, a","pressing, insistent"
de suite,2300137,from (used to indicate origin),result
des choses,2299440,"plural of un (“some”, the plural indefinite article)",plural of chose; things.
vers l',2298045,towards,"apocopic form of le, la: the"
peu plus,2297515,little; not very much/many,used to express the comparative and superlative of a following adjective or adverb
sous les,2295236,"below, under",plural of le: the
la présence,2288633,feminine of le: the,presence
par son,2288534,through,sound
le regard,2288131,the (definite article),"look, glance"
la liberté,2287031,feminine of le: the,"liberty, freedom. 1688, Guy Miège, The Great French Dictionary. ""Qu'y a-t-il de plus doux dans ce monde que la liberté? What is there sweeter in this world than liberty?"""
à fait,2282566,"A with grave accent, a letter used in French mostly to distinguish some homographs and in transliteration.",fact
la population,2281976,feminine of le: the,population
question de,2280477,question (interrogation by torture),from (used to indicate origin)
à nouveau,2278060,"A with grave accent, a letter used in French mostly to distinguish some homographs and in transliteration.","new, novel"
en matière,2274731,"in (used to indicate space, also see usage notes)",material (substance of which something is made)
un sourire,2274334,"an, a",to smile
en tout,2273879,"in (used to indicate space, also see usage notes)",all
la région,2272714,feminine of le: the,region; area
les trois,2272474,plural of le: the,three
le petit,2271985,the (definite article),small
plupart des,2268305,"main part, majority","plural of un (“some”, the plural indefinite article)"
le travail,2260688,the (definite article),work; labor
les mêmes,2260217,plural of le: the,plural of même
ce soit,2253813,EC (European Community),third-person singular present subjunctive of être
à ces,2250364,"A with grave accent, a letter used in French mostly to distinguish some homographs and in transliteration.","masculine/feminine plural of ce: these, those"
pas être,2247849,"step, pace, footstep",to be
où la,2246290,where (interrogative),feminine of le: the
à chaque,2244730,"A with grave accent, a letter used in French mostly to distinguish some homographs and in transliteration.",each
quand je,2240310,when (at what time),I
l' aide,2235687,"apocopic form of le, la: the","help, support"
où elle,2235283,where (interrogative),she
le reste,2234452,the (definite article),"rest, remainder"
comme ça,2234325,"as (in the role of, by way of)",that (distal demonstrative pronoun)
tout cela,2232421,all,that
la dernière,2230579,feminine of le: the,feminine singular of dernier
dans ces,2228128,"in, inside (enclosed in a physical space, a group, a state)","masculine/feminine plural of ce: these, those"
l' existence,2225543,"apocopic form of le, la: the",existence
d' accord,2220823,apocopic form of de: of,chord
le moment,2218041,the (definite article),moment (point in time)
l' occasion,2216855,"apocopic form of le, la: the","occasion, opportunity"
mais les,2216158,"but, although",plural of le: the
rien à,2215671,nothing,"A with grave accent, a letter used in French mostly to distinguish some homographs and in transliteration."
la mer,2209860,feminine of le: the,sea (large body of water)
et leur,2208374,and,(to) them
idée de,2207415,idea,from (used to indicate origin)
qui en,2202556,"who, whom","in (used to indicate space, also see usage notes)"
entre la,2196378,between,feminine of le: the
en a,2194956,"in (used to indicate space, also see usage notes)","The first letter of the French alphabet, written in the Latin script."
au lieu,2189149,"contraction of à + le, literally “to the, for the, at the”",place
de quoi,2187287,from (used to indicate origin),what
suis pas,2184859,first-person singular present indicative of être,"step, pace, footstep"
vous pouvez,2184013,the plural personal pronoun in the second person,second-person plural present indicative of pouvoir
quand elle,2183801,when (at what time),she
le long,2181493,the (definite article),long
à présent,2181367,"A with grave accent, a letter used in French mostly to distinguish some homographs and in transliteration.",present
que ces,2180802,that (introduces a subordinate noun clause and connects it to its parent clause),"masculine/feminine plural of ce: these, those"
le sol,2180510,the (definite article),"soil, earth"
son regard,2179872,sound,"look, glance"
ou les,2179641,or,plural of le: the
un seul,2179389,"an, a",lonely
je pense,2178099,I,inflection of penser:
pour vous,2176802,"for (meant for, intended for)",the plural personal pronoun in the second person
ce soir,2172118,EC (European Community),evening
son corps,2171067,sound,body
contre la,2169532,against (in physical contact with),feminine of le: the
mal à,2155078,"trouble, difficulty","A with grave accent, a letter used in French mostly to distinguish some homographs and in transliteration."
et on,2154726,and,"one, people, you, someone (an unspecified individual)"
si on,2153970,initialism of Système international: SI,"one, people, you, someone (an unspecified individual)"
du tout,2152402,"contraction of de + le, literally “of the”",all
dans ma,2150327,"in, inside (enclosed in a physical space, a group, a state)",abbreviation of meilleur avant (“best before”): BB
pour être,2146181,"for (meant for, intended for)",to be
la politique,2144736,feminine of le: the,political
du droit,2143879,"contraction of de + le, literally “of the”",right (entitlement)
des enfants,2143176,"plural of un (“some”, the plural indefinite article)",plural of enfant
à cet,2141786,"A with grave accent, a letter used in French mostly to distinguish some homographs and in transliteration.",this
ne peux,2141069,abbreviation of nord-est; NE,first/second-person singular present indicative of pouvoir
une partie,2140469,"feminine singular of un (“a / an”), the feminine indefinite article","part (portion, amount)"
dans mon,2135490,"in, inside (enclosed in a physical space, a group, a state)",my (used to qualify masculine nouns and vowel-initial words regardless of gender)
la pensée,2127849,feminine of le: the,feminine singular of pensé
on est,2127489,"one, people, you, someone (an unspecified individual)",east
pas été,2126230,"step, pace, footstep",summer
la langue,2125785,feminine of le: the,tongue
dont l',2102739,"of/from whom/which, whose; whereof","apocopic form of le, la: the"
qui vous,2095368,"who, whom",the plural personal pronoun in the second person
il la,2094671,he (third-person singular masculine subject pronoun for human subject),feminine of le: the
le pouvoir,2091379,the (definite article),"can, to be able to"
un air,2089500,"an, a",air (gases of the atmosphere)
puis il,2089132,then; after; next,he (third-person singular masculine subject pronoun for human subject)
le grand,2084296,the (definite article),big
en revanche,2083662,"in (used to indicate space, also see usage notes)",revenge; vengeance
que lui,2083455,that (introduces a subordinate noun clause and connects it to its parent clause),"him, he, it; the third-person masculine singular personal pronoun used after a preposition, or as the predicate of a linking verb, or when disjoined from a sentence, or as a stressed subject"
qui la,2080544,"who, whom",feminine of le: the
d' entre,2078879,apocopic form of de: of,between
le nombre,2077851,the (definite article),number
et me,2077481,and,me (direct object)
cela ne,2076743,that,abbreviation of nord-est; NE
des plus,2074445,"plural of un (“some”, the plural indefinite article)",used to express the comparative and superlative of a following adjective or adverb
et l,2074135,and,"The twelfth letter of the French alphabet, written in the Latin script."
raison de,2071338,reason (cause),from (used to indicate origin)
a la,2068399,"The first letter of the French alphabet, written in the Latin script.",feminine of le: the
plus loin,2068352,used to express the comparative and superlative of a following adjective or adverb,"far, distant"
et sur,2066350,and,"on, upon"
sa main,2066051,initialism of société anonyme (Incorporated (Inc.)) (Limited liability company (Ltd.)),hand
je peux,2061300,I,first/second-person singular present indicative of pouvoir
ou un,2061006,or,"an, a"
en œuvre,2057603,"in (used to indicate space, also see usage notes)","work, book, piece"
elle le,2052342,she,the (definite article)
à le,2051227,"A with grave accent, a letter used in French mostly to distinguish some homographs and in transliteration.",the (definite article)
d' autant,2047897,apocopic form of de: of,so much
peuvent être,2047383,third-person plural present indicative of pouvoir,to be
la création,2043326,feminine of le: the,creation
après le,2040916,"after, later than in time.",the (definite article)
jeune femme,2040510,young,woman
a des,2039384,"The first letter of the French alphabet, written in the Latin script.","plural of un (“some”, the plural indefinite article)"
a l',2036692,"The first letter of the French alphabet, written in the Latin script.","apocopic form of le, la: the"
la raison,2035249,feminine of le: the,reason (cause)
la cour,2029957,feminine of le: the,"courtyard,"
un bon,2028231,"an, a",good
le ciel,2026815,the (definite article),sky
mis en,2025869,first/second-person singular past historic of mettre,"in (used to indicate space, also see usage notes)"
il fallait,2025114,he (third-person singular masculine subject pronoun for human subject),third-person singular imperfect indicative of falloir
les bras,2025046,plural of le: the,arm
il le,2021248,he (third-person singular masculine subject pronoun for human subject),the (definite article)
et surtout,2020378,and,above all
à vous,2019055,"A with grave accent, a letter used in French mostly to distinguish some homographs and in transliteration.",the plural personal pronoun in the second person
avait fait,2014992,third-person singular imperfect indicative of avoir,fact
depuis le,2012793,since,the (definite article)
je dois,2010598,I,first/second-person singular present indicative of devoir
à propos,2007481,"A with grave accent, a letter used in French mostly to distinguish some homographs and in transliteration.","aim, intention"
moment de,2004688,moment (point in time),from (used to indicate origin)
vous en,2003400,the plural personal pronoun in the second person,"in (used to indicate space, also see usage notes)"
d' eux,2002368,apocopic form of de: of,disjunctive form of ils; them
vous vous,2000924,the plural personal pronoun in the second person,the plural personal pronoun in the second person
ce fut,2000716,EC (European Community),post-1990 spelling of fût
la République,1999058,feminine of le: the,republic
des gens,1999053,"plural of un (“some”, the plural indefinite article)",set of people
des femmes,1999004,"plural of un (“some”, the plural indefinite article)",plural of femme
le lendemain,1998754,the (definite article),"the day after, the next day, the morrow"
ça ne,1998440,that (distal demonstrative pronoun),abbreviation of nord-est; NE
devant la,1995783,"confronted with, faced with",feminine of le: the
l' argent,1995003,"apocopic form of le, la: the",silver
et ils,1989373,and,they (male or mixed group)
tu veux,1988164,you (singular),inflection of vouloir:
encore plus,1987418,still,used to express the comparative and superlative of a following adjective or adverb
pour nous,1987147,"for (meant for, intended for)",the plural personal pronoun in the first person:
au point,1982744,"contraction of à + le, literally “to the, for the, at the”",point (small mark)
sous l',1981434,"below, under","apocopic form of le, la: the"
est très,1980964,east,very
de nombreuses,1980631,from (used to indicate origin),feminine plural of nombreux
pas du,1980472,"step, pace, footstep","contraction of de + le, literally “of the”"
se mit,1979903,abbreviation of sud-est; SE,third-person singular past historic of mettre
par ailleurs,1978321,through,elsewhere; somewhere else
beaucoup plus,1974114,"much, very much, a lot",used to express the comparative and superlative of a following adjective or adverb
que si,1970552,that (introduces a subordinate noun clause and connects it to its parent clause),initialism of Système international: SI
l' entrée,1969761,"apocopic form of le, la: the","entry, act of entering"
la journée,1969639,feminine of le: the,day
à qui,1969284,"A with grave accent, a letter used in French mostly to distinguish some homographs and in transliteration.","who, whom"
du pays,1968494,"contraction of de + le, literally “of the”",land; region; home ground; homeland; home country; country; nation
un nouveau,1967852,"an, a","new, novel"
en fonction,1964662,"in (used to indicate space, also see usage notes)",function (what something does or is used for)
le soir,1957129,the (definite article),evening
la cuisine,1956197,feminine of le: the,kitchen
la valeur,1953859,feminine of le: the,"value, worth"
la parole,1948560,feminine of le: the,"speech, language (the faculty of using spoken language to communicate or express thought, the usage of this faculty, and the words articulated through its use)"
ce pas,1947846,EC (European Community),"step, pace, footstep"
le plan,1944642,the (definite article),"map (schematic maps of streets, subways, etc.)"
le jeune,1943051,the (definite article),young
en est,1941558,"in (used to indicate space, also see usage notes)",east
du corps,1938133,"contraction of de + le, literally “of the”",body
la mesure,1934896,feminine of le: the,measure
le point,1929190,the (definite article),point (small mark)
du moins,1928278,"contraction of de + le, literally “of the”","comparative degree of peu; less, fewer"
et sans,1928141,and,without (not having)
ma vie,1923928,abbreviation of meilleur avant (“best before”): BB,"life, the state of organisms (organic beings) prior to death"
était un,1919957,third-person singular imperfect indicative of être,"an, a"
est d',1919496,east,apocopic form of de: of
faire un,1916995,to do,"an, a"
la bouche,1912696,feminine of le: the,mouth
venait de,1911818,"third-person singular imperfect indicative of venir, was coming, came",from (used to indicate origin)
d' aller,1911291,apocopic form of de: of,to go
une part,1910899,"feminine singular of un (“a / an”), the feminine indefinite article",share
pas pour,1909602,"step, pace, footstep","for (meant for, intended for)"
jeune homme,1907929,young,man (adult male human)
à deux,1907922,"A with grave accent, a letter used in French mostly to distinguish some homographs and in transliteration.",two
à me,1907319,"A with grave accent, a letter used in French mostly to distinguish some homographs and in transliteration.",me (direct object)
en la,1906183,"in (used to indicate space, also see usage notes)",feminine of le: the
le dos,1904087,the (definite article),back (of a person)
la mère,1899918,feminine of le: the,mother
de ceux,1899464,from (used to indicate origin),masculine plural of celui: those
besoin d',1898759,need,apocopic form of de: of
de savoir,1897626,from (used to indicate origin),to know (something)
vous le,1897087,the plural personal pronoun in the second person,the (definite article)
la Cour,1894846,feminine of le: the,"courtyard,"
à ma,1894442,"A with grave accent, a letter used in French mostly to distinguish some homographs and in transliteration.",abbreviation of meilleur avant (“best before”): BB
pour me,1890408,"for (meant for, intended for)",me (direct object)
un mot,1890213,"an, a",word
l' origine,1888479,"apocopic form of le, la: the",origin (start place)
a eu,1880716,"The first letter of the French alphabet, written in the Latin script.",initialism of États-Unis (= United States): a country in North America: US
est plus,1878909,east,used to express the comparative and superlative of a following adjective or adverb
être un,1874709,to be,"an, a"
sa femme,1872012,initialism of société anonyme (Incorporated (Inc.)) (Limited liability company (Ltd.)),woman
plus ou,1871218,used to express the comparative and superlative of a following adjective or adverb,or
ou moins,1871146,or,"comparative degree of peu; less, fewer"
la part,1866998,feminine of le: the,share
le développement,1865985,the (definite article),development
que par,1865042,that (introduces a subordinate noun clause and connects it to its parent clause),through
la culture,1864401,feminine of le: the,"farming, cultivation, crop growing"
la partie,1862244,feminine of le: the,"part (portion, amount)"
loin de,1861257,"far, distant",from (used to indicate origin)
se fait,1860308,abbreviation of sud-est; SE,fact
pour ce,1859404,"for (meant for, intended for)",EC (European Community)
avant d',1858300,beforehand; earlier,apocopic form of de: of
le rôle,1857537,the (definite article),role
aussi bien,1857055,"too, also, as well","good, all right, great"
de Saint,1853906,from (used to indicate origin),a male saint; masculine of sainte
le père,1849544,the (definite article),father (parent)
le système,1848342,the (definite article),system (various meanings)
avec sa,1848257,with,initialism of société anonyme (Incorporated (Inc.)) (Limited liability company (Ltd.))
se trouvait,1847432,abbreviation of sud-est; SE,third-person singular imperfect indicative of trouver
qui fait,1846564,"who, whom",fact
tu sais,1846225,you (singular),first/second-person singular present indicative of savoir
non pas,1844907,no,"step, pace, footstep"
ou encore,1839230,or,still
à moi,1835527,"A with grave accent, a letter used in French mostly to distinguish some homographs and in transliteration.",me (first-person singular disjunctive pronoun)
au plus,1834862,"contraction of à + le, literally “to the, for the, at the”",used to express the comparative and superlative of a following adjective or adverb
ou l',1832943,or,"apocopic form of le, la: the"
pas dans,1832824,"step, pace, footstep","in, inside (enclosed in a physical space, a group, a state)"
de pouvoir,1831250,from (used to indicate origin),"can, to be able to"
des personnes,1831008,"plural of un (“some”, the plural indefinite article)",plural of personne
plus grand,1830276,used to express the comparative and superlative of a following adjective or adverb,big
son fils,1827595,sound,son
un ton,1827029,"an, a",your
chaque fois,1824667,each,time (an instance or repetition of something happening)
fin du,1820789,"end, close, finish","contraction of de + le, literally “of the”"
la musique,1816548,feminine of le: the,music
de quelques,1815573,from (used to indicate origin),plural of quelque (“some”)
dès lors,1811300,"from […] onward; starting from; as early as, as soon as","then, at that time"
la direction,1810707,feminine of le: the,direction
et tout,1802513,and,all
tant de,1801218,so much,from (used to indicate origin)
l' expérience,1795570,"apocopic form of le, la: the","experiment, trial, test"
la nouvelle,1793990,feminine of le: the,feminine singular of nouveau (“new”)
les conditions,1791275,plural of le: the,plural of condition
milieu de,1790572,middle; center,from (used to indicate origin)
peu à,1789997,little; not very much/many,"A with grave accent, a letter used in French mostly to distinguish some homographs and in transliteration."
du mal,1787310,"contraction of de + le, literally “of the”","trouble, difficulty"
l' armée,1784818,"apocopic form of le, la: the",army
l' être,1784606,"apocopic form of le, la: the",to be
mais l',1783515,"but, although","apocopic form of le, la: the"
fond de,1781679,back,from (used to indicate origin)
que ses,1780920,that (introduces a subordinate noun clause and connects it to its parent clause),"his, her, its, their, one's (when referring to a plural noun)"
auprès de,1780888,nearby,from (used to indicate origin)
le pays,1780758,the (definite article),land; region; home ground; homeland; home country; country; nation
niveau de,1780072,level (general),from (used to indicate origin)
des droits,1777178,"plural of un (“some”, the plural indefinite article)",masculine plural of droit
de mettre,1775295,from (used to indicate origin),to put; to place
d' y,1772211,apocopic form of de: of,"a letter in the French alphabet, after x and before z"
peut pas,1771514,third-person singular present indicative of pouvoir,"step, pace, footstep"
l' œuvre,1766208,"apocopic form of le, la: the","work, book, piece"
lui a,1766132,"him, he, it; the third-person masculine singular personal pronoun used after a preposition, or as the predicate of a linking verb, or when disjoined from a sentence, or as a stressed subject","The first letter of the French alphabet, written in the Latin script."
ou non,1764948,or,no
rapport à,1764534,ratio,"A with grave accent, a letter used in French mostly to distinguish some homographs and in transliteration."
début de,1761691,"start, beginning",from (used to indicate origin)
la police,1759694,feminine of le: the,police
est donc,1759495,east,"therefore, consequently; thus"
le choix,1758782,the (definite article),choice
en général,1756139,"in (used to indicate space, also see usage notes)",general
ou en,1755167,or,"in (used to indicate space, also see usage notes)"
au cœur,1751475,"contraction of à + le, literally “to the, for the, at the”",heart (organ)
en face,1749405,"in (used to indicate space, also see usage notes)",face
ou bien,1748552,or,"good, all right, great"
dessus de,1745241,on (it),from (used to indicate origin)
d' œil,1744342,apocopic form of de: of,"eye, organ that is sensitive to light, helping organisms to see"
la voiture,1744187,feminine of le: the,car (wheeled vehicle usually pulled by a horse)
dans lequel,1742129,"in, inside (enclosed in a physical space, a group, a state)","which, that, whom"
un tel,1741804,"an, a",such
plus grande,1741447,used to express the comparative and superlative of a following adjective or adverb,feminine singular of grand
pas plus,1741390,"step, pace, footstep",used to express the comparative and superlative of a following adjective or adverb
à voir,1737788,"A with grave accent, a letter used in French mostly to distinguish some homographs and in transliteration.",to see (visually)
jeune fille,1736800,young,girl
devant le,1736488,"confronted with, faced with",the (definite article)
l' Église,1736355,"apocopic form of le, la: the",church
part de,1735685,share,from (used to indicate origin)
se passe,1733125,abbreviation of sud-est; SE,pass (the act of passing)
du fait,1732834,"contraction of de + le, literally “of the”",fact
l' âge,1732522,"apocopic form of le, la: the",age
de nouvelles,1729628,from (used to indicate origin),feminine plural of nouveau
était en,1728816,third-person singular imperfect indicative of être,"in (used to indicate space, also see usage notes)"
l' expression,1726387,"apocopic form of le, la: the",expression
salle de,1725629,hall,from (used to indicate origin)
ses bras,1725184,"his, her, its, their, one's (when referring to a plural noun)",arm
ils étaient,1724885,they (male or mixed group),third-person plural imperfect indicative of être
ses mains,1723674,"his, her, its, their, one's (when referring to a plural noun)",plural of main
le mot,1721039,the (definite article),word
plus à,1720554,used to express the comparative and superlative of a following adjective or adverb,"A with grave accent, a letter used in French mostly to distinguish some homographs and in transliteration."
elles sont,1719452,they (female),third-person plural present indicative of être
les premiers,1718383,plural of le: the,masculine plural of premier
une de,1718293,"feminine singular of un (“a / an”), the feminine indefinite article",from (used to indicate origin)
l' absence,1716054,"apocopic form of le, la: the",absence (state of being absent or withdrawn)
elle lui,1715079,she,"him, he, it; the third-person masculine singular personal pronoun used after a preposition, or as the predicate of a linking verb, or when disjoined from a sentence, or as a stressed subject"
le soleil,1714266,the (definite article),sun (star)
à notre,1710566,"A with grave accent, a letter used in French mostly to distinguish some homographs and in transliteration.",our
fois que,1710341,time (an instance or repetition of something happening),that (introduces a subordinate noun clause and connects it to its parent clause)
parler de,1710213,"to speak, talk",from (used to indicate origin)
plus tôt,1707753,used to express the comparative and superlative of a following adjective or adverb,early
rien ne,1706959,nothing,abbreviation of nord-est; NE
coup d',1706025,"blow, hit, strike",apocopic form of de: of
il nous,1705549,he (third-person singular masculine subject pronoun for human subject),the plural personal pronoun in the first person:
comme on,1705468,"as (in the role of, by way of)","one, people, you, someone (an unspecified individual)"
moyen de,1705330,means,from (used to indicate origin)
à leurs,1705319,"A with grave accent, a letter used in French mostly to distinguish some homographs and in transliteration.",plural of leur: their (used before a plural noun)
a dit,1705072,"The first letter of the French alphabet, written in the Latin script.","a sentence, saying or maxim"
selon les,1702461,according to; whichever applies; depending on,plural of le: the
nous a,1701058,the plural personal pronoun in the first person:,"The first letter of the French alphabet, written in the Latin script."
à laquelle,1699276,"A with grave accent, a letter used in French mostly to distinguish some homographs and in transliteration.",feminine singular of lequel
même que,1698247,even,that (introduces a subordinate noun clause and connects it to its parent clause)
la production,1692953,feminine of le: the,production
avant que,1692573,beforehand; earlier,that (introduces a subordinate noun clause and connects it to its parent clause)
lui et,1692467,"him, he, it; the third-person masculine singular personal pronoun used after a preposition, or as the predicate of a linking verb, or when disjoined from a sentence, or as a stressed subject",and
pour elle,1691899,"for (meant for, intended for)",she
le gouvernement,1689330,the (definite article),government
homme qui,1688123,man (adult male human),"who, whom"
est bien,1688012,east,"good, all right, great"
l' âme,1685477,"apocopic form of le, la: the",soul
le chemin,1683614,the (definite article),"path, way, road"
vie de,1683435,"life, the state of organisms (organic beings) prior to death",from (used to indicate origin)
quand même,1679165,when (at what time),even
on le,1679088,"one, people, you, someone (an unspecified individual)",the (definite article)
elle l',1677960,she,"apocopic form of le, la: the"
la notion,1673128,feminine of le: the,notion
tout au,1672273,all,"contraction of à + le, literally “to the, for the, at the”"
les pays,1670194,plural of le: the,land; region; home ground; homeland; home country; country; nation
sa propre,1668738,initialism of société anonyme (Incorporated (Inc.)) (Limited liability company (Ltd.)),own
une personne,1667760,"feminine singular of un (“a / an”), the feminine indefinite article",person
des yeux,1667726,"plural of un (“some”, the plural indefinite article)","plural of œil, eyes"
la manière,1667564,feminine of le: the,"manner, way"
à votre,1667394,"A with grave accent, a letter used in French mostly to distinguish some homographs and in transliteration.","your, belonging to you (plural or formal)"
une seule,1667328,"feminine singular of un (“a / an”), the feminine indefinite article",feminine singular of seul
le sujet,1667054,the (definite article),subject
of the,1666085,,
faire de,1665082,to do,from (used to indicate origin)
en outre,1662747,"in (used to indicate space, also see usage notes)","goatskin, wine skin, water skin"
de celui,1661949,from (used to indicate origin),the one
par sa,1658857,through,initialism of société anonyme (Incorporated (Inc.)) (Limited liability company (Ltd.))
long de,1657813,long,from (used to indicate origin)
les mots,1657032,plural of le: the,plural of mot
la qualité,1655950,feminine of le: the,quality
plus souvent,1655590,used to express the comparative and superlative of a following adjective or adverb,often
la fenêtre,1653465,feminine of le: the,window
la base,1651080,feminine of le: the,base (bottom part of something)
ne serait,1646966,abbreviation of nord-est; NE,third-person singular conditional of être
et bien,1646227,and,"good, all right, great"
à être,1646150,"A with grave accent, a letter used in French mostly to distinguish some homographs and in transliteration.",to be
et leurs,1645108,and,plural of leur: their (used before a plural noun)
et d,1644861,and,"The fourth letter of the French alphabet, written in the Latin script."
ils avaient,1643233,they (male or mixed group),third-person plural imperfect indicative of avoir
de chaque,1641049,from (used to indicate origin),each
la bonne,1639644,feminine of le: the,feminine singular of bon
la seconde,1636299,feminine of le: the,feminine singular of second
l' instant,1633699,"apocopic form of le, la: the","pressing, insistent"
autre part,1633364,other,share
il peut,1631423,he (third-person singular masculine subject pronoun for human subject),third-person singular present indicative of pouvoir
la scène,1630845,feminine of le: the,stage (where performances are held)
au monde,1630132,"contraction of à + le, literally “to the, for the, at the”",world
ou une,1627546,or,"feminine singular of un (“a / an”), the feminine indefinite article"
en raison,1627439,"in (used to indicate space, also see usage notes)",reason (cause)
mais en,1627282,"but, although","in (used to indicate space, also see usage notes)"
mit à,1626591,third-person singular past historic of mettre,"A with grave accent, a letter used in French mostly to distinguish some homographs and in transliteration."
sur lui,1626583,"on, upon","him, he, it; the third-person masculine singular personal pronoun used after a preposition, or as the predicate of a linking verb, or when disjoined from a sentence, or as a stressed subject"
que celui,1625963,that (introduces a subordinate noun clause and connects it to its parent clause),the one
après l',1625443,"after, later than in time.","apocopic form of le, la: the"
le problème,1624285,the (definite article),problem
chose de,1622104,thing,from (used to indicate origin)
si nous,1621602,initialism of Système international: SI,the plural personal pronoun in the first person:
capable de,1621564,"able, capable",from (used to indicate origin)
compte de,1619981,account (bank or user account),from (used to indicate origin)
la possibilité,1617914,feminine of le: the,possibility
l' organisation,1617168,"apocopic form of le, la: the",organization
sa tête,1616355,initialism of société anonyme (Incorporated (Inc.)) (Limited liability company (Ltd.)),head (part of the body)
ensemble des,1614841,together,"plural of un (“some”, the plural indefinite article)"
mais qui,1611830,"but, although","who, whom"
du roi,1611824,"contraction of de + le, literally “of the”",king
ce genre,1610703,EC (European Community),kind
tu me,1610286,you (singular),me (direct object)
l' effet,1608514,"apocopic form of le, la: the",effect
autre chose,1607853,other,thing
et tu,1607612,and,you (singular)
comme dans,1606306,"as (in the role of, by way of)","in, inside (enclosed in a physical space, a group, a state)"
le silence,1606154,the (definite article),silence
pas ce,1603080,"step, pace, footstep",EC (European Community)
bien plus,1602044,"good, all right, great",used to express the comparative and superlative of a following adjective or adverb
de trois,1601822,from (used to indicate origin),three
un point,1601362,"an, a",point (small mark)
sein de,1600658,breast (the chest),from (used to indicate origin)
l' Europe,1598449,"apocopic form of le, la: the",Europe (a continent located west of Asia and north of Africa)
de soi,1596219,from (used to indicate origin),Designating or reinforcing a reflexive (direct) object or the regime of a preposition
les personnes,1596071,plural of le: the,plural of personne
je la,1595943,I,feminine of le: the
cœur de,1595887,heart (organ),from (used to indicate origin)
une main,1592251,"feminine singular of un (“a / an”), the feminine indefinite article",hand
je les,1591205,I,plural of le: the
on y,1591103,"one, people, you, someone (an unspecified individual)","a letter in the French alphabet, after x and before z"
fonction de,1590585,function (what something does or is used for),from (used to indicate origin)
il pas,1590526,he (third-person singular masculine subject pronoun for human subject),"step, pace, footstep"
cet homme,1589346,this,man (adult male human)
tous ces,1587300,all,"masculine/feminine plural of ce: these, those"
son nom,1585702,sound,name
de La,1582680,from (used to indicate origin),feminine of le: the
ce jour,1580036,EC (European Community),day
ce point,1577042,EC (European Community),point (small mark)
la paix,1576901,feminine of le: the,peace
le début,1575198,the (definite article),"start, beginning"
son cœur,1573244,sound,heart (organ)
absence de,1571286,absence (state of being absent or withdrawn),from (used to indicate origin)
toute l',1568793,feminine singular of tout,"apocopic form of le, la: the"
l' île,1568145,"apocopic form of le, la: the",island
à elle,1567285,"A with grave accent, a letter used in French mostly to distinguish some homographs and in transliteration.",she
faut que,1563198,third-person singular present indicative of falloir,that (introduces a subordinate noun clause and connects it to its parent clause)
est aussi,1562943,east,"too, also, as well"
mort de,1560384,past participle of mourir,from (used to indicate origin)
ensemble de,1559641,together,from (used to indicate origin)
pour son,1559260,"for (meant for, intended for)",sound
peut se,1558566,third-person singular present indicative of pouvoir,abbreviation of sud-est; SE
un enfant,1556948,"an, a",child (someone who is not yet an adult)
la peine,1556083,feminine of le: the,punishment
toutes ces,1555879,feminine plural of tout,"masculine/feminine plural of ce: these, those"
crois que,1554447,inflection of croire:,that (introduces a subordinate noun clause and connects it to its parent clause)
mais à,1554359,"but, although","A with grave accent, a letter used in French mostly to distinguish some homographs and in transliteration."
autant que,1553691,so much,that (introduces a subordinate noun clause and connects it to its parent clause)
où je,1552393,where (interrogative),I
avec moi,1551626,with,me (first-person singular disjunctive pronoun)
genre de,1550376,kind,from (used to indicate origin)
faire des,1550308,to do,"plural of un (“some”, the plural indefinite article)"
ce serait,1549472,EC (European Community),third-person singular conditional of être
il existe,1547747,he (third-person singular masculine subject pronoun for human subject),inflection of exister:
de là,1546458,from (used to indicate origin),referring to physical place
la construction,1545474,feminine of le: the,construction
l' affaire,1545101,"apocopic form of le, la: the",business; matter; affair
là où,1544231,referring to physical place,where (interrogative)
ce cas,1542329,EC (European Community),"case, situation"
avec elle,1540186,with,she
fils de,1537897,son,from (used to indicate origin)
sur cette,1536498,"on, upon",feminine singular of ce
qui peut,1534536,"who, whom",third-person singular present indicative of pouvoir
la formation,1533518,feminine of le: the,"formation, forming, development"
en une,1533515,"in (used to indicate space, also see usage notes)","feminine singular of un (“a / an”), the feminine indefinite article"
ne nous,1532309,abbreviation of nord-est; NE,the plural personal pronoun in the first person:
New York,1531251,,
le texte,1529875,the (definite article),text (piece of writing)
à quoi,1527126,"A with grave accent, a letter used in French mostly to distinguish some homographs and in transliteration.",what
le principe,1526769,the (definite article),principle
tout cas,1526206,all,"case, situation"
autant plus,1525958,so much,used to express the comparative and superlative of a following adjective or adverb
ne peuvent,1525949,abbreviation of nord-est; NE,third-person plural present indicative of pouvoir
nous étions,1525040,the plural personal pronoun in the first person:,first-person plural imperfect indicative of être
à nous,1524511,"A with grave accent, a letter used in French mostly to distinguish some homographs and in transliteration.",the plural personal pronoun in the first person:
les épaules,1522845,plural of le: the,plural of épaule
pendant la,1520636,present participle of pendre,feminine of le: the
pas seulement,1519115,"step, pace, footstep",only
son mari,1518689,sound,husband
de dire,1517801,from (used to indicate origin),"to say, to tell (to express through speech)"
faire une,1513018,to do,"feminine singular of un (“a / an”), the feminine indefinite article"
en réalité,1512114,"in (used to indicate space, also see usage notes)",reality; actuality; truth
l' intérêt,1511860,"apocopic form of le, la: the",interest (great attention and concern from someone)
depuis la,1509797,since,feminine of le: the
chef de,1509290,head,from (used to indicate origin)
la volonté,1509090,feminine of le: the,"wish, will"
entre l',1507437,between,"apocopic form of le, la: the"
sens de,1506569,"meaning, sense",from (used to indicate origin)
droits de,1503275,masculine plural of droit,from (used to indicate origin)
pendant que,1503193,present participle of pendre,that (introduces a subordinate noun clause and connects it to its parent clause)
direction de,1502876,direction,from (used to indicate origin)
la demande,1501290,feminine of le: the,request (act of requesting)
d' argent,1500067,apocopic form of de: of,silver
où se,1497829,where (interrogative),abbreviation of sud-est; SE
centre de,1497046,"centre, center",from (used to indicate origin)
sont en,1496774,third-person plural present indicative of être,"in (used to indicate space, also see usage notes)"
hors de,1496064,"outside, out of, off",from (used to indicate origin)
vient de,1495518,third-person singular present indicative of venir,from (used to indicate origin)
type de,1494952,"type; sort, kind",from (used to indicate origin)
mais pas,1494110,"but, although","step, pace, footstep"
lui aussi,1490804,"him, he, it; the third-person masculine singular personal pronoun used after a preposition, or as the predicate of a linking verb, or when disjoined from a sentence, or as a stressed subject","too, also, as well"
le dernier,1490749,the (definite article),last
il va,1490475,he (third-person singular masculine subject pronoun for human subject),"""version anglaise"" — English-language version (EV); a film dubbed in English"
plutôt que,1487105,"earlier, sooner",that (introduces a subordinate noun clause and connects it to its parent clause)
jour de,1485329,day,from (used to indicate origin)
du jour,1483118,"contraction of de + le, literally “of the”",day
il fait,1482755,he (third-person singular masculine subject pronoun for human subject),fact
et dont,1482125,and,"of/from whom/which, whose; whereof"
son frère,1481909,sound,brother (son of the same parents as another person)
avait pas,1481589,third-person singular imperfect indicative of avoir,"step, pace, footstep"
vue de,1479928,feminine singular of vu,from (used to indicate origin)
l' avenir,1479321,"apocopic form of le, la: the",future
le chef,1473519,the (definite article),head
une heure,1471652,"feminine singular of un (“a / an”), the feminine indefinite article","hour, time"
ne veux,1470957,abbreviation of nord-est; NE,inflection of vouloir:
fait un,1470454,fact,"an, a"
dès le,1469224,"from […] onward; starting from; as early as, as soon as",the (definite article)
de vivre,1468693,from (used to indicate origin),to live
le domaine,1468339,the (definite article),domain
sa voix,1467923,initialism of société anonyme (Incorporated (Inc.)) (Limited liability company (Ltd.)),voice
le bras,1467809,the (definite article),arm
en dehors,1466054,"in (used to indicate space, also see usage notes)",outside
dans notre,1464952,"in, inside (enclosed in a physical space, a group, a state)",our
a de,1463532,"The first letter of the French alphabet, written in the Latin script.",from (used to indicate origin)
pour en,1462536,"for (meant for, intended for)","in (used to indicate space, also see usage notes)"
la justice,1461275,feminine of le: the,justice
nous allons,1461174,the plural personal pronoun in the first person:,inflection of aller:
d' or,1461023,apocopic form of de: of,gold
on l',1459786,"one, people, you, someone (an unspecified individual)","apocopic form of le, la: the"
en compte,1457525,"in (used to indicate space, also see usage notes)",account (bank or user account)
chez lui,1457082,"to, at, in or into the place of","him, he, it; the third-person masculine singular personal pronoun used after a preposition, or as the predicate of a linking verb, or when disjoined from a sentence, or as a stressed subject"
dans tous,1456270,"in, inside (enclosed in a physical space, a group, a state)",all
la différence,1456224,feminine of le: the,difference
de celle,1454529,from (used to indicate origin),feminine singular of celui
la veille,1451754,feminine of le: the,"the day before, the eve"
ou du,1451397,or,"contraction of de + le, literally “of the”"
l' analyse,1451274,"apocopic form of le, la: the",analysis
de guerre,1447701,from (used to indicate origin),war
l' activité,1446899,"apocopic form of le, la: the","activity (something to do for educational, recreational, or other purposes)"
tu te,1445988,you (singular),you
l' économie,1444623,"apocopic form of le, la: the",economy
sa fille,1441614,initialism of société anonyme (Incorporated (Inc.)) (Limited liability company (Ltd.)),girl
celle qui,1440948,feminine singular of celui,"who, whom"
il aurait,1440258,he (third-person singular masculine subject pronoun for human subject),third-person singular conditional of avoir
une vie,1439676,"feminine singular of un (“a / an”), the feminine indefinite article","life, the state of organisms (organic beings) prior to death"
force de,1439653,force,from (used to indicate origin)
que celle,1438907,that (introduces a subordinate noun clause and connects it to its parent clause),feminine singular of celui
la période,1438810,feminine of le: the,period; as in interval of time
vers les,1436376,towards,plural of le: the
de droit,1436161,from (used to indicate origin),right (entitlement)
lui faire,1434647,"him, he, it; the third-person masculine singular personal pronoun used after a preposition, or as the predicate of a linking verb, or when disjoined from a sentence, or as a stressed subject",to do
une forme,1433820,"feminine singular of un (“a / an”), the feminine indefinite article",shape (geometrical representation)
avait un,1433585,third-person singular imperfect indicative of avoir,"an, a"
matière de,1432940,material (substance of which something is made),from (used to indicate origin)
dont on,1432770,"of/from whom/which, whose; whereof","one, people, you, someone (an unspecified individual)"
risque de,1430764,risk,from (used to indicate origin)
la communauté,1430428,feminine of le: the,community
il fut,1430367,he (third-person singular masculine subject pronoun for human subject),post-1990 spelling of fût
à celui,1430350,"A with grave accent, a letter used in French mostly to distinguish some homographs and in transliteration.",the one
ses lèvres,1429768,"his, her, its, their, one's (when referring to a plural noun)",plural of lèvre; lips
à mes,1428785,"A with grave accent, a letter used in French mostly to distinguish some homographs and in transliteration.",my (when referring to a plural noun)
d' État,1428071,apocopic form of de: of,"state, condition"
beaucoup d',1427289,"much, very much, a lot",apocopic form of de: of
je vois,1426764,I,inflection of voir:
peux pas,1423973,first/second-person singular present indicative of pouvoir,"step, pace, footstep"
son tour,1422505,sound,tower
la façon,1421345,feminine of le: the,way; manner; fashion
un rôle,1421069,"an, a",role
donc pas,1418419,"therefore, consequently; thus","step, pace, footstep"
de sécurité,1418007,from (used to indicate origin),"security, safety"
lui dit,1416287,"him, he, it; the third-person masculine singular personal pronoun used after a preposition, or as the predicate of a linking verb, or when disjoined from a sentence, or as a stressed subject","a sentence, saying or maxim"
de vos,1414489,from (used to indicate origin),plural of votre; your (plural or formal you)
le feu,1411774,the (definite article),fire
afin d',1410648,to,apocopic form of de: of
pour autant,1410381,"for (meant for, intended for)",so much
les jeunes,1409983,plural of le: the,plural of jeune
comme pour,1409893,"as (in the role of, by way of)","for (meant for, intended for)"
pour cela,1409137,"for (meant for, intended for)",that
aux yeux,1408689,Contraction of à + les ('to the' or 'of the'),"plural of œil, eyes"
de terre,1408145,from (used to indicate origin),earth; soil
en avait,1407808,"in (used to indicate space, also see usage notes)",third-person singular imperfect indicative of avoir
prise de,1403188,"socket, wall socket (also prise électrique)",from (used to indicate origin)
ne les,1401891,abbreviation of nord-est; NE,plural of le: the
tête de,1400242,head (part of the body),from (used to indicate origin)
à celle,1400103,"A with grave accent, a letter used in French mostly to distinguish some homographs and in transliteration.",feminine singular of celui
en charge,1399959,"in (used to indicate space, also see usage notes)","load, burden"
d' origine,1399671,apocopic form of de: of,origin (start place)
la connaissance,1399416,feminine of le: the,knowledge
et donc,1399281,and,"therefore, consequently; thus"
l' évolution,1399126,"apocopic form of le, la: the",evolution
si ce,1398624,initialism of Système international: SI,EC (European Community)
aurait pu,1397576,third-person singular conditional of avoir,past participle of pouvoir
une chose,1396810,"feminine singular of un (“a / an”), the feminine indefinite article",thing
à ne,1396124,"A with grave accent, a letter used in French mostly to distinguish some homographs and in transliteration.",abbreviation of nord-est; NE
du côté,1395004,"contraction of de + le, literally “of the”",side
pas trop,1394128,"step, pace, footstep",too; too much
le juge,1393856,the (definite article),judge
l' est,1392834,"apocopic form of le, la: the",east
à prendre,1392414,"A with grave accent, a letter used in French mostly to distinguish some homographs and in transliteration.",to take
elle me,1389018,she,me (direct object)
que mon,1387702,that (introduces a subordinate noun clause and connects it to its parent clause),my (used to qualify masculine nouns and vowel-initial words regardless of gender)
avant la,1386046,beforehand; earlier,feminine of le: the
le président,1385517,the (definite article),president
l' endroit,1384925,"apocopic form of le, la: the","place, spot (specified area)"
et comme,1384852,and,"as (in the role of, by way of)"
ce ne,1384802,EC (European Community),abbreviation of nord-est; NE
la fonction,1383645,feminine of le: the,function (what something does or is used for)
au sens,1382116,"contraction of à + le, literally “to the, for the, at the”","meaning, sense"
par ses,1381069,through,"his, her, its, their, one's (when referring to a plural noun)"
quelques jours,1380986,plural of quelque (“some”),plural of jour (“day”)
de nouveaux,1377442,from (used to indicate origin),masculine plural of nouveau
contre l',1377012,against (in physical contact with),"apocopic form of le, la: the"
propos de,1375225,"aim, intention",from (used to indicate origin)
la relation,1374858,feminine of le: the,relation
mais on,1374765,"but, although","one, people, you, someone (an unspecified individual)"
autant de,1373871,so much,from (used to indicate origin)
place de,1373480,"place, square, plaza, piazza",from (used to indicate origin)
était le,1372801,third-person singular imperfect indicative of être,the (definite article)
de recherche,1372524,from (used to indicate origin),research
la science,1369015,feminine of le: the,"science (field of study, etc.)"
tu vas,1368090,you (singular),second-person singular present indicative of aller
l' hôtel,1367864,"apocopic form of le, la: the","mansion, town house, hotel (in the sense of a town house or mansion)"
membres de,1365092,plural of membre,from (used to indicate origin)
pas si,1363584,"step, pace, footstep",initialism of Système international: SI
de te,1363389,from (used to indicate origin),you
par l,1362951,through,"The twelfth letter of the French alphabet, written in the Latin script."
du pouvoir,1361300,"contraction of de + le, literally “of the”","can, to be able to"
vous voulez,1361164,the plural personal pronoun in the second person,second-person plural present indicative of vouloir
si bien,1360851,initialism of Système international: SI,"good, all right, great"
celle du,1360368,feminine singular of celui,"contraction of de + le, literally “of the”"
dans leurs,1359906,"in, inside (enclosed in a physical space, a group, a state)",plural of leur: their (used before a plural noun)
un système,1357699,"an, a",system (various meanings)
y compris,1357633,"a letter in the French alphabet, after x and before z",understood
comme je,1356458,"as (in the role of, by way of)",I
autre côté,1356177,other,side
ce type,1355657,EC (European Community),"type; sort, kind"
les uns,1354906,plural of le: the,plural of un
signe de,1354442,sign (indicator; indication; mathematical polarity),from (used to indicate origin)
du même,1354430,"contraction of de + le, literally “of the”",even
est toujours,1353397,east,always
porte de,1352142,door,from (used to indicate origin)
en avant,1351685,"in (used to indicate space, also see usage notes)",beforehand; earlier
l' importance,1351544,"apocopic form of le, la: the",importance
avaient été,1348970,third-person plural imperfect indicative of avoir,summer
la prise,1348695,feminine of le: the,"socket, wall socket (also prise électrique)"
base de,1348415,base (bottom part of something),from (used to indicate origin)
système de,1347864,system (various meanings),from (used to indicate origin)
à part,1347451,"A with grave accent, a letter used in French mostly to distinguish some homographs and in transliteration.",share
l' Union,1346901,"apocopic form of le, la: the",union
temps à,1345434,time (in general),"A with grave accent, a letter used in French mostly to distinguish some homographs and in transliteration."
la peau,1344477,feminine of le: the,skin of a person or animal
dans laquelle,1342915,"in, inside (enclosed in a physical space, a group, a state)",feminine singular of lequel
qui avaient,1342153,"who, whom",third-person plural imperfect indicative of avoir
se leva,1340757,abbreviation of sud-est; SE,third-person singular past historic of lever
coups de,1340631,plural of coup,from (used to indicate origin)
la gestion,1340293,feminine of le: the,administration
dès que,1339104,"from […] onward; starting from; as early as, as soon as",that (introduces a subordinate noun clause and connects it to its parent clause)
de bois,1338269,from (used to indicate origin),wood (substance making up the central part of the trunk and branches of a tree)
possible de,1338050,possible,from (used to indicate origin)
la santé,1336709,feminine of le: the,health
la moindre,1336251,feminine of le: the,comparative degree of petit; lower; less; lesser
sur l,1335664,"on, upon","The twelfth letter of the French alphabet, written in the Latin script."
maison de,1334859,house,from (used to indicate origin)
du système,1334314,"contraction of de + le, literally “of the”",system (various meanings)
nous en,1331968,the plural personal pronoun in the first person:,"in (used to indicate space, also see usage notes)"
un groupe,1330195,"an, a",group
celle des,1330144,feminine singular of celui,"plural of un (“some”, the plural indefinite article)"
les moyens,1329950,plural of le: the,masculine plural of moyen
aussi de,1328190,"too, also, as well",from (used to indicate origin)
qui leur,1326841,"who, whom",(to) them
une manière,1325119,"feminine singular of un (“a / an”), the feminine indefinite article","manner, way"
de plusieurs,1324991,from (used to indicate origin),"several, many, a lot"
à les,1324029,"A with grave accent, a letter used in French mostly to distinguish some homographs and in transliteration.",plural of le: the
bien des,1323766,"good, all right, great","plural of un (“some”, the plural indefinite article)"
la lettre,1322283,feminine of le: the,letter (written character)
tout est,1322279,all,east
occasion de,1322076,"occasion, opportunity",from (used to indicate origin)
l' autorité,1321786,"apocopic form of le, la: the",authority (the power to enforce rules or give orders)
l' église,1320366,"apocopic form of le, la: the",church
de passer,1318669,from (used to indicate origin),to go past
encore une,1318557,still,"feminine singular of un (“a / an”), the feminine indefinite article"
me dit,1317804,me (direct object),"a sentence, saying or maxim"
ceux de,1317695,masculine plural of celui: those,from (used to indicate origin)
je voulais,1317044,I,first/second-person singular imperfect indicative of vouloir
ne fait,1316370,abbreviation of nord-est; NE,fact
en vue,1313208,"in (used to indicate space, also see usage notes)",feminine singular of vu
et al,1313151,and,they (singular). A gender-neutral singular third-person subject personal pronoun.
où ils,1312561,where (interrogative),they (male or mixed group)
la décision,1311053,feminine of le: the,decision
de sang,1310076,from (used to indicate origin),blood
processus de,1310073,process,from (used to indicate origin)
cadre de,1307852,frame (of a door or picture),from (used to indicate origin)
en me,1307552,"in (used to indicate space, also see usage notes)",me (direct object)
avait eu,1305355,third-person singular imperfect indicative of avoir,initialism of États-Unis (= United States): a country in North America: US
à coup,1304724,"A with grave accent, a letter used in French mostly to distinguish some homographs and in transliteration.","blow, hit, strike"
que leur,1303899,that (introduces a subordinate noun clause and connects it to its parent clause),(to) them
un geste,1303125,"an, a",gesture
sais que,1302233,first/second-person singular present indicative of savoir,that (introduces a subordinate noun clause and connects it to its parent clause)
fois de,1302093,time (an instance or repetition of something happening),from (used to indicate origin)
de parler,1300996,from (used to indicate origin),"to speak, talk"
la réponse,1300308,feminine of le: the,"response, answer, reply (a communication)"
avait une,1298086,third-person singular imperfect indicative of avoir,"feminine singular of un (“a / an”), the feminine indefinite article"
le marché,1297312,the (definite article),market
nombre d',1297089,number,apocopic form of de: of
au nom,1296272,"contraction of à + le, literally “to the, for the, at the”",name
main sur,1295700,hand,"on, upon"
en faisant,1295539,"in (used to indicate space, also see usage notes)",present participle of faire
la pratique,1295237,feminine of le: the,"practical, applied (concerning action or intervention of human will on the real to change it)"
pour sa,1295118,"for (meant for, intended for)",initialism of société anonyme (Incorporated (Inc.)) (Limited liability company (Ltd.))
un temps,1294903,"an, a",time (in general)
cette dernière,1293747,feminine singular of ce,feminine singular of dernier
en arrière,1293158,"in (used to indicate space, also see usage notes)",back; rear
l' ombre,1293113,"apocopic form of le, la: the","shade, shadow"
dont elle,1291852,"of/from whom/which, whose; whereof",she
me faire,1291849,me (direct object),to do
jours de,1290802,plural of jour (“day”),from (used to indicate origin)
dans cet,1290759,"in, inside (enclosed in a physical space, a group, a state)",this
et autres,1289846,and,plural of autre
après les,1289569,"after, later than in time.",plural of le: the
était de,1286986,third-person singular imperfect indicative of être,from (used to indicate origin)
principe de,1286696,principle,from (used to indicate origin)
la voie,1286337,feminine of le: the,"way, track"
par ce,1285905,through,EC (European Community)
ces derniers,1285774,"masculine/feminine plural of ce: these, those",masculine plural of dernier
la figure,1285717,feminine of le: the,face
la douleur,1283221,feminine of le: the,pain
aux autres,1282621,Contraction of à + les ('to the' or 'of the'),plural of autre
sur mon,1280972,"on, upon",my (used to qualify masculine nouns and vowel-initial words regardless of gender)
yeux de,1278485,"plural of œil, eyes",from (used to indicate origin)
le rapport,1276124,the (definite article),ratio
à savoir,1275872,"A with grave accent, a letter used in French mostly to distinguish some homographs and in transliteration.",to know (something)
pas moins,1275545,"step, pace, footstep","comparative degree of peu; less, fewer"
faire le,1274523,to do,the (definite article)
la mémoire,1273479,feminine of le: the,memory
quand le,1273446,when (at what time),the (definite article)
la littérature,1273203,feminine of le: the,literature
mais ils,1272667,"but, although",they (male or mixed group)
la théorie,1272460,feminine of le: the,theory
de choses,1272007,from (used to indicate origin),plural of chose; things.
ne sait,1271550,abbreviation of nord-est; NE,third-person singular present indicative of savoir
au bord,1271412,"contraction of à + le, literally “to the, for the, at the”","border, edge, limit; boundary"
mais de,1270770,"but, although",from (used to indicate origin)
l' œil,1270618,"apocopic form of le, la: the","eye, organ that is sensitive to light, helping organisms to see"
tout comme,1269468,all,"as (in the role of, by way of)"
lorsque le,1269453,when (at a time when),the (definite article)
présence de,1267673,presence,from (used to indicate origin)
le prix,1267588,the (definite article),prize
objet de,1266777,"thing, object",from (used to indicate origin)
être le,1265974,to be,the (definite article)
de toi,1265796,from (used to indicate origin),"you (informal second-person singular personal pronoun, disjunctive)"
bord de,1265534,"border, edge, limit; boundary",from (used to indicate origin)
pas toujours,1265160,"step, pace, footstep",always
sa famille,1265053,initialism of société anonyme (Incorporated (Inc.)) (Limited liability company (Ltd.)),family (group of related people)
le vent,1264617,the (definite article),wind
ses parents,1263240,"his, her, its, their, one's (when referring to a plural noun)",plural of parent
nous l',1261841,the plural personal pronoun in the first person:,"apocopic form of le, la: the"
l' étude,1261715,"apocopic form of le, la: the",study (act of studying or examining)
et a,1261527,and,"The first letter of the French alphabet, written in the Latin script."
par conséquent,1260786,through,Acting or operating in a consistent or logical manner; coherent
de santé,1259682,from (used to indicate origin),health
à de,1258929,"A with grave accent, a letter used in French mostly to distinguish some homographs and in transliteration.",from (used to indicate origin)
mis à,1258302,first/second-person singular past historic of mettre,"A with grave accent, a letter used in French mostly to distinguish some homographs and in transliteration."
veux pas,1256670,inflection of vouloir:,"step, pace, footstep"
vous savez,1256206,the plural personal pronoun in the second person,second-person plural present indicative of savoir
autour d',1255216,around,apocopic form of de: of
le sentiment,1254914,the (definite article),"a sentiment, general thought, sense or feeling"
pas se,1254850,"step, pace, footstep",abbreviation of sud-est; SE
d' amour,1254069,apocopic form of de: of,love
homme de,1253239,man (adult male human),from (used to indicate origin)
la fille,1253095,feminine of le: the,girl
partie du,1253023,"part (portion, amount)","contraction of de + le, literally “of the”"
avoir été,1251980,to have; to own; to possess; to get,summer
avoir une,1251426,to have; to own; to possess; to get,"feminine singular of un (“a / an”), the feminine indefinite article"
ne faut,1251170,abbreviation of nord-est; NE,third-person singular present indicative of falloir
nous avions,1250673,the plural personal pronoun in the first person:,plural of avion
comme elle,1250577,"as (in the role of, by way of)",she
de trouver,1250077,from (used to indicate origin),"to find; to retrieve something lost, turn up something hidden, or encounter something previously unknown to one"
la crise,1250033,feminine of le: the,crisis
l' administration,1248326,"apocopic form of le, la: the",management (administration; the process or practice of managing)
début du,1248278,"start, beginning","contraction of de + le, literally “of the”"
le coup,1248102,the (definite article),"blow, hit, strike"
l' intention,1248073,"apocopic form of le, la: the",intention
un monde,1248056,"an, a",world
deux ans,1247559,two,plural of an
le mouvement,1247530,the (definite article),movement
la liste,1246949,feminine of le: the,list
le caractère,1246469,the (definite article),character (written symbol)
mois de,1245723,month,from (used to indicate origin)
la conscience,1245020,feminine of le: the,conscience
de rire,1244492,from (used to indicate origin),to laugh
l' égard,1244421,"apocopic form of le, la: the",consideration
lui ai,1244187,"him, he, it; the third-person masculine singular personal pronoun used after a preposition, or as the predicate of a linking verb, or when disjoined from a sentence, or as a stressed subject",first-person singular present indicative of avoir
et cela,1242559,and,that
le peuple,1241528,the (definite article),"people (nation, distinct ethnic group)"
la nécessité,1241295,feminine of le: the,necessity; need
les États,1240642,plural of le: the,plural of état
pas des,1239928,"step, pace, footstep","plural of un (“some”, the plural indefinite article)"
du Nord,1239546,"contraction of de + le, literally “of the”",north
l' exercice,1239296,"apocopic form of le, la: the","exercise, performance"
selon la,1237847,according to; whichever applies; depending on,feminine of le: the
ne te,1237698,abbreviation of nord-est; NE,you
vous me,1236931,the plural personal pronoun in the second person,me (direct object)
réussi à,1236047,past participle of réussir,"A with grave accent, a letter used in French mostly to distinguish some homographs and in transliteration."
le sang,1235682,the (definite article),blood
mais si,1234524,"but, although",initialism of Système international: SI
prise en,1234218,"socket, wall socket (also prise électrique)","in (used to indicate space, also see usage notes)"
tout ça,1234073,all,that (distal demonstrative pronoun)
la responsabilité,1232200,feminine of le: the,responsibility
ses cheveux,1231015,"his, her, its, their, one's (when referring to a plural noun)",plural of cheveu
la sécurité,1230537,feminine of le: the,"security, safety"
qui va,1230031,"who, whom","""version anglaise"" — English-language version (EV); a film dubbed in English"
effet de,1229427,effect,from (used to indicate origin)
le groupe,1228812,the (definite article),group
delà de,1228072,beyond,from (used to indicate origin)
l' extérieur,1228071,"apocopic form of le, la: the",exterior
fait le,1227220,fact,the (definite article)
ne doit,1226430,abbreviation of nord-est; NE,"third-person singular present indicative of devoir: must, has to"
pour y,1226131,"for (meant for, intended for)","a letter in the French alphabet, after x and before z"
plus haut,1226024,used to express the comparative and superlative of a following adjective or adverb,high
pour aller,1225619,"for (meant for, intended for)",to go
ne soit,1225533,abbreviation of nord-est; NE,third-person singular present subjunctive of être
les grands,1225250,plural of le: the,masculine plural of grand
une société,1224994,"feminine singular of un (“a / an”), the feminine indefinite article","company, frequentation"
son propre,1224964,sound,own
au centre,1224393,"contraction of à + le, literally “to the, for the, at the”","centre, center"
est possible,1224351,east,possible
l' éducation,1224036,"apocopic form of le, la: the",education (all meanings)
avoir un,1222441,to have; to own; to possess; to get,"an, a"
de ton,1220963,from (used to indicate origin),your
doivent être,1220260,third-person plural present indicative/subjunctive of devoir,to be
l' environnement,1220078,"apocopic form of le, la: the",environment
on va,1219582,"one, people, you, someone (an unspecified individual)","""version anglaise"" — English-language version (EV); a film dubbed in English"
en deux,1219066,"in (used to indicate space, also see usage notes)",two
au même,1218490,"contraction of à + le, literally “to the, for the, at the”",even
le but,1217540,the (definite article),aim
est vrai,1216270,east,true
ça va,1216140,that (distal demonstrative pronoun),"""version anglaise"" — English-language version (EV); a film dubbed in English"
il doit,1215714,he (third-person singular masculine subject pronoun for human subject),"third-person singular present indicative of devoir: must, has to"
le projet,1215541,the (definite article),project
la religion,1215195,feminine of le: the,religion
pour avoir,1214555,"for (meant for, intended for)",to have; to own; to possess; to get
plus rien,1214337,used to express the comparative and superlative of a following adjective or adverb,nothing
à dire,1212820,"A with grave accent, a letter used in French mostly to distinguish some homographs and in transliteration.","to say, to tell (to express through speech)"
était à,1212465,third-person singular imperfect indicative of être,"A with grave accent, a letter used in French mostly to distinguish some homographs and in transliteration."
les membres,1210368,plural of le: the,plural of membre
taux de,1209330,"rate, level",from (used to indicate origin)
la protection,1207600,feminine of le: the,protection
et avec,1205965,and,with
sa place,1204715,initialism of société anonyme (Incorporated (Inc.)) (Limited liability company (Ltd.)),"place, square, plaza, piazza"
peur de,1203953,fear,from (used to indicate origin)
à toute,1203467,"A with grave accent, a letter used in French mostly to distinguish some homographs and in transliteration.",feminine singular of tout
se rendre,1202566,abbreviation of sud-est; SE,to give back
de personnes,1202091,from (used to indicate origin),plural of personne
de bien,1201054,from (used to indicate origin),"good, all right, great"
rien d',1200414,nothing,apocopic form of de: of
la philosophie,1198923,feminine of le: the,"philosophy, the study of thoughts"
ne la,1198609,abbreviation of nord-est; NE,feminine of le: the
prêt à,1197908,ready,"A with grave accent, a letter used in French mostly to distinguish some homographs and in transliteration."
pas eu,1197136,"step, pace, footstep",initialism of États-Unis (= United States): a country in North America: US
la violence,1196938,feminine of le: the,violence
faire la,1196494,to do,feminine of le: the
ce matin,1196317,EC (European Community),morning
lui en,1196004,"him, he, it; the third-person masculine singular personal pronoun used after a preposition, or as the predicate of a linking verb, or when disjoined from a sentence, or as a stressed subject","in (used to indicate space, also see usage notes)"
vie et,1195797,"life, the state of organisms (organic beings) prior to death",and
moi qui,1195385,me (first-person singular disjunctive pronoun),"who, whom"
on en,1194644,"one, people, you, someone (an unspecified individual)","in (used to indicate space, also see usage notes)"
que se,1191827,that (introduces a subordinate noun clause and connects it to its parent clause),abbreviation of sud-est; SE
la foule,1191549,feminine of le: the,crowd
au premier,1190915,"contraction of à + le, literally “to the, for the, at the”",first
la peur,1190493,feminine of le: the,fear
le site,1189431,the (definite article),site
dit le,1189015,"a sentence, saying or maxim",the (definite article)
un long,1188413,"an, a",long
en faire,1187457,"in (used to indicate space, also see usage notes)",to do
l' enseignement,1187429,"apocopic form of le, la: the","education, teaching"
notion de,1184856,notion,from (used to indicate origin)
était une,1184545,third-person singular imperfect indicative of être,"feminine singular of un (“a / an”), the feminine indefinite article"
rôle de,1182411,role,from (used to indicate origin)
en plein,1182311,"in (used to indicate space, also see usage notes)","full, full up"
le résultat,1182102,the (definite article),outcome; result
qui concerne,1181709,"who, whom",inflection of concerner:
pour leur,1181419,"for (meant for, intended for)",(to) them
tour de,1181236,tower,from (used to indicate origin)
conditions de,1181116,plural of condition,from (used to indicate origin)
après une,1179643,"after, later than in time.","feminine singular of un (“a / an”), the feminine indefinite article"
à ceux,1179142,"A with grave accent, a letter used in French mostly to distinguish some homographs and in transliteration.",masculine plural of celui: those
peu d',1178101,little; not very much/many,apocopic form of de: of
du groupe,1177408,"contraction of de + le, literally “of the”",group
a toujours,1177276,"The first letter of the French alphabet, written in the Latin script.",always
entre deux,1177229,between,two
que moi,1175115,that (introduces a subordinate noun clause and connects it to its parent clause),me (first-person singular disjunctive pronoun)
du Sud,1174300,"contraction of de + le, literally “of the”",south
l' acte,1174195,"apocopic form of le, la: the",act
la matière,1173999,feminine of le: the,material (substance of which something is made)
un an,1173781,"an, a",year
la foi,1172877,feminine of le: the,Faith.
pour l,1172799,"for (meant for, intended for)","The twelfth letter of the French alphabet, written in the Latin script."
la forêt,1172728,feminine of le: the,forest
mon cœur,1170866,my (used to qualify masculine nouns and vowel-initial words regardless of gender),heart (organ)
ville de,1170263,"town, city",from (used to indicate origin)
après un,1169575,"after, later than in time.","an, a"
la durée,1169401,feminine of le: the,"duration, period, time taken"
y en,1169062,"a letter in the French alphabet, after x and before z","in (used to indicate space, also see usage notes)"
laquelle il,1167989,feminine singular of lequel,he (third-person singular masculine subject pronoun for human subject)
en direction,1166918,"in (used to indicate space, also see usage notes)",direction
en elle,1165814,"in (used to indicate space, also see usage notes)",she
vous l',1165745,the plural personal pronoun in the second person,"apocopic form of le, la: the"
sans cesse,1165730,without (not having),end
et cette,1165551,and,feminine singular of ce
de production,1164275,from (used to indicate origin),production
commence à,1164163,inflection of commencer:,"A with grave accent, a letter used in French mostly to distinguish some homographs and in transliteration."
depuis longtemps,1162509,since,for a long time; over a long period
fait l',1162138,fact,"apocopic form of le, la: the"
l' hôpital,1161896,"apocopic form of le, la: the",hospital
sa bouche,1161512,initialism of société anonyme (Incorporated (Inc.)) (Limited liability company (Ltd.)),mouth
président de,1160907,president,from (used to indicate origin)
de fer,1160752,from (used to indicate origin),iron
temps que,1160717,time (in general),that (introduces a subordinate noun clause and connects it to its parent clause)
des relations,1159289,"plural of un (“some”, the plural indefinite article)",plural of relation
l' usage,1159233,"apocopic form of le, la: the","usage, use"
le meilleur,1158557,the (definite article),"comparative degree of bon (""better"")"
d' ici,1158017,apocopic form of de: of,here
cas d',1157571,"case, situation",apocopic form of de: of
de développement,1155751,from (used to indicate origin),development
en cause,1154775,"in (used to indicate space, also see usage notes)",cause
avait l',1154705,third-person singular imperfect indicative of avoir,"apocopic form of le, la: the"
regard de,1153786,"look, glance",from (used to indicate origin)
ne plus,1152926,abbreviation of nord-est; NE,used to express the comparative and superlative of a following adjective or adverb
des mots,1152219,"plural of un (“some”, the plural indefinite article)",plural of mot
la moitié,1152107,feminine of le: the,half
sont plus,1152065,third-person plural present indicative of être,used to express the comparative and superlative of a following adjective or adverb
du Code,1151889,"contraction of de + le, literally “of the”",code
sur elle,1151583,"on, upon",she
se dit,1151539,abbreviation of sud-est; SE,"a sentence, saying or maxim"
de penser,1150946,from (used to indicate origin),"to think, reflect, concentrate one's mind on something"
quand ils,1149917,when (at what time),they (male or mixed group)
le lit,1149405,the (definite article),bed
consiste à,1148243,inflection of consister:,"A with grave accent, a letter used in French mostly to distinguish some homographs and in transliteration."
l' attention,1148185,"apocopic form of le, la: the",attention (mental focus)
reste de,1146818,"rest, remainder",from (used to indicate origin)
la puissance,1146604,feminine of le: the,power (physical or figuratively)
des questions,1145824,"plural of un (“some”, the plural indefinite article)",plural of question
une idée,1144721,"feminine singular of un (“a / an”), the feminine indefinite article",idea
l' humanité,1143058,"apocopic form of le, la: the",humanity (human beings as a group)
pas besoin,1141756,"step, pace, footstep",need
à quel,1139975,"A with grave accent, a letter used in French mostly to distinguish some homographs and in transliteration.",which
projet de,1139757,project,from (used to indicate origin)
la ligne,1139643,feminine of le: the,line
ce temps,1138990,EC (European Community),time (in general)
possibilité de,1137955,possibility,from (used to indicate origin)
et pourtant,1137851,and,"however, yet"
sans que,1137796,without (not having),that (introduces a subordinate noun clause and connects it to its parent clause)
pas très,1137597,"step, pace, footstep",very
forme d',1137114,shape (geometrical representation),apocopic form of de: of
au sujet,1136551,"contraction of à + le, literally “to the, for the, at the”",subject
la carte,1136327,feminine of le: the,card
pas tout,1136095,"step, pace, footstep",all
lui qui,1136065,"him, he, it; the third-person masculine singular personal pronoun used after a preposition, or as the predicate of a linking verb, or when disjoined from a sentence, or as a stressed subject","who, whom"
a le,1135813,"The first letter of the French alphabet, written in the Latin script.",the (definite article)
mesure de,1134462,measure,from (used to indicate origin)
pour cette,1133531,"for (meant for, intended for)",feminine singular of ce
à en,1133378,"A with grave accent, a letter used in French mostly to distinguish some homographs and in transliteration.","in (used to indicate space, also see usage notes)"
nous pouvons,1133348,the plural personal pronoun in the first person:,first-person plural present indicative of pouvoir
droit à,1133062,right (entitlement),"A with grave accent, a letter used in French mostly to distinguish some homographs and in transliteration."
ne sera,1132978,abbreviation of nord-est; NE,third-person singular future indicative of être
l' avoir,1132636,"apocopic form of le, la: the",to have; to own; to possess; to get
du Conseil,1132429,"contraction of de + le, literally “of the”",piece of advice
après tout,1132214,"after, later than in time.",all
il les,1131971,he (third-person singular masculine subject pronoun for human subject),plural of le: the
en pleine,1131365,"in (used to indicate space, also see usage notes)",feminine singular of plein
le champ,1131128,the (definite article),"field in its various senses, including:"
une question,1130772,"feminine singular of un (“a / an”), the feminine indefinite article",question (interrogation by torture)
mais pour,1130207,"but, although","for (meant for, intended for)"
avant tout,1129036,beforehand; earlier,all
elle et,1128561,she,and
à moins,1128530,"A with grave accent, a letter used in French mostly to distinguish some homographs and in transliteration.","comparative degree of peu; less, fewer"
l' information,1128405,"apocopic form of le, la: the",piece of information]
la lecture,1128183,feminine of le: the,"reading (act or process of reading, interpretation, material read, and some other senses)"
tête et,1127585,head (part of the body),and
ordre de,1127483,order (way in which things are arranged),from (used to indicate origin)
de base,1127287,from (used to indicate origin),base (bottom part of something)
comme nous,1126348,"as (in the role of, by way of)",the plural personal pronoun in the first person:
être une,1125831,to be,"feminine singular of un (“a / an”), the feminine indefinite article"
des États,1125476,"plural of un (“some”, the plural indefinite article)",plural of état
en le,1124836,"in (used to indicate space, also see usage notes)",the (definite article)
permis de,1124737,"permit, licence",from (used to indicate origin)
tout d',1124060,all,apocopic form of de: of
à quelques,1123334,"A with grave accent, a letter used in French mostly to distinguish some homographs and in transliteration.",plural of quelque (“some”)
quelques minutes,1122872,plural of quelque (“some”),plural of minute
mode de,1119612,"fashion, trend",from (used to indicate origin)
je fais,1119088,I,inflection of faire:
la reine,1118690,feminine of le: the,queen (a female monarch)
une seconde,1118304,"feminine singular of un (“a / an”), the feminine indefinite article",feminine singular of second
en termes,1118020,"in (used to indicate space, also see usage notes)",plural of terme
les règles,1117816,plural of le: the,plural of règle
les relations,1117690,plural of le: the,plural of relation
toute sa,1117689,feminine singular of tout,initialism of société anonyme (Incorporated (Inc.)) (Limited liability company (Ltd.))
celui des,1116329,the one,"plural of un (“some”, the plural indefinite article)"
un pas,1114707,"an, a","step, pace, footstep"
la presse,1113193,feminine of le: the,"press, papers (the media)"
car elle,1113017,"as, since, because, for",she
selon le,1112830,according to; whichever applies; depending on,the (definite article)
chez moi,1112256,"to, at, in or into the place of",me (first-person singular disjunctive pronoun)
pense que,1112232,inflection of penser:,that (introduces a subordinate noun clause and connects it to its parent clause)
le second,1112058,the (definite article),second
service de,1112053,service,from (used to indicate origin)
des produits,1111724,"plural of un (“some”, the plural indefinite article)",plural of produit
la zone,1111564,feminine of le: the,zone
sa chambre,1109887,initialism of société anonyme (Incorporated (Inc.)) (Limited liability company (Ltd.)),"a chamber in its various senses, including:"
les cheveux,1109575,plural of le: the,plural of cheveu
le passé,1109511,the (definite article),past tense
en temps,1109228,"in (used to indicate space, also see usage notes)",time (in general)
une longue,1108304,"feminine singular of un (“a / an”), the feminine indefinite article",feminine singular of long
l' équipe,1108140,"apocopic form of le, la: the",team
des pays,1108138,"plural of un (“some”, the plural indefinite article)",land; region; home ground; homeland; home country; country; nation
la vieille,1107165,feminine of le: the,feminine singular of vieux
peu près,1107134,little; not very much/many,near (a time or a place); close (to a time or a place)
le risque,1106531,the (definite article),risk
fait une,1105147,fact,"feminine singular of un (“a / an”), the feminine indefinite article"
tu peux,1104970,you (singular),first/second-person singular present indicative of pouvoir
la surface,1104921,feminine of le: the,surface
pas vraiment,1104769,"step, pace, footstep","truly, really, genuinely"
mais ne,1104567,"but, although",abbreviation of nord-est; NE
l' arrivée,1104470,"apocopic form of le, la: the",arrival
la deuxième,1103916,feminine of le: the,second
le lieu,1102985,the (definite article),place
moins que,1102547,"comparative degree of peu; less, fewer",that (introduces a subordinate noun clause and connects it to its parent clause)
suite de,1102265,result,from (used to indicate origin)
un lieu,1100853,"an, a",place
l' ont,1100655,"apocopic form of le, la: the",third-person plural present indicative of avoir
le Conseil,1100263,the (definite article),piece of advice
le voir,1099703,the (definite article),to see (visually)
le contrôle,1099269,the (definite article),control (all senses)
ce sera,1099021,EC (European Community),third-person singular future indicative of être
groupe de,1098795,group,from (used to indicate origin)
le désir,1098730,the (definite article),desire
par cette,1097922,through,feminine singular of ce
et quand,1097471,and,when (at what time)
combien de,1097468,how much (for uncountable nouns and portions),from (used to indicate origin)
avant le,1097114,beforehand; earlier,the (definite article)
toute façon,1096818,feminine singular of tout,way; manner; fashion
pour toi,1096410,"for (meant for, intended for)","you (informal second-person singular personal pronoun, disjunctive)"
le terme,1095982,the (definite article),terms (conditions)
pas au,1095696,"step, pace, footstep","contraction of à + le, literally “to the, for the, at the”"
travail de,1094838,work; labor,from (used to indicate origin)
aussi des,1094314,"too, also, as well","plural of un (“some”, the plural indefinite article)"
du premier,1093993,"contraction of de + le, literally “of the”",first
en Europe,1093969,"in (used to indicate space, also see usage notes)",Europe (a continent located west of Asia and north of Africa)
les résultats,1093567,plural of le: the,plural of résultat; results
sur place,1092515,"on, upon","place, square, plaza, piazza"
sortir de,1091836,"to exit, go out, come out",from (used to indicate origin)
cour de,1091789,"courtyard,",from (used to indicate origin)
les premières,1091375,plural of le: the,feminine plural of premier
politique de,1091229,political,from (used to indicate origin)
grand nombre,1090525,big,number
de donner,1090374,from (used to indicate origin),"to give, to transfer the possession/holding of something to someone else"
deux fois,1089837,two,time (an instance or repetition of something happening)
la cause,1089754,feminine of le: the,cause
une belle,1088822,"feminine singular of un (“a / an”), the feminine indefinite article",feminine singular of beau
la vue,1086604,feminine of le: the,feminine singular of vu
de grands,1086030,from (used to indicate origin),masculine plural of grand
la campagne,1084466,feminine of le: the,"country (the country, rural area, as opposed to the town or city), countryside"
air de,1083940,air (gases of the atmosphere),from (used to indicate origin)
de fait,1083800,from (used to indicate origin),fact
met en,1082380,third-person singular present indicative of mettre,"in (used to indicate space, also see usage notes)"
façon de,1082364,way; manner; fashion,from (used to indicate origin)
sont à,1081687,third-person plural present indicative of être,"A with grave accent, a letter used in French mostly to distinguish some homographs and in transliteration."
une situation,1079281,"feminine singular of un (“a / an”), the feminine indefinite article",situation (all meanings)
en bas,1078759,"in (used to indicate space, also see usage notes)",low
cinq ans,1078274,five,plural of an
encore un,1077734,still,"an, a"
qualité de,1077705,quality,from (used to indicate origin)
le bon,1077353,the (definite article),good
que tous,1076150,that (introduces a subordinate noun clause and connects it to its parent clause),all
cette époque,1075215,feminine singular of ce,vintage
même à,1074525,even,"A with grave accent, a letter used in French mostly to distinguish some homographs and in transliteration."
manque de,1073804,"lack, absence",from (used to indicate origin)
pas avoir,1073314,"step, pace, footstep",to have; to own; to possess; to get
de certains,1073243,from (used to indicate origin),plural of certain
finit par,1072019,inflection of finir:,through
corps de,1071111,body,from (used to indicate origin)
le passage,1070948,the (definite article),the act of going through a place or event
les grandes,1070848,plural of le: the,feminine plural of grand
avait déjà,1069736,third-person singular imperfect indicative of avoir,"already, before"
ses propres,1069680,"his, her, its, their, one's (when referring to a plural noun)",plural of propre
il serait,1069497,he (third-person singular masculine subject pronoun for human subject),third-person singular conditional of être
son esprit,1068296,sound,immaterial or incorporeal substance
tous ses,1068104,all,"his, her, its, their, one's (when referring to a plural noun)"
ne voulait,1067618,abbreviation of nord-est; NE,third-person singular imperfect indicative of vouloir
le mur,1066667,the (definite article),wall
la tradition,1066375,feminine of le: the,tradition
sujet de,1066355,subject,from (used to indicate origin)
des conditions,1064520,"plural of un (“some”, the plural indefinite article)",plural of condition
le processus,1063155,the (definite article),process
le centre,1062569,the (definite article),"centre, center"
nous le,1061940,the plural personal pronoun in the first person:,the (definite article)
avec de,1060906,with,from (used to indicate origin)
à toutes,1060859,"A with grave accent, a letter used in French mostly to distinguish some homographs and in transliteration.",feminine plural of tout
que soit,1060857,that (introduces a subordinate noun clause and connects it to its parent clause),third-person singular present subjunctive of être
être à,1060109,to be,"A with grave accent, a letter used in French mostly to distinguish some homographs and in transliteration."
en scène,1059788,"in (used to indicate space, also see usage notes)",stage (where performances are held)
a pris,1059614,"The first letter of the French alphabet, written in the Latin script.",taken
devant les,1058363,"confronted with, faced with",plural of le: the
entre ses,1057784,between,"his, her, its, their, one's (when referring to a plural noun)"
l' énergie,1057576,"apocopic form of le, la: the",energy (quantity that denotes the ability to do work)
en passant,1057406,"in (used to indicate space, also see usage notes)",passer-by
esprit de,1057292,immaterial or incorporeal substance,from (used to indicate origin)
à droite,1057100,"A with grave accent, a letter used in French mostly to distinguish some homographs and in transliteration.",feminine singular of droit
fait la,1056337,fact,feminine of le: the
dix ans,1056005,ten,plural of an
mieux que,1055889,comparative degree of bien; better,that (introduces a subordinate noun clause and connects it to its parent clause)
bien de,1055834,"good, all right, great",from (used to indicate origin)
millions de,1055772,plural of million,from (used to indicate origin)
tous ceux,1055406,all,masculine plural of celui: those
autour du,1053898,around,"contraction of de + le, literally “of the”"
à mesure,1053196,"A with grave accent, a letter used in French mostly to distinguish some homographs and in transliteration.",measure
ni de,1053103,neither; nor,from (used to indicate origin)
au service,1052761,"contraction of à + le, literally “to the, for the, at the”",service
intention de,1052746,intention,from (used to indicate origin)
on les,1052274,"one, people, you, someone (an unspecified individual)",plural of le: the
bien entendu,1051964,"good, all right, great",past participle of entendre
a pu,1051790,"The first letter of the French alphabet, written in the Latin script.",past participle of pouvoir
moi et,1050407,me (first-person singular disjunctive pronoun),and
la maladie,1049970,feminine of le: the,"illness, disease"
être en,1048841,to be,"in (used to indicate space, also see usage notes)"
un mouvement,1048257,"an, a",movement
on pourrait,1047783,"one, people, you, someone (an unspecified individual)",third-person singular conditional of pouvoir
fait des,1047529,fact,"plural of un (“some”, the plural indefinite article)"
du matin,1047389,"contraction of de + le, literally “of the”",morning
en faveur,1046862,"in (used to indicate space, also see usage notes)",favour
œuvre de,1046114,"work, book, piece",from (used to indicate origin)
sur moi,1045531,"on, upon",me (first-person singular disjunctive pronoun)
DE LA,1045357,from (used to indicate origin),feminine of le: the
difficile de,1044840,difficult,from (used to indicate origin)
la lutte,1044483,feminine of le: the,"struggle, fight, battle"
mesure où,1044322,measure,where (interrogative)
plus vite,1043976,used to express the comparative and superlative of a following adjective or adverb,quickly
des services,1043141,"plural of un (“some”, the plural indefinite article)",plural of service
général de,1042382,general,from (used to indicate origin)
en question,1042036,"in (used to indicate space, also see usage notes)",question (interrogation by torture)
la propriété,1041992,feminine of le: the,property (something owned)
se sentait,1041791,abbreviation of sud-est; SE,third-person singular imperfect indicative of sentir
une lettre,1041718,"feminine singular of un (“a / an”), the feminine indefinite article",letter (written character)
d' années,1041401,apocopic form of de: of,plural of année
tous deux,1040432,all,two
la procédure,1039854,feminine of le: the,procedure
la taille,1039795,feminine of le: the,"the act of cutting, pruning, trimming"
en cours,1039767,"in (used to indicate space, also see usage notes)","stream of water, river"
mais que,1039724,"but, although",that (introduces a subordinate noun clause and connects it to its parent clause)
à gauche,1039145,"A with grave accent, a letter used in French mostly to distinguish some homographs and in transliteration.",left
chaque jour,1039070,each,day
des éléments,1038970,"plural of un (“some”, the plural indefinite article)",plural of élément
en attendant,1038935,"in (used to indicate space, also see usage notes)",present participle of attendre
à plusieurs,1038458,"A with grave accent, a letter used in French mostly to distinguish some homographs and in transliteration.","several, many, a lot"
a pour,1038419,"The first letter of the French alphabet, written in the Latin script.","for (meant for, intended for)"
en ligne,1038382,"in (used to indicate space, also see usage notes)",line
tout simplement,1038297,all,simply
la naissance,1037662,feminine of le: the,birth
la majorité,1037275,feminine of le: the,majority
de très,1036933,from (used to indicate origin),very
sa sœur,1036845,initialism of société anonyme (Incorporated (Inc.)) (Limited liability company (Ltd.)),sister (a daughter of the same parents as another person; a female sibling)
est encore,1035024,east,still
vous allez,1034202,the plural personal pronoun in the second person,inflection of aller
la capacité,1033098,feminine of le: the,skill (capacity to do something well)
que sur,1032954,that (introduces a subordinate noun clause and connects it to its parent clause),"on, upon"
aussi à,1032186,"too, also, as well","A with grave accent, a letter used in French mostly to distinguish some homographs and in transliteration."
trop de,1031933,too; too much,from (used to indicate origin)
en moi,1031255,"in (used to indicate space, also see usage notes)",me (first-person singular disjunctive pronoun)
l' univers,1030846,"apocopic form of le, la: the",universe
dans mes,1030673,"in, inside (enclosed in a physical space, a group, a state)",my (when referring to a plural noun)
le général,1030486,the (definite article),general
eu le,1030329,initialism of États-Unis (= United States): a country in North America: US,the (definite article)
plus le,1029601,used to express the comparative and superlative of a following adjective or adverb,the (definite article)
de gestion,1029293,from (used to indicate origin),administration
les parents,1028701,plural of le: the,plural of parent
le moindre,1027295,the (definite article),comparative degree of petit; lower; less; lesser
loi du,1027225,law (legal code),"contraction of de + le, literally “of the”"
aussi le,1026792,"too, also, as well",the (definite article)
la chose,1026472,feminine of le: the,thing
faut pas,1026281,third-person singular present indicative of falloir,"step, pace, footstep"
le modèle,1025749,the (definite article),"model, example, design"
le titre,1025722,the (definite article),"heading, title (name of a piece of work)"
l' ancien,1025507,"apocopic form of le, la: the","old, former, ex- (no longer current)"
lui dire,1025363,"him, he, it; the third-person masculine singular personal pronoun used after a preposition, or as the predicate of a linking verb, or when disjoined from a sentence, or as a stressed subject","to say, to tell (to express through speech)"
y est,1025269,"a letter in the French alphabet, after x and before z",east
le tout,1025155,the (definite article),all
ses doigts,1024975,"his, her, its, their, one's (when referring to a plural noun)",plural of doigt; fingers
intérieur de,1024628,interior,from (used to indicate origin)
celles qui,1024604,feminine plural of celui: those,"who, whom"
les lieux,1024213,plural of le: the,plural of lieu
la structure,1022333,feminine of le: the,structure
les éléments,1021623,plural of le: the,plural of élément
me semble,1021560,me (direct object),inflection of sembler:
de formation,1021375,from (used to indicate origin),"formation, forming, development"
en Afrique,1021114,"in (used to indicate space, also see usage notes)",Africa (the continent south of Europe and between the Atlantic and Indian Oceans)
la communication,1020974,feminine of le: the,communication
au travail,1020792,"contraction of à + le, literally “to the, for the, at the”",work; labor
la classe,1020518,feminine of le: the,"class, type, group"
de rester,1019895,from (used to indicate origin),to stay
une série,1019084,"feminine singular of un (“a / an”), the feminine indefinite article",series
de comprendre,1018638,from (used to indicate origin),"to understand, comprehend"
le bien,1018584,the (definite article),"good, all right, great"
le livre,1018332,the (definite article),book
la position,1018281,feminine of le: the,position
objet d',1016764,"thing, object",apocopic form of de: of
le lui,1016180,the (definite article),"him, he, it; the third-person masculine singular personal pronoun used after a preposition, or as the predicate of a linking verb, or when disjoined from a sentence, or as a stressed subject"
celle d',1016039,feminine singular of celui,apocopic form of de: of
mais nous,1015999,"but, although",the plural personal pronoun in the first person:
une histoire,1015200,"feminine singular of un (“a / an”), the feminine indefinite article",story
partie des,1015179,"part (portion, amount)","plural of un (“some”, the plural indefinite article)"
le matin,1014932,the (definite article),morning
les effets,1014503,plural of le: the,plural of effet
la date,1014436,feminine of le: the,date (point in time)
comme à,1014114,"as (in the role of, by way of)","A with grave accent, a letter used in French mostly to distinguish some homographs and in transliteration."
entrer dans,1012887,to enter,"in, inside (enclosed in a physical space, a group, a state)"
peine de,1012872,punishment,from (used to indicate origin)
celui du,1012607,the one,"contraction of de + le, literally “of the”"
ou dans,1012530,or,"in, inside (enclosed in a physical space, a group, a state)"
hommes et,1011948,plural of homme,and
sentiment de,1011757,"a sentiment, general thought, sense or feeling",from (used to indicate origin)
l' emploi,1011012,"apocopic form of le, la: the",job
incapable de,1010403,"unable, incapable",from (used to indicate origin)
l' utilisation,1010122,"apocopic form of le, la: the","purpose, use, utilisation"
moi aussi,1010007,me (first-person singular disjunctive pronoun),"too, also, as well"
en son,1009780,"in (used to indicate space, also see usage notes)",sound
où nous,1009206,where (interrogative),the plural personal pronoun in the first person:
ce sujet,1008984,EC (European Community),subject
je viens,1008515,I,inflection of venir:
toutes ses,1007973,feminine plural of tout,"his, her, its, their, one's (when referring to a plural noun)"
puis elle,1007926,then; after; next,she
le dire,1007782,the (definite article),"to say, to tell (to express through speech)"
pour tout,1007089,"for (meant for, intended for)",all
avec ce,1006898,with,EC (European Community)
une façon,1006192,"feminine singular of un (“a / an”), the feminine indefinite article",way; manner; fashion
quand la,1005803,when (at what time),feminine of le: the
le bruit,1005719,the (definite article),a noise
croire que,1005479,to believe (someone),that (introduces a subordinate noun clause and connects it to its parent clause)
nous devons,1004805,the plural personal pronoun in the first person:,plural of devon
de police,1004646,from (used to indicate origin),police
les droits,1004027,plural of le: the,masculine plural of droit
par leur,1003871,through,(to) them
pour éviter,1003861,"for (meant for, intended for)",to avoid
voix de,1003412,voice,from (used to indicate origin)
temps et,1002941,time (in general),and
du gouvernement,1000722,"contraction of de + le, literally “of the”",government
en partie,999859,"in (used to indicate space, also see usage notes)","part (portion, amount)"
l' individu,999499,"apocopic form of le, la: the",individual
vers lui,999015,towards,"him, he, it; the third-person masculine singular personal pronoun used after a preposition, or as the predicate of a linking verb, or when disjoined from a sentence, or as a stressed subject"
volonté de,998867,"wish, will",from (used to indicate origin)
du peuple,998437,"contraction of de + le, literally “of the”","people (nation, distinct ethnic group)"
un état,998156,"an, a","state, condition"
on avait,998058,"one, people, you, someone (an unspecified individual)",third-person singular imperfect indicative of avoir
des jeunes,997863,"plural of un (“some”, the plural indefinite article)",plural of jeune
ne saurait,996960,abbreviation of nord-est; NE,third-person singular conditional of savoir
tu le,995429,you (singular),the (definite article)
chemin de,995224,"path, way, road",from (used to indicate origin)
au courant,994870,"contraction of à + le, literally “to the, for the, at the”",present participle of courir
de retour,994591,from (used to indicate origin),return
les murs,993651,plural of le: the,plural of mur
lorsque la,993409,when (at a time when),feminine of le: the
mise à,993052,feminine singular of mis,"A with grave accent, a letter used in French mostly to distinguish some homographs and in transliteration."
dans votre,992732,"in, inside (enclosed in a physical space, a group, a state)","your, belonging to you (plural or formal)"
le moins,992209,the (definite article),"comparative degree of peu; less, fewer"
un jeune,991728,"an, a",young
est dans,991668,east,"in, inside (enclosed in a physical space, a group, a state)"
image de,991071,"picture, image",from (used to indicate origin)
il semble,990672,he (third-person singular masculine subject pronoun for human subject),inflection of sembler:
ce livre,987732,EC (European Community),book
des informations,987148,"plural of un (“some”, the plural indefinite article)",plural of information
pays de,986477,land; region; home ground; homeland; home country; country; nation,from (used to indicate origin)
qui permet,986321,"who, whom",third-person singular present indicative of permettre
plus fort,986221,used to express the comparative and superlative of a following adjective or adverb,strong; powerful
ce sens,983951,EC (European Community),"meaning, sense"
devant lui,983698,"confronted with, faced with","him, he, it; the third-person masculine singular personal pronoun used after a preposition, or as the predicate of a linking verb, or when disjoined from a sentence, or as a stressed subject"
demande de,983028,request (act of requesting),from (used to indicate origin)
on voit,982902,"one, people, you, someone (an unspecified individual)",third-person singular present indicative of voir
il dit,982643,he (third-person singular masculine subject pronoun for human subject),"a sentence, saying or maxim"
la chaleur,982281,feminine of le: the,heat
ne savait,981947,abbreviation of nord-est; NE,third-person singular imperfect indicative of savoir
termes de,981749,plural of terme,from (used to indicate origin)
une place,981462,"feminine singular of un (“a / an”), the feminine indefinite article","place, square, plaza, piazza"
l' établissement,981364,"apocopic form of le, la: the",establishment
dans de,981208,"in, inside (enclosed in a physical space, a group, a state)",from (used to indicate origin)
du regard,980644,"contraction of de + le, literally “of the”","look, glance"
l' oreille,980236,"apocopic form of le, la: the",ear
développement de,980075,development,from (used to indicate origin)
était la,979965,third-person singular imperfect indicative of être,feminine of le: the
la méthode,978585,feminine of le: the,method
sur leur,978285,"on, upon",(to) them
que ceux,977984,that (introduces a subordinate noun clause and connects it to its parent clause),masculine plural of celui: those
quelques années,977845,plural of quelque (“some”),plural of année
cette question,977843,feminine singular of ce,question (interrogation by torture)
contre lui,975923,against (in physical contact with),"him, he, it; the third-person masculine singular personal pronoun used after a preposition, or as the predicate of a linking verb, or when disjoined from a sentence, or as a stressed subject"
du marché,975875,"contraction of de + le, literally “of the”",market
mais un,975169,"but, although","an, a"
de force,974830,from (used to indicate origin),force
cours des,974575,"stream of water, river","plural of un (“some”, the plural indefinite article)"
ne va,974425,abbreviation of nord-est; NE,"""version anglaise"" — English-language version (EV); a film dubbed in English"
dont je,973857,"of/from whom/which, whose; whereof",I
de Jean,973505,from (used to indicate origin),a pair of jeans
se tourna,971422,abbreviation of sud-est; SE,third-person singular past historic of tourner
au long,971404,"contraction of à + le, literally “to the, for the, at the”",long
les pieds,971227,plural of le: the,plural of pied
de famille,970994,from (used to indicate origin),family (group of related people)
impossible de,970631,impossible,from (used to indicate origin)
un sens,970628,"an, a","meaning, sense"
gens qui,967360,set of people,"who, whom"
la capitale,966503,feminine of le: the,"capital, capital city"
chose à,965935,thing,"A with grave accent, a letter used in French mostly to distinguish some homographs and in transliteration."
in the,965303,,
les lèvres,963896,plural of le: the,plural of lèvre; lips
le terrain,963540,the (definite article),"ground, landscape"
ne fut,963531,abbreviation of nord-est; NE,post-1990 spelling of fût
et pas,962933,and,"step, pace, footstep"
jour où,962929,day,where (interrogative)
entre nous,962749,between,the plural personal pronoun in the first person:
il à,962609,he (third-person singular masculine subject pronoun for human subject),"A with grave accent, a letter used in French mostly to distinguish some homographs and in transliteration."
un véritable,962380,"an, a",veritable
période de,961937,period; as in interval of time,from (used to indicate origin)
pour eux,961733,"for (meant for, intended for)",disjunctive form of ils; them
celles de,961346,feminine plural of celui: those,from (used to indicate origin)
à nos,961320,"A with grave accent, a letter used in French mostly to distinguish some homographs and in transliteration.",plural of notre; our
les différents,961037,plural of le: the,masculine plural of différent
l' Afrique,960830,"apocopic form of le, la: the",Africa (the continent south of Europe and between the Atlantic and Indian Oceans)
très vite,960561,very,quickly
de rien,960419,from (used to indicate origin),nothing
titre de,960367,"heading, title (name of a piece of work)",from (used to indicate origin)
des lieux,959464,"plural of un (“some”, the plural indefinite article)",plural of lieu
code de,959243,code,from (used to indicate origin)
un premier,958885,"an, a",first
donc de,958661,"therefore, consequently; thus",from (used to indicate origin)
plan de,958023,"map (schematic maps of streets, subways, etc.)",from (used to indicate origin)
la plage,957647,feminine of le: the,beach
homme et,956591,man (adult male human),and
l' arrière,956481,"apocopic form of le, la: the",back; rear
l' étranger,956414,"apocopic form of le, la: the",foreign
un problème,956370,"an, a",problem
travers les,955778,outside (the external part of),plural of le: the
en les,955574,"in (used to indicate space, also see usage notes)",plural of le: the
et encore,955378,and,still
pas non,953881,"step, pace, footstep",no
du bien,953483,"contraction of de + le, literally “of the”","good, all right, great"
à venir,953463,"A with grave accent, a letter used in French mostly to distinguish some homographs and in transliteration.",to come (to move from one place to another that is nearer the speaker)
a vu,953341,"The first letter of the French alphabet, written in the Latin script.",past participle of voir
pour tous,953132,"for (meant for, intended for)",all
la semaine,952574,feminine of le: the,week
et tous,951979,and,all
plein de,951419,"full, full up",from (used to indicate origin)
se mettre,951336,abbreviation of sud-est; SE,to put; to place
l' été,951141,"apocopic form of le, la: the",summer
le service,951108,the (definite article),service
petit déjeuner,951101,small,"to lunch, to eat lunch, to have lunch"
yeux et,950496,"plural of œil, eyes",and
des entreprises,949742,"plural of un (“some”, the plural indefinite article)",plural of entreprise
que ma,949691,that (introduces a subordinate noun clause and connects it to its parent clause),abbreviation of meilleur avant (“best before”): BB
ont fait,949655,third-person plural present indicative of avoir,fact
d' action,948606,apocopic form of de: of,"action, act, deed"
certain nombre,948363,"certain, guaranteed (sure, positive)",number
sont de,946789,third-person plural present indicative of être,from (used to indicate origin)
trois ans,946416,three,plural of an
sans le,945426,without (not having),the (definite article)
chez le,945050,"to, at, in or into the place of",the (definite article)
sur ces,944296,"on, upon","masculine/feminine plural of ce: these, those"
temps d',943817,time (in general),apocopic form of de: of
fait d',943650,fact,apocopic form of de: of
ne veut,943155,abbreviation of nord-est; NE,third-person singular present indicative of vouloir
être que,941004,to be,that (introduces a subordinate noun clause and connects it to its parent clause)
université de,940219,university (institution of higher education),from (used to indicate origin)
commencé à,939651,past participle of commencer,"A with grave accent, a letter used in French mostly to distinguish some homographs and in transliteration."
mais une,939596,"but, although","feminine singular of un (“a / an”), the feminine indefinite article"
est au,937958,east,"contraction of à + le, literally “to the, for the, at the”"
d' intérêt,937876,apocopic form of de: of,interest (great attention and concern from someone)
on lui,937687,"one, people, you, someone (an unspecified individual)","him, he, it; the third-person masculine singular personal pronoun used after a preposition, or as the predicate of a linking verb, or when disjoined from a sentence, or as a stressed subject"
de communication,937181,from (used to indicate origin),communication
et aussi,936281,and,"too, also, as well"
quand les,935669,when (at what time),plural of le: the
même le,935183,even,the (definite article)
un pays,934909,"an, a",land; region; home ground; homeland; home country; country; nation
et où,934559,and,where (interrogative)
on trouve,934548,"one, people, you, someone (an unspecified individual)",inflection of trouver:
devait être,934180,third-person singular imperfect indicative of devoir,to be
décidé de,933786,past participle of décider,from (used to indicate origin)
me fait,933608,me (direct object),fact
par là,932893,through,referring to physical place
un signe,931777,"an, a",sign (indicator; indication; mathematical polarity)
manière de,931416,"manner, way",from (used to indicate origin)
et là,931345,and,referring to physical place
voir le,930965,to see (visually),the (definite article)
ouvert du,930608,open,"contraction of de + le, literally “of the”"
père et,929707,father (parent),and
les entreprises,929068,plural of le: the,plural of entreprise
je voudrais,928997,I,first-person singular conditional of vouloir
et celle,928225,and,feminine singular of celui
va pas,928141,"""version anglaise"" — English-language version (EV); a film dubbed in English","step, pace, footstep"
ses deux,927057,"his, her, its, their, one's (when referring to a plural noun)",two
au nord,927012,"contraction of à + le, literally “to the, for the, at the”",north
deux hommes,926967,two,plural of homme
penser à,926648,"to think, reflect, concentrate one's mind on something","A with grave accent, a letter used in French mostly to distinguish some homographs and in transliteration."
chose qui,926474,thing,"who, whom"
mettre à,926333,to put; to place,"A with grave accent, a letter used in French mostly to distinguish some homographs and in transliteration."
l' écriture,926264,"apocopic form of le, la: the",writing
aussi la,926115,"too, also, as well",feminine of le: the
le fond,926050,the (definite article),back
de partir,926013,from (used to indicate origin),"to share, to share out, to divide"
chez elle,925925,"to, at, in or into the place of",she
de répondre,925719,from (used to indicate origin),"to reply, to answer"
l' exemple,924921,"apocopic form of le, la: the",example
l' escalier,924157,"apocopic form of le, la: the","step, stair"
ce monde,924092,EC (European Community),world
permet d',923681,third-person singular present indicative of permettre,apocopic form of de: of
tout son,923044,all,sound
près du,922306,near (a time or a place); close (to a time or a place),"contraction of de + le, literally “of the”"
pour ses,921932,"for (meant for, intended for)","his, her, its, their, one's (when referring to a plural noun)"
et mon,921339,and,my (used to qualify masculine nouns and vowel-initial words regardless of gender)
l' application,921225,"apocopic form of le, la: the",application
la gorge,921221,feminine of le: the,throat
son ami,920979,sound,friend (one who is affectionately attached to another)
répondre à,920913,"to reply, to answer","A with grave accent, a letter used in French mostly to distinguish some homographs and in transliteration."
une véritable,920815,"feminine singular of un (“a / an”), the feminine indefinite article",veritable
la sienne,920283,feminine of le: the,"feminine singular of sien (“his, her”)"
le nouveau,920213,the (definite article),"new, novel"
le vieux,920143,the (definite article),old
pouvait pas,919759,third-person singular imperfect indicative of pouvoir,"step, pace, footstep"
moyens de,919407,masculine plural of moyen,from (used to indicate origin)
l' essentiel,919134,"apocopic form of le, la: the",essential
faire l',918790,to do,"apocopic form of le, la: the"
âge de,918515,age,from (used to indicate origin)
aussi un,918445,"too, also, as well","an, a"
aux États,918298,Contraction of à + les ('to the' or 'of the'),plural of état
encore à,918273,still,"A with grave accent, a letter used in French mostly to distinguish some homographs and in transliteration."
la sortie,918052,feminine of le: the,exit; way out
sorte que,917627,"sort, kind, type",that (introduces a subordinate noun clause and connects it to its parent clause)
prendre le,917295,to take,the (definite article)
a bien,916675,"The first letter of the French alphabet, written in the Latin script.","good, all right, great"
visage de,916175,face (of a human),from (used to indicate origin)
l' honneur,915961,"apocopic form of le, la: the",honor
de ta,915220,from (used to indicate origin),your
un espace,915204,"an, a",space
en dépit,914638,"in (used to indicate space, also see usage notes)",scorn
champ de,914267,"field in its various senses, including:",from (used to indicate origin)
qui étaient,914159,"who, whom",third-person plural imperfect indicative of être
depuis des,913790,since,"plural of un (“some”, the plural indefinite article)"
du village,913655,"contraction of de + le, literally “of the”",village
a plus,913539,"The first letter of the French alphabet, written in the Latin script.",used to express the comparative and superlative of a following adjective or adverb
de petits,913511,from (used to indicate origin),plural of petit
mais cette,912578,"but, although",feminine singular of ce
recherche de,912396,research,from (used to indicate origin)
à mettre,912152,"A with grave accent, a letter used in French mostly to distinguish some homographs and in transliteration.",to put; to place
et celui,911771,and,the one
une maison,911707,"feminine singular of un (“a / an”), the feminine indefinite article",house
sûr que,911664,"sure, certain",that (introduces a subordinate noun clause and connects it to its parent clause)
les services,911655,plural of le: the,plural of service
ces mots,911456,"masculine/feminine plural of ce: these, those",plural of mot
un travail,910863,"an, a",work; labor
au sud,909894,"contraction of à + le, literally “to the, for the, at the”",south
milieu des,909679,middle; center,"plural of un (“some”, the plural indefinite article)"
quel point,907900,which,point (small mark)
avoir des,907884,to have; to own; to possess; to get,"plural of un (“some”, the plural indefinite article)"
au fil,907505,"contraction of à + le, literally “to the, for the, at the”","yarn, thread, wire"
en bois,907401,"in (used to indicate space, also see usage notes)",wood (substance making up the central part of the trunk and branches of a tree)
où est,907367,where (interrogative),east
plusieurs fois,906868,"several, many, a lot",time (an instance or repetition of something happening)
les rues,906638,plural of le: the,plural of rue
le plaisir,906411,the (definite article),pleasure
là que,906290,referring to physical place,that (introduces a subordinate noun clause and connects it to its parent clause)
point d',905548,point (small mark),apocopic form of de: of
un ensemble,905530,"an, a",together
de bonne,905204,from (used to indicate origin),feminine singular of bon
un verre,904710,"an, a",glass (substance)
la côte,904689,feminine of le: the,rib (bone)
même les,904640,even,plural of le: the
eut un,904047,third-person singular past historic of avoir,"an, a"
lorsque l',903669,when (at a time when),"apocopic form of le, la: the"
chose que,903617,thing,that (introduces a subordinate noun clause and connects it to its parent clause)
de données,903444,from (used to indicate origin),feminine plural of donné
en haut,903188,"in (used to indicate space, also see usage notes)",high
les autorités,902679,plural of le: the,plural of autorité
rue de,902606,"street, road",from (used to indicate origin)
ou par,902249,or,through
mais vous,902209,"but, although",the plural personal pronoun in the second person
en quelque,902127,"in (used to indicate space, also see usage notes)",some (singular)
désir de,901750,desire,from (used to indicate origin)
les questions,901682,plural of le: the,plural of question
les travaux,901320,plural of le: the,plural of travail
est également,900847,east,equally
a déjà,900680,"The first letter of the French alphabet, written in the Latin script.","already, before"
le respect,900380,the (definite article),respect
côté du,899514,side,"contraction of de + le, literally “of the”"
les sourcils,898072,plural of le: the,plural of sourcil
devant l',897623,"confronted with, faced with","apocopic form of le, la: the"
de contrôle,896704,from (used to indicate origin),control (all senses)
celui d',896556,the one,apocopic form of de: of
on sait,896484,"one, people, you, someone (an unspecified individual)",third-person singular present indicative of savoir
fois par,896154,time (an instance or repetition of something happening),through
ou au,895350,or,"contraction of à + le, literally “to the, for the, at the”"
loi de,895274,law (legal code),from (used to indicate origin)
mais cela,894464,"but, although",that
je savais,894429,I,first/second-person singular imperfect indicative of savoir
il faudrait,894119,he (third-person singular masculine subject pronoun for human subject),third-person singular conditional of falloir
du soleil,893416,"contraction of de + le, literally “of the”",sun (star)
de bon,893375,from (used to indicate origin),good
accès à,892000,access,"A with grave accent, a letter used in French mostly to distinguish some homographs and in transliteration."
l' habitude,891366,"apocopic form of le, la: the",habit (action done on a regular basis)
les quatre,891129,plural of le: the,four
se trouvent,890368,abbreviation of sud-est; SE,third-person plural present indicative/subjunctive of trouver
pouvoir de,889800,"can, to be able to",from (used to indicate origin)
tels que,889636,masculine plural of tel,that (introduces a subordinate noun clause and connects it to its parent clause)
partir du,888859,"to share, to share out, to divide","contraction of de + le, literally “of the”"
cette histoire,888766,feminine singular of ce,story
chacun de,888679,"each, each one",from (used to indicate origin)
au pied,888507,"contraction of à + le, literally “to the, for the, at the”",foot
plus la,887982,used to express the comparative and superlative of a following adjective or adverb,feminine of le: the
la beauté,887743,feminine of le: the,beauty
des données,887575,"plural of un (“some”, the plural indefinite article)",feminine plural of donné
encore de,887487,still,from (used to indicate origin)
mais dans,886712,"but, although","in, inside (enclosed in a physical space, a group, a state)"
pas comme,886510,"step, pace, footstep","as (in the role of, by way of)"
le régime,886481,the (definite article),regime
l' objectif,886066,"apocopic form of le, la: the",of a material object; objective
à manger,885376,"A with grave accent, a letter used in French mostly to distinguish some homographs and in transliteration.",to eat
il fit,884156,he (third-person singular masculine subject pronoun for human subject),third-person singular past historic of faire
comme de,883662,"as (in the role of, by way of)",from (used to indicate origin)
le front,883468,the (definite article),forehead
temps pour,883440,time (in general),"for (meant for, intended for)"
mais tu,883387,"but, although",you (singular)
le jeu,882726,the (definite article),game (activity performed for amusement)
le médecin,882685,the (definite article),physician; (medical) doctor
les cas,882506,plural of le: the,"case, situation"
lorsque les,882149,when (at a time when),plural of le: the
le bureau,880872,the (definite article),desk
comme vous,880206,"as (in the role of, by way of)",the plural personal pronoun in the second person
ne put,879745,abbreviation of nord-est; NE,third-person singular past historic of pouvoir
en fin,879640,"in (used to indicate space, also see usage notes)","end, close, finish"
avait des,879270,third-person singular imperfect indicative of avoir,"plural of un (“some”, the plural indefinite article)"
conscience de,879009,conscience,from (used to indicate origin)
de type,878214,from (used to indicate origin),"type; sort, kind"
ses amis,878070,"his, her, its, their, one's (when referring to a plural noun)",plural of ami
essayer de,878025,"to test, to try on",from (used to indicate origin)
car le,877828,"as, since, because, for",the (definite article)
par jour,877743,through,day
de dix,877378,from (used to indicate origin),ten
une jeune,877087,"feminine singular of un (“a / an”), the feminine indefinite article",young
vrai que,877022,true,that (introduces a subordinate noun clause and connects it to its parent clause)
dit à,876830,"a sentence, saying or maxim","A with grave accent, a letter used in French mostly to distinguish some homographs and in transliteration."
des problèmes,876785,"plural of un (“some”, the plural indefinite article)",plural of problème
la preuve,876776,feminine of le: the,"evidence, proof"
en tête,876642,"in (used to indicate space, also see usage notes)",head (part of the body)
types de,876615,plural of type,from (used to indicate origin)
cours d',876237,"stream of water, river",apocopic form of de: of
l' influence,876062,"apocopic form of le, la: the",influence
la meilleure,875941,feminine of le: the,feminine singular of meilleur
des activités,875871,"plural of un (“some”, the plural indefinite article)",plural of activité
me demande,875799,me (direct object),request (act of requesting)
une fille,875446,"feminine singular of un (“a / an”), the feminine indefinite article",girl
rendre compte,875280,to give back,account (bank or user account)
la Révolution,875275,feminine of le: the,revolution (turn; rotation)
les parties,875236,plural of le: the,feminine plural of parti
vous a,875191,the plural personal pronoun in the second person,"The first letter of the French alphabet, written in the Latin script."
son temps,874695,sound,time (in general)
des raisons,874590,"plural of un (“some”, the plural indefinite article)",plural of raison
et peut,874497,and,third-person singular present indicative of pouvoir
le maître,874377,the (definite article),master
les filles,873822,plural of le: the,plural of fille
un livre,873561,"an, a",book
la conversation,873408,feminine of le: the,conversation
mon frère,873249,my (used to qualify masculine nouns and vowel-initial words regardless of gender),brother (son of the same parents as another person)
cette femme,872906,feminine singular of ce,woman
état d',872876,"state, condition",apocopic form of de: of
l' identité,872687,"apocopic form of le, la: the",identity
est là,872607,east,referring to physical place
liste des,871800,list,"plural of un (“some”, the plural indefinite article)"
des ressources,871717,"plural of un (“some”, the plural indefinite article)",plural of ressource
l' unité,871714,"apocopic form of le, la: the",unity
les différentes,871641,plural of le: the,feminine plural of différent
l' Allemagne,871547,"apocopic form of le, la: the",Germany (a country in Central Europe)
la soirée,870340,feminine of le: the,evening
un côté,870311,"an, a",side
de mal,870219,from (used to indicate origin),"trouble, difficulty"
la cité,869868,feminine of le: the,city
mais non,869771,"but, although",no
de nature,869413,from (used to indicate origin),nature
père de,868948,father (parent),from (used to indicate origin)
il d',868893,he (third-person singular masculine subject pronoun for human subject),apocopic form of de: of
sur lequel,868391,"on, upon","which, that, whom"
le docteur,867881,the (definite article),a doctor (physician)
place à,867837,"place, square, plaza, piazza","A with grave accent, a letter used in French mostly to distinguish some homographs and in transliteration."
être la,867566,to be,feminine of le: the
sous un,867552,"below, under","an, a"
impression de,867307,"an impression, the overall effect of something",from (used to indicate origin)
par contre,867138,through,against (in physical contact with)
qui vient,866692,"who, whom",third-person singular present indicative of venir
d' hommes,866344,apocopic form of de: of,plural of homme
pas sur,865846,"step, pace, footstep","on, upon"
il devait,865528,he (third-person singular masculine subject pronoun for human subject),third-person singular imperfect indicative of devoir
prix de,865449,prize,from (used to indicate origin)
près d',864840,near (a time or a place); close (to a time or a place),apocopic form of de: of
le retour,864803,the (definite article),return
la Commission,864358,feminine of le: the,commission (fee charged by an agent or broker for carrying out a transaction)
en toute,864350,"in (used to indicate space, also see usage notes)",feminine singular of tout
proche de,862555,"close, near, closeby, nearby (to a place)",from (used to indicate origin)
pour voir,861917,"for (meant for, intended for)",to see (visually)
le capitaine,861294,the (definite article),"captain, leader"
trouver un,861258,"to find; to retrieve something lost, turn up something hidden, or encounter something previously unknown to one","an, a"
de tête,861046,from (used to indicate origin),head (part of the body)
lors d',860784,"then, at that time",apocopic form of de: of
on dit,860717,"one, people, you, someone (an unspecified individual)","a sentence, saying or maxim"
lui est,860490,"him, he, it; the third-person masculine singular personal pronoun used after a preposition, or as the predicate of a linking verb, or when disjoined from a sentence, or as a stressed subject",east
loin d',860295,"far, distant",apocopic form of de: of
cet instant,860210,this,"pressing, insistent"
aurait été,859859,third-person singular conditional of avoir,summer
avait pris,859807,third-person singular imperfect indicative of avoir,taken
sans se,859433,without (not having),abbreviation of sud-est; SE
des idées,859355,"plural of un (“some”, the plural indefinite article)",plural of idée
car la,859325,"as, since, because, for",feminine of le: the
choix de,859198,choice,from (used to indicate origin)
entre elles,858890,between,they (female)
même en,858814,even,"in (used to indicate space, also see usage notes)"
d' esprit,858618,apocopic form of de: of,immaterial or incorporeal substance
le tableau,858423,the (definite article),painting
de justice,858333,from (used to indicate origin),justice
l' accès,858037,"apocopic form of le, la: the",access
pas là,857795,"step, pace, footstep",referring to physical place
prendre la,857728,to take,feminine of le: the
conseil de,857505,piece of advice,from (used to indicate origin)
tendance à,856938,"tendency, propensity","A with grave accent, a letter used in French mostly to distinguish some homographs and in transliteration."
a besoin,856251,"The first letter of the French alphabet, written in the Latin script.",need
pendant les,856189,present participle of pendre,plural of le: the
entre autres,856001,between,plural of autre
cas où,855920,"case, situation",where (interrogative)
un objet,855744,"an, a","thing, object"
avec eux,855025,with,disjunctive form of ils; them
qui y,854994,"who, whom","a letter in the French alphabet, after x and before z"
est que,854568,east,that (introduces a subordinate noun clause and connects it to its parent clause)
pas et,854539,"step, pace, footstep",and
pas faire,854536,"step, pace, footstep",to do
l' après,854134,"apocopic form of le, la: the","after, later than in time."
main de,853742,hand,from (used to indicate origin)
elle aussi,853513,she,"too, also, as well"
le savoir,853258,the (definite article),to know (something)
donc à,853158,"therefore, consequently; thus","A with grave accent, a letter used in French mostly to distinguish some homographs and in transliteration."
les petits,853115,plural of le: the,plural of petit
la fête,852933,feminine of le: the,winter holidays (always in plural)
le côté,852782,the (definite article),side
me dire,852666,me (direct object),"to say, to tell (to express through speech)"
deux ou,852637,two,or
conduit à,852114,conduit (connecting pipe/channel),"A with grave accent, a letter used in French mostly to distinguish some homographs and in transliteration."
quelque part,851912,some (singular),share
de service,851884,from (used to indicate origin),service
dire à,851841,"to say, to tell (to express through speech)","A with grave accent, a letter used in French mostly to distinguish some homographs and in transliteration."
vingt ans,851321,twenty,plural of an
retour à,851274,return,"A with grave accent, a letter used in French mostly to distinguish some homographs and in transliteration."
le niveau,851225,the (definite article),level (general)
façon dont,851122,way; manner; fashion,"of/from whom/which, whose; whereof"
qui aurait,850992,"who, whom",third-person singular conditional of avoir
tout un,850830,all,"an, a"
le contenu,850686,the (definite article),content (that which is physically contained in a container)
un projet,850460,"an, a",project
en forme,849235,"in (used to indicate space, also see usage notes)",shape (geometrical representation)
grande partie,849164,feminine singular of grand,"part (portion, amount)"
afin que,848957,to,that (introduces a subordinate noun clause and connects it to its parent clause)
série de,848716,series,from (used to indicate origin)
l' aise,848105,"apocopic form of le, la: the",satisfaction
il faudra,847971,he (third-person singular masculine subject pronoun for human subject),third-person singular future indicative of falloir
femme de,847806,woman,from (used to indicate origin)
temps en,847155,time (in general),"in (used to indicate space, also see usage notes)"
le fils,846466,the (definite article),son
des grands,846395,"plural of un (“some”, the plural indefinite article)",masculine plural of grand
le comte,846380,the (definite article),"count, earl"
depuis l',845499,since,"apocopic form of le, la: the"
elles ne,845261,they (female),abbreviation of nord-est; NE
pas assez,845240,"step, pace, footstep",to a sufficient or moderate degree; enough; sufficiently
est tout,844665,east,all
France et,844010,France (a country located primarily in Western Europe),and
contrairement à,843921,"contrarily, oppositely","A with grave accent, a letter used in French mostly to distinguish some homographs and in transliteration."
la rivière,843587,feminine of le: the,"a river (a large, winding stream that flows into a lake, bay, larger river, etc., but not into an ocean or sea)"
le bonheur,843532,the (definite article),"goodhap, good fortune"
il sera,843323,he (third-person singular masculine subject pronoun for human subject),third-person singular future indicative of être
être de,843144,to be,from (used to indicate origin)
en était,842678,"in (used to indicate space, also see usage notes)",third-person singular imperfect indicative of être
vous devez,841898,the plural personal pronoun in the second person,second-person plural present indicative of devoir
le dimanche,841497,the (definite article),Sunday
qui doit,841186,"who, whom","third-person singular present indicative of devoir: must, has to"
son bureau,840638,sound,desk
il convient,840240,he (third-person singular masculine subject pronoun for human subject),third-person singular present indicative of convenir
coin de,839855,"wedge, cornerpiece",from (used to indicate origin)
elle aurait,839697,she,third-person singular conditional of avoir
mouvement de,839208,movement,from (used to indicate origin)
de nuit,838879,from (used to indicate origin),night
le mal,838783,the (definite article),"trouble, difficulty"
de venir,838385,from (used to indicate origin),to come (to move from one place to another that is nearer the speaker)
y avoir,838150,"a letter in the French alphabet, after x and before z",to have; to own; to possess; to get
l' ouverture,837567,"apocopic form of le, la: the",opening
l' université,837064,"apocopic form of le, la: the",university (institution of higher education)
de quatre,836883,from (used to indicate origin),four
la représentation,836569,feminine of le: the,representation
d' art,836534,apocopic form of de: of,art
bout du,836413,"end, extremity, tip (of a physical object)","contraction of de + le, literally “of the”"
une famille,836056,"feminine singular of un (“a / an”), the feminine indefinite article",family (group of related people)
un moyen,835277,"an, a",means
est pas,834799,east,"step, pace, footstep"
années de,834694,plural of année,from (used to indicate origin)
toujours à,834611,always,"A with grave accent, a letter used in French mostly to distinguish some homographs and in transliteration."
la pression,834501,feminine of le: the,pressure
du reste,832977,"contraction of de + le, literally “of the”","rest, remainder"
bien le,832881,"good, all right, great",the (definite article)
la pluie,832530,feminine of le: the,rain
d' affaires,832367,apocopic form of de: of,plural of affaire
le contexte,832113,the (definite article),context
aller à,831475,to go,"A with grave accent, a letter used in French mostly to distinguish some homographs and in transliteration."
de moins,831401,from (used to indicate origin),"comparative degree of peu; less, fewer"
sa mort,831172,initialism of société anonyme (Incorporated (Inc.)) (Limited liability company (Ltd.)),past participle of mourir
face de,830209,face,from (used to indicate origin)
que personne,830145,that (introduces a subordinate noun clause and connects it to its parent clause),person
but de,829998,aim,from (used to indicate origin)
pas fait,829427,"step, pace, footstep",fact
jamais été,829408,never,summer
tout l',829283,all,"apocopic form of le, la: the"
un mois,827726,"an, a",month
le nez,827597,the (definite article),nose
ans et,827419,plural of an,and
son travail,827370,sound,work; labor
à d',826406,"A with grave accent, a letter used in French mostly to distinguish some homographs and in transliteration.",apocopic form of de: of
aussi les,826313,"too, also, as well",plural of le: the
lui était,825773,"him, he, it; the third-person masculine singular personal pronoun used after a preposition, or as the predicate of a linking verb, or when disjoined from a sentence, or as a stressed subject",third-person singular imperfect indicative of être
un vrai,825280,"an, a",true
quoi que,824849,what,that (introduces a subordinate noun clause and connects it to its parent clause)
perte de,824086,loss,from (used to indicate origin)
le prince,823982,the (definite article),prince
avant l',823883,beforehand; earlier,"apocopic form of le, la: the"
des règles,823782,"plural of un (“some”, the plural indefinite article)",plural of règle
avec cette,823649,with,feminine singular of ce
et très,823641,and,very
l' espoir,823119,"apocopic form of le, la: the",hope
avec toi,822302,with,"you (informal second-person singular personal pronoun, disjunctive)"
la troisième,821478,feminine of le: the,third
la réalisation,821006,feminine of le: the,"realization, fulfilment"
les données,820742,plural of le: the,feminine plural of donné
en présence,820252,"in (used to indicate space, also see usage notes)",presence
lui donner,820245,"him, he, it; the third-person masculine singular personal pronoun used after a preposition, or as the predicate of a linking verb, or when disjoined from a sentence, or as a stressed subject","to give, to transfer the possession/holding of something to someone else"
bras et,819911,arm,and
la démocratie,819647,feminine of le: the,democracy
même pour,819618,even,"for (meant for, intended for)"
sur ma,819590,"on, upon",abbreviation of meilleur avant (“best before”): BB
endroit où,819411,"place, spot (specified area)",where (interrogative)
d' entrée,819406,apocopic form of de: of,"entry, act of entering"
travail et,819336,work; labor,and
d' information,819010,apocopic form of de: of,piece of information]
du point,818443,"contraction of de + le, literally “of the”",point (small mark)
la croissance,818362,feminine of le: the,growth
comme en,816995,"as (in the role of, by way of)","in (used to indicate space, also see usage notes)"
fait pour,816564,fact,"for (meant for, intended for)"
une relation,816434,"feminine singular of un (“a / an”), the feminine indefinite article",relation
domaine de,816178,domain,from (used to indicate origin)
ça me,815038,that (distal demonstrative pronoun),me (direct object)
de quelque,814623,from (used to indicate origin),some (singular)
mes yeux,813594,my (when referring to a plural noun),"plural of œil, eyes"
à pied,813424,"A with grave accent, a letter used in French mostly to distinguish some homographs and in transliteration.",foot
son lit,813397,sound,bed
a dû,813382,"The first letter of the French alphabet, written in the Latin script.","what is owed, what is due, money's worth"
travers la,813271,outside (the external part of),feminine of le: the
est devenu,813264,east,past participle of devenir
se tenait,813116,abbreviation of sud-est; SE,third-person singular imperfect indicative of tenir
la colère,812902,feminine of le: the,"anger, rage"
fait pas,812484,fact,"step, pace, footstep"
la Constitution,812024,feminine of le: the,constitution (formal or informal system of primary principles and laws that regulates a government or other institutions; legal document describing such a formal system)
dans toute,811457,"in, inside (enclosed in a physical space, a group, a state)",feminine singular of tout
quelques secondes,811236,plural of quelque (“some”),plural of seconde
ministre de,811226,minister,from (used to indicate origin)
des formes,811088,"plural of un (“some”, the plural indefinite article)",plural of forme
d' ordre,810991,apocopic form of de: of,order (way in which things are arranged)
de Jésus,810921,from (used to indicate origin),Jesus
politique et,810277,political,and
du ciel,809746,"contraction of de + le, literally “of the”",sky
à toi,809562,"A with grave accent, a letter used in French mostly to distinguish some homographs and in transliteration.","you (informal second-person singular personal pronoun, disjunctive)"
la chance,809449,feminine of le: the,chance
de sortir,809322,from (used to indicate origin),"to exit, go out, come out"
là pour,808931,referring to physical place,"for (meant for, intended for)"
corps et,808793,body,and
dehors de,808372,outside,from (used to indicate origin)
son côté,807959,sound,side
ans plus,807869,plural of an,used to express the comparative and superlative of a following adjective or adverb
un rapport,807141,"an, a",ratio
la révolution,807116,feminine of le: the,revolution (turn; rotation)
l' écart,807078,"apocopic form of le, la: the","space, gap, interval, distance"
il vous,806713,he (third-person singular masculine subject pronoun for human subject),the plural personal pronoun in the second person
autre que,806189,other,that (introduces a subordinate noun clause and connects it to its parent clause)
de grandes,805943,from (used to indicate origin),feminine plural of grand
lors des,805853,"then, at that time","plural of un (“some”, the plural indefinite article)"
les lois,805613,plural of le: the,plural of loi (“law”)
mais au,804900,"but, although","contraction of à + le, literally “to the, for the, at the”"
heures de,804834,plural of heure,from (used to indicate origin)
points de,804757,plural of point,from (used to indicate origin)
l' ouvrage,804290,"apocopic form of le, la: the","work, labour"
tout aussi,804256,all,"too, also, as well"
un endroit,804110,"an, a","place, spot (specified area)"
quand tu,804042,when (at what time),you (singular)
un acte,804034,"an, a",act
l' Etat,803883,"apocopic form of le, la: the",alternative spelling of État
car les,803362,"as, since, because, for",plural of le: the
prendre en,803254,to take,"in (used to indicate space, also see usage notes)"
la Grande,803233,feminine of le: the,feminine singular of grand
les faits,803171,plural of le: the,plural of fait
la règle,802784,feminine of le: the,"rule, regulation"
tant d',802737,so much,apocopic form of de: of
cette nuit,802505,feminine singular of ce,night
depuis que,802045,since,that (introduces a subordinate noun clause and connects it to its parent clause)
prendre un,801957,to take,"an, a"
des membres,801470,"plural of un (“some”, the plural indefinite article)",plural of membre
du développement,801325,"contraction of de + le, literally “of the”",development
vous ai,801317,the plural personal pronoun in the second person,first-person singular present indicative of avoir
dans toutes,800693,"in, inside (enclosed in a physical space, a group, a state)",feminine plural of tout
veux dire,800606,inflection of vouloir:,"to say, to tell (to express through speech)"
le jardin,800342,the (definite article),garden
sous forme,799840,"below, under",shape (geometrical representation)
fini par,799416,past participle of finir,through
soin de,798796,care,from (used to indicate origin)
par de,798552,through,from (used to indicate origin)
ou trois,798197,or,three
dernière fois,798023,feminine singular of dernier,time (an instance or repetition of something happening)
les conséquences,797731,plural of le: the,plural of conséquence
une semaine,797126,"feminine singular of un (“a / an”), the feminine indefinite article",week
le secteur,797065,the (definite article),"circular sector (part of a circle, extending to the center)"
ou deux,796875,or,two
de gens,796465,from (used to indicate origin),set of people
et ça,796412,and,that (distal demonstrative pronoun)
acte de,796219,act,from (used to indicate origin)
contact avec,796071,contact; contact (with another person),with
le poids,795729,the (definite article),weight
mon Dieu,795353,my (used to qualify masculine nouns and vowel-initial words regardless of gender),"a god, male divinity"
la Terre,795219,feminine of le: the,earth; soil
un plan,794637,"an, a","map (schematic maps of streets, subways, etc.)"
des affaires,794518,"plural of un (“some”, the plural indefinite article)",plural of affaire
du projet,794394,"contraction of de + le, literally “of the”",project
qui peuvent,794361,"who, whom",third-person plural present indicative of pouvoir
dont nous,794126,"of/from whom/which, whose; whereof",the plural personal pronoun in the first person:
des groupes,794057,"plural of un (“some”, the plural indefinite article)",plural of groupe
l' avons,793966,"apocopic form of le, la: the",first-person plural present indicative of avoir
un être,793533,"an, a",to be
du grand,793491,"contraction of de + le, literally “of the”",big
de départ,792808,from (used to indicate origin),"departure, start"
la définition,792072,feminine of le: the,definition
quelque sorte,791903,some (singular),"sort, kind, type"
aide de,791729,"help, support",from (used to indicate origin)
même dans,791705,even,"in, inside (enclosed in a physical space, a group, a state)"
droit d',791654,right (entitlement),apocopic form of de: of
et maintenant,790783,and,"now, currently"
les a,790343,plural of le: the,"The first letter of the French alphabet, written in the Latin script."
au regard,789936,"contraction of à + le, literally “to the, for the, at the”","look, glance"
fit un,789866,third-person singular past historic of faire,"an, a"
et toi,789757,and,"you (informal second-person singular personal pronoun, disjunctive)"
de mieux,789456,from (used to indicate origin),comparative degree of bien; better
à titre,789442,"A with grave accent, a letter used in French mostly to distinguish some homographs and in transliteration.","heading, title (name of a piece of work)"
hommes de,788763,plural of homme,from (used to indicate origin)
les habitants,788754,plural of le: the,plural of habitant
se met,788667,abbreviation of sud-est; SE,third-person singular present indicative of mettre
de mort,788537,from (used to indicate origin),past participle of mourir
le tour,788258,the (definite article),tower
le duc,787355,the (definite article),duke (nobleman)
femme qui,787224,woman,"who, whom"
pour prendre,787142,"for (meant for, intended for)",to take
impression que,787088,"an impression, the overall effect of something",that (introduces a subordinate noun clause and connects it to its parent clause)
chargé de,786972,past participle of charger,from (used to indicate origin)
autrement dit,786829,"differently, in another way or manner","a sentence, saying or maxim"
aussi une,786279,"too, also, as well","feminine singular of un (“a / an”), the feminine indefinite article"
ou plutôt,786220,or,"earlier, sooner"
aider à,785796,to help; to aid,"A with grave accent, a letter used in French mostly to distinguish some homographs and in transliteration."
de lumière,785420,from (used to indicate origin),light
considéré comme,785311,past participle of considérer,"as (in the role of, by way of)"
la consommation,784908,feminine of le: the,consumption
mes parents,784869,my (when referring to a plural noun),plural of parent
au profit,784830,"contraction of à + le, literally “to the, for the, at the”","profit, benefit"
en vigueur,784557,"in (used to indicate space, also see usage notes)",vigour
doit pas,784440,"third-person singular present indicative of devoir: must, has to","step, pace, footstep"
pour mieux,784383,"for (meant for, intended for)",comparative degree of bien; better
sa peau,784175,initialism of société anonyme (Incorporated (Inc.)) (Limited liability company (Ltd.)),skin of a person or animal
a donné,783805,"The first letter of the French alphabet, written in the Latin script.","affordable, cheap"
du centre,783553,"contraction of de + le, literally “of the”","centre, center"
le taux,783159,the (definite article),"rate, level"
quelques instants,783086,plural of quelque (“some”),plural of instant
je comprends,782887,I,first-person singular present indicative of comprendre
les formes,782789,plural of le: the,plural of forme
date de,782210,date (point in time),from (used to indicate origin)
fille de,782079,girl,from (used to indicate origin)
mère et,781982,mother,and
en nous,781253,"in (used to indicate space, also see usage notes)",the plural personal pronoun in the first person:
de vingt,781204,from (used to indicate origin),twenty
roi de,781105,king,from (used to indicate origin)
l' opinion,781040,"apocopic form of le, la: the","opinion (thought, estimation)"
des trois,780542,"plural of un (“some”, the plural indefinite article)",three
le lien,779702,the (definite article),"tie, bond"
situation de,779579,situation (all meanings),from (used to indicate origin)
milieu du,779277,middle; center,"contraction of de + le, literally “of the”"
personnes qui,779029,plural of personne,"who, whom"
origine de,778758,origin (start place),from (used to indicate origin)
se retourna,778709,abbreviation of sud-est; SE,third-person singular past historic of retourner
avait toujours,778385,third-person singular imperfect indicative of avoir,always
l' épaule,778164,"apocopic form of le, la: the",shoulder
du lundi,778163,"contraction of de + le, literally “of the”",Monday
qui font,776750,"who, whom",third-person plural present indicative of faire
à rien,776646,"A with grave accent, a letter used in French mostly to distinguish some homographs and in transliteration.",nothing
par terre,776507,through,earth; soil
la condition,776470,feminine of le: the,"term, condition"
contrôle de,776424,control (all senses),from (used to indicate origin)
prête à,775646,feminine singular of prêt,"A with grave accent, a letter used in French mostly to distinguish some homographs and in transliteration."
l' avais,775529,"apocopic form of le, la: the",first/second-person singular imperfect indicative of avoir
dont ils,775140,"of/from whom/which, whose; whereof",they (male or mixed group)
un sentiment,774400,"an, a","a sentiment, general thought, sense or feeling"
vous pourrez,774032,the plural personal pronoun in the second person,second-person plural future of pouvoir
d' énergie,773724,apocopic form of de: of,energy (quantity that denotes the ability to do work)
deux jours,773016,two,plural of jour (“day”)
les rapports,772536,plural of le: the,plural of rapport
de cinq,772475,from (used to indicate origin),five
du Christ,772046,"contraction of de + le, literally “of the”",Christ
en français,771933,"in (used to indicate space, also see usage notes)",French
que notre,771853,that (introduces a subordinate noun clause and connects it to its parent clause),our
heure de,771418,"hour, time",from (used to indicate origin)
des travaux,771375,"plural of un (“some”, the plural indefinite article)",plural of travail
le récit,771246,the (definite article),recital
la joie,770218,feminine of le: the,joy (feeling of happiness or elation)
du sang,770048,"contraction of de + le, literally “of the”",blood
main et,769834,hand,and
pu être,769503,past participle of pouvoir,to be
la Chine,769398,feminine of le: the,inflection of chiner:
même un,769334,even,"an, a"
haut de,769246,high,from (used to indicate origin)
jeta un,769119,third-person singular past historic of jeter,"an, a"
connaissance de,768966,knowledge,from (used to indicate origin)
cela est,768736,that,east
sont très,767729,third-person plural present indicative of être,very
samedi de,767311,Saturday,from (used to indicate origin)
de joie,766885,from (used to indicate origin),joy (feeling of happiness or elation)
voulait pas,766696,third-person singular imperfect indicative of vouloir,"step, pace, footstep"
à bord,766495,"A with grave accent, a letter used in French mostly to distinguish some homographs and in transliteration.","border, edge, limit; boundary"
la frontière,766154,feminine of le: the,"boundary, frontier, border"
me sens,764784,me (direct object),"meaning, sense"
et ceux,764683,and,masculine plural of celui: those
en prenant,764508,"in (used to indicate space, also see usage notes)",present participle of prendre
lettre de,764494,letter (written character),from (used to indicate origin)
mon corps,764356,my (used to qualify masculine nouns and vowel-initial words regardless of gender),body
création de,764315,creation,from (used to indicate origin)
travers le,764232,outside (the external part of),the (definite article)
l' écran,764147,"apocopic form of le, la: the",screen
car je,764146,"as, since, because, for",I
conseil d',763864,piece of advice,apocopic form of de: of
le salon,763480,the (definite article),living room
suite à,763087,result,"A with grave accent, a letter used in French mostly to distinguish some homographs and in transliteration."
la charge,762719,feminine of le: the,"load, burden"
savoir si,762669,to know (something),initialism of Système international: SI
fait partie,762081,fact,"part (portion, amount)"
ses pieds,761694,"his, her, its, their, one's (when referring to a plural noun)",plural of pied
il faisait,761542,he (third-person singular masculine subject pronoun for human subject),third-person singular imperfect indicative of faire
la mission,761470,feminine of le: the,mission (duty that involves fulfilling a request)
la défense,761049,feminine of le: the,"defence (action of defending or protecting from attack, danger or injury, or any means for that purpose)"
livre de,761029,book,from (used to indicate origin)
le genre,761026,the (definite article),kind
la gare,760872,feminine of le: the,railway station
il savait,760626,he (third-person singular masculine subject pronoun for human subject),third-person singular imperfect indicative of savoir
tu l',760092,you (singular),"apocopic form of le, la: the"
les idées,759780,plural of le: the,plural of idée
la rencontre,759735,feminine of le: the,encounter
l' empereur,759529,"apocopic form of le, la: the",emperor
trop tard,759288,too; too much,late
le départ,759251,the (definite article),"departure, start"
tourna vers,758599,third-person singular past historic of tourner,towards
avait dit,758021,third-person singular imperfect indicative of avoir,"a sentence, saying or maxim"
leur vie,757955,(to) them,"life, the state of organisms (organic beings) prior to death"
application de,757687,application,from (used to indicate origin)
même chose,757635,even,thing
serait pas,757496,third-person singular conditional of être,"step, pace, footstep"
de protection,757353,from (used to indicate origin),protection
me souviens,757073,me (direct object),inflection of souvenir:
que votre,756795,that (introduces a subordinate noun clause and connects it to its parent clause),"your, belonging to you (plural or formal)"
commençait à,756766,third-person singular imperfect indicative of commencer,"A with grave accent, a letter used in French mostly to distinguish some homographs and in transliteration."
retour au,756617,return,"contraction of à + le, literally “to the, for the, at the”"
crois pas,756610,inflection of croire:,"step, pace, footstep"
les produits,756513,plural of le: the,plural of produit
elle peut,756432,she,third-person singular present indicative of pouvoir
les portes,755820,plural of le: the,plural of porte
des objets,755674,"plural of un (“some”, the plural indefinite article)",plural of objet
le village,755534,the (definite article),village
membres du,755445,plural of membre,"contraction of de + le, literally “of the”"
ans de,755181,plural of an,from (used to indicate origin)
idée d',755115,idea,apocopic form of de: of
au fait,754897,"contraction of à + le, literally “to the, for the, at the”",fact
mais ça,754843,"but, although",that (distal demonstrative pronoun)
expression de,754539,expression,from (used to indicate origin)
de laquelle,753707,from (used to indicate origin),feminine singular of lequel
la couleur,753168,feminine of le: the,color/colour
le quartier,753142,the (definite article),"quarter, district (part of town), neighbourhood"
même la,752049,even,feminine of le: the
on dirait,750895,"one, people, you, someone (an unspecified individual)",third-person singular conditional of dire
la reconnaissance,750702,feminine of le: the,recognition
de certaines,750697,from (used to indicate origin),feminine plural of certain
mère de,750683,mother,from (used to indicate origin)
être plus,750587,to be,used to express the comparative and superlative of a following adjective or adverb
source de,750559,"source, spring (of water)",from (used to indicate origin)
l' échelle,750276,"apocopic form of le, la: the",ladder
deux autres,749972,two,plural of autre
auprès des,749538,nearby,"plural of un (“some”, the plural indefinite article)"
sans avoir,749447,without (not having),to have; to own; to possess; to get
le mariage,749386,the (definite article),marriage
de telles,749155,from (used to indicate origin),feminine plural of tel
mais sans,748684,"but, although",without (not having)
des cas,748374,"plural of un (“some”, the plural indefinite article)","case, situation"
la perte,748166,feminine of le: the,loss
pour ça,748071,"for (meant for, intended for)",that (distal demonstrative pronoun)
deux heures,748041,two,plural of heure
en soi,747796,"in (used to indicate space, also see usage notes)",Designating or reinforcing a reflexive (direct) object or the regime of a preposition
la montagne,747776,feminine of le: the,mountain
lundi au,747416,Monday,"contraction of à + le, literally “to the, for the, at the”"
ce petit,747356,EC (European Community),small
le discours,747229,the (definite article),speech
lieu d',747177,place,apocopic form of de: of
voir la,746736,to see (visually),feminine of le: the
penser que,746039,"to think, reflect, concentrate one's mind on something",that (introduces a subordinate noun clause and connects it to its parent clause)
la belle,745675,feminine of le: the,feminine singular of beau
permettent de,745475,third-person plural present indicative/subjunctive of permettre,from (used to indicate origin)
vous dire,744869,the plural personal pronoun in the second person,"to say, to tell (to express through speech)"
de conscience,744853,from (used to indicate origin),conscience
les élèves,744740,plural of le: the,second-person singular present indicative/subjunctive of élever
que cet,744368,that (introduces a subordinate noun clause and connects it to its parent clause),this
que leurs,744228,that (introduces a subordinate noun clause and connects it to its parent clause),plural of leur: their (used before a plural noun)
les problèmes,743797,plural of le: the,plural of problème
lequel il,743673,"which, that, whom",he (third-person singular masculine subject pronoun for human subject)
de loin,743600,from (used to indicate origin),"far, distant"
avec leurs,743553,with,plural of leur: their (used before a plural noun)
des biens,742970,"plural of un (“some”, the plural indefinite article)",plural of bien
toujours été,742889,always,summer
en évidence,742761,"in (used to indicate space, also see usage notes)","obviousness, clearness"
des sociétés,742584,"plural of un (“some”, the plural indefinite article)",plural of société
des faits,742518,"plural of un (“some”, the plural indefinite article)",plural of fait
lorsque je,742379,when (at a time when),I
toute une,742225,feminine singular of tout,"feminine singular of un (“a / an”), the feminine indefinite article"
un corps,741364,"an, a",body
était déjà,740998,third-person singular imperfect indicative of être,"already, before"
l' opération,740243,"apocopic form of le, la: the",operation (method by which a device performs its function)
le besoin,740182,the (definite article),need
l' avant,738991,"apocopic form of le, la: the",beforehand; earlier
pas me,738905,"step, pace, footstep",me (direct object)
sa poitrine,738622,initialism of société anonyme (Incorporated (Inc.)) (Limited liability company (Ltd.)),"chest, thorax, torso"
la vision,738510,feminine of le: the,"vision, sight"
les activités,738463,plural of le: the,plural of activité
mon ami,738083,my (used to qualify masculine nouns and vowel-initial words regardless of gender),friend (one who is affectionately attached to another)
la vallée,737976,feminine of le: the,valley
appel à,737860,call,"A with grave accent, a letter used in French mostly to distinguish some homographs and in transliteration."
exemple de,737819,example,from (used to indicate origin)
de chacun,737543,from (used to indicate origin),"each, each one"
cette situation,737456,feminine singular of ce,situation (all meanings)
les doigts,737345,plural of le: the,plural of doigt; fingers
jeu de,737120,game (activity performed for amusement),from (used to indicate origin)
eu l',737016,initialism of États-Unis (= United States): a country in North America: US,"apocopic form of le, la: the"
de commerce,736972,from (used to indicate origin),"commerce, trade"
je serai,736907,I,first-person singular future indicative of être
un ou,735795,"an, a",or
des valeurs,735733,"plural of un (“some”, the plural indefinite article)",plural of valeur
pour pouvoir,735729,"for (meant for, intended for)","can, to be able to"
monsieur le,735486,"mister, sir (a title or form of address for a man, used with or without the name in direct or third-person address)",the (definite article)
l' ennemi,735313,"apocopic form of le, la: the",enemy
du moment,735256,"contraction of de + le, literally “of the”",moment (point in time)
la découverte,735039,feminine of le: the,discovery
les sociétés,735028,plural of le: the,plural of société
ne pouvais,735007,abbreviation of nord-est; NE,first/second-person singular imperfect indicative of pouvoir
faire du,734074,to do,"contraction of de + le, literally “of the”"
le langage,734061,the (definite article),language: word choice and usage
le territoire,734024,the (definite article),territory
des lois,734020,"plural of un (“some”, the plural indefinite article)",plural of loi (“law”)
monde de,733969,world,from (used to indicate origin)
des mesures,733715,"plural of un (“some”, the plural indefinite article)",plural of mesure
moins d',733715,"comparative degree of peu; less, fewer",apocopic form of de: of
des forces,733590,"plural of un (“some”, the plural indefinite article)",plural of force
une pièce,733240,"feminine singular of un (“a / an”), the feminine indefinite article","room in a house, etc."
je pourrais,733019,I,first/second-person singular conditional of pouvoir
les jambes,732920,plural of le: the,plural of jambe
en silence,732462,"in (used to indicate space, also see usage notes)",silence
qui fut,732203,"who, whom",post-1990 spelling of fût
toujours pas,732155,always,"step, pace, footstep"
malgré tout,732006,"despite, in spite of",all
des moyens,731930,"plural of un (“some”, the plural indefinite article)",masculine plural of moyen
une entreprise,731874,"feminine singular of un (“a / an”), the feminine indefinite article","company, business"
des études,731421,"plural of un (“some”, the plural indefinite article)",plural of étude
aussi que,731374,"too, also, as well",that (introduces a subordinate noun clause and connects it to its parent clause)
place dans,731345,"place, square, plaza, piazza","in, inside (enclosed in a physical space, a group, a state)"
les événements,730978,plural of le: the,plural of événement
de chez,730952,from (used to indicate origin),"to, at, in or into the place of"
l' exécution,730784,"apocopic form of le, la: the",execution
vers une,730770,towards,"feminine singular of un (“a / an”), the feminine indefinite article"
l' industrie,730327,"apocopic form of le, la: the","diligence, zeal"
gestion des,730069,administration,"plural of un (“some”, the plural indefinite article)"
est celui,729781,east,the one
vers elle,729665,towards,she
parle de,729566,inflection of parler,from (used to indicate origin)
que jamais,729538,that (introduces a subordinate noun clause and connects it to its parent clause),never
l' Empire,729328,"apocopic form of le, la: the",empire
d' habitude,728723,apocopic form of de: of,habit (action done on a regular basis)
des petits,728713,"plural of un (“some”, the plural indefinite article)",plural of petit
un cadre,728571,"an, a",frame (of a door or picture)
espèce de,728194,"type, sort, kind",from (used to indicate origin)
au sol,727913,"contraction of à + le, literally “to the, for the, at the”","soil, earth"
lieu à,726784,place,"A with grave accent, a letter used in French mostly to distinguish some homographs and in transliteration."
manière dont,726783,"manner, way","of/from whom/which, whose; whereof"
l' odeur,726624,"apocopic form of le, la: the","smell, odour"
quand vous,726547,when (at what time),the plural personal pronoun in the second person
je pensais,726499,I,first/second-person singular imperfect indicative of penser
bien à,726432,"good, all right, great","A with grave accent, a letter used in French mostly to distinguish some homographs and in transliteration."
ce fait,726319,EC (European Community),fact
malgré les,726078,"despite, in spite of",plural of le: the
pourrait être,725386,third-person singular conditional of pouvoir,to be
du texte,725096,"contraction of de + le, literally “of the”",text (piece of writing)
dans nos,724797,"in, inside (enclosed in a physical space, a group, a state)",plural of notre; our
le mieux,724780,the (definite article),comparative degree of bien; better
une très,724205,"feminine singular of un (“a / an”), the feminine indefinite article",very
des heures,724120,"plural of un (“some”, the plural indefinite article)",plural of heure
le public,723928,the (definite article),public
il leur,723920,he (third-person singular masculine subject pronoun for human subject),(to) them
toujours en,723864,always,"in (used to indicate space, also see usage notes)"
elles ont,723698,they (female),third-person plural present indicative of avoir
à terre,723343,"A with grave accent, a letter used in French mostly to distinguish some homographs and in transliteration.",earth; soil
les Français,723315,plural of le: the,French
quand nous,723114,when (at what time),the plural personal pronoun in the first person:
comme d',723068,"as (in the role of, by way of)",apocopic form of de: of
il suffit,722717,he (third-person singular masculine subject pronoun for human subject),inflection of suffire:
la visite,722546,feminine of le: the,visit
un d',722040,"an, a",apocopic form of de: of
avait le,721839,third-person singular imperfect indicative of avoir,the (definite article)
personne qui,721594,person,"who, whom"
l' obligation,721395,"apocopic form of le, la: the",obligation
difficile à,721300,difficult,"A with grave accent, a letter used in French mostly to distinguish some homographs and in transliteration."
existence de,721178,existence,from (used to indicate origin)
était encore,721075,third-person singular imperfect indicative of être,still
le type,720929,the (definite article),"type; sort, kind"
en avoir,720917,"in (used to indicate space, also see usage notes)",to have; to own; to possess; to get
de qualité,720474,from (used to indicate origin),quality
formes de,720471,plural of forme,from (used to indicate origin)
était bien,719825,third-person singular imperfect indicative of être,"good, all right, great"
de jeunes,719731,from (used to indicate origin),plural of jeune
l' avaient,719695,"apocopic form of le, la: the",third-person plural imperfect indicative of avoir
trois jours,719548,three,plural of jour (“day”)
ses enfants,719199,"his, her, its, their, one's (when referring to a plural noun)",plural of enfant
une image,718653,"feminine singular of un (“a / an”), the feminine indefinite article","picture, image"
ne pourrait,718491,abbreviation of nord-est; NE,third-person singular conditional of pouvoir
enfants de,718406,plural of enfant,from (used to indicate origin)
la solution,718367,feminine of le: the,solution
que Dieu,718246,that (introduces a subordinate noun clause and connects it to its parent clause),"a god, male divinity"
mais d',717714,"but, although",apocopic form of de: of
ce dont,717241,EC (European Community),"of/from whom/which, whose; whereof"
est souvent,717127,east,often
sa présence,717019,initialism of société anonyme (Incorporated (Inc.)) (Limited liability company (Ltd.)),presence
le traitement,716896,the (definite article),treatment
veut dire,716480,third-person singular present indicative of vouloir,"to say, to tell (to express through speech)"
la conception,715875,feminine of le: the,conception (of a child)
cette idée,715860,feminine singular of ce,idea
sa part,715581,initialism of société anonyme (Incorporated (Inc.)) (Limited liability company (Ltd.)),share
son petit,715435,sound,small
cet ouvrage,715200,this,"work, labour"
ces dernières,715038,"masculine/feminine plural of ce: these, those",feminine plural of dernier
le pas,715018,the (definite article),"step, pace, footstep"
de bains,715008,from (used to indicate origin),plural of bain
heures du,714854,plural of heure,"contraction of de + le, literally “of the”"
de vin,714667,from (used to indicate origin),wine
à comprendre,714335,"A with grave accent, a letter used in French mostly to distinguish some homographs and in transliteration.","to understand, comprehend"
un œil,714052,"an, a","eye, organ that is sensitive to light, helping organisms to see"
idée que,713622,idea,that (introduces a subordinate noun clause and connects it to its parent clause)
une première,713253,"feminine singular of un (“a / an”), the feminine indefinite article",feminine singular of premier
de créer,712873,from (used to indicate origin),to create
lutte contre,712636,"struggle, fight, battle",against (in physical contact with)
le milieu,712434,the (definite article),middle; center
a aussi,712285,"The first letter of the French alphabet, written in the Latin script.","too, also, as well"
à trois,712263,"A with grave accent, a letter used in French mostly to distinguish some homographs and in transliteration.",three
dernières années,712177,feminine plural of dernier,plural of année
quelques mois,712015,plural of quelque (“some”),month
ma tête,711981,abbreviation of meilleur avant (“best before”): BB,head (part of the body)
d' enfants,711802,apocopic form of de: of,plural of enfant
derrière lui,711741,behind,"him, he, it; the third-person masculine singular personal pronoun used after a preposition, or as the predicate of a linking verb, or when disjoined from a sentence, or as a stressed subject"
la source,710831,feminine of le: the,"source, spring (of water)"
vous faire,710673,the plural personal pronoun in the second person,to do
en droit,710409,"in (used to indicate space, also see usage notes)",right (entitlement)
pour obtenir,709055,"for (meant for, intended for)","to get, to obtain"
la logique,707897,feminine of le: the,logic
les informations,707332,plural of le: the,plural of information
g de,707313,"The seventh letter of the French alphabet, written in the Latin script.",from (used to indicate origin)
du sujet,706932,"contraction of de + le, literally “of the”",subject
à eux,706713,"A with grave accent, a letter used in French mostly to distinguish some homographs and in transliteration.",disjunctive form of ils; them
contrat de,706630,contract,from (used to indicate origin)
milliers de,706535,plural of millier; thousands,from (used to indicate origin)
pouvait être,706459,third-person singular imperfect indicative of pouvoir,to be
un processus,706238,"an, a",process
dans certains,706206,"in, inside (enclosed in a physical space, a group, a state)",plural of certain
de sens,706180,from (used to indicate origin),"meaning, sense"
secoua la,706168,third-person singular past historic of secouer,feminine of le: the
les forces,705997,plural of le: the,plural of force
si un,705932,initialism of Système international: SI,"an, a"
du contrat,705751,"contraction of de + le, literally “of the”",contract
nos jours,705712,plural of notre; our,plural of jour (“day”)
le souvenir,705463,the (definite article),to remember
elles se,705443,they (female),abbreviation of sud-est; SE
règles de,705300,plural of règle,from (used to indicate origin)
avait de,705247,third-person singular imperfect indicative of avoir,from (used to indicate origin)
bras de,705204,arm,from (used to indicate origin)
terme de,705123,terms (conditions),from (used to indicate origin)
permettre de,704860,"to permit, to allow (to grant permission or access)",from (used to indicate origin)
est nécessaire,704851,east,necessary
duc de,704682,duke (nobleman),from (used to indicate origin)
l' ancienne,704670,"apocopic form of le, la: the",feminine singular of ancien
a donc,704428,"The first letter of the French alphabet, written in the Latin script.","therefore, consequently; thus"
le sais,704108,the (definite article),first/second-person singular present indicative of savoir
un même,704040,"an, a",even
face aux,703122,face,Contraction of à + les ('to the' or 'of the')
des sciences,703023,"plural of un (“some”, the plural indefinite article)",plural of science
mais comme,702980,"but, although","as (in the role of, by way of)"
du genre,702883,"contraction of de + le, literally “of the”",kind
la victime,702519,feminine of le: the,victim
sur leurs,702269,"on, upon",plural of leur: their (used before a plural noun)
impression d',702182,"an impression, the overall effect of something",apocopic form of de: of
il eut,701846,he (third-person singular masculine subject pronoun for human subject),third-person singular past historic of avoir
se pencha,701619,abbreviation of sud-est; SE,third-person singular past historic of pencher
ministère de,701297,ministry,from (used to indicate origin)
quelque temps,700813,some (singular),time (in general)
de quitter,700719,from (used to indicate origin),to discharge somebody from an obligation
va bien,700575,"""version anglaise"" — English-language version (EV); a film dubbed in English","good, all right, great"
de feu,700540,from (used to indicate origin),fire
est déjà,700515,east,"already, before"
la pointe,699491,feminine of le: the,point (the sharp tip of an object)
terre et,699472,earth; soil,and
gens de,698942,set of people,from (used to indicate origin)
je dis,698808,I,inflection of dire:
de main,698728,from (used to indicate origin),hand
des mains,698664,"plural of un (“some”, the plural indefinite article)",plural of main
on pouvait,698641,"one, people, you, someone (an unspecified individual)",third-person singular imperfect indicative of pouvoir
les valeurs,697975,plural of le: the,plural of valeur
du service,697704,"contraction of de + le, literally “of the”",service
vers un,697643,towards,"an, a"
la vente,697598,feminine of le: the,sale
des événements,697194,"plural of un (“some”, the plural indefinite article)",plural of événement
même et,697115,even,and
l' abri,696545,"apocopic form of le, la: the",a shelter or refuge against the elements or physical danger
la droite,696301,feminine of le: the,feminine singular of droit
vous de,695979,the plural personal pronoun in the second person,from (used to indicate origin)
un coin,695888,"an, a","wedge, cornerpiece"
sous son,695877,"below, under",sound
je en,695845,I,"in (used to indicate space, also see usage notes)"
eu un,695818,initialism of États-Unis (= United States): a country in North America: US,"an, a"
chambre de,695740,"a chamber in its various senses, including:",from (used to indicate origin)
du passé,695354,"contraction of de + le, literally “of the”",past tense
quant aux,694936,only used in quant à,Contraction of à + les ('to the' or 'of the')
que du,694763,that (introduces a subordinate noun clause and connects it to its parent clause),"contraction of de + le, literally “of the”"
un cri,694485,"an, a",cry; shout; scream
elle à,694318,she,"A with grave accent, a letter used in French mostly to distinguish some homographs and in transliteration."
un gros,693601,"an, a","big, thick, fat"
son bras,693531,sound,arm
fin des,693486,"end, close, finish","plural of un (“some”, the plural indefinite article)"
une dizaine,693157,"feminine singular of un (“a / an”), the feminine indefinite article",a set of ten
l' obscurité,693056,"apocopic form of le, la: the",darkness; dark
pourquoi ne,692529,why,abbreviation of nord-est; NE
selon l',692447,according to; whichever applies; depending on,"apocopic form of le, la: the"
en quelques,691968,"in (used to indicate space, also see usage notes)",plural of quelque (“some”)
être pas,691512,to be,"step, pace, footstep"
l' approche,691298,"apocopic form of le, la: the",approach
dans tout,691139,"in, inside (enclosed in a physical space, a group, a state)",all
le concept,691097,the (definite article),concept
est mort,690839,east,past participle of mourir
la hauteur,690721,feminine of le: the,"height, altitude"
présence d',690707,presence,apocopic form of de: of
une période,690615,"feminine singular of un (“a / an”), the feminine indefinite article",period; as in interval of time
le directeur,690368,the (definite article),director
elle pas,690212,she,"step, pace, footstep"
de devenir,690054,from (used to indicate origin),future
les acteurs,689962,plural of le: the,plural of acteur
on aurait,689481,"one, people, you, someone (an unspecified individual)",third-person singular conditional of avoir
le cours,689146,the (definite article),"stream of water, river"
de produits,688672,from (used to indicate origin),plural of produit
toutes sortes,688135,feminine plural of tout,plural of sorte
tout autre,688093,all,other
bien d',687455,"good, all right, great",apocopic form of de: of
permettant de,687343,present participle of permettre,from (used to indicate origin)
un ami,687285,"an, a",friend (one who is affectionately attached to another)
et après,687226,and,"after, later than in time."
et avait,687154,and,third-person singular imperfect indicative of avoir
le haut,687052,the (definite article),high
une demi,686939,"feminine singular of un (“a / an”), the feminine indefinite article",half
économique et,686822,economy; economic,and
la confiance,686795,feminine of le: the,confidence
un simple,686788,"an, a",single
monde et,686764,world,and
charge de,686655,"load, burden",from (used to indicate origin)
faire face,686507,to do,face
à plus,686409,"A with grave accent, a letter used in French mostly to distinguish some homographs and in transliteration.",used to express the comparative and superlative of a following adjective or adverb
ça fait,686170,that (distal demonstrative pronoun),fact
vous y,685637,the plural personal pronoun in the second person,"a letter in the French alphabet, after x and before z"
de femmes,685297,from (used to indicate origin),plural of femme
Union européenne,685104,union,feminine singular of européen
vers moi,684833,towards,me (first-person singular disjunctive pronoun)
majorité des,684762,majority,"plural of un (“some”, the plural indefinite article)"
fut le,684537,post-1990 spelling of fût,the (definite article)
donner un,684437,"to give, to transfer the possession/holding of something to someone else","an, a"
de sorte,684194,from (used to indicate origin),"sort, kind, type"
il allait,683973,he (third-person singular masculine subject pronoun for human subject),third-person singular imperfect indicative of aller
and the,683328,,
les avait,683277,plural of le: the,third-person singular imperfect indicative of avoir
le ton,682779,the (definite article),your
de tes,682733,from (used to indicate origin),your (when referring to a plural noun)
l' appartement,682600,"apocopic form of le, la: the","apartment, flat"
guerre mondiale,682593,war,feminine singular of mondial
des actions,682538,"plural of un (“some”, the plural indefinite article)",plural of action
de plaisir,682255,from (used to indicate origin),pleasure
un modèle,682016,"an, a","model, example, design"
l' horizon,681633,"apocopic form of le, la: the",horizon
le pont,681617,the (definite article),bridge
sait que,681435,third-person singular present indicative of savoir,that (introduces a subordinate noun clause and connects it to its parent clause)
la télévision,681192,feminine of le: the,television
une activité,681109,"feminine singular of un (“a / an”), the feminine indefinite article","activity (something to do for educational, recreational, or other purposes)"
je devais,680945,I,first/second-person singular imperfect indicative of devoir
la voir,680459,feminine of le: the,to see (visually)
une table,679979,"feminine singular of un (“a / an”), the feminine indefinite article",table (furniture with a top surface to accommodate a variety of uses)
voir les,679676,to see (visually),plural of le: the
hocha la,679563,third-person singular past historic of hocher,feminine of le: the
responsable de,679327,responsible,from (used to indicate origin)
rapport de,678933,ratio,from (used to indicate origin)
les principes,678229,plural of le: the,plural of principe
lui fit,677964,"him, he, it; the third-person masculine singular personal pronoun used after a preposition, or as the predicate of a linking verb, or when disjoined from a sentence, or as a stressed subject",third-person singular past historic of faire
la gauche,677932,feminine of le: the,left
chez nous,677725,"to, at, in or into the place of",the plural personal pronoun in the first person:
y eut,677614,"a letter in the French alphabet, after x and before z",third-person singular past historic of avoir
pas pu,676898,"step, pace, footstep",past participle of pouvoir
de rendre,676736,from (used to indicate origin),to give back
chaque année,676608,each,year (period)
était plus,676442,third-person singular imperfect indicative of être,used to express the comparative and superlative of a following adjective or adverb
petite fille,676067,feminine singular of petit,girl
les arbres,675980,plural of le: the,plural of arbre
derrière le,675883,behind,the (definite article)
de mise,675833,from (used to indicate origin),feminine singular of mis
d' obtenir,675566,apocopic form of de: of,"to get, to obtain"
où vous,675412,where (interrogative),the plural personal pronoun in the second person
tu vois,675059,you (singular),inflection of voir:
ou même,674989,or,even
compte que,674261,account (bank or user account),that (introduces a subordinate noun clause and connects it to its parent clause)
les auteurs,674104,plural of le: the,plural of auteur
à trouver,674095,"A with grave accent, a letter used in French mostly to distinguish some homographs and in transliteration.","to find; to retrieve something lost, turn up something hidden, or encounter something previously unknown to one"
pendant un,673676,present participle of pendre,"an, a"
une vision,673471,"feminine singular of un (“a / an”), the feminine indefinite article","vision, sight"
par ces,673444,through,"masculine/feminine plural of ce: these, those"
à vivre,673347,"A with grave accent, a letter used in French mostly to distinguish some homographs and in transliteration.",to live
avec vous,673089,with,the plural personal pronoun in the second person
un beau,672877,"an, a","handsome, fine, attractive"
la souffrance,672605,feminine of le: the,"sufferance, pain, suffering"
du lit,672500,"contraction of de + le, literally “of the”",bed
bout d',672213,"end, extremity, tip (of a physical object)",apocopic form of de: of
cette période,671907,feminine singular of ce,period; as in interval of time
à avoir,671867,"A with grave accent, a letter used in French mostly to distinguish some homographs and in transliteration.",to have; to own; to possess; to get
veut pas,671655,third-person singular present indicative of vouloir,"step, pace, footstep"
elle qui,671407,she,"who, whom"
est trop,671270,east,too; too much
le couloir,671064,the (definite article),"corridor, hallway"
ou pour,670996,or,"for (meant for, intended for)"
fois le,670982,time (an instance or repetition of something happening),the (definite article)
pas sans,670867,"step, pace, footstep",without (not having)
la chair,670146,feminine of le: the,flesh
plus important,669502,used to express the comparative and superlative of a following adjective or adverb,important
l' enquête,669450,"apocopic form of le, la: the","inquest, investigation, examination"
l' inverse,669290,"apocopic form of le, la: the","inverse, the other way round"
ne vois,668909,abbreviation of nord-est; NE,inflection of voir:
mon fils,668678,my (used to qualify masculine nouns and vowel-initial words regardless of gender),son
nous y,668617,the plural personal pronoun in the first person:,"a letter in the French alphabet, after x and before z"
vous que,668606,the plural personal pronoun in the second person,that (introduces a subordinate noun clause and connects it to its parent clause)
un nombre,668397,"an, a",number
histoire du,668358,story,"contraction of de + le, literally “of the”"
égard de,668344,consideration,from (used to indicate origin)
la neige,668132,feminine of le: the,"snow, crystalline frozen precipitation"
travaux de,668044,plural of travail,from (used to indicate origin)
les limites,668034,plural of le: the,plural of limite
de confiance,667980,from (used to indicate origin),confidence
pas dire,667844,"step, pace, footstep","to say, to tell (to express through speech)"
le ministre,667735,the (definite article),minister
d' entrer,667633,apocopic form of de: of,to enter
se situe,667619,abbreviation of sud-est; SE,inflection of situer:
je pouvais,667325,I,first/second-person singular imperfect indicative of pouvoir
au samedi,667281,"contraction of à + le, literally “to the, for the, at the”",Saturday
puis le,667106,then; after; next,the (definite article)
l' ouest,666974,"apocopic form of le, la: the",west
des résultats,666856,"plural of un (“some”, the plural indefinite article)",plural of résultat; results
nécessité de,666497,necessity; need,from (used to indicate origin)
malgré la,666488,"despite, in spite of",feminine of le: the
se fit,666300,abbreviation of sud-est; SE,third-person singular past historic of faire
de laisser,666164,from (used to indicate origin),"to leave, to leave behind"
où on,666030,where (interrogative),"one, people, you, someone (an unspecified individual)"
une réponse,666030,"feminine singular of un (“a / an”), the feminine indefinite article","response, answer, reply (a communication)"
centaines de,666000,plural of centaine,from (used to indicate origin)
ai dit,665681,first-person singular present indicative of avoir,"a sentence, saying or maxim"
la garde,665641,feminine of le: the,"a watch, guard"
ont une,665446,third-person plural present indicative of avoir,"feminine singular of un (“a / an”), the feminine indefinite article"
des nouvelles,665386,"plural of un (“some”, the plural indefinite article)",feminine plural of nouveau
valeur de,665349,"value, worth",from (used to indicate origin)
de Louis,665185,from (used to indicate origin),a male given name
bas de,665058,low,from (used to indicate origin)
soit le,664973,third-person singular present subjunctive of être,the (definite article)
chez l',664759,"to, at, in or into the place of","apocopic form of le, la: the"
pas mal,664581,"step, pace, footstep","trouble, difficulty"
souvenir de,664295,to remember,from (used to indicate origin)
au pouvoir,664229,"contraction of à + le, literally “to the, for the, at the”","can, to be able to"
l' Assemblée,664159,"apocopic form of le, la: the",assembly
problème de,664020,problem,from (used to indicate origin)
la dimension,664010,feminine of le: the,dimension
est celle,663977,east,feminine singular of celui
faire pour,663858,to do,"for (meant for, intended for)"
mais son,663798,"but, although",sound
l' appareil,663527,"apocopic form of le, la: the","apparatus, device"
pour laquelle,663342,"for (meant for, intended for)",feminine singular of lequel
quel est,663231,which,east
on doit,663174,"one, people, you, someone (an unspecified individual)","third-person singular present indicative of devoir: must, has to"
lors du,663070,"then, at that time","contraction of de + le, literally “of the”"
qui pourrait,663034,"who, whom",third-person singular conditional of pouvoir
en mesure,662743,"in (used to indicate space, also see usage notes)",measure
départ de,662717,"departure, start",from (used to indicate origin)
une ville,662371,"feminine singular of un (“a / an”), the feminine indefinite article","town, city"
ligne de,662276,line,from (used to indicate origin)
premier ministre,662241,first,minister
maître de,662207,master,from (used to indicate origin)
même des,662010,even,"plural of un (“some”, the plural indefinite article)"
ni l',661847,neither; nor,"apocopic form of le, la: the"
XIX e,661593,,"The fifth letter of the French alphabet, written in the Latin script."
pour qui,661427,"for (meant for, intended for)","who, whom"
changement de,661072,change,from (used to indicate origin)
et ces,661062,and,"masculine/feminine plural of ce: these, those"
le mode,660578,the (definite article),"fashion, trend"
de paix,660327,from (used to indicate origin),peace
de celles,659277,from (used to indicate origin),feminine plural of celui: those
derrière la,659228,behind,feminine of le: the
vie à,659071,"life, the state of organisms (organic beings) prior to death","A with grave accent, a letter used in French mostly to distinguish some homographs and in transliteration."
de référence,658946,from (used to indicate origin),reference
sous une,658834,"below, under","feminine singular of un (“a / an”), the feminine indefinite article"
durée de,658415,"duration, period, time taken",from (used to indicate origin)
modèle de,658373,"model, example, design",from (used to indicate origin)
assez de,658282,to a sufficient or moderate degree; enough; sufficiently,from (used to indicate origin)
peut aussi,658223,third-person singular present indicative of pouvoir,"too, also, as well"
des rapports,657975,"plural of un (“some”, the plural indefinite article)",plural of rapport
il de,657830,he (third-person singular masculine subject pronoun for human subject),from (used to indicate origin)
voie de,657480,"way, track",from (used to indicate origin)
la diversité,657404,feminine of le: the,diversity
on fait,657383,"one, people, you, someone (an unspecified individual)",fact
bien au,657370,"good, all right, great","contraction of à + le, literally “to the, for the, at the”"
sans la,657240,without (not having),feminine of le: the
ce pays,657206,EC (European Community),land; region; home ground; homeland; home country; country; nation
plus les,656894,used to express the comparative and superlative of a following adjective or adverb,plural of le: the
était si,656562,third-person singular imperfect indicative of être,initialism of Système international: SI
des images,656556,"plural of un (“some”, the plural indefinite article)",plural of image
tenter de,656460,to attempt,from (used to indicate origin)
cherche à,656087,inflection of chercher:,"A with grave accent, a letter used in French mostly to distinguish some homographs and in transliteration."
et ma,656054,and,abbreviation of meilleur avant (“best before”): BB
la lune,656032,feminine of le: the,the Moon
bord du,655960,"border, edge, limit; boundary","contraction of de + le, literally “of the”"
un élément,654981,"an, a",element (part of a whole)
savait que,654967,third-person singular imperfect indicative of savoir,that (introduces a subordinate noun clause and connects it to its parent clause)
la bataille,654833,feminine of le: the,battle
à Dieu,654277,"A with grave accent, a letter used in French mostly to distinguish some homographs and in transliteration.","a god, male divinity"
l' intervention,654021,"apocopic form of le, la: the",intervention
en premier,653966,"in (used to indicate space, also see usage notes)",first
bien la,653914,"good, all right, great",feminine of le: the
table de,653905,table (furniture with a top surface to accommodate a variety of uses),from (used to indicate origin)
étude de,653429,study (act of studying or examining),from (used to indicate origin)
sur mes,652981,"on, upon",my (when referring to a plural noun)
liberté de,652500,"liberty, freedom. 1688, Guy Miège, The Great French Dictionary. ""Qu'y a-t-il de plus doux dans ce monde que la liberté? What is there sweeter in this world than liberty?""",from (used to indicate origin)
pas son,652448,"step, pace, footstep",sound
en souriant,652325,"in (used to indicate space, also see usage notes)",present participle of sourire
rapport au,652300,ratio,"contraction of à + le, literally “to the, for the, at the”"
je suppose,652226,I,inflection of supposer:
des effets,652087,"plural of un (“some”, the plural indefinite article)",plural of effet
avait dû,652002,third-person singular imperfect indicative of avoir,"what is owed, what is due, money's worth"
l' équilibre,651860,"apocopic form of le, la: the","balance, equilibrium"
me le,651762,me (direct object),the (definite article)
de Gaulle,651375,from (used to indicate origin),"obsolete form of Gaule, usually found today in personal names. (But the surname of Charles de Gaulle is believed to be homonymous, not cognate)."
le sien,651081,the (definite article),his (that which belongs to him); her (that which belongs to her)
me l',650862,me (direct object),"apocopic form of le, la: the"
je sens,650643,I,"meaning, sense"
de travailler,650631,from (used to indicate origin),to work
aurait dû,650391,third-person singular conditional of avoir,"what is owed, what is due, money's worth"
chose d',650311,thing,apocopic form of de: of
plus jamais,650275,used to express the comparative and superlative of a following adjective or adverb,never
le contrat,650258,the (definite article),contract
au départ,649984,"contraction of à + le, literally “to the, for the, at the”","departure, start"
de jouer,649951,from (used to indicate origin),to play (engage in games or play)
et comment,649882,and,how
les affaires,649869,plural of le: the,plural of affaire
et deux,649113,and,two
cette nouvelle,649051,feminine singular of ce,feminine singular of nouveau (“new”)
est alors,648989,east,then (at that time)
le samedi,648969,the (definite article),Saturday
la page,648694,feminine of le: the,"page (of a book, etc.)"
l' abbé,648537,"apocopic form of le, la: the","an abbot, the head of an abbey"
d' éviter,648379,apocopic form of de: of,to avoid
il reste,648335,he (third-person singular masculine subject pronoun for human subject),"rest, remainder"
de découvrir,648282,from (used to indicate origin),to discover
continuer à,647135,to continue,"A with grave accent, a letter used in French mostly to distinguish some homographs and in transliteration."
les textes,647071,plural of le: the,plural of texte
été le,646924,summer,the (definite article)
cet endroit,646592,this,"place, spot (specified area)"
il voulait,646456,he (third-person singular masculine subject pronoun for human subject),third-person singular imperfect indicative of vouloir
en leur,645893,"in (used to indicate space, also see usage notes)",(to) them
en route,645845,"in (used to indicate space, also see usage notes)","road (sometimes route like ""Route 66"")"
pour de,645784,"for (meant for, intended for)",from (used to indicate origin)
d' informations,645753,apocopic form of de: of,plural of information
des parents,645683,"plural of un (“some”, the plural indefinite article)",plural of parent
en vain,645548,"in (used to indicate space, also see usage notes)","useless, ineffective, fruitless"
sur laquelle,645480,"on, upon",feminine singular of lequel
la poésie,645428,feminine of le: the,poetry (literature composed in verse)
capacité de,645378,skill (capacity to do something well),from (used to indicate origin)
long terme,645274,long,terms (conditions)
se passer,644927,abbreviation of sud-est; SE,to go past
une action,644870,"feminine singular of un (“a / an”), the feminine indefinite article","action, act, deed"
se dirigea,644797,abbreviation of sud-est; SE,third-person singular past historic of diriger
semble que,644283,inflection of sembler:,that (introduces a subordinate noun clause and connects it to its parent clause)
recours à,643842,"recourse, resort, way out","A with grave accent, a letter used in French mostly to distinguish some homographs and in transliteration."
de bonnes,643780,from (used to indicate origin),feminine plural of bon
était très,643714,third-person singular imperfect indicative of être,very
il prit,643259,he (third-person singular masculine subject pronoun for human subject),third-person singular past historic of prendre
la chaîne,643188,feminine of le: the,chain
le compte,643076,the (definite article),account (bank or user account)
d' histoire,643061,apocopic form of de: of,story
de petites,642544,from (used to indicate origin),feminine plural of petit
correspond à,642444,third-person singular present indicative of correspondre,"A with grave accent, a letter used in French mostly to distinguish some homographs and in transliteration."
histoire des,642388,story,"plural of un (“some”, the plural indefinite article)"
du mouvement,642351,"contraction of de + le, literally “of the”",movement
la jeunesse,642331,feminine of le: the,youth
savoir que,642318,to know (something),that (introduces a subordinate noun clause and connects it to its parent clause)
fait du,642243,fact,"contraction of de + le, literally “of the”"
la distance,642114,feminine of le: the,distance (literal physical distance)
nord de,641415,north,from (used to indicate origin)
en ville,641386,"in (used to indicate space, also see usage notes)","town, city"
la constitution,641386,feminine of le: the,constitution (formal or informal system of primary principles and laws that regulates a government or other institutions; legal document describing such a formal system)
l' association,641261,"apocopic form of le, la: the","association, society, group"
le siège,641028,the (definite article),"seat, chair"
l' intelligence,640526,"apocopic form of le, la: the",intelligence; cleverness
le ventre,640513,the (definite article),belly
et quelques,640150,and,plural of quelque (“some”)
donner une,640148,"to give, to transfer the possession/holding of something to someone else","feminine singular of un (“a / an”), the feminine indefinite article"
le secret,640128,the (definite article),secret
se sent,640039,abbreviation of sud-est; SE,third-person singular present indicative of sentir
du livre,640036,"contraction of de + le, literally “of the”",book
commença à,639893,third-person singular past historic of commencer,"A with grave accent, a letter used in French mostly to distinguish some homographs and in transliteration."
par an,639699,through,year
Arvensa Editions,638931,,
de papier,638679,from (used to indicate origin),"paper (A material used for writing or printing on, made from cellulose pulp rolled into thin sheets)"
les derniers,638380,plural of le: the,masculine plural of dernier
liée à,638086,feminine singular of lié,"A with grave accent, a letter used in French mostly to distinguish some homographs and in transliteration."
pendant le,637994,present participle of pendre,the (definite article)
elle les,637988,she,plural of le: the
faveur de,637773,favour,from (used to indicate origin)
les noms,637729,plural of le: the,plural of nom
que possible,637704,that (introduces a subordinate noun clause and connects it to its parent clause),possible
ne crois,637390,abbreviation of nord-est; NE,inflection of croire:
de pierre,637261,from (used to indicate origin),stone (substance)
la commission,636781,feminine of le: the,commission (fee charged by an agent or broker for carrying out a transaction)
que deux,636654,that (introduces a subordinate noun clause and connects it to its parent clause),two
maintenant que,636512,"now, currently",that (introduces a subordinate noun clause and connects it to its parent clause)
être humain,636497,to be,human
viens de,636351,inflection of venir:,from (used to indicate origin)
quelques heures,636102,plural of quelque (“some”),plural of heure
nom du,636083,name,"contraction of de + le, literally “of the”"
un nom,635914,"an, a",name
face au,635545,face,"contraction of à + le, literally “to the, for the, at the”"
sortes de,634984,plural of sorte,from (used to indicate origin)
est venu,634760,east,past participle of venir
avec l,634759,with,"The twelfth letter of the French alphabet, written in the Latin script."
le Christ,634621,the (definite article),Christ
important de,633554,important,from (used to indicate origin)
femme et,633196,woman,and
fois la,633188,time (an instance or repetition of something happening),feminine of le: the
la mienne,633162,feminine of le: the,feminine singular of mien (“my”)
l' arrêt,633095,"apocopic form of le, la: the","stopping, checking, arrest (in development, growth, machinery etc.)"
la victoire,633082,feminine of le: the,victory; win
dire de,632171,"to say, to tell (to express through speech)",from (used to indicate origin)
qui il,632101,"who, whom",he (third-person singular masculine subject pronoun for human subject)
pas avec,631674,"step, pace, footstep",with
envie d',631578,"desire, lust, urge",apocopic form of de: of
ma sœur,631480,abbreviation of meilleur avant (“best before”): BB,sister (a daughter of the same parents as another person; a female sibling)
la concurrence,631467,feminine of le: the,competition (action of competing)
mises en,631428,feminine plural of mis,"in (used to indicate space, also see usage notes)"
une nuit,631183,"feminine singular of un (“a / an”), the feminine indefinite article",night
Copyright Arvensa,630844,copyright,
le lecteur,630737,the (definite article),reader
habitude de,630720,habit (action done on a regular basis),from (used to indicate origin)
pas lui,630539,"step, pace, footstep","him, he, it; the third-person masculine singular personal pronoun used after a preposition, or as the predicate of a linking verb, or when disjoined from a sentence, or as a stressed subject"
tu étais,630193,you (singular),first/second-person singular imperfect indicative of être
pas bien,630171,"step, pace, footstep","good, all right, great"
une solution,629958,"feminine singular of un (“a / an”), the feminine indefinite article",solution
encore que,629951,still,that (introduces a subordinate noun clause and connects it to its parent clause)
toujours le,629154,always,the (definite article)
ont un,629100,third-person plural present indicative of avoir,"an, a"
très peu,629072,very,little; not very much/many
ses pensées,628720,"his, her, its, their, one's (when referring to a plural noun)",plural of pensée
sud de,628670,south,from (used to indicate origin)
elle fut,628643,she,post-1990 spelling of fût
ses jambes,628395,"his, her, its, their, one's (when referring to a plural noun)",plural of jambe
au grand,628261,"contraction of à + le, literally “to the, for the, at the”",big
traité de,627952,treatise,from (used to indicate origin)
des pratiques,627689,"plural of un (“some”, the plural indefinite article)",plural of pratique
de près,627372,from (used to indicate origin),near (a time or a place); close (to a time or a place)
la Convention,627328,feminine of le: the,"convention, agreement"
moi de,627254,me (first-person singular disjunctive pronoun),from (used to indicate origin)
le goût,627084,the (definite article),"taste, flavour"
se présente,627084,abbreviation of sud-est; SE,feminine singular of présent
je vis,626777,I,screw (metal fastener)
l' hiver,626663,"apocopic form of le, la: the",winter
de questions,626533,from (used to indicate origin),plural of question
de mer,626498,from (used to indicate origin),sea (large body of water)
le vide,626365,the (definite article),empty
à parler,626297,"A with grave accent, a letter used in French mostly to distinguish some homographs and in transliteration.","to speak, talk"
membre de,626269,member (of a group or organization),from (used to indicate origin)
met à,626097,third-person singular present indicative of mettre,"A with grave accent, a letter used in French mostly to distinguish some homographs and in transliteration."
partir d',626039,"to share, to share out, to divide",apocopic form of de: of
si elles,625831,initialism of Système international: SI,they (female)
ont des,625725,third-person plural present indicative of avoir,"plural of un (“some”, the plural indefinite article)"
l' exception,625544,"apocopic form of le, la: the",exception
au loin,625535,"contraction of à + le, literally “to the, for the, at the”","far, distant"
ma fille,625087,abbreviation of meilleur avant (“best before”): BB,girl
encore le,624991,still,the (definite article)
auteur de,624963,author,from (used to indicate origin)
et pourquoi,624747,and,why
compte des,624403,account (bank or user account),"plural of un (“some”, the plural indefinite article)"
la réflexion,624205,feminine of le: the,reflection (in mirror)
un très,623960,"an, a",very
avec qui,623886,with,"who, whom"
la pierre,623768,feminine of le: the,stone (substance)
par lui,623730,through,"him, he, it; the third-person masculine singular personal pronoun used after a preposition, or as the predicate of a linking verb, or when disjoined from a sentence, or as a stressed subject"
qui venait,623728,"who, whom","third-person singular imperfect indicative of venir, was coming, came"
l' animal,623708,"apocopic form of le, la: the",animal
théorie de,623678,theory,from (used to indicate origin)
se trouvaient,623355,abbreviation of sud-est; SE,third-person plural imperfect indicative of trouver
depuis les,623320,since,plural of le: the
hommes qui,623314,plural of homme,"who, whom"
éléments de,623255,plural of élément,from (used to indicate origin)
chacun des,623067,"each, each one","plural of un (“some”, the plural indefinite article)"
relation avec,622646,relation,with
durant la,622354,"during, while",feminine of le: the
la perspective,622299,feminine of le: the,perspective
des risques,622221,"plural of un (“some”, the plural indefinite article)",plural of risque
et sont,622145,and,third-person plural present indicative of être
se laisser,622080,abbreviation of sud-est; SE,"to leave, to leave behind"
de cela,621971,from (used to indicate origin),that
les larmes,621808,plural of le: the,plural of larme
leur propre,621665,(to) them,own
ni les,621505,neither; nor,plural of le: the
de liberté,621421,from (used to indicate origin),"liberty, freedom. 1688, Guy Miège, The Great French Dictionary. ""Qu'y a-t-il de plus doux dans ce monde que la liberté? What is there sweeter in this world than liberty?"""
une simple,621417,"feminine singular of un (“a / an”), the feminine indefinite article",single
mon cher,621315,my (used to qualify masculine nouns and vowel-initial words regardless of gender),"dear, honey, hon"
en disant,621294,"in (used to indicate space, also see usage notes)",present participle of dire
ni le,621221,neither; nor,the (definite article)
la chute,621166,feminine of le: the,fall
vous aurez,621114,the plural personal pronoun in the second person,second-person plural future of avoir
long du,620854,long,"contraction of de + le, literally “of the”"
devant un,620773,"confronted with, faced with","an, a"
aucun doute,620735,"no, none, not any",doubt
en Allemagne,620523,"in (used to indicate space, also see usage notes)",Germany (a country in Central Europe)
a mis,620362,"The first letter of the French alphabet, written in the Latin script.",first/second-person singular past historic of mettre
et alors,620335,and,then (at that time)
le deuxième,620252,the (definite article),second
ainsi de,620121,"in this way, thus",from (used to indicate origin)
le dossier,619595,the (definite article),"back of furniture, to rest the sitter's back on"
se retrouve,619436,abbreviation of sud-est; SE,inflection of retrouver:
à Saint,619318,"A with grave accent, a letter used in French mostly to distinguish some homographs and in transliteration.",a male saint; masculine of sainte
des individus,619131,"plural of un (“some”, the plural indefinite article)",plural of individu
alors à,619045,then (at that time),"A with grave accent, a letter used in French mostly to distinguish some homographs and in transliteration."
des grandes,618977,"plural of un (“some”, the plural indefinite article)",feminine plural of grand
ma femme,618957,abbreviation of meilleur avant (“best before”): BB,woman
partir des,618259,"to share, to share out, to divide","plural of un (“some”, the plural indefinite article)"
sans être,618199,without (not having),to be
de longues,618022,from (used to indicate origin),feminine plural of long
homme à,617932,man (adult male human),"A with grave accent, a letter used in French mostly to distinguish some homographs and in transliteration."
pendant des,617901,present participle of pendre,"plural of un (“some”, the plural indefinite article)"
plus près,617776,used to express the comparative and superlative of a following adjective or adverb,near (a time or a place); close (to a time or a place)
nous les,617758,the plural personal pronoun in the first person:,plural of le: the
l' aspect,617482,"apocopic form of le, la: the",aspect
une ou,617447,"feminine singular of un (“a / an”), the feminine indefinite article",or
est sans,617417,east,without (not having)
l' hypothèse,617245,"apocopic form of le, la: the",hypothesis
un sujet,617101,"an, a",subject
des situations,616968,"plural of un (“some”, the plural indefinite article)",plural of situation
art de,616873,art,from (used to indicate origin)
obligé de,616861,obligated (required),from (used to indicate origin)
le moyen,615971,the (definite article),means
en regardant,615889,"in (used to indicate space, also see usage notes)",present participle of regarder
la masse,615562,feminine of le: the,"a paste, a dough"
ai pas,615197,first-person singular present indicative of avoir,"step, pace, footstep"
si cela,615139,initialism of Système international: SI,that
à croire,615112,"A with grave accent, a letter used in French mostly to distinguish some homographs and in transliteration.",to believe (someone)
aussi l',614858,"too, also, as well","apocopic form of le, la: the"
elle d',614793,she,apocopic form of de: of
essayé de,614721,past participle of essayer,from (used to indicate origin)
un effet,614553,"an, a",effect
sentiment d',614541,"a sentiment, general thought, sense or feeling",apocopic form of de: of
des prix,614489,"plural of un (“some”, the plural indefinite article)",prize
retour de,613909,return,from (used to indicate origin)
pied de,613763,foot,from (used to indicate origin)
à penser,613281,"A with grave accent, a letter used in French mostly to distinguish some homographs and in transliteration.","to think, reflect, concentrate one's mind on something"
ni la,613208,neither; nor,feminine of le: the
pris la,613091,taken,feminine of le: the
ton père,613061,your,father (parent)
nulle part,612841,feminine singular of nul,share
l' accord,612809,"apocopic form of le, la: the",chord
entrée de,612768,"entry, act of entering",from (used to indicate origin)
en quoi,612693,"in (used to indicate space, also see usage notes)",what
apprendre à,612677,to learn,"A with grave accent, a letter used in French mostly to distinguish some homographs and in transliteration."
les animaux,612305,plural of le: the,masculine plural of animal
de côté,612297,from (used to indicate origin),side
est si,612276,east,initialism of Système international: SI
à ton,612174,"A with grave accent, a letter used in French mostly to distinguish some homographs and in transliteration.",your
la nation,611959,feminine of le: the,nation
l' atmosphère,611803,"apocopic form of le, la: the",atmosphere
arriver à,611784,to arrive (often followed by a location),"A with grave accent, a letter used in French mostly to distinguish some homographs and in transliteration."
des acteurs,611605,"plural of un (“some”, the plural indefinite article)",plural of acteur
un service,611596,"an, a",service
jamais de,611161,never,from (used to indicate origin)
la marque,610968,feminine of le: the,mark (spot)
analyse de,610546,analysis,from (used to indicate origin)
à Londres,610354,"A with grave accent, a letter used in French mostly to distinguish some homographs and in transliteration.",London (the capital city of the United Kingdom; the capital city of England)
un bruit,610256,"an, a",a noise
part des,610164,share,"plural of un (“some”, the plural indefinite article)"
d' études,609647,apocopic form of de: of,plural of étude
nécessaire de,609400,necessary,from (used to indicate origin)
encore en,609302,still,"in (used to indicate space, also see usage notes)"
avait besoin,608890,third-person singular imperfect indicative of avoir,need
est arrivé,608305,east,past participle of arriver
compte tenu,608131,account (bank or user account),past participle of tenir
une décision,608101,"feminine singular of un (“a / an”), the feminine indefinite article",decision
une chambre,608098,"feminine singular of un (“a / an”), the feminine indefinite article","a chamber in its various senses, including:"
en soit,607978,"in (used to indicate space, also see usage notes)",third-person singular present subjunctive of être
tout se,607785,all,abbreviation of sud-est; SE
six mois,607541,six,month
le présent,607227,the (definite article),present
de peur,607143,from (used to indicate origin),fear
quant au,606675,only used in quant à,"contraction of à + le, literally “to the, for the, at the”"
un message,606592,"an, a",message
président du,606578,president,"contraction of de + le, literally “of the”"
rapport aux,606375,ratio,Contraction of à + les ('to the' or 'of the')
le garçon,606306,the (definite article),boy
par deux,606288,through,two
du feu,606274,"contraction of de + le, literally “of the”",fire
le courage,606207,the (definite article),courage
le souffle,605790,the (definite article),blowing (act of expelling air from the mouth)
un vieux,605694,"an, a",old
la Société,605389,feminine of le: the,"company, frequentation"
et enfin,605247,and,finally; in the end
nature de,605150,nature,from (used to indicate origin)
soit pas,604823,third-person singular present subjunctive of être,"step, pace, footstep"
sorte d',604622,"sort, kind, type",apocopic form of de: of
une même,604561,"feminine singular of un (“a / an”), the feminine indefinite article",even
ni à,604528,neither; nor,"A with grave accent, a letter used in French mostly to distinguish some homographs and in transliteration."
voir avec,604492,to see (visually),with
l' Université,604464,"apocopic form of le, la: the",university (institution of higher education)
telles que,604374,feminine plural of tel,that (introduces a subordinate noun clause and connects it to its parent clause)
la formule,604142,feminine of le: the,formula
gestion de,603539,administration,from (used to indicate origin)
était d',603491,third-person singular imperfect indicative of être,apocopic form of de: of
eu une,603487,initialism of États-Unis (= United States): a country in North America: US,"feminine singular of un (“a / an”), the feminine indefinite article"
on veut,603376,"one, people, you, someone (an unspecified individual)",third-person singular present indicative of vouloir
avait la,603204,third-person singular imperfect indicative of avoir,feminine of le: the
obligation de,602929,obligation,from (used to indicate origin)
plus belle,602652,used to express the comparative and superlative of a following adjective or adverb,feminine singular of beau
sera pas,602610,third-person singular future indicative of être,"step, pace, footstep"
faute de,602588,"error, mistake",from (used to indicate origin)
sein du,602480,breast (the chest),"contraction of de + le, literally “of the”"
du territoire,602296,"contraction of de + le, literally “of the”",territory
morceau de,602208,"piece, slice, bit, morsel",from (used to indicate origin)
du cœur,602040,"contraction of de + le, literally “of the”",heart (organ)
avoir de,601854,to have; to own; to possess; to get,from (used to indicate origin)
tu en,601547,you (singular),"in (used to indicate space, also see usage notes)"
avoir à,601371,to have; to own; to possess; to get,"A with grave accent, a letter used in French mostly to distinguish some homographs and in transliteration."
venait d',601328,"third-person singular imperfect indicative of venir, was coming, came",apocopic form of de: of
de Rome,601148,from (used to indicate origin),"Rome (a major city, the capital of Italy and the Italian region of Lazio, located on the Tiber River; the ancient capital of the Roman Empire)"
ou pas,600934,or,"step, pace, footstep"
a permis,600808,"The first letter of the French alphabet, written in the Latin script.","permit, licence"
dépit de,600670,scorn,from (used to indicate origin)
plaisir de,600472,pleasure,from (used to indicate origin)
elle doit,600450,she,"third-person singular present indicative of devoir: must, has to"
une valeur,600342,"feminine singular of un (“a / an”), the feminine indefinite article","value, worth"
la poitrine,600295,feminine of le: the,"chest, thorax, torso"
avec nous,600195,with,the plural personal pronoun in the first person:
quand l',600092,when (at what time),"apocopic form of le, la: the"
millions d',599984,plural of million,apocopic form of de: of
été un,599972,summer,"an, a"
la vitesse,599853,feminine of le: the,speed
un silence,599801,"an, a",silence
à quatre,599596,"A with grave accent, a letter used in French mostly to distinguish some homographs and in transliteration.",four
des parties,599541,"plural of un (“some”, the plural indefinite article)",feminine plural of parti
les mesures,599313,plural of le: the,plural of mesure
les nouvelles,599228,plural of le: the,feminine plural of nouveau
le montant,599133,the (definite article),"upwards, climbing"
prendre des,598960,to take,"plural of un (“some”, the plural indefinite article)"
eu la,598711,initialism of États-Unis (= United States): a country in North America: US,feminine of le: the
une politique,598608,"feminine singular of un (“a / an”), the feminine indefinite article",political
lui demanda,598385,"him, he, it; the third-person masculine singular personal pronoun used after a preposition, or as the predicate of a linking verb, or when disjoined from a sentence, or as a stressed subject",third-person singular past historic of demander
au sommet,598218,"contraction of à + le, literally “to the, for the, at the”","summit, peak"
de revenir,597763,from (used to indicate origin),"to come back, to return"
du sol,597758,"contraction of de + le, literally “of the”","soil, earth"
directeur de,597667,director,from (used to indicate origin)
donner à,597585,"to give, to transfer the possession/holding of something to someone else","A with grave accent, a letter used in French mostly to distinguish some homographs and in transliteration."
nécessaire pour,597573,necessary,"for (meant for, intended for)"
rapport avec,597474,ratio,with
avait vu,597384,third-person singular imperfect indicative of avoir,past participle of voir
tel que,597281,such,that (introduces a subordinate noun clause and connects it to its parent clause)
en compagnie,597151,"in (used to indicate space, also see usage notes)",company
était là,596819,third-person singular imperfect indicative of être,referring to physical place
en vertu,596736,"in (used to indicate space, also see usage notes)",virtue
mais avec,596655,"but, although",with
son dos,596628,sound,back (of a person)
Mme de,596605,abbreviation of Madame,from (used to indicate origin)
les risques,596526,plural of le: the,plural of risque
quelque peu,596515,some (singular),little; not very much/many
des actes,596511,"plural of un (“some”, the plural indefinite article)",plural of acte
l' opposition,596404,"apocopic form of le, la: the",opposition
une voiture,596360,"feminine singular of un (“a / an”), the feminine indefinite article",car (wheeled vehicle usually pulled by a horse)
la Russie,596152,feminine of le: the,Russia (a transcontinental country in Eastern Europe and North Asia)
la peinture,595878,feminine of le: the,painting
à autre,595465,"A with grave accent, a letter used in French mostly to distinguish some homographs and in transliteration.",other
ces gens,595439,"masculine/feminine plural of ce: these, those",set of people
eau et,594950,"water, a liquid that is transparent, colorless, odorless, and tasteless in its pure form, the primary constituent of lakes, rivers, seas, and oceans",and
mais quand,594851,"but, although",when (at what time)
preuve de,594640,"evidence, proof",from (used to indicate origin)
en conséquence,594597,"in (used to indicate space, also see usage notes)",consequence
amour de,594111,love,from (used to indicate origin)
route de,594031,"road (sometimes route like ""Route 66"")",from (used to indicate origin)
des textes,593891,"plural of un (“some”, the plural indefinite article)",plural of texte
il avec,593848,he (third-person singular masculine subject pronoun for human subject),with
le seuil,593404,the (definite article),threshold (of a doorway); doorstep
nom d',593301,name,apocopic form of de: of
la participation,593016,feminine of le: the,participation
un lien,592857,"an, a","tie, bond"
mais également,592822,"but, although",equally
début des,592284,"start, beginning","plural of un (“some”, the plural indefinite article)"
un nouvel,592209,"an, a",Form of nouveau (“new”) used before a masculine noun that starts with a vowel sound.
un à,592145,"an, a","A with grave accent, a letter used in French mostly to distinguish some homographs and in transliteration."
ne sommes,591921,abbreviation of nord-est; NE,first-person plural present indicative of être
l' appel,591733,"apocopic form of le, la: the",call
son épaule,591404,sound,shoulder
que mes,591387,that (introduces a subordinate noun clause and connects it to its parent clause),my (when referring to a plural noun)
une étude,591286,"feminine singular of un (“a / an”), the feminine indefinite article",study (act of studying or examining)
que quelques,590952,that (introduces a subordinate noun clause and connects it to its parent clause),plural of quelque (“some”)
se passait,590944,abbreviation of sud-est; SE,third-person singular imperfect indicative of passer
du nom,590782,"contraction of de + le, literally “of the”",name
l' envie,590607,"apocopic form of le, la: the","desire, lust, urge"
services de,590355,plural of service,from (used to indicate origin)
tout seul,590300,all,lonely
un texte,589984,"an, a",text (piece of writing)
de valeur,589610,from (used to indicate origin),"value, worth"
je connais,589592,I,inflection of connaître:
lui demander,589466,"him, he, it; the third-person masculine singular personal pronoun used after a preposition, or as the predicate of a linking verb, or when disjoined from a sentence, or as a stressed subject",to ask
l' indépendance,589305,"apocopic form of le, la: the",independence
et mes,589264,and,my (when referring to a plural noun)
bureau de,589194,desk,from (used to indicate origin)
le programme,589049,the (definite article),a program (set of structured activities)
mais tout,588972,"but, although",all
mains de,588847,plural of main,from (used to indicate origin)
tu dois,588825,you (singular),first/second-person singular present indicative of devoir
tenté de,588795,past participle of tenter,from (used to indicate origin)
d' accueil,588487,apocopic form of de: of,"reception, hospitality"
des difficultés,588430,"plural of un (“some”, the plural indefinite article)",plural of difficulté
les raisons,588251,plural of le: the,plural of raison
sous ses,588216,"below, under","his, her, its, their, one's (when referring to a plural noun)"
en vous,588163,"in (used to indicate space, also see usage notes)",the plural personal pronoun in the second person
il vit,588137,he (third-person singular masculine subject pronoun for human subject),third-person singular past historic of voir
est ainsi,588050,east,"in this way, thus"
qui sera,587989,"who, whom",third-person singular future indicative of être
une espèce,587903,"feminine singular of un (“a / an”), the feminine indefinite article","type, sort, kind"
les images,587734,plural of le: the,plural of image
un exemple,587588,"an, a",example
alors je,587542,then (at that time),I
la critique,587165,feminine of le: the,critical (urgent)
avec mon,587136,with,my (used to qualify masculine nouns and vowel-initial words regardless of gender)
peut faire,587084,third-person singular present indicative of pouvoir,to do
l' as,587029,"apocopic form of le, la: the",ace (card of value 1)
eu de,586947,initialism of États-Unis (= United States): a country in North America: US,from (used to indicate origin)
le troisième,586923,the (definite article),third
exercice de,586854,"exercise, performance",from (used to indicate origin)
mal de,586800,"trouble, difficulty",from (used to indicate origin)
une expérience,586772,"feminine singular of un (“a / an”), the feminine indefinite article","experiment, trial, test"
le fonctionnement,586750,the (definite article),working
capacité à,586596,skill (capacity to do something well),"A with grave accent, a letter used in French mostly to distinguish some homographs and in transliteration."
moyen d',586508,means,apocopic form of de: of
les objets,586462,plural of le: the,plural of objet
sortie de,586394,exit; way out,from (used to indicate origin)
de retrouver,586232,from (used to indicate origin),to find (again); to rediscover
trouver une,586226,"to find; to retrieve something lost, turn up something hidden, or encounter something previously unknown to one","feminine singular of un (“a / an”), the feminine indefinite article"
la disparition,586045,feminine of le: the,disappearance
repose sur,585921,inflection of reposer:,"on, upon"
une approche,585890,"feminine singular of un (“a / an”), the feminine indefinite article",approach
les individus,585700,plural of le: the,plural of individu
moi je,585635,me (first-person singular disjunctive pronoun),I
la terrasse,585632,feminine of le: the,terrace
fait à,584239,fact,"A with grave accent, a letter used in French mostly to distinguish some homographs and in transliteration."
des amis,584190,"plural of un (“some”, the plural indefinite article)",plural of ami
puis la,584036,then; after; next,feminine of le: the
le statut,583949,the (definite article),status
toi et,583898,"you (informal second-person singular personal pronoun, disjunctive)",and
en sa,583763,"in (used to indicate space, also see usage notes)",initialism of société anonyme (Incorporated (Inc.)) (Limited liability company (Ltd.))
a tout,583687,"The first letter of the French alphabet, written in the Latin script.",all
alors de,583606,then (at that time),from (used to indicate origin)
sa petite,583539,initialism of société anonyme (Incorporated (Inc.)) (Limited liability company (Ltd.)),feminine singular of petit
en moins,583501,"in (used to indicate space, also see usage notes)","comparative degree of peu; less, fewer"
du petit,583450,"contraction of de + le, literally “of the”",small
une porte,583321,"feminine singular of un (“a / an”), the feminine indefinite article",door
les paroles,582999,plural of le: the,plural of parole (“words”)
et y,582976,and,"a letter in the French alphabet, after x and before z"
trois fois,582943,three,time (an instance or repetition of something happening)
la tâche,582939,feminine of le: the,task
pas vous,582556,"step, pace, footstep",the plural personal pronoun in the second person
était trop,582406,third-person singular imperfect indicative of être,too; too much
le Grand,582302,the (definite article),big
de tels,582150,from (used to indicate origin),masculine plural of tel
est difficile,582014,east,difficult
un droit,581655,"an, a",right (entitlement)
les villes,581173,plural of le: the,plural of ville
qui devait,581058,"who, whom",third-person singular imperfect indicative of devoir
on parle,580726,"one, people, you, someone (an unspecified individual)",inflection of parler
chance de,580562,chance,from (used to indicate origin)
la doctrine,580248,feminine of le: the,doctrine
le journal,580223,the (definite article),That is relative to each day; journal
y aller,580215,"a letter in the French alphabet, after x and before z",to go
la mode,580135,feminine of le: the,"fashion, trend"
ou sur,579965,or,"on, upon"
Cliquez ici,579853,inflection of cliquer:,here
en voyant,579498,"in (used to indicate space, also see usage notes)",present participle of voir
le commerce,579370,the (definite article),"commerce, trade"
qui veut,579207,"who, whom",third-person singular present indicative of vouloir
le chapitre,579021,the (definite article),chapter
un ordre,578879,"an, a",order (way in which things are arranged)
soit la,578701,third-person singular present subjunctive of être,feminine of le: the
cours du,578588,"stream of water, river","contraction of de + le, literally “of the”"
une force,578444,"feminine singular of un (“a / an”), the feminine indefinite article",force
devant moi,578438,"confronted with, faced with",me (first-person singular disjunctive pronoun)
autour des,578329,around,"plural of un (“some”, the plural indefinite article)"
sait pas,578121,third-person singular present indicative of savoir,"step, pace, footstep"
je trouve,578121,I,inflection of trouver:
prendre une,577874,to take,"feminine singular of un (“a / an”), the feminine indefinite article"
femmes et,577731,plural of femme,and
les circonstances,577239,plural of le: the,plural of circonstance
ma main,577048,abbreviation of meilleur avant (“best before”): BB,hand
existence d',576869,existence,apocopic form of de: of
ne leur,576691,abbreviation of nord-est; NE,(to) them
le changement,576674,the (definite article),change
monde entier,576572,world,whole
de mots,576144,from (used to indicate origin),plural of mot
d' entreprise,575946,apocopic form of de: of,"company, business"
pourquoi il,575787,why,he (third-person singular masculine subject pronoun for human subject)
que celles,575575,that (introduces a subordinate noun clause and connects it to its parent clause),feminine plural of celui: those
construction de,575496,construction,from (used to indicate origin)
les eaux,575245,plural of le: the,plural of eau
à distance,574861,"A with grave accent, a letter used in French mostly to distinguish some homographs and in transliteration.",distance (literal physical distance)
d' honneur,574832,apocopic form of de: of,honor
encore la,574805,still,feminine of le: the
soumis à,574802,past participle of soumettre,"A with grave accent, a letter used in French mostly to distinguish some homographs and in transliteration."
alors le,574794,then (at that time),the (definite article)
la boîte,574721,feminine of le: the,box (a container)
la démarche,574350,feminine of le: the,"gait, walk"
compagnie de,574218,company,from (used to indicate origin)
à proximité,574118,"A with grave accent, a letter used in French mostly to distinguish some homographs and in transliteration.",proximity
importance de,573898,importance,from (used to indicate origin)
était toujours,573787,third-person singular imperfect indicative of être,always
sa maison,573689,initialism of société anonyme (Incorporated (Inc.)) (Limited liability company (Ltd.)),house
mot de,573664,word,from (used to indicate origin)
elle savait,573641,she,third-person singular imperfect indicative of savoir
à voix,573477,"A with grave accent, a letter used in French mostly to distinguish some homographs and in transliteration.",voice
jamais vu,573308,never,past participle of voir
se serait,573227,abbreviation of sud-est; SE,third-person singular conditional of être
des liens,573125,"plural of un (“some”, the plural indefinite article)",plural of lien
de vente,572920,from (used to indicate origin),sale
les livres,572833,plural of le: the,plural of livre
la face,572747,feminine of le: the,face
la réforme,572705,feminine of le: the,reform (change)
en commun,572574,"in (used to indicate space, also see usage notes)",common (shared)
une vieille,572573,"feminine singular of un (“a / an”), the feminine indefinite article",feminine singular of vieux
qui te,572293,"who, whom",you
espace de,572176,space,from (used to indicate origin)
les pratiques,572157,plural of le: the,plural of pratique
vis de,572053,screw (metal fastener),from (used to indicate origin)
ces trois,572023,"masculine/feminine plural of ce: these, those",three
l' évaluation,571920,"apocopic form of le, la: the",assessment
on me,571884,"one, people, you, someone (an unspecified individual)",me (direct object)
était l',571688,third-person singular imperfect indicative of être,"apocopic form of le, la: the"
du personnel,571514,"contraction of de + le, literally “of the”",personal
ainsi le,571497,"in this way, thus",the (definite article)
à vos,571258,"A with grave accent, a letter used in French mostly to distinguish some homographs and in transliteration.",plural of votre; your (plural or formal you)
la compagnie,571092,feminine of le: the,company
un type,570900,"an, a","type; sort, kind"
tu crois,570891,you (singular),inflection of croire:
de grande,570826,from (used to indicate origin),feminine singular of grand
une forte,570662,"feminine singular of un (“a / an”), the feminine indefinite article",feminine singular of fort
dès la,570648,"from […] onward; starting from; as early as, as soon as",feminine of le: the
les difficultés,570533,plural of le: the,plural of difficulté
ainsi la,570475,"in this way, thus",feminine of le: the
savoir ce,570425,to know (something),EC (European Community)
bien et,570266,"good, all right, great",and
son sac,570200,sound,"bag, sack"
au temps,570198,"contraction of à + le, literally “to the, for the, at the”",time (in general)
enfants et,569889,plural of enfant,and
des milliers,569814,"plural of un (“some”, the plural indefinite article)",plural of millier; thousands
le parc,569717,the (definite article),park
les soldats,569361,plural of le: the,plural of soldat
que certains,569266,that (introduces a subordinate noun clause and connects it to its parent clause),plural of certain
dit de,569173,"a sentence, saying or maxim",from (used to indicate origin)
passant par,568589,passer-by,through
vous serez,568394,the plural personal pronoun in the second person,second-person plural future indicative of être
le théâtre,568360,the (definite article),theatre (venue for performing plays and drama; performing art form)
son premier,568272,sound,first
du coup,568074,"contraction of de + le, literally “of the”","blow, hit, strike"
elle devait,567909,she,third-person singular imperfect indicative of devoir
prit la,567593,third-person singular past historic of prendre,feminine of le: the
dans d',567510,"in, inside (enclosed in a physical space, a group, a state)",apocopic form of de: of
en état,567413,"in (used to indicate space, also see usage notes)","state, condition"
pris en,567360,taken,"in (used to indicate space, also see usage notes)"
l' aube,567303,"apocopic form of le, la: the","dawn, sunrise, daybreak"
confiance en,567105,confidence,"in (used to indicate space, also see usage notes)"
expérience de,566987,"experiment, trial, test",from (used to indicate origin)
le numéro,566982,the (definite article),number
l' assemblée,566954,"apocopic form of le, la: the",assembly
la planète,566874,feminine of le: the,planet
de services,566866,from (used to indicate origin),plural of service
plus proche,566728,used to express the comparative and superlative of a following adjective or adverb,"close, near, closeby, nearby (to a place)"
à donner,566685,"A with grave accent, a letter used in French mostly to distinguish some homographs and in transliteration.","to give, to transfer the possession/holding of something to someone else"
cette affaire,566507,feminine singular of ce,business; matter; affair
est devenue,566248,east,feminine singular of devenu
la nourriture,566233,feminine of le: the,"food, nourishment"
recherche d',566218,research,apocopic form of de: of
homme est,566191,man (adult male human),east
le patient,566026,the (definite article),patient
et est,565897,and,east
en être,565704,"in (used to indicate space, also see usage notes)",to be
du soir,565509,"contraction of de + le, literally “of the”",evening
odeur de,565428,"smell, odour",from (used to indicate origin)
quelle est,565083,feminine singular of quel:,east
le téléphone,564765,the (definite article),telephone
le film,564628,the (definite article),"movie, film"
la machine,564488,feminine of le: the,"machine, device"
l' épreuve,564377,"apocopic form of le, la: the",test
son âme,564207,sound,soul
elle avec,563822,she,with
cadre d',563817,frame (of a door or picture),apocopic form of de: of
la faire,563802,feminine of le: the,to do
en main,563743,"in (used to indicate space, also see usage notes)",hand
Editions Page,563665,,"page (of a book, etc.)"
car ils,563455,"as, since, because, for",they (male or mixed group)
la limite,563126,feminine of le: the,limit
bruit de,563103,a noise,from (used to indicate origin)
ne rien,563080,abbreviation of nord-est; NE,nothing
de fois,563076,from (used to indicate origin),time (an instance or repetition of something happening)
d' air,562877,apocopic form of de: of,air (gases of the atmosphere)
elle la,562763,she,feminine of le: the
mètres de,562744,plural of mètre,from (used to indicate origin)
les besoins,562603,plural of le: the,plural of besoin
mesure que,562332,measure,that (introduces a subordinate noun clause and connects it to its parent clause)
accord avec,562262,chord,with
au cas,562115,"contraction of à + le, literally “to the, for the, at the”","case, situation"
a commencé,562003,"The first letter of the French alphabet, written in the Latin script.",past participle of commencer
production de,561907,production,from (used to indicate origin)
respect de,561868,respect,from (used to indicate origin)
rendre à,561861,to give back,"A with grave accent, a letter used in French mostly to distinguish some homographs and in transliteration."
qui donne,561736,"who, whom",inflection of donner:
des premiers,561723,"plural of un (“some”, the plural indefinite article)",masculine plural of premier
création d',561607,creation,apocopic form of de: of
comte de,561469,"count, earl",from (used to indicate origin)
sociale et,561296,feminine singular of social,and
sept ans,560924,seven,plural of an
rien que,560723,nothing,that (introduces a subordinate noun clause and connects it to its parent clause)
que rien,560578,that (introduces a subordinate noun clause and connects it to its parent clause),nothing
ne savais,560445,abbreviation of nord-est; NE,first/second-person singular imperfect indicative of savoir
tu fais,560435,you (singular),inflection of faire:
par leurs,560165,through,plural of leur: their (used before a plural noun)
poste de,559954,post office,from (used to indicate origin)
direction du,559556,direction,"contraction of de + le, literally “of the”"
un soupir,559542,"an, a",sigh
les dents,559008,plural of le: the,plural of dent
au moyen,558979,"contraction of à + le, literally “to the, for the, at the”",means
pas possible,558876,"step, pace, footstep",possible
tout va,558606,all,"""version anglaise"" — English-language version (EV); a film dubbed in English"
dit la,558591,"a sentence, saying or maxim",feminine of le: the
taux d',558578,"rate, level",apocopic form of de: of
les points,558393,plural of le: the,plural of point
l' adresse,558333,"apocopic form of le, la: the",direction
je croyais,558170,I,first/second-person singular imperfect indicative of croire
des comptes,557916,"plural of un (“some”, the plural indefinite article)",plural of compte
pour ceux,557891,"for (meant for, intended for)",masculine plural of celui: those
statut de,557701,status,from (used to indicate origin)
sans aucun,557677,without (not having),"no, none, not any"
la somme,557666,feminine of le: the,"Somme (a department of Hauts-de-France, France)"
les dispositions,557553,plural of le: the,plural of disposition
son épouse,557510,sound,"female spouse, wife"
plusieurs reprises,557489,"several, many, a lot",plural of reprise
l' apparition,557270,"apocopic form of le, la: the",appearance
le conseil,557168,the (definite article),piece of advice
en principe,556957,"in (used to indicate space, also see usage notes)",principle
toute cette,556637,feminine singular of tout,feminine singular of ce
du régime,556617,"contraction of de + le, literally “of the”",regime
concept de,556272,concept,from (used to indicate origin)
Dieu et,556206,"a god, male divinity",and
en colère,556198,"in (used to indicate space, also see usage notes)","anger, rage"
l' égalité,556194,"apocopic form of le, la: the",equality
air d',556177,air (gases of the atmosphere),apocopic form of de: of
l' aurait,556164,"apocopic form of le, la: the",third-person singular conditional of avoir
plus encore,556051,used to express the comparative and superlative of a following adjective or adverb,still
protection de,556013,protection,from (used to indicate origin)
l' examen,555841,"apocopic form of le, la: the","examination, inspection, study, analysis"
l' efficacité,555711,"apocopic form of le, la: the","efficiency, effectiveness"
fois dans,555662,time (an instance or repetition of something happening),"in, inside (enclosed in a physical space, a group, a state)"
réponse à,555396,"response, answer, reply (a communication)","A with grave accent, a letter used in French mostly to distinguish some homographs and in transliteration."
huit ans,555376,eight,plural of an
une dernière,555322,"feminine singular of un (“a / an”), the feminine indefinite article",feminine singular of dernier
attention à,555279,attention (mental focus),"A with grave accent, a letter used in French mostly to distinguish some homographs and in transliteration."
considérée comme,555009,feminine singular of considéré,"as (in the role of, by way of)"
des matières,554984,"plural of un (“some”, the plural indefinite article)",plural of matière
la ferme,554916,feminine of le: the,firm
son rôle,554815,sound,role
sa poche,554809,initialism of société anonyme (Incorporated (Inc.)) (Limited liability company (Ltd.)),pocket (part of the clothing)
décision de,554309,decision,from (used to indicate origin)
me voir,554228,me (direct object),to see (visually)
la gloire,554191,feminine of le: the,glory
quatre ans,553789,four,plural of an
sont aussi,553775,third-person plural present indicative of être,"too, also, as well"
d' appel,553475,apocopic form of de: of,call
des temps,553353,"plural of un (“some”, the plural indefinite article)",time (in general)
ne pourra,553058,abbreviation of nord-est; NE,third-person singular future of pouvoir
avoir fait,552905,to have; to own; to possess; to get,fact
un contexte,552825,"an, a",context
suis un,552789,first-person singular present indicative of être,"an, a"
du sens,552776,"contraction of de + le, literally “of the”","meaning, sense"
chez eux,552680,"to, at, in or into the place of",disjunctive form of ils; them
on la,552652,"one, people, you, someone (an unspecified individual)",feminine of le: the
le succès,552636,the (definite article),success
se font,552610,abbreviation of sud-est; SE,third-person plural present indicative of faire
la bibliothèque,552556,feminine of le: the,library
toi qui,552550,"you (informal second-person singular personal pronoun, disjunctive)","who, whom"
on retrouve,552526,"one, people, you, someone (an unspecified individual)",inflection of retrouver:
d' agir,552517,apocopic form of de: of,"to act, to do (something)"
du père,552469,"contraction of de + le, literally “of the”",father (parent)
le message,552363,the (definite article),message
de reprendre,552226,from (used to indicate origin),"to take back, recover, regain"
devant elle,552148,"confronted with, faced with",she
être l',552136,to be,"apocopic form of le, la: the"
capables de,551699,plural of capable,from (used to indicate origin)
fonction des,551127,function (what something does or is used for),"plural of un (“some”, the plural indefinite article)"
pas question,551099,"step, pace, footstep",question (interrogation by torture)
tente de,550939,tent,from (used to indicate origin)
une vraie,550909,"feminine singular of un (“a / an”), the feminine indefinite article",feminine singular of vrai
la circulation,550856,feminine of le: the,circulation (act of moving in a circular shape)
avec d',550588,with,apocopic form of de: of
sans un,550560,without (not having),"an, a"
va se,550366,"""version anglaise"" — English-language version (EV); a film dubbed in English",abbreviation of sud-est; SE
celui que,550307,the one,that (introduces a subordinate noun clause and connects it to its parent clause)
d' elles,550172,apocopic form of de: of,they (female)
raison pour,550144,reason (cause),"for (meant for, intended for)"
autre de,550083,other,from (used to indicate origin)
de couleur,550042,from (used to indicate origin),color/colour
il pouvait,549910,he (third-person singular masculine subject pronoun for human subject),third-person singular imperfect indicative of pouvoir
son cou,549877,sound,neck
son grand,549837,sound,big
pas même,549602,"step, pace, footstep",even
ne pouvaient,549384,abbreviation of nord-est; NE,third-person plural imperfect indicative of pouvoir
sans l',549107,without (not having),"apocopic form of le, la: the"
l' Angleterre,548958,"apocopic form of le, la: the",England (a constituent country of the United Kingdom)
du nombre,548925,"contraction of de + le, literally “of the”",number
plus grands,548826,used to express the comparative and superlative of a following adjective or adverb,masculine plural of grand
l' attitude,548612,"apocopic form of le, la: the","attitude, position"
un soir,548496,"an, a",evening
doit se,548356,"third-person singular present indicative of devoir: must, has to",abbreviation of sud-est; SE
une expression,548348,"feminine singular of un (“a / an”), the feminine indefinite article",expression
place des,548261,"place, square, plaza, piazza","plural of un (“some”, the plural indefinite article)"
un contrat,548227,"an, a",contract
alors il,548051,then (at that time),he (third-person singular masculine subject pronoun for human subject)
cela se,547955,that,abbreviation of sud-est; SE
à moitié,547815,"A with grave accent, a letter used in French mostly to distinguish some homographs and in transliteration.",half
avait bien,547742,third-person singular imperfect indicative of avoir,"good, all right, great"
la perception,547640,feminine of le: the,perception
je serais,547619,I,first/second-person singular conditional of être
en valeur,547476,"in (used to indicate space, also see usage notes)","value, worth"
des élèves,547293,"plural of un (“some”, the plural indefinite article)",second-person singular present indicative/subjunctive of élever
du secteur,547191,"contraction of de + le, literally “of the”","circular sector (part of a circle, extending to the center)"
cela me,546968,that,me (direct object)
la difficulté,546688,feminine of le: the,difficulty
des livres,546523,"plural of un (“some”, the plural indefinite article)",plural of livre
l' accueil,546280,"apocopic form of le, la: the","reception, hospitality"
du langage,546278,"contraction of de + le, literally “of the”",language: word choice and usage
au travers,546202,"contraction of à + le, literally “to the, for the, at the”",outside (the external part of)
une minute,545896,"feminine singular of un (“a / an”), the feminine indefinite article","minute (etymology 1, time unit, all same senses)"
parlé de,545823,past participle of parler,from (used to indicate origin)
des projets,545743,"plural of un (“some”, the plural indefinite article)",plural of projet
courant de,545615,present participle of courir,from (used to indicate origin)
d' apprendre,545593,apocopic form of de: of,to learn
d' activité,545363,apocopic form of de: of,"activity (something to do for educational, recreational, or other purposes)"
tas de,545202,"heap, pile, a great many",from (used to indicate origin)
te faire,545189,you,to do
le train,544977,the (definite article),train (rail mounted vehicle)
le port,544870,the (definite article),"port, harbour"
pas envie,544740,"step, pace, footstep","desire, lust, urge"
tout était,544534,all,third-person singular imperfect indicative of être
ne comprends,544398,abbreviation of nord-est; NE,first-person singular present indicative of comprendre
de six,544167,from (used to indicate origin),six
de soleil,543998,from (used to indicate origin),sun (star)
vous et,543961,the plural personal pronoun in the second person,and
à Rome,543865,"A with grave accent, a letter used in French mostly to distinguish some homographs and in transliteration.","Rome (a major city, the capital of Italy and the Italian region of Lazio, located on the Tiber River; the ancient capital of the Roman Empire)"
l' enfance,543797,"apocopic form of le, la: the",childhood
des institutions,543790,"plural of un (“some”, the plural indefinite article)",plural of institution
à chacun,543151,"A with grave accent, a letter used in French mostly to distinguish some homographs and in transliteration.","each, each one"
place du,543145,"place, square, plaza, piazza","contraction of de + le, literally “of the”"
la sensation,543030,feminine of le: the,sensation
le bas,542888,the (definite article),low
même d',542877,even,apocopic form of de: of
en Italie,542877,"in (used to indicate space, also see usage notes)",Italy (a country in Southern Europe)
pendant une,542792,present participle of pendre,"feminine singular of un (“a / an”), the feminine indefinite article"
l' aider,542507,"apocopic form of le, la: the",to help; to aid
en riant,542486,"in (used to indicate space, also see usage notes)",present participle of rire
un jeu,542469,"an, a",game (activity performed for amusement)
les traits,542453,plural of le: the,plural of trait
ne voulais,542087,abbreviation of nord-est; NE,first/second-person singular imperfect indicative of vouloir
pour comprendre,542029,"for (meant for, intended for)","to understand, comprehend"
référence à,541808,reference,"A with grave accent, a letter used in French mostly to distinguish some homographs and in transliteration."
trois mois,541803,three,month
moitié de,541753,half,from (used to indicate origin)
la personnalité,541748,feminine of le: the,"personality, character (set of non-physical psychological and social qualities that make one person distinct from another)"
des êtres,541726,"plural of un (“some”, the plural indefinite article)",plural of être
l' événement,541700,"apocopic form of le, la: the",event
guerre de,541672,war,from (used to indicate origin)
y sont,541611,"a letter in the French alphabet, after x and before z",third-person plural present indicative of être
être aussi,541563,to be,"too, also, as well"
visant à,541266,present participle of viser,"A with grave accent, a letter used in French mostly to distinguish some homographs and in transliteration."
à personne,541254,"A with grave accent, a letter used in French mostly to distinguish some homographs and in transliteration.",person
une salle,541216,"feminine singular of un (“a / an”), the feminine indefinite article",hall
encore moins,541167,still,"comparative degree of peu; less, fewer"
cette année,540992,feminine singular of ce,year (period)
plus facile,540919,used to express the comparative and superlative of a following adjective or adverb,"easy, simple"
de connaître,540844,from (used to indicate origin),"to know (of), to be familiar with (a person, place, fact, event)"
le recours,540831,the (definite article),"recourse, resort, way out"
une carte,540647,"feminine singular of un (“a / an”), the feminine indefinite article",card
le professeur,540414,the (definite article),teacher
ma chambre,540330,abbreviation of meilleur avant (“best before”): BB,"a chamber in its various senses, including:"
le sourire,540177,the (definite article),to smile
son œuvre,540140,sound,"work, book, piece"
position de,539826,position,from (used to indicate origin)
haussa les,539734,third-person singular past historic of hausser,plural of le: the
mais bien,539605,"but, although","good, all right, great"
côté d',539376,side,apocopic form of de: of
des politiques,539348,"plural of un (“some”, the plural indefinite article)",plural of politique
pour mettre,539298,"for (meant for, intended for)",to put; to place
ce même,539177,EC (European Community),even
la saison,539083,feminine of le: the,"season (one of the four parts of the year in temperate regions: winter, spring, summer and autumn)"
a priori,538927,"The first letter of the French alphabet, written in the Latin script.",
mais surtout,538840,"but, although",above all
l' offre,538723,"apocopic form of le, la: the",offer
sont le,538585,third-person plural present indicative of être,the (definite article)
ses épaules,538524,"his, her, its, their, one's (when referring to a plural noun)",plural of épaule
seulement de,538415,only,from (used to indicate origin)
si cette,538404,initialism of Système international: SI,feminine singular of ce
intérêt de,538217,interest (great attention and concern from someone),from (used to indicate origin)
comme tu,538080,"as (in the role of, by way of)",you (singular)
par tous,538066,through,all
la jurisprudence,538005,feminine of le: the,case law
vous étiez,537887,the plural personal pronoun in the second person,second-person plural imperfect indicative of être
du conseil,537860,"contraction of de + le, literally “of the”",piece of advice
la marche,537856,feminine of le: the,Marche (a department of France)
ou plus,537719,or,used to express the comparative and superlative of a following adjective or adverb
se rendit,537677,abbreviation of sud-est; SE,third-person singular past historic of rendre
puis se,537667,then; after; next,abbreviation of sud-est; SE
sont souvent,537649,third-person plural present indicative of être,often
ci est,537583,alternative form of ici (“here”),east
qui vont,537511,"who, whom",third-person plural present indicative of aller
sont d',537387,third-person plural present indicative of être,apocopic form of de: of
cesse de,537382,end,from (used to indicate origin)
liés à,537237,masculine plural of lié,"A with grave accent, a letter used in French mostly to distinguish some homographs and in transliteration."
a d',536963,"The first letter of the French alphabet, written in the Latin script.",apocopic form of de: of
une journée,536947,"feminine singular of un (“a / an”), the feminine indefinite article",day
les actes,536873,plural of le: the,plural of acte
des cours,536696,"plural of un (“some”, the plural indefinite article)","stream of water, river"
en Angleterre,536608,"in (used to indicate space, also see usage notes)",England (a constituent country of the United Kingdom)
des animaux,536373,"plural of un (“some”, the plural indefinite article)",masculine plural of animal
les actions,536357,plural of le: the,plural of action
l' Histoire,536353,"apocopic form of le, la: the",story
jeunes gens,536120,plural of jeune,set of people
ce mot,535768,EC (European Community),word
cette ville,535601,feminine singular of ce,"town, city"
problèmes de,535432,plural of problème,from (used to indicate origin)
toujours la,535323,always,feminine of le: the
la passion,535301,feminine of le: the,"Passion, suffering"
les ressources,535205,plural of le: the,plural of ressource
reste du,535205,"rest, remainder","contraction of de + le, literally “of the”"
évolution de,534698,evolution,from (used to indicate origin)
se lève,534660,abbreviation of sud-est; SE,inflection of lever:
une œuvre,534402,"feminine singular of un (“a / an”), the feminine indefinite article","work, book, piece"
usage de,534401,"usage, use",from (used to indicate origin)
étant donné,534383,present participle of être,"affordable, cheap"
ceux que,534234,masculine plural of celui: those,that (introduces a subordinate noun clause and connects it to its parent clause)
à bout,534148,"A with grave accent, a letter used in French mostly to distinguish some homographs and in transliteration.","end, extremity, tip (of a physical object)"
des opérations,533754,"plural of un (“some”, the plural indefinite article)",plural of opération
les prix,533700,plural of le: the,prize
un caractère,533691,"an, a",character (written symbol)
main dans,533664,hand,"in, inside (enclosed in a physical space, a group, a state)"
avons vu,533648,first-person plural present indicative of avoir,past participle of voir
donc un,533565,"therefore, consequently; thus","an, a"
pas aussi,533491,"step, pace, footstep","too, also, as well"
utilisation de,533403,"purpose, use, utilisation",from (used to indicate origin)
ne faisait,532670,abbreviation of nord-est; NE,third-person singular imperfect indicative of faire
puis je,532612,then; after; next,I
la technique,532605,feminine of le: the,technical
du jeune,532525,"contraction of de + le, literally “of the”",young
du président,532431,"contraction of de + le, literally “of the”",president
d' accès,531869,apocopic form of de: of,access
la morale,531830,feminine of le: the,"ethics, morality"
je leur,531759,I,(to) them
eau de,531674,"water, a liquid that is transparent, colorless, odorless, and tasteless in its pure form, the primary constituent of lakes, rivers, seas, and oceans",from (used to indicate origin)
est important,531420,east,important
eu lieu,531411,initialism of États-Unis (= United States): a country in North America: US,place
la stratégie,531408,feminine of le: the,strategy
le contraire,531402,the (definite article),opposite
de saint,530903,from (used to indicate origin),a male saint; masculine of sainte
en sorte,530613,"in (used to indicate space, also see usage notes)","sort, kind, type"
risque d',530578,risk,apocopic form of de: of
vous les,530577,the plural personal pronoun in the second person,plural of le: the
dès l',530463,"from […] onward; starting from; as early as, as soon as","apocopic form of le, la: the"
l' interprétation,530401,"apocopic form of le, la: the","interpretation, rendition"
on vous,530135,"one, people, you, someone (an unspecified individual)",the plural personal pronoun in the second person
pour savoir,530110,"for (meant for, intended for)",to know (something)
celle que,530031,feminine singular of celui,that (introduces a subordinate noun clause and connects it to its parent clause)
le signe,529919,the (definite article),sign (indicator; indication; mathematical polarity)
l' effort,529816,"apocopic form of le, la: the",effort
du mois,529508,"contraction of de + le, literally “of the”",month
de lire,529420,from (used to indicate origin),to read
le parti,529377,the (definite article),"divided into two equal parts vertically, per pale; said of an escutcheon"
la haine,529373,feminine of le: the,hatred; hate
les liens,529345,plural of le: the,plural of lien
dire la,529340,"to say, to tell (to express through speech)",feminine of le: the
par hasard,529256,through,(random) chance
des jours,529250,"plural of un (“some”, the plural indefinite article)",plural of jour (“day”)
grâce aux,529015,"grace, charm",Contraction of à + les ('to the' or 'of the')
effets de,528733,plural of effet,from (used to indicate origin)
je prends,528634,I,inflection of prendre:
prêts à,528305,masculine plural of prêt,"A with grave accent, a letter used in French mostly to distinguish some homographs and in transliteration."
en grande,528302,"in (used to indicate space, also see usage notes)",feminine singular of grand
des siècles,528159,"plural of un (“some”, the plural indefinite article)",plural of siècle
se pose,528048,abbreviation of sud-est; SE,"installation, the act of laying, putting down (e.g. a building element)"
car l',527959,"as, since, because, for","apocopic form of le, la: the"
se retrouver,527834,abbreviation of sud-est; SE,to find (again); to rediscover
du commerce,527778,"contraction of de + le, literally “of the”","commerce, trade"
le produit,527719,the (definite article),past participle of produire
à condition,527651,"A with grave accent, a letter used in French mostly to distinguish some homographs and in transliteration.","term, condition"
les petites,527506,plural of le: the,feminine plural of petit
derrière les,527459,behind,plural of le: the
soit à,527424,third-person singular present subjunctive of être,"A with grave accent, a letter used in French mostly to distinguish some homographs and in transliteration."
a rien,527366,"The first letter of the French alphabet, written in the Latin script.",nothing
équipe de,527309,team,from (used to indicate origin)
moitié du,527179,half,"contraction of de + le, literally “of the”"
même une,527169,even,"feminine singular of un (“a / an”), the feminine indefinite article"
société de,527154,"company, frequentation",from (used to indicate origin)
ainsi à,527067,"in this way, thus","A with grave accent, a letter used in French mostly to distinguish some homographs and in transliteration."
le paysage,526958,the (definite article),countryside
action de,526912,"action, act, deed",from (used to indicate origin)
histoire et,526904,story,and
se faisait,526808,abbreviation of sud-est; SE,third-person singular imperfect indicative of faire
vient d',526670,third-person singular present indicative of venir,apocopic form of de: of
son existence,526665,sound,existence
l' Italie,526557,"apocopic form of le, la: the",Italy (a country in Southern Europe)
aide à,526527,"help, support","A with grave accent, a letter used in French mostly to distinguish some homographs and in transliteration."
pendant ce,526516,present participle of pendre,EC (European Community)
dessus du,526205,on (it),"contraction of de + le, literally “of the”"
pris le,525957,taken,the (definite article)
type d',525839,"type; sort, kind",apocopic form of de: of
ça se,525741,that (distal demonstrative pronoun),abbreviation of sud-est; SE
du château,525513,"contraction of de + le, literally “of the”",castle (fortified building or similar structure; winegrower's estate)
l' Homme,525401,"apocopic form of le, la: the",man (adult male human)
pour chaque,525369,"for (meant for, intended for)",each
les mouvements,525260,plural of le: the,plural of mouvement
sans rien,524942,without (not having),nothing
du mardi,524937,"contraction of de + le, literally “of the”",Tuesday
pleine de,524794,feminine singular of plein,from (used to indicate origin)
pour rien,524782,"for (meant for, intended for)",nothing
possibilité d',524759,possibility,apocopic form of de: of
ce nom,524744,EC (European Community),name
d' écrire,524658,apocopic form of de: of,to write
lié à,524597,past participle of lier,"A with grave accent, a letter used in French mostly to distinguish some homographs and in transliteration."
plus longtemps,524558,used to express the comparative and superlative of a following adjective or adverb,for a long time; over a long period
pas beaucoup,524510,"step, pace, footstep","much, very much, a lot"
les termes,524485,plural of le: the,plural of terme
les chambres,524432,plural of le: the,plural of chambre
avec leur,524388,with,(to) them
le comportement,524379,the (definite article),"behaviour/behavior, demeanour/demeanor"
cessé de,524353,past participle of cesser,from (used to indicate origin)
son histoire,524295,sound,story
convient de,524293,third-person singular present indicative of convenir,from (used to indicate origin)
les groupes,524240,plural of le: the,plural of groupe
contre son,524012,against (in physical contact with),sound
le Seigneur,523989,the (definite article),"lord (aristocrat, man of high rank)"
en permanence,523976,"in (used to indicate space, also see usage notes)",permanence (state of being permanent)
la grâce,523847,feminine of le: the,"grace, charm"
toujours plus,523705,always,used to express the comparative and superlative of a following adjective or adverb
hors du,523646,"outside, out of, off","contraction of de + le, literally “of the”"
une analyse,523537,"feminine singular of un (“a / an”), the feminine indefinite article",analysis
de transport,523463,from (used to indicate origin),transport
je fus,523403,I,first/second-person singular past historic of être
donc la,523288,"therefore, consequently; thus",feminine of le: the
en d',523268,"in (used to indicate space, also see usage notes)",apocopic form of de: of
deux mois,523253,two,month
parler à,523119,"to speak, talk","A with grave accent, a letter used in French mostly to distinguish some homographs and in transliteration."
facile de,523096,"easy, simple",from (used to indicate origin)
nature et,522692,nature,and
servir de,522617,to serve (to help in a shop; to bring a meal to someone),from (used to indicate origin)
devant une,522545,"confronted with, faced with","feminine singular of un (“a / an”), the feminine indefinite article"
poussa un,522538,third-person singular past historic of pousser,"an, a"
donc une,522530,"therefore, consequently; thus","feminine singular of un (“a / an”), the feminine indefinite article"
ne devait,522333,abbreviation of nord-est; NE,third-person singular imperfect indicative of devoir
et parfois,522284,and,sometimes
niveau des,522284,level (general),"plural of un (“some”, the plural indefinite article)"
du fond,522259,"contraction of de + le, literally “of the”",back
un chemin,522245,"an, a","path, way, road"
le voyage,522101,the (definite article),"trip, journey, voyage"
a deux,522083,"The first letter of the French alphabet, written in the Latin script.",two
l' Esprit,522006,"apocopic form of le, la: the",immaterial or incorporeal substance
avoir le,521848,to have; to own; to possess; to get,the (definite article)
de haut,521848,from (used to indicate origin),high
trouve dans,521843,inflection of trouver:,"in, inside (enclosed in a physical space, a group, a state)"
se trouver,521803,abbreviation of sud-est; SE,"to find; to retrieve something lost, turn up something hidden, or encounter something previously unknown to one"
l' exploitation,521802,"apocopic form of le, la: the",exploitation
des systèmes,521691,"plural of un (“some”, the plural indefinite article)",plural of système
et ainsi,521261,and,"in this way, thus"
à jamais,521251,"A with grave accent, a letter used in French mostly to distinguish some homographs and in transliteration.",never
en anglais,521178,"in (used to indicate space, also see usage notes)",English
trente ans,521141,thirty,plural of an
à y,520986,"A with grave accent, a letter used in French mostly to distinguish some homographs and in transliteration.","a letter in the French alphabet, after x and before z"
qui serait,520875,"who, whom",third-person singular conditional of être
de suivre,520853,from (used to indicate origin),to follow (literal sense)
la Bible,520797,feminine of le: the,bible (comprehensive text)
jours plus,520664,plural of jour (“day”),used to express the comparative and superlative of a following adjective or adverb
de perdre,520408,from (used to indicate origin),to lose (be unable to find)
de fleurs,520267,from (used to indicate origin),plural of fleur
modes de,520256,plural of mode,from (used to indicate origin)
son attention,520246,sound,attention (mental focus)
fil des,520137,"yarn, thread, wire","plural of un (“some”, the plural indefinite article)"
vous voyez,520105,the plural personal pronoun in the second person,inflection of voir:
du haut,520075,"contraction of de + le, literally “of the”",high
comprendre que,519993,"to understand, comprehend",that (introduces a subordinate noun clause and connects it to its parent clause)
puis de,519939,then; after; next,from (used to indicate origin)
fur et,519786,"only used in au fur et à mesure (“gradually, as you go along”)",and
ville et,519343,"town, city",and
la richesse,519264,feminine of le: the,wealth
vois pas,519094,inflection of voir:,"step, pace, footstep"
du chef,518994,"contraction of de + le, literally “of the”",head
pas grand,518845,"step, pace, footstep",big
soit en,518778,third-person singular present subjunctive of être,"in (used to indicate space, also see usage notes)"
de gauche,518665,from (used to indicate origin),left
sort de,518541,"fate, destiny (consequences or effects predetermined by past events or a divine will)",from (used to indicate origin)
les dernières,518517,plural of le: the,feminine plural of dernier
en parler,518487,"in (used to indicate space, also see usage notes)","to speak, talk"
fin d',518487,"end, close, finish",apocopic form of de: of
au développement,518330,"contraction of à + le, literally “to the, for the, at the”",development
l' artiste,518146,"apocopic form of le, la: the",artist
quantité de,518138,quantity,from (used to indicate origin)
la compréhension,518121,feminine of le: the,"comprehension, understanding"
et faire,517821,and,to do
concernant les,517679,"concerning, regarding",plural of le: the
comme moi,517594,"as (in the role of, by way of)",me (first-person singular disjunctive pronoun)
côté des,517551,side,"plural of un (“some”, the plural indefinite article)"
en contact,517296,"in (used to indicate space, also see usage notes)",contact; contact (with another person)
de musique,517290,from (used to indicate origin),music
qui sait,516949,"who, whom",third-person singular present indicative of savoir
bien en,516784,"good, all right, great","in (used to indicate space, also see usage notes)"
alors la,516745,then (at that time),feminine of le: the
elle va,516537,she,"""version anglaise"" — English-language version (EV); a film dubbed in English"
fais pas,516492,inflection of faire:,"step, pace, footstep"
dirigea vers,516239,third-person singular past historic of diriger,towards
pays d',516093,land; region; home ground; homeland; home country; country; nation,apocopic form of de: of
les nouveaux,515791,plural of le: the,masculine plural of nouveau
de constater,515746,from (used to indicate origin),"to note, notice"
et fait,515694,and,fact
raisons de,515673,plural of raison,from (used to indicate origin)
jamais eu,515634,never,initialism of États-Unis (= United States): a country in North America: US
en trois,515579,"in (used to indicate space, also see usage notes)",three
l' agriculture,515518,"apocopic form of le, la: the",agriculture
de rentrer,515432,from (used to indicate origin),"to go back, to re-enter"
donc le,515422,"therefore, consequently; thus",the (definite article)
l' entretien,515283,"apocopic form of le, la: the",upkeep (maintenance)
si ça,515073,initialism of Système international: SI,that (distal demonstrative pronoun)
au fur,515051,"contraction of à + le, literally “to the, for the, at the”","only used in au fur et à mesure (“gradually, as you go along”)"
les intérêts,514661,plural of le: the,plural of intérêt
tête en,514611,head (part of the body),"in (used to indicate space, also see usage notes)"
te le,514583,you,the (definite article)
toujours un,514245,always,"an, a"
pour ces,514202,"for (meant for, intended for)","masculine/feminine plural of ce: these, those"
organisation de,514158,organization,from (used to indicate origin)
ta mère,514149,your,mother
le sort,514079,the (definite article),"fate, destiny (consequences or effects predetermined by past events or a divine will)"
au titre,513815,"contraction of à + le, literally “to the, for the, at the”","heading, title (name of a piece of work)"
fondée sur,513482,feminine singular of fondé,"on, upon"
quelques semaines,513472,plural of quelque (“some”),plural of semaine
ce travail,513463,EC (European Community),work; labor
développement des,513460,development,"plural of un (“some”, the plural indefinite article)"
si peu,513396,initialism of Système international: SI,little; not very much/many
plus forte,513318,used to express the comparative and superlative of a following adjective or adverb,feminine singular of fort
l' institution,513310,"apocopic form of le, la: the",institution
au passage,513293,"contraction of à + le, literally “to the, for the, at the”",the act of going through a place or event
il semblait,513110,he (third-person singular masculine subject pronoun for human subject),third-person singular imperfect indicative of sembler
juste à,512925,"fair, just","A with grave accent, a letter used in French mostly to distinguish some homographs and in transliteration."
école de,512822,school,from (used to indicate origin)
que nos,512783,that (introduces a subordinate noun clause and connects it to its parent clause),plural of notre; our
en relation,512631,"in (used to indicate space, also see usage notes)",relation
de changer,512616,from (used to indicate origin),to exchange (something)
sous sa,512379,"below, under",initialism of société anonyme (Incorporated (Inc.)) (Limited liability company (Ltd.))
se demander,512374,abbreviation of sud-est; SE,to ask
si une,512250,initialism of Système international: SI,"feminine singular of un (“a / an”), the feminine indefinite article"
sur votre,512161,"on, upon","your, belonging to you (plural or formal)"
des points,511983,"plural of un (“some”, the plural indefinite article)",plural of point
elle fait,511846,she,fact
des coups,511722,"plural of un (“some”, the plural indefinite article)",plural of coup
lien avec,511686,"tie, bond",with
aussi pour,511655,"too, also, as well","for (meant for, intended for)"
des lettres,511506,"plural of un (“some”, the plural indefinite article)",plural of lettre
à temps,511448,"A with grave accent, a letter used in French mostly to distinguish some homographs and in transliteration.",time (in general)
auprès du,511366,nearby,"contraction of de + le, literally “of the”"
la traduction,511148,feminine of le: the,translation (the conversion of text from one language to another)
en ces,510974,"in (used to indicate space, also see usage notes)","masculine/feminine plural of ce: these, those"
amour et,510865,love,and
va de,510807,"""version anglaise"" — English-language version (EV); a film dubbed in English",from (used to indicate origin)
famille de,510621,family (group of related people),from (used to indicate origin)
encore des,510617,still,"plural of un (“some”, the plural indefinite article)"
était dans,510401,third-person singular imperfect indicative of être,"in, inside (enclosed in a physical space, a group, a state)"
aussi dans,510200,"too, also, as well","in, inside (enclosed in a physical space, a group, a state)"
ne pouvons,509651,abbreviation of nord-est; NE,first-person plural present indicative of pouvoir
en cette,509440,"in (used to indicate space, also see usage notes)",feminine singular of ce
il que,509352,he (third-person singular masculine subject pronoun for human subject),that (introduces a subordinate noun clause and connects it to its parent clause)
vu le,509328,past participle of voir,the (definite article)
vous faites,509291,the plural personal pronoun in the second person,inflection of faire:
contre un,509113,against (in physical contact with),"an, a"
la résistance,508989,feminine of le: the,resistance (all meanings)
te plaît,508967,you,third-person singular present indicative of plaire
ne pense,508891,abbreviation of nord-est; NE,inflection of penser:
la conduite,508667,feminine of le: the,"behavior, conduct"
l' impact,508501,"apocopic form of le, la: the",impact
savait pas,508412,third-person singular imperfect indicative of savoir,"step, pace, footstep"
des populations,508258,"plural of un (“some”, the plural indefinite article)",plural of population
appris à,508223,past participle of apprendre,"A with grave accent, a letter used in French mostly to distinguish some homographs and in transliteration."
de cassation,508210,from (used to indicate origin),cassation
milieu d',507925,middle; center,apocopic form of de: of
nombre des,507892,number,"plural of un (“some”, the plural indefinite article)"
mes amis,507827,my (when referring to a plural noun),plural of ami
en vérité,507777,"in (used to indicate space, also see usage notes)",truth
l' arbre,507762,"apocopic form of le, la: the","tree (plant, diagram, anything in the form of a tree)"
vous à,507716,the plural personal pronoun in the second person,"A with grave accent, a letter used in French mostly to distinguish some homographs and in transliteration."
nous savons,507693,the plural personal pronoun in the first person:,plural of savon
dans chaque,507658,"in, inside (enclosed in a physical space, a group, a state)",each
est impossible,507628,east,impossible
le château,507357,the (definite article),castle (fortified building or similar structure; winegrower's estate)
un article,507251,"an, a",article (a piece of nonfictional writing)
les familles,507196,plural of le: the,plural of famille
les armes,506977,plural of le: the,second-person singular present indicative/subjunctive of armer
des œuvres,506781,"plural of un (“some”, the plural indefinite article)",plural of œuvre
sa première,506772,initialism of société anonyme (Incorporated (Inc.)) (Limited liability company (Ltd.)),feminine singular of premier
hôtel de,506759,"mansion, town house, hotel (in the sense of a town house or mansion)",from (used to indicate origin)
dizaine de,506589,a set of ten,from (used to indicate origin)
que toute,506484,that (introduces a subordinate noun clause and connects it to its parent clause),feminine singular of tout
mains sur,506421,plural of main,"on, upon"
cet égard,506338,this,consideration
donner des,506219,"to give, to transfer the possession/holding of something to someone else","plural of un (“some”, the plural indefinite article)"
l' an,506152,"apocopic form of le, la: the",year
comme cela,506134,"as (in the role of, by way of)",that
l' espèce,506109,"apocopic form of le, la: the","type, sort, kind"
leva les,506092,third-person singular past historic of lever,plural of le: the
il veut,506067,he (third-person singular masculine subject pronoun for human subject),third-person singular present indicative of vouloir
de croire,506062,from (used to indicate origin),to believe (someone)
l' océan,506013,"apocopic form of le, la: the",an ocean (one of the large bodies of water separating the continents)
d' homme,505984,apocopic form of de: of,man (adult male human)
une loi,505772,"feminine singular of un (“a / an”), the feminine indefinite article",law (legal code)
fond du,505761,back,"contraction of de + le, literally “of the”"
on était,505702,"one, people, you, someone (an unspecified individual)",third-person singular imperfect indicative of être
homme d',505652,man (adult male human),apocopic form of de: of
me dis,505632,me (direct object),inflection of dire:
le pire,505587,the (definite article),comparative degree of mauvais: worse
la photo,505527,feminine of le: the,photo
un café,505437,"an, a",coffee (drink)
le manque,505400,the (definite article),"lack, absence"
au ciel,505225,"contraction of à + le, literally “to the, for the, at the”",sky
telle que,504813,feminine singular of tel,that (introduces a subordinate noun clause and connects it to its parent clause)
une affaire,504695,"feminine singular of un (“a / an”), the feminine indefinite article",business; matter; affair
groupes de,504687,plural of groupe,from (used to indicate origin)
vie des,504416,"life, the state of organisms (organic beings) prior to death","plural of un (“some”, the plural indefinite article)"
des villes,504314,"plural of un (“some”, the plural indefinite article)",plural of ville
le roman,504197,the (definite article),Romance
a lieu,504000,"The first letter of the French alphabet, written in the Latin script.",place
que toutes,503975,that (introduces a subordinate noun clause and connects it to its parent clause),feminine plural of tout
à te,503931,"A with grave accent, a letter used in French mostly to distinguish some homographs and in transliteration.",you
plus difficile,503801,used to express the comparative and superlative of a following adjective or adverb,difficult
une raison,503720,"feminine singular of un (“a / an”), the feminine indefinite article",reason (cause)
honneur de,503700,honor,from (used to indicate origin)
peine à,503565,punishment,"A with grave accent, a letter used in French mostly to distinguish some homographs and in transliteration."
un changement,503557,"an, a",change
les unes,503495,plural of le: the,plural of une
plus jeune,503463,used to express the comparative and superlative of a following adjective or adverb,young
de qui,503436,from (used to indicate origin),"who, whom"
chercher à,503373,"to look for, to seek","A with grave accent, a letter used in French mostly to distinguish some homographs and in transliteration."
la température,503344,feminine of le: the,temperature
arrivé à,503321,past participle of arriver,"A with grave accent, a letter used in French mostly to distinguish some homographs and in transliteration."
le camp,503308,the (definite article),"camp (outdoor area for tents, etc.)"
et toutes,503214,and,feminine plural of tout
des pouvoirs,503195,"plural of un (“some”, the plural indefinite article)",plural of pouvoir
ou que,503192,or,that (introduces a subordinate noun clause and connects it to its parent clause)
qui faisait,502936,"who, whom",third-person singular imperfect indicative of faire
de douleur,502625,from (used to indicate origin),pain
une erreur,502596,"feminine singular of un (“a / an”), the feminine indefinite article",error (a faulty process of thought that leads to conclusions out of agreement with reality)
fut pas,502523,post-1990 spelling of fût,"step, pace, footstep"
l' huile,502449,"apocopic form of le, la: the",oil (liquid fat)
la médecine,502290,feminine of le: the,medicine (field of study)
pour ma,501865,"for (meant for, intended for)",abbreviation of meilleur avant (“best before”): BB
la civilisation,501854,feminine of le: the,civilization
vue d',501596,feminine singular of vu,apocopic form of de: of
l' accent,501496,"apocopic form of le, la: the","accent, manner or tone of speech"
analyse des,501483,analysis,"plural of un (“some”, the plural indefinite article)"
vous plaît,501428,the plural personal pronoun in the second person,third-person singular present indicative of plaire
d' importance,501393,apocopic form of de: of,importance
porte et,501333,door,and
français et,501193,French,and
toujours de,501040,always,from (used to indicate origin)
d' entendre,500894,apocopic form of de: of,to hear
liées à,500730,feminine plural of lié,"A with grave accent, a letter used in French mostly to distinguish some homographs and in transliteration."
passer à,500574,to go past,"A with grave accent, a letter used in French mostly to distinguish some homographs and in transliteration."
la composition,500143,feminine of le: the,"composition, makeup"
entre ces,500120,between,"masculine/feminine plural of ce: these, those"
la tension,500041,feminine of le: the,tension
vie en,499908,"life, the state of organisms (organic beings) prior to death","in (used to indicate space, also see usage notes)"
mardi au,499843,Tuesday,"contraction of à + le, literally “to the, for the, at the”"
plus l',499785,used to express the comparative and superlative of a following adjective or adverb,"apocopic form of le, la: the"
le bord,499777,the (definite article),"border, edge, limit; boundary"
ne jamais,499747,abbreviation of nord-est; NE,never
pourquoi pas,499648,why,"step, pace, footstep"
même du,499633,even,"contraction of de + le, literally “of the”"
sa voiture,499369,initialism of société anonyme (Incorporated (Inc.)) (Limited liability company (Ltd.)),car (wheeled vehicle usually pulled by a horse)
un garçon,499262,"an, a",boy
pour donner,499097,"for (meant for, intended for)","to give, to transfer the possession/holding of something to someone else"
tenir compte,499025,to have; to hold,account (bank or user account)
habitants de,498904,plural of habitant,from (used to indicate origin)
le mien,498888,the (definite article),"(of) mine, my own"
du terme,498830,"contraction of de + le, literally “of the”",terms (conditions)
en danger,498759,"in (used to indicate space, also see usage notes)",danger
à suivre,498464,"A with grave accent, a letter used in French mostly to distinguish some homographs and in transliteration.",to follow (literal sense)
se sentir,498192,abbreviation of sud-est; SE,to smell (to have a certain odor)
condition de,498114,"term, condition",from (used to indicate origin)
ils peuvent,498018,they (male or mixed group),third-person plural present indicative of pouvoir
veux que,497825,inflection of vouloir:,that (introduces a subordinate noun clause and connects it to its parent clause)
pour trouver,497587,"for (meant for, intended for)","to find; to retrieve something lost, turn up something hidden, or encounter something previously unknown to one"
des arbres,497340,"plural of un (“some”, the plural indefinite article)",plural of arbre
sein des,497277,breast (the chest),"plural of un (“some”, the plural indefinite article)"
peut avoir,497165,third-person singular present indicative of pouvoir,to have; to own; to possess; to get
un et,497137,"an, a",and
en somme,497059,"in (used to indicate space, also see usage notes)","Somme (a department of Hauts-de-France, France)"
de garder,497056,from (used to indicate origin),to keep; to retain; to store; to save
sûr de,497029,"sure, certain",from (used to indicate origin)
les principaux,497023,plural of le: the,masculine plural of principal
quelques mots,496936,plural of quelque (“some”),plural of mot
porte d',496895,door,apocopic form of de: of
nous ont,496471,the plural personal pronoun in the first person:,third-person plural present indicative of avoir
tu avais,496214,you (singular),first/second-person singular imperfect indicative of avoir
aide d',496004,"help, support",apocopic form of de: of
à cela,495961,"A with grave accent, a letter used in French mostly to distinguish some homographs and in transliteration.",that
à jouer,495910,"A with grave accent, a letter used in French mostly to distinguish some homographs and in transliteration.",to play (engage in games or play)
plus bas,495854,used to express the comparative and superlative of a following adjective or adverb,low
l' alcool,495842,"apocopic form of le, la: the","alcohol, especially domestic, medical, methylated spirits"
un niveau,495766,"an, a",level (general)
cette maison,495733,feminine singular of ce,house
la princesse,495661,feminine of le: the,princess
le couple,495575,the (definite article),two partners in a romantic or sexual relationship
une position,495508,"feminine singular of un (“a / an”), the feminine indefinite article",position
reste à,495468,"rest, remainder","A with grave accent, a letter used in French mostly to distinguish some homographs and in transliteration."
sont donc,495467,third-person plural present indicative of être,"therefore, consequently; thus"
la pauvreté,495204,feminine of le: the,poverty
hauteur de,495181,"height, altitude",from (used to indicate origin)
le cou,495037,the (definite article),neck
les modalités,494951,plural of le: the,plural of modalité
les lettres,494600,plural of le: the,plural of lettre
la prison,494572,feminine of le: the,prison
les institutions,494399,plural of le: the,plural of institution
part et,494207,share,and
de fruits,494168,from (used to indicate origin),plural of fruit
ce chapitre,493907,EC (European Community),chapter
d' arriver,493843,apocopic form of de: of,to arrive (often followed by a location)
le biais,493814,the (definite article),"means, way"
a beaucoup,493755,"The first letter of the French alphabet, written in the Latin script.","much, very much, a lot"
peu importe,493683,little; not very much/many,inflection of importer:
actes de,493666,plural of acte,from (used to indicate origin)
pas aux,493642,"step, pace, footstep",Contraction of à + les ('to the' or 'of the')
château de,493526,castle (fortified building or similar structure; winegrower's estate),from (used to indicate origin)
différence entre,493435,difference,between
de chambre,493202,from (used to indicate origin),"a chamber in its various senses, including:"
ce texte,493041,EC (European Community),text (piece of writing)
de défense,492938,from (used to indicate origin),"defence (action of defending or protecting from attack, danger or injury, or any means for that purpose)"
mon esprit,492937,my (used to qualify masculine nouns and vowel-initial words regardless of gender),immaterial or incorporeal substance
l' Amérique,492928,"apocopic form of le, la: the","America, the Americas (a supercontinent consisting of North America, Central America and South America regarded as a whole; in full, the Americas)"
jour et,492921,day,and
le sommeil,492905,the (definite article),sleep
les Allemands,492813,plural of le: the,plural of Allemand
noir et,492672,black in colour,and
du processus,492601,"contraction of de + le, literally “of the”",process
un morceau,492503,"an, a","piece, slice, bit, morsel"
de Pierre,492403,from (used to indicate origin),stone (substance)
l' Est,492210,"apocopic form of le, la: the",east
peut plus,492182,third-person singular present indicative of pouvoir,used to express the comparative and superlative of a following adjective or adverb
le pied,492170,the (definite article),foot
l' engagement,492031,"apocopic form of le, la: the",commitment
selon laquelle,492012,according to; whichever applies; depending on,feminine singular of lequel
des compétences,492004,"plural of un (“some”, the plural indefinite article)",plural of compétence
moins en,491955,"comparative degree of peu; less, fewer","in (used to indicate space, also see usage notes)"
lui donne,491906,"him, he, it; the third-person masculine singular personal pronoun used after a preposition, or as the predicate of a linking verb, or when disjoined from a sentence, or as a stressed subject",inflection of donner:
l' angle,491697,"apocopic form of le, la: the",a geometric angle
non sans,491689,no,without (not having)
l' avez,491634,"apocopic form of le, la: the",second-person plural present indicative of avoir
les médias,491487,plural of le: the,plural of média
et voilà,491451,and,"there (it) is, there (it) comes"
du plus,491219,"contraction of de + le, literally “of the”",used to express the comparative and superlative of a following adjective or adverb
de sable,490915,from (used to indicate origin),sand
sont bien,490886,third-person plural present indicative of être,"good, all right, great"
de mourir,490807,from (used to indicate origin),to die; to be dying
il arrive,490673,he (third-person singular masculine subject pronoun for human subject),inflection of arriver:
de réponse,490623,from (used to indicate origin),"response, answer, reply (a communication)"
les pouvoirs,490544,plural of le: the,plural of pouvoir
aux deux,490476,Contraction of à + les ('to the' or 'of the'),two
état et,490222,"state, condition",and
que faire,490007,that (introduces a subordinate noun clause and connects it to its parent clause),to do
le son,489883,the (definite article),sound
de porter,489880,from (used to indicate origin),to carry
l' initiative,489814,"apocopic form of le, la: the",initiative
fut un,489750,post-1990 spelling of fût,"an, a"
pour toutes,489735,"for (meant for, intended for)",feminine plural of tout
cet état,489577,this,"state, condition"
d' armes,489487,apocopic form of de: of,second-person singular present indicative/subjunctive of armer
est pour,489394,east,"for (meant for, intended for)"
avait à,489379,third-person singular imperfect indicative of avoir,"A with grave accent, a letter used in French mostly to distinguish some homographs and in transliteration."
les détails,488980,plural of le: the,plural of détail
a du,488949,"The first letter of the French alphabet, written in the Latin script.","contraction of de + le, literally “of the”"
sa langue,488936,initialism of société anonyme (Incorporated (Inc.)) (Limited liability company (Ltd.)),tongue
la section,488918,feminine of le: the,section
l' empire,488749,"apocopic form of le, la: the",empire
y ait,488716,"a letter in the French alphabet, after x and before z",third-person singular present subjunctive of avoir
le cerveau,488509,the (definite article),brain (organ of thought)
après ce,488485,"after, later than in time.",EC (European Community)
à force,488484,"A with grave accent, a letter used in French mostly to distinguish some homographs and in transliteration.",force
de classe,488478,from (used to indicate origin),"class, type, group"
lui parler,488178,"him, he, it; the third-person masculine singular personal pronoun used after a preposition, or as the predicate of a linking verb, or when disjoined from a sentence, or as a stressed subject","to speak, talk"
politiques et,488091,plural of politique,and
dans lesquelles,488087,"in, inside (enclosed in a physical space, a group, a state)",feminine plural of lequel
la clé,488081,feminine of le: the,key (device for unlocking)
l' évidence,488057,"apocopic form of le, la: the","obviousness, clearness"
lorsque nous,488025,when (at a time when),the plural personal pronoun in the first person:
la publication,487953,feminine of le: the,publication
avec laquelle,487880,with,feminine singular of lequel
époque où,487828,vintage,where (interrogative)
deux mains,487762,two,plural of main
qui allait,487761,"who, whom",third-person singular imperfect indicative of aller
lui dis,487525,"him, he, it; the third-person masculine singular personal pronoun used after a preposition, or as the predicate of a linking verb, or when disjoined from a sentence, or as a stressed subject",inflection of dire:
ceux des,487467,masculine plural of celui: those,"plural of un (“some”, the plural indefinite article)"
donc que,487449,"therefore, consequently; thus",that (introduces a subordinate noun clause and connects it to its parent clause)
de bons,487398,from (used to indicate origin),masculine plural of bon
bien les,487285,"good, all right, great",plural of le: the
quatre heures,487220,four,plural of heure
la quantité,486929,feminine of le: the,quantity
lui un,486827,"him, he, it; the third-person masculine singular personal pronoun used after a preposition, or as the predicate of a linking verb, or when disjoined from a sentence, or as a stressed subject","an, a"
verre de,486788,glass (substance),from (used to indicate origin)
dizaines de,486721,plural of dizaine,from (used to indicate origin)
son amie,486714,sound,friend
le bois,486644,the (definite article),wood (substance making up the central part of the trunk and branches of a tree)
si l,486465,initialism of Système international: SI,"The twelfth letter of the French alphabet, written in the Latin script."
ce lieu,486456,EC (European Community),place
à même,486022,"A with grave accent, a letter used in French mostly to distinguish some homographs and in transliteration.",even
code civil,485980,code,civil
la compétence,485904,feminine of le: the,"competence, ability, skill"
quelle que,485892,feminine singular of quel:,that (introduces a subordinate noun clause and connects it to its parent clause)
avant même,485887,beforehand; earlier,even
d' utiliser,485831,apocopic form of de: of,"to use, to utilize"
ont eu,485818,third-person plural present indicative of avoir,initialism of États-Unis (= United States): a country in North America: US
on nous,485775,"one, people, you, someone (an unspecified individual)",the plural personal pronoun in the first person:
ou plusieurs,485522,or,"several, many, a lot"
après son,485394,"after, later than in time.",sound
une vingtaine,485203,"feminine singular of un (“a / an”), the feminine indefinite article",about twenty
elles étaient,485043,they (female),third-person plural imperfect indicative of être
plus un,484930,used to express the comparative and superlative of a following adjective or adverb,"an, a"
changer de,484800,to exchange (something),from (used to indicate origin)
tenu de,484755,past participle of tenir,from (used to indicate origin)
la folie,484560,feminine of le: the,"madness, folly, insanity; silliness, craziness"
un baiser,484289,"an, a",to kiss
à bien,484055,"A with grave accent, a letter used in French mostly to distinguish some homographs and in transliteration.","good, all right, great"
fois plus,484037,time (an instance or repetition of something happening),used to express the comparative and superlative of a following adjective or adverb
du siècle,483921,"contraction of de + le, literally “of the”",century (period of 100 years)
de Marie,483901,from (used to indicate origin),Mary (Biblical figure)
fois à,483765,time (an instance or repetition of something happening),"A with grave accent, a letter used in French mostly to distinguish some homographs and in transliteration."
nous faire,483572,the plural personal pronoun in the first person:,to do
de vouloir,483344,from (used to indicate origin),"to want, wish, desire"
à celles,483254,"A with grave accent, a letter used in French mostly to distinguish some homographs and in transliteration.",feminine plural of celui: those
de soins,483198,from (used to indicate origin),plural of soin
de dollars,483082,from (used to indicate origin),plural of dollar
se demanda,483042,abbreviation of sud-est; SE,third-person singular past historic of demander
jeunes filles,482886,plural of jeune,plural of fille
décide de,482741,inflection of décider:,from (used to indicate origin)
ensemble du,482678,together,"contraction of de + le, literally “of the”"
son front,482304,sound,forehead
comprends pas,482121,first-person singular present indicative of comprendre,"step, pace, footstep"
auprès d',481949,nearby,apocopic form of de: of
la faute,481882,feminine of le: the,"error, mistake"
sont toujours,481877,third-person plural present indicative of être,always
numéro de,481509,number,from (used to indicate origin)
le nord,481501,the (definite article),north
la piste,481303,feminine of le: the,track or trail (left by an animal or person)
l' or,480940,"apocopic form of le, la: the",gold
ses côtés,480823,"his, her, its, their, one's (when referring to a plural noun)",plural of côté
les études,480800,plural of le: the,plural of étude
raison d',480503,reason (cause),apocopic form of de: of
le spectacle,480319,the (definite article),"a show, a spectacle, a performance, a concert"
les esprits,480209,plural of le: the,plural of esprit
en sont,480200,"in (used to indicate space, also see usage notes)",third-person plural present indicative of être
au mieux,480195,"contraction of à + le, literally “to the, for the, at the”",comparative degree of bien; better
son sourire,480166,sound,to smile
son souffle,480131,sound,blowing (act of expelling air from the mouth)
delà des,480090,beyond,"plural of un (“some”, the plural indefinite article)"
ce titre,479879,EC (European Community),"heading, title (name of a piece of work)"
la prière,479780,feminine of le: the,prayer
d' emploi,479746,apocopic form of de: of,job
Moyen Âge,479675,means,age
elle voulait,479600,she,third-person singular imperfect indicative of vouloir
de multiples,479380,from (used to indicate origin),plural of multiple
comme celle,479328,"as (in the role of, by way of)",feminine singular of celui
compris que,479178,understood,that (introduces a subordinate noun clause and connects it to its parent clause)
des larmes,479168,"plural of un (“some”, the plural indefinite article)",plural of larme
les meilleurs,479073,plural of le: the,masculine plural of meilleur
les faire,479037,plural of le: the,to do
des centaines,478838,"plural of un (“some”, the plural indefinite article)",plural of centaine
je préfère,478747,I,inflection of préférer:
question du,478737,question (interrogation by torture),"contraction of de + le, literally “of the”"
peut dire,478332,third-person singular present indicative of pouvoir,"to say, to tell (to express through speech)"
la réaction,478119,feminine of le: the,reaction (action in response to an event)
pour te,478072,"for (meant for, intended for)",you
le coût,478011,the (definite article),"cost, price"
du quartier,477999,"contraction of de + le, literally “of the”","quarter, district (part of town), neighbourhood"
son retour,477978,sound,return
cette petite,477730,feminine singular of ce,feminine singular of petit
ce domaine,477679,EC (European Community),domain
depuis un,477326,since,"an, a"
comme étant,477285,"as (in the role of, by way of)",present participle of être
mains et,477204,plural of main,and
ouvert tous,477075,open,all
manière à,477074,"manner, way","A with grave accent, a letter used in French mostly to distinguish some homographs and in transliteration."
l' imagination,476910,"apocopic form of le, la: the",imagination
mon mari,476837,my (used to qualify masculine nouns and vowel-initial words regardless of gender),husband
XIXe siècle,476657,,century (period of 100 years)
régime de,476614,regime,from (used to indicate origin)
de fond,476586,from (used to indicate origin),back
comme par,476536,"as (in the role of, by way of)",through
de presse,476480,from (used to indicate origin),"press, papers (the media)"
un fait,476373,"an, a",fact
comme celui,476339,"as (in the role of, by way of)",the one
l' échec,476284,"apocopic form of le, la: the",failure
la chasse,476269,feminine of le: the,"hunt, hunting"
la vraie,476120,feminine of le: the,feminine singular of vrai
du ministère,476066,"contraction of de + le, literally “of the”",ministry
du parti,476027,"contraction of de + le, literally “of the”","divided into two equal parts vertically, per pale; said of an escutcheon"
l' Éternel,476016,"apocopic form of le, la: the",eternal (ever-lasting)
des titres,475986,"plural of un (“some”, the plural indefinite article)",plural of titre
bien l',475888,"good, all right, great","apocopic form of le, la: the"
pas forcément,475794,"step, pace, footstep",inevitably
les fonctions,475771,plural of le: the,plural of fonction
au texte,475724,"contraction of à + le, literally “to the, for the, at the”",text (piece of writing)
comment il,475713,how,he (third-person singular masculine subject pronoun for human subject)
les articles,475670,plural of le: the,plural of article
tout juste,475590,all,"fair, just"
la Chambre,475514,feminine of le: the,"a chamber in its various senses, including:"
à cheval,475507,"A with grave accent, a letter used in French mostly to distinguish some homographs and in transliteration.",horse
degré de,475407,degree,from (used to indicate origin)
le froid,475394,the (definite article),cold (temperature)
cette même,475069,feminine singular of ce,even
la proposition,474974,feminine of le: the,"proposition, suggestion"
un accord,474890,"an, a",chord
suffit de,474687,inflection of suffire:,from (used to indicate origin)
famille et,474632,family (group of related people),and
lui faisait,474564,"him, he, it; the third-person masculine singular personal pronoun used after a preposition, or as the predicate of a linking verb, or when disjoined from a sentence, or as a stressed subject",third-person singular imperfect indicative of faire
destiné à,474502,past participle of destiner,"A with grave accent, a letter used in French mostly to distinguish some homographs and in transliteration."
et notamment,474499,and,notably
du bon,474444,"contraction of de + le, literally “of the”",good
ils le,474332,they (male or mixed group),the (definite article)
encore dans,474158,still,"in, inside (enclosed in a physical space, a group, a state)"
une fonction,474126,"feminine singular of un (“a / an”), the feminine indefinite article",function (what something does or is used for)
mais comment,473997,"but, although",how
mission de,473836,mission (duty that involves fulfilling a request),from (used to indicate origin)
elle dit,473770,she,"a sentence, saying or maxim"
concernant la,473753,"concerning, regarding",feminine of le: the
puis à,473732,then; after; next,"A with grave accent, a letter used in French mostly to distinguish some homographs and in transliteration."
des intérêts,473628,"plural of un (“some”, the plural indefinite article)",plural of intérêt
un film,473618,"an, a","movie, film"
pas vu,473605,"step, pace, footstep",past participle of voir
à tour,473428,"A with grave accent, a letter used in French mostly to distinguish some homographs and in transliteration.",tower
intérieur du,473397,interior,"contraction of de + le, literally “of the”"
ne dit,473378,abbreviation of nord-est; NE,"a sentence, saying or maxim"
être des,473201,to be,"plural of un (“some”, the plural indefinite article)"
son état,473169,sound,"state, condition"
ou d,472834,or,"The fourth letter of the French alphabet, written in the Latin script."
ici et,472821,here,and
derrière elle,472591,behind,she
voulais pas,472238,first/second-person singular imperfect indicative of vouloir,"step, pace, footstep"
un terme,472209,"an, a",terms (conditions)
les décisions,472207,plural of le: the,plural of décision
les temps,472204,plural of le: the,time (in general)
la tour,472202,feminine of le: the,tower
longtemps que,471960,for a long time; over a long period,that (introduces a subordinate noun clause and connects it to its parent clause)
le thème,471845,the (definite article),"theme, topic"
de Mme,471627,from (used to indicate origin),abbreviation of Madame
peu après,471573,little; not very much/many,"after, later than in time."
les régions,471568,plural of le: the,plural of région
ma part,471304,abbreviation of meilleur avant (“best before”): BB,share
des eaux,471149,"plural of un (“some”, the plural indefinite article)",plural of eau
l' apprentissage,471100,"apocopic form of le, la: the",apprenticeship
du lac,470833,"contraction of de + le, literally “of the”",lake
objectif de,470801,of a material object; objective,from (used to indicate origin)
il sait,470778,he (third-person singular masculine subject pronoun for human subject),third-person singular present indicative of savoir
elle eut,470695,she,third-person singular past historic of avoir
l' aéroport,470664,"apocopic form of le, la: the","airport (place, company managing such a place)"
fin à,470567,"end, close, finish","A with grave accent, a letter used in French mostly to distinguish some homographs and in transliteration."
les peuples,470485,plural of le: the,second-person singular present indicative/subjunctive of peupler
heureux de,470392,happy,from (used to indicate origin)
au jour,470375,"contraction of à + le, literally “to the, for the, at the”",day
constitue une,470278,inflection of constituer:,"feminine singular of un (“a / an”), the feminine indefinite article"
de croissance,470160,from (used to indicate origin),growth
si longtemps,469931,initialism of Système international: SI,for a long time; over a long period
à jour,469897,"A with grave accent, a letter used in French mostly to distinguish some homographs and in transliteration.",day
village de,469757,village,from (used to indicate origin)
peuvent se,469743,third-person plural present indicative of pouvoir,abbreviation of sud-est; SE
de voyage,469710,from (used to indicate origin),"trip, journey, voyage"
un tour,469675,"an, a",tower
ils l',469575,they (male or mixed group),"apocopic form of le, la: the"
nous est,469566,the plural personal pronoun in the first person:,east
enfant de,469559,child (someone who is not yet an adult),from (used to indicate origin)
l' issue,469394,"apocopic form of le, la: the","exit, way out"
sens du,469354,"meaning, sense","contraction of de + le, literally “of the”"
aller au,469286,to go,"contraction of à + le, literally “to the, for the, at the”"
à mort,469210,"A with grave accent, a letter used in French mostly to distinguish some homographs and in transliteration.",past participle of mourir
une grosse,469148,"feminine singular of un (“a / an”), the feminine indefinite article",feminine singular of gros
un programme,468778,"an, a",a program (set of structured activities)
le futur,468682,the (definite article),future
l' émotion,468550,"apocopic form of le, la: the",emotion
constitue un,468473,inflection of constituer:,"an, a"
de réaliser,468359,from (used to indicate origin),to direct (a movie)
étaient en,468325,third-person plural imperfect indicative of être,"in (used to indicate space, also see usage notes)"
de colère,468320,from (used to indicate origin),"anger, rage"
l' agent,468252,"apocopic form of le, la: the",agent
le personnel,468234,the (definite article),personal
suppose que,468182,inflection of supposer:,that (introduces a subordinate noun clause and connects it to its parent clause)
se redressa,468144,abbreviation of sud-est; SE,third-person singular past historic of redresser
un État,468074,"an, a","state, condition"
de construction,467963,from (used to indicate origin),construction
profiter de,467923,"to take advantage of, make the most of, enjoy",from (used to indicate origin)
avoir la,467681,to have; to own; to possess; to get,feminine of le: the
le vrai,467537,the (definite article),true
l' École,467393,"apocopic form of le, la: the",school
comme ils,467235,"as (in the role of, by way of)",they (male or mixed group)
au vendredi,467096,"contraction of à + le, literally “to the, for the, at the”",Friday
quoi il,466886,what,he (third-person singular masculine subject pronoun for human subject)
l' Ouest,466883,"apocopic form of le, la: the",west
un quart,466748,"an, a",fourth
qui l,466680,"who, whom","The twelfth letter of the French alphabet, written in the Latin script."
ouvrit la,466565,third-person singular past historic of ouvrir,feminine of le: the
le fruit,466504,the (definite article),fruit
demande à,466494,request (act of requesting),"A with grave accent, a letter used in French mostly to distinguish some homographs and in transliteration."
le style,466270,the (definite article),style (manner of doing something)
où tu,466238,where (interrogative),you (singular)
la distinction,466113,feminine of le: the,"distinction (difference, honour)"
le repas,466026,the (definite article),"meal, repast"
de regarder,465976,from (used to indicate origin),to look at
programme de,465949,a program (set of structured activities),from (used to indicate origin)
de marché,465902,from (used to indicate origin),market
la crainte,465874,feminine of le: the,"fear, fright"
nous vous,465775,the plural personal pronoun in the first person:,the plural personal pronoun in the second person
l' écrivain,465584,"apocopic form of le, la: the",writer
du public,465504,"contraction of de + le, literally “of the”",public
en pratique,465500,"in (used to indicate space, also see usage notes)","practical, applied (concerning action or intervention of human will on the real to change it)"
ça que,465471,that (distal demonstrative pronoun),that (introduces a subordinate noun clause and connects it to its parent clause)
la description,465360,feminine of le: the,description
la viande,465313,feminine of le: the,meat
souvent à,465297,often,"A with grave accent, a letter used in French mostly to distinguish some homographs and in transliteration."
la banque,464954,feminine of le: the,bank
parvenir à,464947,to reach,"A with grave accent, a letter used in French mostly to distinguish some homographs and in transliteration."
sommet de,464838,"summit, peak",from (used to indicate origin)
des familles,464830,"plural of un (“some”, the plural indefinite article)",plural of famille
pas comment,464820,"step, pace, footstep",how
leurs enfants,464744,plural of leur: their (used before a plural noun),plural of enfant
puis les,464386,then; after; next,plural of le: the
naissance de,464352,birth,from (used to indicate origin)
d' Europe,464329,apocopic form of de: of,Europe (a continent located west of Asia and north of Africa)
grâce au,464251,"grace, charm","contraction of à + le, literally “to the, for the, at the”"
mon petit,464213,my (used to qualify masculine nouns and vowel-initial words regardless of gender),small
au lit,464008,"contraction of à + le, literally “to the, for the, at the”",bed
plaisir à,463988,pleasure,"A with grave accent, a letter used in French mostly to distinguish some homographs and in transliteration."
la phrase,463960,feminine of le: the,sentence
à défaut,463885,"A with grave accent, a letter used in French mostly to distinguish some homographs and in transliteration.",shortcoming
était aussi,463819,third-person singular imperfect indicative of être,"too, also, as well"
du principe,463679,"contraction of de + le, literally “of the”",principle
assis sur,463671,"sat, sat down, seated","on, upon"
le tribunal,463667,the (definite article),tribunal
les coups,463574,plural of le: the,plural of coup
les biens,463438,plural of le: the,plural of bien
frais de,463205,"fresh (recently produced, unspoiled)",from (used to indicate origin)
tour à,463158,tower,"A with grave accent, a letter used in French mostly to distinguish some homographs and in transliteration."
porte du,463061,door,"contraction of de + le, literally “of the”"
l' islam,463050,"apocopic form of le, la: the",Islam
que ne,462789,that (introduces a subordinate noun clause and connects it to its parent clause),abbreviation of nord-est; NE
ces hommes,462771,"masculine/feminine plural of ce: these, those",plural of homme
te dire,462709,you,"to say, to tell (to express through speech)"
ma famille,462618,abbreviation of meilleur avant (“best before”): BB,family (group of related people)
de non,462610,from (used to indicate origin),no
cette façon,462413,feminine singular of ce,way; manner; fashion
des dispositions,462316,"plural of un (“some”, the plural indefinite article)",plural of disposition
comme son,462288,"as (in the role of, by way of)",sound
les cinq,462240,plural of le: the,five
de taille,462167,from (used to indicate origin),"the act of cutting, pruning, trimming"
des principes,462058,"plural of un (“some”, the plural indefinite article)",plural of principe
d' application,462038,apocopic form of de: of,application
des terres,462015,"plural of un (“some”, the plural indefinite article)",plural of terre
l' ambiance,461969,"apocopic form of le, la: the","ambiance, atmosphere, environment, milieu"
se montrer,461944,abbreviation of sud-est; SE,to show
un dernier,461935,"an, a",last
les objectifs,461819,plural of le: the,masculine plural of objectif
ou si,461635,or,initialism of Système international: SI
le sud,461597,the (definite article),south
que non,461572,that (introduces a subordinate noun clause and connects it to its parent clause),no
protection des,461543,protection,"plural of un (“some”, the plural indefinite article)"
l' intégration,461472,"apocopic form of le, la: the",integration
un esprit,461427,"an, a",immaterial or incorporeal substance
vie est,461360,"life, the state of organisms (organic beings) prior to death",east
se sentit,461358,abbreviation of sud-est; SE,third-person singular past historic of sentir
ordre du,461318,order (way in which things are arranged),"contraction of de + le, literally “of the”"
la discussion,461242,feminine of le: the,"debate, argument (a civil exchange of contradictory points of view)"
d' aide,460869,apocopic form of de: of,"help, support"
sont également,460869,third-person plural present indicative of être,equally
l' Espagne,460752,"apocopic form of le, la: the","Spain (a country in Southern Europe, including most of the Iberian peninsula)"
les pièces,460675,plural of le: the,plural of pièce
le Président,460594,the (definite article),president
œil à,460577,"eye, organ that is sensitive to light, helping organisms to see","A with grave accent, a letter used in French mostly to distinguish some homographs and in transliteration."
du nouveau,460242,"contraction of de + le, literally “of the”","new, novel"
la phase,460096,feminine of le: the,phase
le ministère,460025,the (definite article),ministry
participer à,459957,to participate,"A with grave accent, a letter used in French mostly to distinguish some homographs and in transliteration."
la sagesse,459931,feminine of le: the,"wisdom, reason, sense"
se rend,459806,abbreviation of sud-est; SE,third-person singular present indicative of rendre
d' Israël,459735,apocopic form of de: of,"Israel (a country in Western Asia in the Middle East, at the eastern shore of the Mediterranean)"
la portée,459580,feminine of le: the,"reach, range, scope"
plus importante,459379,used to express the comparative and superlative of a following adjective or adverb,feminine singular of important
a quelques,459303,"The first letter of the French alphabet, written in the Latin script.",plural of quelque (“some”)
à quelque,459209,"A with grave accent, a letter used in French mostly to distinguish some homographs and in transliteration.",some (singular)
eux aussi,459191,disjunctive form of ils; them,"too, also, as well"
ils en,459187,they (male or mixed group),"in (used to indicate space, also see usage notes)"
un événement,459033,"an, a",event
unité de,458831,unity,from (used to indicate origin)
les maisons,458789,plural of le: the,plural of maison
la commune,458721,feminine of le: the,commune (administrative subdivision)
un réseau,458592,"an, a",network
une plus,458461,"feminine singular of un (“a / an”), the feminine indefinite article",used to express the comparative and superlative of a following adjective or adverb
point que,458352,point (small mark),that (introduces a subordinate noun clause and connects it to its parent clause)
tout entier,458038,all,whole
des signes,458027,"plural of un (“some”, the plural indefinite article)",plural of signe
portant sur,458001,present participle of porter,"on, upon"
également de,457997,equally,from (used to indicate origin)
activités de,457966,plural of activité,from (used to indicate origin)
des Nations,457941,"plural of un (“some”, the plural indefinite article)",plural of nation
sens que,457939,"meaning, sense",that (introduces a subordinate noun clause and connects it to its parent clause)
mémoire de,457796,memory,from (used to indicate origin)
cinq minutes,457726,five,plural of minute
cour d',457673,"courtyard,",apocopic form of de: of
et dit,457575,and,"a sentence, saying or maxim"
là encore,457481,referring to physical place,still
une source,457439,"feminine singular of un (“a / an”), the feminine indefinite article","source, spring (of water)"
des peuples,457296,"plural of un (“some”, the plural indefinite article)",second-person singular present indicative/subjunctive of peupler
le poète,457287,the (definite article),poet
la disposition,457244,feminine of le: the,arrangement; layout
se poser,457238,abbreviation of sud-est; SE,"to stop carrying, to put down (something or somebody)"
chez un,457213,"to, at, in or into the place of","an, a"
sa robe,457122,initialism of société anonyme (Incorporated (Inc.)) (Limited liability company (Ltd.)),"dress, frock"
de Charles,457040,from (used to indicate origin),"a male given name, equivalent to English Charles"
cela que,457035,that,that (introduces a subordinate noun clause and connects it to its parent clause)
la réception,456911,feminine of le: the,reception (action of receiving)
possible d',456900,possible,apocopic form of de: of
de place,456753,from (used to indicate origin),"place, square, plaza, piazza"
l' herbe,456630,"apocopic form of le, la: the",grass (the plant)
que sont,456398,that (introduces a subordinate noun clause and connects it to its parent clause),third-person plural present indicative of être
heures et,456357,plural of heure,and
de loi,456335,from (used to indicate origin),law (legal code)
demandé de,456109,past participle of demander,from (used to indicate origin)
augmentation de,456024,"an increase, a raise",from (used to indicate origin)
de lecture,456000,from (used to indicate origin),"reading (act or process of reading, interpretation, material read, and some other senses)"
les cours,455711,plural of le: the,"stream of water, river"
ne semble,455683,abbreviation of nord-est; NE,inflection of sembler:
quelques pas,455360,plural of quelque (“some”),"step, pace, footstep"
une époque,455319,"feminine singular of un (“a / an”), the feminine indefinite article",vintage
du royaume,455256,"contraction of de + le, literally “of the”",kingdom
des armes,455133,"plural of un (“some”, the plural indefinite article)",second-person singular present indicative/subjunctive of armer
lieux de,454943,plural of lieu,from (used to indicate origin)
d' avance,454823,apocopic form of de: of,"progression, advance"
un large,454816,"an, a","wide, broad"
de pain,454453,from (used to indicate origin),bread
de bonheur,454301,from (used to indicate origin),"goodhap, good fortune"
tout près,454209,all,near (a time or a place); close (to a time or a place)
produits de,454102,plural of produit,from (used to indicate origin)
doute pas,454056,doubt,"step, pace, footstep"
le vin,453966,the (definite article),wine
au hasard,453954,"contraction of à + le, literally “to the, for the, at the”",(random) chance
la longue,453913,feminine of le: the,feminine singular of long
table des,453836,table (furniture with a top surface to accommodate a variety of uses),"plural of un (“some”, the plural indefinite article)"
même l',453826,even,"apocopic form of le, la: the"
quinze ans,453784,fifteen,plural of an
quel que,453732,which,that (introduces a subordinate noun clause and connects it to its parent clause)
la séparation,453686,feminine of le: the,separation
avait pu,453559,third-person singular imperfect indicative of avoir,past participle of pouvoir
avec ces,453485,with,"masculine/feminine plural of ce: these, those"
la prochaine,453219,feminine of le: the,feminine singular of prochain
un pouvoir,453199,"an, a","can, to be able to"
de café,453132,from (used to indicate origin),coffee (drink)
de recevoir,453012,from (used to indicate origin),to receive
le contact,452934,the (definite article),contact; contact (with another person)
le canapé,452861,the (definite article),sofa
les journaux,452724,plural of le: the,plural of journal
carte de,452477,card,from (used to indicate origin)
un individu,452424,"an, a",individual
minutes plus,452422,plural of minute,used to express the comparative and superlative of a following adjective or adverb
non loin,452332,no,"far, distant"
comment les,452299,how,plural of le: the
que chacun,452219,that (introduces a subordinate noun clause and connects it to its parent clause),"each, each one"
ses membres,452214,"his, her, its, their, one's (when referring to a plural noun)",plural of membre
échapper à,452200,"to escape (from), evade","A with grave accent, a letter used in French mostly to distinguish some homographs and in transliteration."
cela fait,452029,that,fact
est assez,451955,east,to a sufficient or moderate degree; enough; sufficiently
le bébé,451844,the (definite article),baby
notre vie,451723,our,"life, the state of organisms (organic beings) prior to death"
de pensée,451712,from (used to indicate origin),feminine singular of pensé
par semaine,451657,through,week
le commissaire,451611,the (definite article),commissioner
premier temps,451486,first,time (in general)
relatives à,451409,feminine plural of relatif,"A with grave accent, a letter used in French mostly to distinguish some homographs and in transliteration."
passer la,451383,to go past,feminine of le: the
se laissa,451336,abbreviation of sud-est; SE,third-person singular past historic of laisser
les zones,451324,plural of le: the,plural of zone
et votre,451291,and,"your, belonging to you (plural or formal)"
l' étage,451278,"apocopic form of le, la: the","floor, storey"
après que,451248,"after, later than in time.",that (introduces a subordinate noun clause and connects it to its parent clause)
ans après,451235,plural of an,"after, later than in time."
la préparation,451221,feminine of le: the,preparation
lui demande,451217,"him, he, it; the third-person masculine singular personal pronoun used after a preposition, or as the predicate of a linking verb, or when disjoined from a sentence, or as a stressed subject",request (act of requesting)
continue à,451216,inflection of continuer:,"A with grave accent, a letter used in French mostly to distinguish some homographs and in transliteration."
matière d',451084,material (substance of which something is made),apocopic form of de: of
l' avantage,451008,"apocopic form of le, la: the",advantage (advantageous position)
des objectifs,450983,"plural of un (“some”, the plural indefinite article)",masculine plural of objectif
savais pas,450954,first/second-person singular imperfect indicative of savoir,"step, pace, footstep"
il paraît,450741,he (third-person singular masculine subject pronoun for human subject),third-person singular present indicative of paraître
l' essence,450467,"apocopic form of le, la: the",essence
et toute,450432,and,feminine singular of tout
vue sur,450408,feminine singular of vu,"on, upon"
créer un,450173,to create,"an, a"
depuis quelques,450086,since,plural of quelque (“some”)
le dit,449898,the (definite article),"a sentence, saying or maxim"
durant les,449800,"during, while",plural of le: the
demander à,449789,to ask,"A with grave accent, a letter used in French mostly to distinguish some homographs and in transliteration."
comment le,449577,how,the (definite article)
droit des,449550,right (entitlement),"plural of un (“some”, the plural indefinite article)"
en dessous,449546,"in (used to indicate space, also see usage notes)",underneath; beneath
également à,449368,equally,"A with grave accent, a letter used in French mostly to distinguish some homographs and in transliteration."
pratique de,449178,"practical, applied (concerning action or intervention of human will on the real to change it)",from (used to indicate origin)
l' employeur,449165,"apocopic form of le, la: the",employer
une langue,449157,"feminine singular of un (“a / an”), the feminine indefinite article",tongue
la joue,449136,feminine of le: the,cheek
peu trop,449122,little; not very much/many,too; too much
des fonctions,448987,"plural of un (“some”, the plural indefinite article)",plural of fonction
donne à,448933,inflection of donner:,"A with grave accent, a letter used in French mostly to distinguish some homographs and in transliteration."
peut en,448681,third-person singular present indicative of pouvoir,"in (used to indicate space, also see usage notes)"
vous qui,448680,the plural personal pronoun in the second person,"who, whom"
le débat,448643,the (definite article),debate
celles des,448586,feminine plural of celui: those,"plural of un (“some”, the plural indefinite article)"
seul à,448563,lonely,"A with grave accent, a letter used in French mostly to distinguish some homographs and in transliteration."
à lire,448471,"A with grave accent, a letter used in French mostly to distinguish some homographs and in transliteration.",to read
cela lui,448373,that,"him, he, it; the third-person masculine singular personal pronoun used after a preposition, or as the predicate of a linking verb, or when disjoined from a sentence, or as a stressed subject"
cas des,448359,"case, situation","plural of un (“some”, the plural indefinite article)"
était au,448334,third-person singular imperfect indicative of être,"contraction of à + le, literally “to the, for the, at the”"
seulement à,448158,only,"A with grave accent, a letter used in French mostly to distinguish some homographs and in transliteration."
pour atteindre,448139,"for (meant for, intended for)",to attain
les anciens,448012,plural of le: the,masculine plural of ancien
son pays,447929,sound,land; region; home ground; homeland; home country; country; nation
du mot,447911,"contraction of de + le, literally “of the”",word
des mois,447661,"plural of un (“some”, the plural indefinite article)",month
un léger,447543,"an, a",light (not heavy)
des marchés,447528,"plural of un (“some”, the plural indefinite article)",plural of marché
et ont,447520,and,third-person plural present indicative of avoir
d' assurer,447470,apocopic form of de: of,"to assure, to ensure, to make sure"
la radio,447424,feminine of le: the,"radio, tuner"
la réunion,447418,feminine of le: the,"Réunion (an island, overseas department, and administrative region of France, located in the Indian Ocean to the west of Mauritius and to the east of Madagascar)"
l' angoisse,447327,"apocopic form of le, la: the","anguish, distress"
a en,447309,"The first letter of the French alphabet, written in the Latin script.","in (used to indicate space, also see usage notes)"
inutile de,447229,"useless, unnecessary, pointless",from (used to indicate origin)
elle nous,447158,she,the plural personal pronoun in the first person:
des conséquences,446989,"plural of un (“some”, the plural indefinite article)",plural of conséquence
pas dit,446848,"step, pace, footstep","a sentence, saying or maxim"
ils vont,446848,they (male or mixed group),third-person plural present indicative of aller
absence d',446836,absence (state of being absent or withdrawn),apocopic form of de: of
la transformation,446826,feminine of le: the,transformation
les êtres,446739,plural of le: the,plural of être
son maître,446703,sound,master
se lever,446674,abbreviation of sud-est; SE,"to raise, lift"
du milieu,446578,"contraction of de + le, literally “of the”",middle; center
des mouvements,446521,"plural of un (“some”, the plural indefinite article)",plural of mouvement
les couleurs,446513,plural of le: the,plural of couleur
entrée en,446459,"entry, act of entering","in (used to indicate space, also see usage notes)"
pas sa,446331,"step, pace, footstep",initialism of société anonyme (Incorporated (Inc.)) (Limited liability company (Ltd.))
sur deux,446047,"on, upon",two
la rive,445928,feminine of le: the,bank (of a river)
jusque dans,445913,"until, up to","in, inside (enclosed in a physical space, a group, a state)"
époque de,445876,vintage,from (used to indicate origin)
l' élaboration,445763,"apocopic form of le, la: the","drawing up, putting together, creation"
un bien,445730,"an, a","good, all right, great"
des pièces,445683,"plural of un (“some”, the plural indefinite article)",plural of pièce
bien ce,445150,"good, all right, great",EC (European Community)
les garçons,445046,plural of le: the,plural of garçon
le choc,444977,the (definite article),"hit, strike"
toujours dans,444753,always,"in, inside (enclosed in a physical space, a group, a state)"
son ventre,444541,sound,belly
trouver des,444461,"to find; to retrieve something lost, turn up something hidden, or encounter something previously unknown to one","plural of un (“some”, the plural indefinite article)"
facile à,444401,"easy, simple","A with grave accent, a letter used in French mostly to distinguish some homographs and in transliteration."
pas d,444392,"step, pace, footstep","The fourth letter of the French alphabet, written in the Latin script."
défaut de,444072,shortcoming,from (used to indicate origin)
ça a,444069,that (distal demonstrative pronoun),"The first letter of the French alphabet, written in the Latin script."
eu des,443975,initialism of États-Unis (= United States): a country in North America: US,"plural of un (“some”, the plural indefinite article)"
sans même,443850,without (not having),even
un second,443822,"an, a",second
moins une,443527,"comparative degree of peu; less, fewer","feminine singular of un (“a / an”), the feminine indefinite article"
niveau du,443492,level (general),"contraction of de + le, literally “of the”"
du lieu,443401,"contraction of de + le, literally “of the”",place
la version,443399,feminine of le: the,"version; model (a specific state, variant, or form of something)"
comme tout,443397,"as (in the role of, by way of)",all
une réalité,443214,"feminine singular of un (“a / an”), the feminine indefinite article",reality; actuality; truth
à mi,443113,"A with grave accent, a letter used in French mostly to distinguish some homographs and in transliteration.","mi, the note 'E'"
une foule,443094,"feminine singular of un (“a / an”), the feminine indefinite article",crowd
une meilleure,443072,"feminine singular of un (“a / an”), the feminine indefinite article",feminine singular of meilleur
se voit,443023,abbreviation of sud-est; SE,third-person singular present indicative of voir
me rappelle,442879,me (direct object),inflection of rappeler:
principes de,442850,plural of principe,from (used to indicate origin)
pense à,442702,inflection of penser:,"A with grave accent, a letter used in French mostly to distinguish some homographs and in transliteration."
les populations,442672,plural of le: the,plural of population
tel un,442534,such,"an, a"
en Amérique,442527,"in (used to indicate space, also see usage notes)","America, the Americas (a supercontinent consisting of North America, Central America and South America regarded as a whole; in full, the Americas)"
d' ouvrir,442505,apocopic form of de: of,to open
histoire d',442432,story,apocopic form of de: of
vendredi de,442364,Friday,from (used to indicate origin)
la conclusion,442317,feminine of le: the,conclusion
d' établir,442248,apocopic form of de: of,"to make out (a bill), to draw up (a document etc.)"
une démarche,442241,"feminine singular of un (“a / an”), the feminine indefinite article","gait, walk"
mettre au,442132,to put; to place,"contraction of à + le, literally “to the, for the, at the”"
monde des,442087,world,"plural of un (“some”, the plural indefinite article)"
bon sang,442015,good,blood
assurer la,441979,"to assure, to ensure, to make sure",feminine of le: the
Afrique du,441956,Africa (the continent south of Europe and between the Atlantic and Indian Oceans),"contraction of de + le, literally “of the”"
lutter contre,441952,"to struggle, to fight",against (in physical contact with)
elle y,441924,she,"a letter in the French alphabet, after x and before z"
un discours,441761,"an, a",speech
les corps,441723,plural of le: the,body
la totalité,441579,feminine of le: the,"totality, entirety"
des pieds,441481,"plural of un (“some”, the plural indefinite article)",plural of pied
aux pieds,441457,Contraction of à + les ('to the' or 'of the'),plural of pied
elle allait,441221,she,third-person singular imperfect indicative of aller
île de,441185,island,from (used to indicate origin)
portée de,441105,"reach, range, scope",from (used to indicate origin)
concerne les,441072,inflection of concerner:,plural of le: the
fonds de,440903,plural of fond,from (used to indicate origin)
faire en,440874,to do,"in (used to indicate space, also see usage notes)"
la Maison,440853,feminine of le: the,house
du mariage,440761,"contraction of de + le, literally “of the”",marriage
mois plus,440732,month,used to express the comparative and superlative of a following adjective or adverb
long des,440685,long,"plural of un (“some”, the plural indefinite article)"
à demi,440596,"A with grave accent, a letter used in French mostly to distinguish some homographs and in transliteration.",half
plus simple,440531,used to express the comparative and superlative of a following adjective or adverb,single
qui semble,440514,"who, whom",inflection of sembler:
salle à,440146,hall,"A with grave accent, a letter used in French mostly to distinguish some homographs and in transliteration."
un tableau,440092,"an, a",painting
l' unique,439971,"apocopic form of le, la: the",unique
dit l',439888,"a sentence, saying or maxim","apocopic form of le, la: the"
être dans,439809,to be,"in, inside (enclosed in a physical space, a group, a state)"
d' expression,439704,apocopic form of de: of,expression
gouvernement de,439662,government,from (used to indicate origin)
région de,439492,region; area,from (used to indicate origin)
de Noël,439466,from (used to indicate origin),"Christmas, Christmas time"
d' analyse,439452,apocopic form of de: of,analysis
le combat,439280,the (definite article),combat (hostile interaction)
un visage,439171,"an, a",face (of a human)
plusieurs années,439119,"several, many, a lot",plural of année
l' immeuble,439108,"apocopic form of le, la: the",building
soit par,439079,third-person singular present subjunctive of être,through
dans certaines,439013,"in, inside (enclosed in a physical space, a group, a state)",feminine plural of certain
encore et,438967,still,and
en prison,438890,"in (used to indicate space, also see usage notes)",prison
genre d',438857,kind,apocopic form of de: of
en rien,438844,"in (used to indicate space, also see usage notes)",nothing
plus dans,438788,used to express the comparative and superlative of a following adjective or adverb,"in, inside (enclosed in a physical space, a group, a state)"
de crédit,438742,from (used to indicate origin),credit
non de,438681,no,from (used to indicate origin)
l' émergence,438662,"apocopic form of le, la: the",emergence
une organisation,438625,"feminine singular of un (“a / an”), the feminine indefinite article",organization
façon à,438594,way; manner; fashion,"A with grave accent, a letter used in French mostly to distinguish some homographs and in transliteration."
puissance de,438305,power (physical or figuratively),from (used to indicate origin)
de pied,438266,from (used to indicate origin),foot
goût de,438086,"taste, flavour",from (used to indicate origin)
une chaise,438009,"feminine singular of un (“a / an”), the feminine indefinite article","chair, seat"
l' Académie,437855,"apocopic form of le, la: the",academy (learned society)
ne font,437835,abbreviation of nord-est; NE,third-person plural present indicative of faire
des décisions,437609,"plural of un (“some”, the plural indefinite article)",plural of décision
vu que,437605,past participle of voir,that (introduces a subordinate noun clause and connects it to its parent clause)
dis que,437565,inflection of dire:,that (introduces a subordinate noun clause and connects it to its parent clause)
vers son,437515,towards,sound
autant d',437471,so much,apocopic form of de: of
arrivée de,437460,arrival,from (used to indicate origin)
mais des,437296,"but, although","plural of un (“some”, the plural indefinite article)"
comment ça,437147,how,that (distal demonstrative pronoun)
mais pourquoi,437124,"but, although",why
par voie,436980,through,"way, track"
un effort,436934,"an, a",effort
des sujets,436878,"plural of un (“some”, the plural indefinite article)",plural of sujet
sur notre,436753,"on, upon",our
voir ce,436715,to see (visually),EC (European Community)
après sa,436648,"after, later than in time.",initialism of société anonyme (Incorporated (Inc.)) (Limited liability company (Ltd.))
de cœur,436616,from (used to indicate origin),heart (organ)
cœur du,436589,heart (organ),"contraction of de + le, literally “of the”"
que plus,436575,that (introduces a subordinate noun clause and connects it to its parent clause),used to express the comparative and superlative of a following adjective or adverb
pouvait se,436481,third-person singular imperfect indicative of pouvoir,abbreviation of sud-est; SE
relations entre,436365,plural of relation,between
du domaine,436316,"contraction of de + le, literally “of the”",domain
d' emblée,436092,apocopic form of de: of,feminine singular of emblé
droit et,436039,right (entitlement),and
mais sa,435977,"but, although",initialism of société anonyme (Incorporated (Inc.)) (Limited liability company (Ltd.))
eux et,435959,disjunctive form of ils; them,and
voilà ce,435939,"there (it) is, there (it) comes",EC (European Community)
le principal,435891,the (definite article),"main, key, principal"
laquelle le,435852,feminine singular of lequel,the (definite article)
la convention,435750,feminine of le: the,"convention, agreement"
de reconnaissance,435612,from (used to indicate origin),recognition
des articles,435471,"plural of un (“some”, the plural indefinite article)",plural of article
peut donc,435439,third-person singular present indicative of pouvoir,"therefore, consequently; thus"
il pourrait,435249,he (third-person singular masculine subject pronoun for human subject),third-person singular conditional of pouvoir
égard des,435192,consideration,"plural of un (“some”, the plural indefinite article)"
de choisir,435065,from (used to indicate origin),to choose
une pause,434657,"feminine singular of un (“a / an”), the feminine indefinite article","pause, break"
ci ne,434624,alternative form of ici (“here”),abbreviation of nord-est; NE
un rire,434498,"an, a",to laugh
soit un,434470,third-person singular present subjunctive of être,"an, a"
ait été,434448,third-person singular present subjunctive of avoir,summer
du bout,434228,"contraction of de + le, literally “of the”","end, extremity, tip (of a physical object)"
de traitement,434143,from (used to indicate origin),treatment
un couple,434076,"an, a",two partners in a romantic or sexual relationship
passage de,434015,the act of going through a place or event,from (used to indicate origin)
par d',433992,through,apocopic form of de: of
du général,433935,"contraction of de + le, literally “of the”",general
de poursuivre,433678,from (used to indicate origin),"to pursue, to chase"
de continuer,433672,from (used to indicate origin),to continue
effet d',433640,effect,apocopic form of de: of
tout pour,433577,all,"for (meant for, intended for)"
relative à,433469,feminine singular of relatif,"A with grave accent, a letter used in French mostly to distinguish some homographs and in transliteration."
intérêt à,433382,interest (great attention and concern from someone),"A with grave accent, a letter used in French mostly to distinguish some homographs and in transliteration."
esprit et,433376,immaterial or incorporeal substance,and
ses forces,433283,"his, her, its, their, one's (when referring to a plural noun)",plural of force
University Press,433245,,
le personnage,433207,the (definite article),"character (in a play, program, film)"
la menace,433190,feminine of le: the,threat
de ça,433160,from (used to indicate origin),that (distal demonstrative pronoun)
les œuvres,433111,plural of le: the,plural of œuvre
le sait,432692,the (definite article),third-person singular present indicative of savoir
vie d',432687,"life, the state of organisms (organic beings) prior to death",apocopic form of de: of
lorsque vous,432671,when (at a time when),the plural personal pronoun in the second person
en guise,432653,"in (used to indicate space, also see usage notes)",way
de chance,432439,from (used to indicate origin),chance
vais vous,432299,first-person singular present indicative of aller,the plural personal pronoun in the second person
la province,432286,feminine of le: the,province
port de,432104,"port, harbour",from (used to indicate origin)
le réseau,431893,the (definite article),network
main à,431796,hand,"A with grave accent, a letter used in French mostly to distinguish some homographs and in transliteration."
va être,431607,"""version anglaise"" — English-language version (EV); a film dubbed in English",to be
les documents,431606,plural of le: the,plural of document
pas pourquoi,431604,"step, pace, footstep",why
de femme,431586,from (used to indicate origin),woman
relations avec,431427,plural of relation,with
pensée de,431407,feminine singular of pensé,from (used to indicate origin)
issue de,431325,"exit, way out",from (used to indicate origin)
cause des,431306,cause,"plural of un (“some”, the plural indefinite article)"
les chefs,431240,plural of le: the,plural of chef
part du,431161,share,"contraction of de + le, literally “of the”"
les marchés,431044,plural of le: the,plural of marché
la signification,430932,feminine of le: the,signification
essentiel de,430744,essential,from (used to indicate origin)
la magie,430672,feminine of le: the,magic
cela peut,430657,that,third-person singular present indicative of pouvoir
délai de,430613,time limit,from (used to indicate origin)
une liste,430607,"feminine singular of un (“a / an”), the feminine indefinite article",list
nécessaires pour,430511,plural of nécessaire,"for (meant for, intended for)"
vous trouverez,430270,the plural personal pronoun in the second person,second-person plural future of trouver
un passage,430262,"an, a",the act of going through a place or event
chacune des,430114,"feminine singular of chacun: each, each one, every, every one","plural of un (“some”, the plural indefinite article)"
ne parle,430106,abbreviation of nord-est; NE,inflection of parler
de larmes,429837,from (used to indicate origin),plural of larme
