text,popularity,meaning1,meaning2
of the,1746034516,,
in the,1126073086,"currently fashionable; ""the in thing to do""; ""large shoulder pads are in""",
to the,691479125,,
on the,478338333,"in operation or operational; ""left the oven on""; ""the switch is in the on position""",
and the,458356999,,
to be,339823365,,a light strong brittle grey toxic bivalent metallic element
for the,331497583,,
at the,297072876,100 at equal 1 kip in Laos,
from the,292096750,,
with the,280004707,,
of a,272341796,,"the basic unit of electric current adopted under the Systeme International d'Unites; ""a typical household circuit carries 15 to 50 amps"""
in a,262673315,"currently fashionable; ""the in thing to do""; ""large shoulder pads are in""","the basic unit of electric current adopted under the Systeme International d'Unites; ""a typical household circuit carries 15 to 50 amps"""
it is,260532198,the branch of engineering that deals with the use of computers and telecommunications to retrieve and store and transmit information,
by the,245114457,"in reserve; not for immediate use; ""started setting aside money to buy a car""; ""put something by for her old age""; ""has a nest egg tucked away for a rainy day""",
it was,242819588,the branch of engineering that deals with the use of computers and telecommunications to retrieve and store and transmit information,
that the,239267624,,
as a,210009592,a very poisonous metallic element that has three allotropic forms; arsenic and arsenic compounds are used as herbicides and insecticides and various alloys; found in arsenopyrite and orpiment and realgar,"the basic unit of electric current adopted under the Systeme International d'Unites; ""a typical household circuit carries 15 to 50 amps"""
do not,208238506,doctor's degree in osteopathy,"negation of a word or group of words; ""he does not speak French""; ""she is not going""; ""they are not friends""; ""not many""; ""not much""; ""not at all"""
did not,189707027,,"negation of a word or group of words; ""he does not speak French""; ""she is not going""; ""they are not friends""; ""not many""; ""not much""; ""not at all"""
is a,173172313,,"the basic unit of electric current adopted under the Systeme International d'Unites; ""a typical household circuit carries 15 to 50 amps"""
with a,172195772,,"the basic unit of electric current adopted under the Systeme International d'Unites; ""a typical household circuit carries 15 to 50 amps"""
he was,165151440,a very light colorless element that is one of the six inert gasses; the most difficult gas to liquefy; occurs in economically extractable amounts in certain natural gases (as those found in Texas and Kansas),
is the,158684175,,
as the,155900784,a very poisonous metallic element that has three allotropic forms; arsenic and arsenic compounds are used as herbicides and insecticides and various alloys; found in arsenopyrite and orpiment and realgar,
for a,148472592,,"the basic unit of electric current adopted under the Systeme International d'Unites; ""a typical household circuit carries 15 to 50 amps"""
can be,137795460,the quantity contained in a can,a light strong brittle grey toxic bivalent metallic element
the same,136452775,,"equal in amount or value; ""like amounts""; ""equivalent amounts""; ""the same amount""; ""gave one six blows and the other a like number""; ""the same number"""
is not,129706294,,"negation of a word or group of words; ""he does not speak French""; ""she is not going""; ""they are not friends""; ""not many""; ""not much""; ""not at all"""
into the,129091280,,
to a,128884425,,"the basic unit of electric current adopted under the Systeme International d'Unites; ""a typical household circuit carries 15 to 50 amps"""
was a,126807445,,"the basic unit of electric current adopted under the Systeme International d'Unites; ""a typical household circuit carries 15 to 50 amps"""
it 's,121035592,the branch of engineering that deals with the use of computers and telecommunications to retrieve and store and transmit information,
one of,118629507,"being a single entity made by combining separate components; ""three chemicals combining into one solution""",
of his,115219256,,
I was,113064749,"used of a single unit or thing; not two or more; ""`ane' is Scottish""",
in this,112094069,"currently fashionable; ""the in thing to do""; ""large shoulder pads are in""",
I 'm,111638971,"used of a single unit or thing; not two or more; ""`ane' is Scottish""",
have been,111420949,a person who possesses great material wealth,
was not,111360466,,"negation of a word or group of words; ""he does not speak French""; ""she is not going""; ""they are not friends""; ""not many""; ""not much""; ""not at all"""
the first,111244722,,"serving to begin; ""the beginning canto of the poem""; ""the first verse"""
had been,108357102,,
out of,107336419,"outer or outlying; ""the out islands""",
and a,106832191,,"the basic unit of electric current adopted under the Systeme International d'Unites; ""a typical household circuit carries 15 to 50 amps"""
and I,105589183,,"used of a single unit or thing; not two or more; ""`ane' is Scottish"""
he had,105506150,a very light colorless element that is one of the six inert gasses; the most difficult gas to liquefy; occurs in economically extractable amounts in certain natural gases (as those found in Texas and Kansas),
et al,102681988,,a silvery ductile metallic element found primarily in bauxite
of this,99759563,,
she was,99564665,,
can not,99295923,the quantity contained in a can,"negation of a word or group of words; ""he does not speak French""; ""she is not going""; ""they are not friends""; ""not many""; ""not much""; ""not at all"""
there is,99213056,"a location other than here; that place; ""you can take it from there""",
such as,98653699,"to so extreme a degree; ""he is such a baby""; ""Such rich people!""",a very poisonous metallic element that has three allotropic forms; arsenic and arsenic compounds are used as herbicides and insecticides and various alloys; found in arsenopyrite and orpiment and realgar
this is,97900909,,
would be,93616008,,a light strong brittle grey toxic bivalent metallic element
in his,91205507,"currently fashionable; ""the in thing to do""; ""large shoulder pads are in""",
may be,90202200,thorny Eurasian shrub of small tree having dense clusters of white to scarlet flowers followed by deep red berries; established as an escape in eastern North America,a light strong brittle grey toxic bivalent metallic element
all the,88500336,"completely given to or absorbed by; ""became all attention""",
the other,87727002,,"not the same one or ones already mentioned or implied; ""today isn't any other day""- the White Queen; ""the construction of highways and other public works""; ""he asked for other employment""; ""any other person would tell the truth""; ""his other books are still in storage""; ""then we looked at the other house""; ""hearing was good in his other ear""; ""the other sex""; ""she lived on the other side of the street from me""; ""went in the other direction"""
does not,86982086,,"negation of a word or group of words; ""he does not speak French""; ""she is not going""; ""they are not friends""; ""not many""; ""not much""; ""not at all"""
will be,85649314,"the capability of conscious choice and decision and intention; ""the exercise of their volition we construe as revolt""- George Meredith",a light strong brittle grey toxic bivalent metallic element
not be,84461401,"negation of a word or group of words; ""he does not speak French""; ""she is not going""; ""they are not friends""; ""not many""; ""not much""; ""not at all""",a light strong brittle grey toxic bivalent metallic element
that is,83164330,,
on a,83062897,"in operation or operational; ""left the oven on""; ""the switch is in the on position""","the basic unit of electric current adopted under the Systeme International d'Unites; ""a typical household circuit carries 15 to 50 amps"""
has been,83019573,,
was the,82642029,,
to do,81747060,,doctor's degree in osteopathy
that he,81072726,,a very light colorless element that is one of the six inert gasses; the most difficult gas to liquefy; occurs in economically extractable amounts in certain natural gases (as those found in Texas and Kansas)
there was,81056879,"a location other than here; that place; ""you can take it from there""",
if you,80339245,,
they were,79004449,,
I do,77942924,"used of a single unit or thing; not two or more; ""`ane' is Scottish""",doctor's degree in osteopathy
I have,77606186,"used of a single unit or thing; not two or more; ""`ane' is Scottish""",a person who possesses great material wealth
could not,76678643,,"negation of a word or group of words; ""he does not speak French""; ""she is not going""; ""they are not friends""; ""not many""; ""not much""; ""not at all"""
through the,76591125,"having finished or arrived at completion; ""certain to make history before he's done""; ""it's a done deed""; ""after the treatment, the patient is through except for follow-up""; ""almost through with his studies""",
the most,76478610,,"used to form the superlative; ""the king cobra is the most dangerous snake"""
as well,75770531,a very poisonous metallic element that has three allotropic forms; arsenic and arsenic compounds are used as herbicides and insecticides and various alloys; found in arsenopyrite and orpiment and realgar,"in good health especially after having suffered illness or injury; ""appears to be entirely well""; ""the wound is nearly well""; ""a well man""; ""I think I'm well; at least I feel well"""
about the,75460252,"in rotation or succession; ""turn about is fair play""",
part of,74072904,"assets belonging to or due to or contributed by an individual person or group; ""he wanted his share in cash""",
and then,73537682,,"that time; that moment; ""we will arrive before then""; ""we were friends from then on"""
they are,73037285,,a unit of surface area equal to 100 square meters
number of,71434362,"a concept of quantity involving zero and units; ""every number has a unique position in the sequence""",
to make,70899040,,the act of mixing cards haphazardly
going to,69686230,the act of departing,
to have,69604737,,a person who possesses great material wealth
you can,69321305,,the quantity contained in a can
want to,68341839,"the state of needing something that is absent or unavailable; ""there is a serious lack of insight into the problem""; ""water is the critical deficiency in desert regions""; ""for want of a nail the shoe was lost""",
of her,68294709,,
have to,67999044,a person who possesses great material wealth,
should be,67319065,,a light strong brittle grey toxic bivalent metallic element
a few,67157817,"the basic unit of electric current adopted under the Systeme International d'Unites; ""a typical household circuit carries 15 to 50 amps""","a quantifier that can be used with count nouns and is often preceded by `a'; a small but indefinite number; ""a few weeks ago""; ""a few more wagons than usual""; ""an invalid's pleasures are few and far between""; ""few roses were still blooming""; ""few women have led troops in battle"""
over the,67084424,(cricket) the division of play during which six balls are bowled at the batsman by one player from the other team from the same end of the pitch,
more than,66486791,"English statesman who opposed Henry VIII's divorce from Catherine of Aragon and was imprisoned and beheaded; recalled for his concept of Utopia, the ideal state",
have a,66377551,a person who possesses great material wealth,"the basic unit of electric current adopted under the Systeme International d'Unites; ""a typical household circuit carries 15 to 50 amps"""
there are,66314886,"a location other than here; that place; ""you can take it from there""",a unit of surface area equal to 100 square meters
when the,65393832,,
of their,65293384,,
to get,64514666,,a return on a shot that seemed impossible to reach and would normally have resulted in a point for the opponent
in which,64502760,"currently fashionable; ""the in thing to do""; ""large shoulder pads are in""",
and he,64137267,,a very light colorless element that is one of the six inert gasses; the most difficult gas to liquefy; occurs in economically extractable amounts in certain natural gases (as those found in Texas and Kansas)
she had,64126499,,
the world,63625061,,"all of the living human inhabitants of the earth; ""all the world loves a lover""; ""she always used `humankind' because `mankind' seemed to slight the women"""
by a,62788276,"in reserve; not for immediate use; ""started setting aside money to buy a car""; ""put something by for her old age""; ""has a nest egg tucked away for a rainy day""","the basic unit of electric current adopted under the Systeme International d'Unites; ""a typical household circuit carries 15 to 50 amps"""
New York,62754489,"having no previous example or precedent or parallel; ""a time of unexampled prosperity""",the English royal house (a branch of the Plantagenet line) that reigned from 1461 to 1485; its emblem was a white rose
I am,62433665,"used of a single unit or thing; not two or more; ""`ane' is Scottish""",a radioactive transuranic metallic element; discovered by bombarding uranium with helium atoms
that it,62177139,,the branch of engineering that deals with the use of computers and telecommunications to retrieve and store and transmit information
you 're,62055792,,
I had,61970947,"used of a single unit or thing; not two or more; ""`ane' is Scottish""",
as he,61708507,a very poisonous metallic element that has three allotropic forms; arsenic and arsenic compounds are used as herbicides and insecticides and various alloys; found in arsenopyrite and orpiment and realgar,a very light colorless element that is one of the six inert gasses; the most difficult gas to liquefy; occurs in economically extractable amounts in certain natural gases (as those found in Texas and Kansas)
for example,61690815,,"an item of information that is typical of a class or group; ""this patient provides a typical example of the syndrome""; ""there is an example on page 10"""
but the,61025064,"and nothing more; ""I was merely asking""; ""it is simply a matter of time""; ""just a scratch""; ""he was only a child""; ""hopes that last but a moment""",
need to,60875127,"a condition requiring relief; ""she satisfied his need for affection""; ""God has no need of men to accomplish His work""; ""there is a demand for jobs""",
that I,60825051,,"used of a single unit or thing; not two or more; ""`ane' is Scottish"""
if the,60795236,,
be a,59618747,a light strong brittle grey toxic bivalent metallic element,"the basic unit of electric current adopted under the Systeme International d'Unites; ""a typical household circuit carries 15 to 50 amps"""
of these,59320407,,
and that,59314018,,
to see,59147537,,the seat within a bishop's diocese where his cathedral is located
that 's,58136229,,
the time,57891311,,"an indefinite period (usually marked by specific attributes or activities); ""the time of year for planting""; ""he was a great actor in his time"""
but I,57880249,"and nothing more; ""I was merely asking""; ""it is simply a matter of time""; ""just a scratch""; ""he was only a child""; ""hopes that last but a moment""","used of a single unit or thing; not two or more; ""`ane' is Scottish"""
he said,57376285,a very light colorless element that is one of the six inert gasses; the most difficult gas to liquefy; occurs in economically extractable amounts in certain natural gases (as those found in Texas and Kansas),
you are,57261232,,a unit of surface area equal to 100 square meters
able to,57117571,"having a strong healthy body; ""an able seaman""; ""every able-bodied young man served in the army""",
I can,56573188,"used of a single unit or thing; not two or more; ""`ane' is Scottish""",the quantity contained in a can
between the,56090026,"in between; ""two houses with a tree between""",
are not,56016701,a unit of surface area equal to 100 square meters,"negation of a word or group of words; ""he does not speak French""; ""she is not going""; ""they are not friends""; ""not many""; ""not much""; ""not at all"""
we have,54486963,,a person who possesses great material wealth
of an,53852258,,an associate degree in nursing
to her,53836478,,
that they,53698705,,
during the,53597040,,
well as,53477849,"in good health especially after having suffered illness or injury; ""appears to be entirely well""; ""the wound is nearly well""; ""a well man""; ""I think I'm well; at least I feel well""",a very poisonous metallic element that has three allotropic forms; arsenic and arsenic compounds are used as herbicides and insecticides and various alloys; found in arsenopyrite and orpiment and realgar
would not,53231015,,"negation of a word or group of words; ""he does not speak French""; ""she is not going""; ""they are not friends""; ""not many""; ""not much""; ""not at all"""
you have,53203599,,a person who possesses great material wealth
at least,52965612,100 at equal 1 kip in Laos,"something that is of no importance; ""it is the least I can do""; ""that is the least of my concerns"""
and in,52697644,,"currently fashionable; ""the in thing to do""; ""large shoulder pads are in"""
not have,52664109,"negation of a word or group of words; ""he does not speak French""; ""she is not going""; ""they are not friends""; ""not many""; ""not much""; ""not at all""",a person who possesses great material wealth
which is,52573819,,
to his,52449134,,
the way,52243572,,"a portion of something divided into shares; ""they split the loot three ways"""
is to,52060741,,
would have,51784870,,a person who possesses great material wealth
and to,51597505,,
based on,51224403,"having a base of operations (often used as a combining form); ""a locally based business""; ""an Atlanta-based company""; ""carrier-based planes""","in operation or operational; ""left the oven on""; ""the switch is in the on position"""
is that,51103724,,
had to,51063311,,
back to,50717648,"a support that you can lean against while sitting; ""the back of the dental chair was adjustable""",
had a,50444674,,"the basic unit of electric current adopted under the Systeme International d'Unites; ""a typical household circuit carries 15 to 50 amps"""
the two,50433549,,"being one more than one; ""he received two messages"""
the following,50382543,,"immediately following in time or order; ""the following day""; ""next in line""; ""the next president""; ""the next item on the list"""
and it,50069640,,the branch of engineering that deals with the use of computers and telecommunications to retrieve and store and transmit information
that was,49870083,,
of them,49838744,,
must be,49467920,the quality of smelling or tasting old or stale or mouldy,a light strong brittle grey toxic bivalent metallic element
do you,49017735,doctor's degree in osteopathy,
from a,48839941,,"the basic unit of electric current adopted under the Systeme International d'Unites; ""a typical household circuit carries 15 to 50 amps"""
like a,48808625,"resembling or similar; having the same or some of the same characteristics; often used in combination; ""suits of like design""; ""a limited circle of like minds""; ""members of the cat family have like dispositions""; ""as like as two peas in a pod""; ""doglike devotion""; ""a dreamlike quality""","the basic unit of electric current adopted under the Systeme International d'Unites; ""a typical household circuit carries 15 to 50 amps"""
but it,48643227,"and nothing more; ""I was merely asking""; ""it is simply a matter of time""; ""just a scratch""; ""he was only a child""; ""hopes that last but a moment""",the branch of engineering that deals with the use of computers and telecommunications to retrieve and store and transmit information
he 'd,48496929,a very light colorless element that is one of the six inert gasses; the most difficult gas to liquefy; occurs in economically extractable amounts in certain natural gases (as those found in Texas and Kansas),
a little,48265266,"the basic unit of electric current adopted under the Systeme International d'Unites; ""a typical household circuit carries 15 to 50 amps""","(informal) small and of little importance; ""a fiddling sum of money""; ""a footling gesture""; ""our worries are lilliputian compared with those of countries that are at war""; ""a little (or small) matter""; ""a dispute over niggling details""; ""limited to petty enterprises""; ""piffling efforts""; ""giving a police officer a free meal may be against the law, but it seems to be a picayune infraction"""
when he,47692385,,a very light colorless element that is one of the six inert gasses; the most difficult gas to liquefy; occurs in economically extractable amounts in certain natural gases (as those found in Texas and Kansas)
I could,47573097,"used of a single unit or thing; not two or more; ""`ane' is Scottish""",
in her,47527489,"currently fashionable; ""the in thing to do""; ""large shoulder pads are in""",
and his,47516915,,
used to,47484851,"previously used or owned by another; ""bought a secondhand (or used) car""",
up to,47469218,"open; ""the windows are up""",
at a,47250552,100 at equal 1 kip in Laos,"the basic unit of electric current adopted under the Systeme International d'Unites; ""a typical household circuit carries 15 to 50 amps"""
use of,46801165,"(economics) the utilization of economic goods to satisfy needs or in manufacturing; ""the consumption of energy has increased steadily""",
according to,46786465,"(followed by `to') as reported or stated by; ""according to historians""",
some of,46602299,"remarkable; ""that was some party""; ""she is some skier""",
in their,46357891,"currently fashionable; ""the in thing to do""; ""large shoulder pads are in""",
not know,45665714,"negation of a word or group of words; ""he does not speak French""; ""she is not going""; ""they are not friends""; ""not many""; ""not much""; ""not at all""","the fact of being aware of information that is known to few people; ""he is always in the know"""
to take,45601348,,"the income or profit arising from such transactions as the sale of land or other property; ""the average return was about 5%"""
into a,45528788,,"the basic unit of electric current adopted under the Systeme International d'Unites; ""a typical household circuit carries 15 to 50 amps"""
will not,45096918,"the capability of conscious choice and decision and intention; ""the exercise of their volition we construe as revolt""- George Meredith","negation of a word or group of words; ""he does not speak French""; ""she is not going""; ""they are not friends""; ""not many""; ""not much""; ""not at all"""
he could,44854458,a very light colorless element that is one of the six inert gasses; the most difficult gas to liquefy; occurs in economically extractable amounts in certain natural gases (as those found in Texas and Kansas),
United States,44750031,of or relating to two people who are married to each other,
of my,44528594,,
had not,44509221,,"negation of a word or group of words; ""he does not speak French""; ""she is not going""; ""they are not friends""; ""not many""; ""not much""; ""not at all"""
a new,44431531,"the basic unit of electric current adopted under the Systeme International d'Unites; ""a typical household circuit carries 15 to 50 amps""","having no previous example or precedent or parallel; ""a time of unexampled prosperity"""
under the,44058973,"located below or beneath something else; ""nether garments""; ""the under parts of a machine""",
could be,44044896,,a light strong brittle grey toxic bivalent metallic element
we can,43897507,,the quantity contained in a can
the United,43833070,,of or relating to two people who are married to each other
of course,43707993,,"facility consisting of a circumscribed area of land or water laid out for a sport; ""the course had only nine holes""; ""the course was less than a mile"""
to me,43667735,,a state in New England
the end,43562707,,"(football) the person who plays at one end of the line of scrimmage; ""the end managed to hold onto the pass"""
I did,43533352,"used of a single unit or thing; not two or more; ""`ane' is Scottish""",
to go,43484567,,"functioning correctly and ready for action; ""all systems are go"""
we are,43482050,,a unit of surface area equal to 100 square meters
due to,43299757,"owed and payable immediately or on demand; ""payment is due""",
the next,43298766,,"immediately following in time or order; ""the following day""; ""next in line""; ""the next president""; ""the next item on the list"""
after the,43156208,"behind or in the rear; ""and Jill came tumbling after""",
when I,42899040,,"used of a single unit or thing; not two or more; ""`ane' is Scottish"""
I 'll,42851888,"used of a single unit or thing; not two or more; ""`ane' is Scottish""",
in order,42731369,"currently fashionable; ""the in thing to do""; ""large shoulder pads are in""","the act of putting things in a sequential arrangement; ""there were mistakes in the ordering of items on the list"""
that you,42717284,,
of all,42338060,,"completely given to or absorbed by; ""became all attention"""
it would,42048990,the branch of engineering that deals with the use of computers and telecommunications to retrieve and store and transmit information,
such a,42010330,"to so extreme a degree; ""he is such a baby""; ""Such rich people!""","the basic unit of electric current adopted under the Systeme International d'Unites; ""a typical household circuit carries 15 to 50 amps"""
as if,41718334,a very poisonous metallic element that has three allotropic forms; arsenic and arsenic compounds are used as herbicides and insecticides and various alloys; found in arsenopyrite and orpiment and realgar,
end of,41504621,"(football) the person who plays at one end of the line of scrimmage; ""the end managed to hold onto the pass""",
not to,41343458,"negation of a word or group of words; ""he does not speak French""; ""she is not going""; ""they are not friends""; ""not many""; ""not much""; ""not at all""",
on his,41080972,"in operation or operational; ""left the oven on""; ""the switch is in the on position""",
what is,40958701,,
in an,40933836,"currently fashionable; ""the in thing to do""; ""large shoulder pads are in""",an associate degree in nursing
that she,40927878,,
the last,40760675,,"occurring at or forming an end or termination; ""his concluding words came as a surprise""; ""the final chapter""; ""the last days of the dinosaurs""; ""terminal leave"""
as an,40668671,a very poisonous metallic element that has three allotropic forms; arsenic and arsenic compounds are used as herbicides and insecticides and various alloys; found in arsenopyrite and orpiment and realgar,an associate degree in nursing
within the,40255001,"on the inside; ""inside, the car is a mess""",
in my,40222225,"currently fashionable; ""the in thing to do""; ""large shoulder pads are in""",
all of,40155794,"completely given to or absorbed by; ""became all attention""",
she 'd,39920210,,
a good,39902321,"the basic unit of electric current adopted under the Systeme International d'Unites; ""a typical household circuit carries 15 to 50 amps""","resulting favorably; ""it's a good thing that I wasn't there""; ""it is good that you stayed""; ""it is well that no one saw you""; ""all's well that ends well"""
which the,39901425,,
and she,39616201,,
as I,39428086,a very poisonous metallic element that has three allotropic forms; arsenic and arsenic compounds are used as herbicides and insecticides and various alloys; found in arsenopyrite and orpiment and realgar,"used of a single unit or thing; not two or more; ""`ane' is Scottish"""
is an,39390679,,an associate degree in nursing
as she,39331061,a very poisonous metallic element that has three allotropic forms; arsenic and arsenic compounds are used as herbicides and insecticides and various alloys; found in arsenopyrite and orpiment and realgar,
the door,39320199,,"a swinging or sliding barrier that will close the entrance to a room or building or vehicle; ""he knocked on the door""; ""he slammed the door as he left"""
order to,39183248,"the act of putting things in a sequential arrangement; ""there were mistakes in the ordering of items on the list""",
so that,38820815,the syllable naming the fifth (dominant) note of any musical scale in solmization,
he did,38649779,a very light colorless element that is one of the six inert gasses; the most difficult gas to liquefy; occurs in economically extractable amounts in certain natural gases (as those found in Texas and Kansas),
I 've,38335879,"used of a single unit or thing; not two or more; ""`ane' is Scottish""",
wanted to,38317110,"characterized by feeling or showing fond affection for; ""a cherished friend""; ""children are precious""; ""a treasured heirloom""; ""so good to feel wanted""",
rather than,38162430,"more readily or willingly; ""clean it well, preferably with warm water""; ""I'd rather be in Philadelphia""; ""I'd sooner die than give up""",
are the,38122705,a unit of surface area equal to 100 square meters,
he would,37963836,a very light colorless element that is one of the six inert gasses; the most difficult gas to liquefy; occurs in economically extractable amounts in certain natural gases (as those found in Texas and Kansas),
that we,37926846,,
kind of,37758798,"tolerant and forgiving under provocation; ""our neighbor was very kind about the window our son broke""",
he is,37754622,a very light colorless element that is one of the six inert gasses; the most difficult gas to liquefy; occurs in economically extractable amounts in certain natural gases (as those found in Texas and Kansas),
to him,37747303,,
you know,37702439,,"the fact of being aware of information that is known to few people; ""he is always in the know"""
I will,37687757,"used of a single unit or thing; not two or more; ""`ane' is Scottish""","the capability of conscious choice and decision and intention; ""the exercise of their volition we construe as revolt""- George Meredith"
and other,37676543,,"not the same one or ones already mentioned or implied; ""today isn't any other day""- the White Queen; ""the construction of highways and other public works""; ""he asked for other employment""; ""any other person would tell the truth""; ""his other books are still in storage""; ""then we looked at the other house""; ""hearing was good in his other ear""; ""the other sex""; ""she lived on the other side of the street from me""; ""went in the other direction"""
that are,37656973,,a unit of surface area equal to 100 square meters
the right,37606824,,"appropriate for a condition or purpose or occasion or a person's character, needs; ""everything in its proper place""; ""the right man for the job""; ""she is not suitable for the position"""
she said,37601620,,
but he,37344361,"and nothing more; ""I was merely asking""; ""it is simply a matter of time""; ""just a scratch""; ""he was only a child""; ""hopes that last but a moment""",a very light colorless element that is one of the six inert gasses; the most difficult gas to liquefy; occurs in economically extractable amounts in certain natural gases (as those found in Texas and Kansas)
you do,37266501,,doctor's degree in osteopathy
I think,36973075,"used of a single unit or thing; not two or more; ""`ane' is Scottish""","an instance of deliberate thinking; ""I need to give it a good think"""
be the,36925207,a light strong brittle grey toxic bivalent metallic element,
they had,36886500,,
up the,36883477,"open; ""the windows are up""",
with his,36872935,,
where the,36618020,,
or the,36506955,"a room in a hospital equipped for the performance of surgical operations; ""great care is taken to keep the operating rooms aseptic""",
as they,36487323,a very poisonous metallic element that has three allotropic forms; arsenic and arsenic compounds are used as herbicides and insecticides and various alloys; found in arsenopyrite and orpiment and realgar,
than the,36457611,,
not a,36378507,"negation of a word or group of words; ""he does not speak French""; ""she is not going""; ""they are not friends""; ""not many""; ""not much""; ""not at all""","the basic unit of electric current adopted under the Systeme International d'Unites; ""a typical household circuit carries 15 to 50 amps"""
he 's,36181432,a very light colorless element that is one of the six inert gasses; the most difficult gas to liquefy; occurs in economically extractable amounts in certain natural gases (as those found in Texas and Kansas),
the only,36171292,,"exclusive of anyone or anything else; ""she alone believed him""; ""cannot live by bread alone""; ""I'll have this car and this car only"""
I would,35990343,"used of a single unit or thing; not two or more; ""`ane' is Scottish""",
because of,35825501,,
as it,35739659,a very poisonous metallic element that has three allotropic forms; arsenic and arsenic compounds are used as herbicides and insecticides and various alloys; found in arsenopyrite and orpiment and realgar,the branch of engineering that deals with the use of computers and telecommunications to retrieve and store and transmit information
not only,35576835,"negation of a word or group of words; ""he does not speak French""; ""she is not going""; ""they are not friends""; ""not many""; ""not much""; ""not at all""","exclusive of anyone or anything else; ""she alone believed him""; ""cannot live by bread alone""; ""I'll have this car and this car only"""
against the,35532751,,
I know,35461748,"used of a single unit or thing; not two or more; ""`ane' is Scottish""","the fact of being aware of information that is known to few people; ""he is always in the know"""
this was,35339287,,
I 'd,35264551,"used of a single unit or thing; not two or more; ""`ane' is Scottish""",
of it,35258314,,the branch of engineering that deals with the use of computers and telecommunications to retrieve and store and transmit information
you will,35236227,,"the capability of conscious choice and decision and intention; ""the exercise of their volition we construe as revolt""- George Meredith"
and they,35048794,,
if he,34873745,,a very light colorless element that is one of the six inert gasses; the most difficult gas to liquefy; occurs in economically extractable amounts in certain natural gases (as those found in Texas and Kansas)
of its,34869450,,
the case,34829874,,"a person who is subjected to experimental or other observational procedures; someone who is an object of investigation; ""the subjects for this investigation were selected randomly""; ""the cases that we studied were drawn from two different communities"""
of our,34702293,,
to say,34663731,,"the chance to speak; ""let him have his say"""
him to,34541860,,
there were,34494563,"a location other than here; that place; ""you can take it from there""",
the second,34367230,,"a part or voice or instrument or orchestra section lower in pitch than or subordinate to the first; ""second flute""; ""the second violins"""
trying to,34212907,"hard to endure; ""fell upon trying times""",
me to,34007828,a state in New England,
that a,33752508,,"the basic unit of electric current adopted under the Systeme International d'Unites; ""a typical household circuit carries 15 to 50 amps"""
she could,33621708,,
the best,33522757,,"(superlative of `good') having the most positive qualities; ""the best film of the year""; ""the best solution""; ""the best time for planting""; ""wore his best suit"""
with her,33438587,,
if I,33398009,,"used of a single unit or thing; not two or more; ""`ane' is Scottish"""
to find,33383921,,the act of discovering something
how to,32732061,,
are you,32637285,a unit of surface area equal to 100 square meters,
Journal of,32388855,a ledger in which transactions have been recorded as they occurred,
not the,32109458,"negation of a word or group of words; ""he does not speak French""; ""she is not going""; ""they are not friends""; ""not many""; ""not much""; ""not at all""",
his own,32091117,,"have ownership or possession of; ""He owns three houses in Florida""; ""How many cars does she have?"""
around the,31973421,"in circumference; ""the trunk is ten feet around""; ""the pond is two miles around""",
the new,31891989,,"having no previous example or precedent or parallel; ""a time of unexampled prosperity"""
way to,31827305,"a portion of something divided into shares; ""they split the loot three ways""",
it to,31731646,the branch of engineering that deals with the use of computers and telecommunications to retrieve and store and transmit information,
who had,31633301,a United Nations agency to coordinate international health activities and to help governments improve health services,
and their,31610547,,
University of,31480950,"establishment where a seat of higher learning is housed, including administrative and living quarters as well as facilities for research and teaching",
across the,31465713,"transversely; ""the marble slabs were cut across""",
the one,31436421,,"being a single entity made by combining separate components; ""three chemicals combining into one solution"""
most of,31423512,"used to form the superlative; ""the king cobra is the most dangerous snake""",
was in,31350032,,"currently fashionable; ""the in thing to do""; ""large shoulder pads are in"""
you to,31245358,,
each other,31200601,"to or from every one of two or more (considered individually); ""they received $10 each""","not the same one or ones already mentioned or implied; ""today isn't any other day""- the White Queen; ""the construction of highways and other public works""; ""he asked for other employment""; ""any other person would tell the truth""; ""his other books are still in storage""; ""then we looked at the other house""; ""hearing was good in his other ear""; ""the other sex""; ""she lived on the other side of the street from me""; ""went in the other direction"""
a man,31099980,"the basic unit of electric current adopted under the Systeme International d'Unites; ""a typical household circuit carries 15 to 50 amps""","an adult person who is male (as opposed to a woman); ""there were two women and six men on the bus"""
is no,30811119,,a radioactive transuranic element synthesized by bombarding curium with carbon ions; 7 isotopes are known
not want,30789884,"negation of a word or group of words; ""he does not speak French""; ""she is not going""; ""they are not friends""; ""not many""; ""not much""; ""not at all""","the state of needing something that is absent or unavailable; ""there is a serious lack of insight into the problem""; ""water is the critical deficiency in desert regions""; ""for want of a nail the shoe was lost"""
their own,30658822,,"have ownership or possession of; ""He owns three houses in Florida""; ""How many cars does she have?"""
before the,30564338,"earlier in time; previously; ""I had known her before""; ""as I said before""; ""he called me the day before but your call had come even earlier""; ""her parents had died four years earlier""; ""I mentioned that problem earlier""",
those who,30505775,,a United Nations agency to coordinate international health activities and to help governments improve health services
the whole,30484775,,"exhibiting or restored to vigorous good health; ""hale and hearty""; ""whole in mind and body""; ""a whole person again"""
might be,30483451,physical strength,a light strong brittle grey toxic bivalent metallic element
on her,30308624,"in operation or operational; ""left the oven on""; ""the switch is in the on position""",
a lot,30085137,"the basic unit of electric current adopted under the Systeme International d'Unites; ""a typical household circuit carries 15 to 50 amps""",(Old Testament) nephew of Abraham; God destroyed Sodom and Gomorrah but chose to spare Lot and his family who were told to flee without looking back at the destruction
has a,29972244,,"the basic unit of electric current adopted under the Systeme International d'Unites; ""a typical household circuit carries 15 to 50 amps"""
the fact,29947689,,"an event known to have happened or something known to have existed; ""your fears have no basis in fact""; ""how much of the story is fact and how much fiction is hard to tell"""
them to,29939979,,
a small,29892045,"the basic unit of electric current adopted under the Systeme International d'Unites; ""a typical household circuit carries 15 to 50 amps""","limited or below average in number or quantity or magnitude or extent; ""a little dining room""; ""a little house""; ""a small car""; ""a little (or small) group"""
when you,29764722,,
the man,29630431,,"an adult person who is male (as opposed to a woman); ""there were two women and six men on the bus"""
if it,29434248,,the branch of engineering that deals with the use of computers and telecommunications to retrieve and store and transmit information
of that,29385442,,
associated with,29382517,,
away from,29368865,"used of an opponent's ground; ""an away game""",
we were,29173875,,
a long,29159805,"the basic unit of electric current adopted under the Systeme International d'Unites; ""a typical household circuit carries 15 to 50 amps""","primarily spatial sense; of relatively great or greater than average spatial extension or extension as specified; ""a long road""; ""a long distance""; ""contained many long words""; ""ten miles long"""
to their,29122963,,
have the,29104986,a person who possesses great material wealth,
in fact,29042373,"currently fashionable; ""the in thing to do""; ""large shoulder pads are in""","an event known to have happened or something known to have existed; ""your fears have no basis in fact""; ""how much of the story is fact and how much fiction is hard to tell"""
to keep,28979923,,"the financial means whereby one lives; ""each child was expected to pay for their keep""; ""he applied to the state for support""; ""he could no longer earn his own livelihood"""
of your,28947501,,
down the,28839990,"shut; ""the shades were down""",
to this,28835721,,
at all,28811778,100 at equal 1 kip in Laos,"completely given to or absorbed by; ""became all attention"""
a very,28774132,"the basic unit of electric current adopted under the Systeme International d'Unites; ""a typical household circuit carries 15 to 50 amps""","used as intensifiers; `real' is sometimes used informally for `really'; `rattling' is informal; ""she was very gifted""; ""he played very well""; ""a really enjoyable evening""; ""I'm real sorry about it""; ""a rattling good yarn"""
were not,28693320,,"negation of a word or group of words; ""he does not speak French""; ""she is not going""; ""they are not friends""; ""not many""; ""not much""; ""not at all"""
University Press,28578796,"establishment where a seat of higher learning is housed, including administrative and living quarters as well as facilities for research and teaching","the act of pressing; the exertion of pressure; ""he gave the button a press""; ""he used pressure to stop the bleeding""; ""at the pressing of a button"""
to know,28400849,,"the fact of being aware of information that is known to few people; ""he is always in the know"""
that there,28400110,,"a location other than here; that place; ""you can take it from there"""
what I,28377529,,"used of a single unit or thing; not two or more; ""`ane' is Scottish"""
time to,28343299,"an indefinite period (usually marked by specific attributes or activities); ""the time of year for planting""; ""he was a great actor in his time""",
in that,28104158,"currently fashionable; ""the in thing to do""; ""large shoulder pads are in""",
and its,28100914,,
is also,28044374,,"in addition; ""he has a Mercedes, too"""
his head,27987841,,"a user of (usually soft) drugs; ""the office was full of secret heads"""
and so,27957571,,the syllable naming the fifth (dominant) note of any musical scale in solmization
and you,27933436,,
was to,27904096,,
with an,27859746,,an associate degree in nursing
it has,27731808,the branch of engineering that deals with the use of computers and telecommunications to retrieve and store and transmit information,
fact that,27665103,"an event known to have happened or something known to have existed; ""your fears have no basis in fact""; ""how much of the story is fact and how much fiction is hard to tell""",
like the,27644675,"resembling or similar; having the same or some of the same characteristics; often used in combination; ""suits of like design""; ""a limited circle of like minds""; ""members of the cat family have like dispositions""; ""as like as two peas in a pod""; ""doglike devotion""; ""a dreamlike quality""",
or a,27618679,"a room in a hospital equipped for the performance of surgical operations; ""great care is taken to keep the operating rooms aseptic""","the basic unit of electric current adopted under the Systeme International d'Unites; ""a typical household circuit carries 15 to 50 amps"""
up and,27539807,"open; ""the windows are up""",
the number,27495581,,"a concept of quantity involving zero and units; ""every number has a unique position in the sequence"""
there 's,27492313,"a location other than here; that place; ""you can take it from there""",
when they,27339922,,
when she,27288182,,
form of,27287374,"(physical chemistry) a distinct state of matter in a system; matter that is identical in chemical composition and physical state and separated from other material by the phase boundary; ""the reaction occurs in the liquid phase of the system""",
began to,27200837,,
the house,26941905,,"a dwelling that serves as living quarters for one or more families; ""he has a house on Cape Cod""; ""she felt she had to get out of the house"""
in addition,26891488,"currently fashionable; ""the in thing to do""; ""large shoulder pads are in""","something added to what you already have; ""the librarian shelved the new accessions""; ""he was a new addition to the staff"""
for this,26861061,,
and we,26834926,,
I said,26749103,"used of a single unit or thing; not two or more; ""`ane' is Scottish""",
they have,26609453,,a person who possesses great material wealth
out the,26591736,"outer or outlying; ""the out islands""",
if they,26511743,,
to give,26414540,,the elasticity of something that can be stretched and returns to its original length
to use,26366221,,"(economics) the utilization of economic goods to satisfy needs or in manufacturing; ""the consumption of energy has increased steadily"""
it had,26314440,the branch of engineering that deals with the use of computers and telecommunications to retrieve and store and transmit information,
and was,26024448,,
at her,26022613,100 at equal 1 kip in Laos,
as we,25966457,a very poisonous metallic element that has three allotropic forms; arsenic and arsenic compounds are used as herbicides and insecticides and various alloys; found in arsenopyrite and orpiment and realgar,
no one,25939737,a radioactive transuranic element synthesized by bombarding curium with carbon ions; 7 isotopes are known,"being a single entity made by combining separate components; ""three chemicals combining into one solution"""
side of,25929303,"an extended outer surface of an object; ""he turned the box over to examine the bottom side""; ""they painted all four sides of the house""",
be used,25898422,a light strong brittle grey toxic bivalent metallic element,"previously used or owned by another; ""bought a secondhand (or used) car"""
sense of,25862620,"sound practical judgment; ""Common sense is not so common""; ""he hasn't got the sense God gave little green apples""; ""fortunately she had the good sense to run away""",
is in,25808896,,"currently fashionable; ""the in thing to do""; ""large shoulder pads are in"""
and is,25725009,,
a large,25708119,"the basic unit of electric current adopted under the Systeme International d'Unites; ""a typical household circuit carries 15 to 50 amps""","generous and understanding and tolerant; ""a heart big enough to hold no grudges""; ""that's very big of you to be so forgiving""; ""a large and generous spirit""; ""a large heart""; ""magnanimous toward his enemies"""
a great,25616234,"the basic unit of electric current adopted under the Systeme International d'Unites; ""a typical household circuit carries 15 to 50 amps""","very good; ""he did a bully job""; ""a neat sports car""; ""had a great time at the party""; ""you look simply smashing""; ""we had a grand old time"""
the room,25593449,,"space for movement; ""room to pass""; ""make way for""; ""hardly enough elbow room to turn around"""
for her,25504799,,
tried to,25453730,"tested and proved useful or correct; ""a tested method""",
to help,25392168,,"the activity of contributing to the fulfillment of a need or furtherance of an effort or purpose; ""he gave me an assist with the housework""; ""could not walk without assistance""; ""rescue party went to their aid""; ""offered his help in unloading"""
she did,25319673,,
of what,25272748,,
that this,25224341,,
the people,25088927,,"(plural) any group of human beings (men or women or children) collectively; ""old people""; ""there were at least 200 people in the audience"""
as to,25070916,a very poisonous metallic element that has three allotropic forms; arsenic and arsenic compounds are used as herbicides and insecticides and various alloys; found in arsenopyrite and orpiment and realgar,
which was,25039284,,
look at,25026650,"the general atmosphere of a place or situation and the effect that it has on people; ""the feel of the city excited him""; ""a clergyman improved the tone of the meeting""; ""it had the smell of treason""",100 at equal 1 kip in Laos
of which,24972816,,
you want,24959114,,"the state of needing something that is absent or unavailable; ""there is a serious lack of insight into the problem""; ""water is the critical deficiency in desert regions""; ""for want of a nail the shoe was lost"""
the use,24848999,,"(economics) the utilization of economic goods to satisfy needs or in manufacturing; ""the consumption of energy has increased steadily"""
a single,24808059,"the basic unit of electric current adopted under the Systeme International d'Unites; ""a typical household circuit carries 15 to 50 amps""","not married or related to the unmarried state; ""unmarried men and women""; ""unmarried life""; ""sex and the single girl""; ""single parenthood""; ""are you married or single?"""
enough to,24798560,"sufficient for the purpose; ""an adequate income""; ""the food was adequate""; ""enough food""; ""food enough""",
terms of,24790551,"the amount of money needed to purchase something; ""the price of gasoline""; ""he got his new car on excellent terms""; ""how much is the damage?""",
to my,24709459,,
to you,24660996,,
come to,24617385,the thick white fluid containing spermatozoa that is ejaculated by the male genital tract,
the main,24602362,,a principal pipe in a system that distributes water or gas or electricity or that collects sewage
to an,24600643,,an associate degree in nursing
the rest,24597064,,"freedom from activity (work or strain or responsibility); ""took his repose by the swimming pool"""
of those,24591024,,
was no,24490332,,a radioactive transuranic element synthesized by bombarding curium with carbon ions; 7 isotopes are known
see the,24462471,the seat within a bishop's diocese where his cathedral is located,
it will,24435706,the branch of engineering that deals with the use of computers and telecommunications to retrieve and store and transmit information,"the capability of conscious choice and decision and intention; ""the exercise of their volition we construe as revolt""- George Meredith"
seemed to,24406034,,
the day,24370716,,United States writer best known for his autobiographical works (1874-1935)
front of,24322367,a person used as a cover for some questionable activity,
his eyes,24210593,,"opinion or judgment; ""in the eyes of the law""; ""I was wrong in her eyes"""
of God,24122493,,"a man of such superior qualities that he seems like a deity to other people; ""he was a god among men"""
while the,24084207,"a period of indeterminate length (usually short) marked by some action or condition; ""he was here for a little while""; ""I need to rest for a piece""; ""a spell of good weather""; ""a patch of bad weather""",
in its,23986376,"currently fashionable; ""the in thing to do""; ""large shoulder pads are in""",
if we,23908505,,
that of,23849325,,
who was,23845264,a United Nations agency to coordinate international health activities and to help governments improve health services,
for you,23818857,,
in some,23723802,"currently fashionable; ""the in thing to do""; ""large shoulder pads are in""","remarkable; ""that was some party""; ""she is some skier"""
for me,23707521,,a state in New England
a number,23675266,"the basic unit of electric current adopted under the Systeme International d'Unites; ""a typical household circuit carries 15 to 50 amps""","a concept of quantity involving zero and units; ""every number has a unique position in the sequence"""
came to,23626134,,
but she,23500210,"and nothing more; ""I was merely asking""; ""it is simply a matter of time""; ""just a scratch""; ""he was only a child""; ""hopes that last but a moment""",
in your,23451494,"currently fashionable; ""the in thing to do""; ""large shoulder pads are in""",
off the,23447211,"not in operation or operational; ""the oven is off""; ""the lights are off""",
be able,23435846,a light strong brittle grey toxic bivalent metallic element,"having a strong healthy body; ""an able seaman""; ""every able-bodied young man served in the army"""
so much,23410040,the syllable naming the fifth (dominant) note of any musical scale in solmization,"a great amount or extent; ""they did much for humanity"""
for his,23328318,,
from his,23287933,,
among the,23280574,,
in our,23255734,"currently fashionable; ""the in thing to do""; ""large shoulder pads are in""",
the city,23235849,,"people living in a large densely populated municipality; ""the city voted for Republicans in 1994"""
and not,23215408,,"negation of a word or group of words; ""he does not speak French""; ""she is not going""; ""they are not friends""; ""not many""; ""not much""; ""not at all"""
what you,23209481,,
may not,23072204,thorny Eurasian shrub of small tree having dense clusters of white to scarlet flowers followed by deep red berries; established as an escape in eastern North America,"negation of a word or group of words; ""he does not speak French""; ""she is not going""; ""they are not friends""; ""not many""; ""not much""; ""not at all"""
to work,23030879,,"(physics) a manifestation of energy; the transfer of energy from one physical system to another expressed as the product of a force and the distance through which it moves a body in the direction of that force; ""work equals force times distance"""
what he,23028620,,a very light colorless element that is one of the six inert gasses; the most difficult gas to liquefy; occurs in economically extractable amounts in certain natural gases (as those found in Texas and Kansas)
and her,23026275,,
but also,23001383,"and nothing more; ""I was merely asking""; ""it is simply a matter of time""; ""just a scratch""; ""he was only a child""; ""hopes that last but a moment""","in addition; ""he has a Mercedes, too"""
the more,22977372,,"English statesman who opposed Henry VIII's divorce from Catherine of Aragon and was imprisoned and beheaded; recalled for his concept of Utopia, the ideal state"
development of,22948216,"processing a photosensitive material in order to make an image visible; ""the development and printing of his pictures took only two hours""",
the old,22933185,,"just preceding something else in time or order; ""the previous owner""; ""my old house was larger"""
looked at,22882275,,100 at equal 1 kip in Laos
he has,22827498,a very light colorless element that is one of the six inert gasses; the most difficult gas to liquefy; occurs in economically extractable amounts in certain natural gases (as those found in Texas and Kansas),
because the,22795063,,
her to,22791246,,
we 're,22788682,,
that would,22758364,,
the state,22722556,,"a state of depression or agitation; ""he was in such a state you just couldn't reason with him"""
many of,22679849,"a quantifier that can be used with count nouns and is often preceded by `as' or `too' or `so' or `that'; amounting to a large but indefinite number; ""many temptations""; ""the temptations are many""; ""a good many""; ""a great many""; ""many directions""; ""take as many apples as you like""; ""too many clouds to see""; ""never saw so many people""",
to come,22615756,,the thick white fluid containing spermatozoa that is ejaculated by the male genital tract
she would,22558108,,
go to,22505977,"functioning correctly and ready for action; ""all systems are go""",
the past,22363985,,"earlier than the present time; no longer current; ""time past""; ""his youth is past""; ""this past Thursday""; ""the past year"""
in front,22289795,"currently fashionable; ""the in thing to do""; ""large shoulder pads are in""",a person used as a cover for some questionable activity
history of,22246012,"the aggregate of past events; ""a critical time in the school's history""",
she 's,22245132,,
along the,22236440,"with a forward motion; ""we drove along admiring the view""; ""the horse trotted along at a steady pace""; ""the circus traveled on to the next city""; ""move along""; ""march on""",
that had,22223103,,
and there,22192693,,"a location other than here; that place; ""you can take it from there"""
amount of,22151192,"a quantity of money; ""he borrowed a large sum""; ""the amount he had in cash was insufficient""",
since the,22141404,,
I want,21924745,"used of a single unit or thing; not two or more; ""`ane' is Scottish""","the state of needing something that is absent or unavailable; ""there is a serious lack of insight into the problem""; ""water is the critical deficiency in desert regions""; ""for want of a nail the shoe was lost"""
no longer,21876679,a radioactive transuranic element synthesized by bombarding curium with carbon ions; 7 isotopes are known,"a person with a strong desire for something; ""a longer for money""; ""a thirster after blood""; ""a yearner for knowledge"""
have not,21866468,a person who possesses great material wealth,"negation of a word or group of words; ""he does not speak French""; ""she is not going""; ""they are not friends""; ""not many""; ""not much""; ""not at all"""
we will,21787628,,"the capability of conscious choice and decision and intention; ""the exercise of their volition we construe as revolt""- George Meredith"
for all,21768445,,"completely given to or absorbed by; ""became all attention"""
I thought,21764520,"used of a single unit or thing; not two or more; ""`ane' is Scottish""","the process of using your mind to consider something carefully; ""thinking always made him frown""; ""she paused for thought"""
it can,21729296,the branch of engineering that deals with the use of computers and telecommunications to retrieve and store and transmit information,the quantity contained in a can
when we,21686558,,
a more,21676835,"the basic unit of electric current adopted under the Systeme International d'Unites; ""a typical household circuit carries 15 to 50 amps""","English statesman who opposed Henry VIII's divorce from Catherine of Aragon and was imprisoned and beheaded; recalled for his concept of Utopia, the ideal state"
her eyes,21661966,,"opinion or judgment; ""in the eyes of the law""; ""I was wrong in her eyes"""
case of,21615304,"a person who is subjected to experimental or other observational procedures; someone who is an object of investigation; ""the subjects for this investigation were selected randomly""; ""the cases that we studied were drawn from two different communities""",
in all,21578603,"currently fashionable; ""the in thing to do""; ""large shoulder pads are in""","completely given to or absorbed by; ""became all attention"""
in terms,21503057,"currently fashionable; ""the in thing to do""; ""large shoulder pads are in""","the amount of money needed to purchase something; ""the price of gasoline""; ""he got his new car on excellent terms""; ""how much is the damage?"""
just as,21401993,"used especially of what is legally or ethically right or proper or fitting; ""a just and lasting peace""- A.Lincoln; ""a kind and just man""; ""a just reward""; ""his just inheritance""",a very poisonous metallic element that has three allotropic forms; arsenic and arsenic compounds are used as herbicides and insecticides and various alloys; found in arsenopyrite and orpiment and realgar
with him,21316757,,
this time,21238647,,"an indefinite period (usually marked by specific attributes or activities); ""the time of year for planting""; ""he was a great actor in his time"""
if she,21224016,,
you were,21191553,,
the ground,21166430,,"a relation that provides the foundation for something; ""they were on a friendly footing""; ""he worked on an interim basis"""
but not,21132207,"and nothing more; ""I was merely asking""; ""it is simply a matter of time""; ""just a scratch""; ""he was only a child""; ""hopes that last but a moment""","negation of a word or group of words; ""he does not speak French""; ""she is not going""; ""they are not friends""; ""not many""; ""not much""; ""not at all"""
type of,20981800,"a small metal block bearing a raised character on one end; produces a printed character when inked and pressed on paper; ""he dropped a case of type, so they made him pick them up""",
likely to,20949193,"has a good chance of being the case or of coming about; ""these services are likely to be available to us all before long""; ""she is likely to forget""; ""a likely place for a restaurant""; ""the broken limb is likely to fall""; ""rain is likely""; ""a likely topic for investigation""; ""likely candidates for the job""",
level of,20880060,"being on a precise horizontal plane; ""a billiard table must be level""",
who are,20874608,a United Nations agency to coordinate international health activities and to help governments improve health services,a unit of surface area equal to 100 square meters
may have,20859086,thorny Eurasian shrub of small tree having dense clusters of white to scarlet flowers followed by deep red berries; established as an escape in eastern North America,a person who possesses great material wealth
when it,20850442,,the branch of engineering that deals with the use of computers and telecommunications to retrieve and store and transmit information
the back,20814385,,"a support that you can lean against while sitting; ""the back of the dental chair was adjustable"""
related to,20781278,"connected by kinship, common origin, or marriage",
for an,20739130,,an associate degree in nursing
and all,20727050,,"completely given to or absorbed by; ""became all attention"""
the process,20663394,,"a particular course of action intended to achieve a result; ""the procedure of obtaining a driver's license""; ""it was a process of trial and error"""
of us,20623157,,North American republic containing 50 states - 48 conterminous states in North America plus Alaska in northwest North America and the Hawaiian Islands in the Pacific Ocean; achieved independence in 1776
set of,20622356,converted to solid form (as concrete),
know what,20612718,"the fact of being aware of information that is known to few people; ""he is always in the know""",
which are,20502700,,a unit of surface area equal to 100 square meters
so I,20498504,the syllable naming the fifth (dominant) note of any musical scale in solmization,"used of a single unit or thing; not two or more; ""`ane' is Scottish"""
out to,20481512,"outer or outlying; ""the out islands""",
used in,20457632,"previously used or owned by another; ""bought a secondhand (or used) car""","currently fashionable; ""the in thing to do""; ""large shoulder pads are in"""
using the,20457417,"an act that exploits or victimizes someone (treats them unfairly); ""capitalistic exploitation of the working class""; ""paying Blacks less and charging them more is a form of victimization""",
her head,20423687,,"a user of (usually soft) drugs; ""the office was full of secret heads"""
the country,20392163,,"the people who live in a nation or country; ""a statement that sums up the nation's mood""; ""the news was announced to the nation""; ""the whole country worshipped him"""
what the,20371483,,
even if,20371383,"occurring at fixed intervals; ""a regular beat""; ""the even rhythm of his breathing""",
upon the,20370730,,
been a,20369540,,"the basic unit of electric current adopted under the Systeme International d'Unites; ""a typical household circuit carries 15 to 50 amps"""
not even,20347421,"negation of a word or group of words; ""he does not speak French""; ""she is not going""; ""they are not friends""; ""not many""; ""not much""; ""not at all""","occurring at fixed intervals; ""a regular beat""; ""the even rhythm of his breathing"""
and for,20345911,,
a moment,20322922,"the basic unit of electric current adopted under the Systeme International d'Unites; ""a typical household circuit carries 15 to 50 amps""",a turning force produced by an object acting at a distance (or a measure of that force)
for their,20280679,,
the top,20278085,,"the highest level or degree attainable; the highest stage of development; ""his landscapes were deemed the acme of beauty""; ""the artist's gifts are at their acme""; ""at the height of her career""; ""the peak of perfection""; ""summer was at its peak""; ""...catapulted Einstein to the pinnacle of fame""; ""the summit of his ambition""; ""so many highest superlatives achieved by man""; ""at the top of his profession"""
than a,20255103,,"the basic unit of electric current adopted under the Systeme International d'Unites; ""a typical household circuit carries 15 to 50 amps"""
you 'll,20248962,,
up in,20200026,"open; ""the windows are up""","currently fashionable; ""the in thing to do""; ""large shoulder pads are in"""
had no,20192894,,a radioactive transuranic element synthesized by bombarding curium with carbon ions; 7 isotopes are known
instead of,20176403,"in place of, or as an alternative to; ""Felix became a herpetologist instead""; ""alternatively we could buy a used car""",
this book,20173732,,"a record in which commercial accounts are recorded; ""they got a subpoena to examine our books"""
as you,20123611,a very poisonous metallic element that has three allotropic forms; arsenic and arsenic compounds are used as herbicides and insecticides and various alloys; found in arsenopyrite and orpiment and realgar,
had the,20118081,,
in any,20115938,"currently fashionable; ""the in thing to do""; ""large shoulder pads are in""","to any degree or extent; ""it isn't any better"""
make a,20100183,the act of mixing cards haphazardly,"the basic unit of electric current adopted under the Systeme International d'Unites; ""a typical household circuit carries 15 to 50 amps"""
this chapter,20096304,,"any distinct period in history or in a person's life; ""the industrial revolution opened a new chapter in British history""; ""the divorce was an ugly chapter in their relationship"""
value of,20093539,"the amount (of money or goods or services) that is considered to be a fair equivalent for something else; ""he tried to estimate the value of the produce at normal prices""",
in other,20077012,"currently fashionable; ""the in thing to do""; ""large shoulder pads are in""","not the same one or ones already mentioned or implied; ""today isn't any other day""- the White Queen; ""the construction of highways and other public works""; ""he asked for other employment""; ""any other person would tell the truth""; ""his other books are still in storage""; ""then we looked at the other house""; ""hearing was good in his other ear""; ""the other sex""; ""she lived on the other side of the street from me""; ""went in the other direction"""
know that,19965916,"the fact of being aware of information that is known to few people; ""he is always in the know""",
they would,19941666,,
in one,19880781,"currently fashionable; ""the in thing to do""; ""large shoulder pads are in""","being a single entity made by combining separate components; ""three chemicals combining into one solution"""
what was,19873304,,
at this,19857228,100 at equal 1 kip in Laos,
about it,19818999,"in rotation or succession; ""turn about is fair play""",the branch of engineering that deals with the use of computers and telecommunications to retrieve and store and transmit information
what 's,19801756,,
which he,19788434,,a very light colorless element that is one of the six inert gasses; the most difficult gas to liquefy; occurs in economically extractable amounts in certain natural gases (as those found in Texas and Kansas)
because it,19742924,,the branch of engineering that deals with the use of computers and telecommunications to retrieve and store and transmit information
it in,19717003,the branch of engineering that deals with the use of computers and telecommunications to retrieve and store and transmit information,"currently fashionable; ""the in thing to do""; ""large shoulder pads are in"""
lot of,19696834,(Old Testament) nephew of Abraham; God destroyed Sodom and Gomorrah but chose to spare Lot and his family who were told to flee without looking back at the destruction,
that can,19689647,,the quantity contained in a can
way of,19665784,"a portion of something divided into shares; ""they split the loot three ways""",
nature of,19657700,"the complex of emotional and intellectual attributes that determine a person's characteristic actions and reactions; ""it is his nature to help others""",
us to,19637501,North American republic containing 50 states - 48 conterminous states in North America plus Alaska in northwest North America and the Hawaiian Islands in the Pacific Ocean; achieved independence in 1776,
should not,19631651,,"negation of a word or group of words; ""he does not speak French""; ""she is not going""; ""they are not friends""; ""not many""; ""not much""; ""not at all"""
see also,19602310,the seat within a bishop's diocese where his cathedral is located,"in addition; ""he has a Mercedes, too"""
of any,19594356,,"to any degree or extent; ""it isn't any better"""
for him,19555766,,
to tell,19542155,,a Swiss patriot who lived in the early 14th century and who was renowned for his skill as an archer; according to legend an Austrian governor compelled him to shoot an apple from his son's head with his crossbow (which he did successfully without mishap)
was an,19527189,,an associate degree in nursing
to look,19501117,,"the general atmosphere of a place or situation and the effect that it has on people; ""the feel of the city excited him""; ""a clergyman improved the tone of the meeting""; ""it had the smell of treason"""
on this,19462571,"in operation or operational; ""left the oven on""; ""the switch is in the on position""",
we do,19437441,,doctor's degree in osteopathy
but they,19417419,"and nothing more; ""I was merely asking""; ""it is simply a matter of time""; ""just a scratch""; ""he was only a child""; ""hopes that last but a moment""",
lack of,19400139,"the state of needing something that is absent or unavailable; ""there is a serious lack of insight into the problem""; ""water is the critical deficiency in desert regions""; ""for want of a nail the shoe was lost""",
the very,19385786,,"used as intensifiers; `real' is sometimes used informally for `really'; `rattling' is informal; ""she was very gifted""; ""he played very well""; ""a really enjoyable evening""; ""I'm real sorry about it""; ""a rattling good yarn"""
types of,19337332,,
and more,19295674,,"English statesman who opposed Henry VIII's divorce from Catherine of Aragon and was imprisoned and beheaded; recalled for his concept of Utopia, the ideal state"
rest of,19237322,"freedom from activity (work or strain or responsibility); ""took his repose by the swimming pool""",
on their,19222406,"in operation or operational; ""left the oven on""; ""the switch is in the on position""",
shall be,19172536,,a light strong brittle grey toxic bivalent metallic element
they can,19158082,,the quantity contained in a can
that in,19103596,,"currently fashionable; ""the in thing to do""; ""large shoulder pads are in"""
toward the,19035805,,
on my,19022598,"in operation or operational; ""left the oven on""; ""the switch is in the on position""",
you think,19008885,,"an instance of deliberate thinking; ""I need to give it a good think"""
try to,19000354,"earnest and conscientious activity intended to do or accomplish something; ""made an effort to cover all the reading material""; ""wished him luck in his endeavor""; ""she gave it a good try""",
less than,18996239,"(nonstandard in some uses but often idiomatic with measure phrases) fewer; ""less than three weeks""; ""no less than 50 people attended""; ""in 25 words or less""",
same time,18986403,"equal in amount or value; ""like amounts""; ""equivalent amounts""; ""the same amount""; ""gave one six blows and the other a like number""; ""the same number""","an indefinite period (usually marked by specific attributes or activities); ""the time of year for planting""; ""he was a great actor in his time"""
the idea,18976171,,"an approximate calculation of quantity or degree or worth; ""an estimate of what it would cost""; ""a rough idea how long it would take"""
like to,18970589,"resembling or similar; having the same or some of the same characteristics; often used in combination; ""suits of like design""; ""a limited circle of like minds""; ""members of the cat family have like dispositions""; ""as like as two peas in a pod""; ""doglike devotion""; ""a dreamlike quality""",
you 've,18963764,,
as in,18925616,a very poisonous metallic element that has three allotropic forms; arsenic and arsenic compounds are used as herbicides and insecticides and various alloys; found in arsenopyrite and orpiment and realgar,"currently fashionable; ""the in thing to do""; ""large shoulder pads are in"""
with their,18898179,,
then the,18837991,"that time; that moment; ""we will arrive before then""; ""we were friends from then on""",
and how,18752324,,
ability to,18749631,the quality of being able to perform; a quality that permits or facilitates achievement or accomplishment,
to think,18710825,,"an instance of deliberate thinking; ""I need to give it a good think"""
at him,18677029,100 at equal 1 kip in Laos,
or in,18659647,"a room in a hospital equipped for the performance of surgical operations; ""great care is taken to keep the operating rooms aseptic""","currently fashionable; ""the in thing to do""; ""large shoulder pads are in"""
after a,18655326,"behind or in the rear; ""and Jill came tumbling after""","the basic unit of electric current adopted under the Systeme International d'Unites; ""a typical household circuit carries 15 to 50 amps"""
and as,18651221,,a very poisonous metallic element that has three allotropic forms; arsenic and arsenic compounds are used as herbicides and insecticides and various alloys; found in arsenopyrite and orpiment and realgar
a way,18638797,"the basic unit of electric current adopted under the Systeme International d'Unites; ""a typical household circuit carries 15 to 50 amps""","a portion of something divided into shares; ""they split the loot three ways"""
of life,18589605,,"a living person; ""his heroism saved a life"""
and when,18569612,,
went to,18564544,,
only a,18560060,"exclusive of anyone or anything else; ""she alone believed him""; ""cannot live by bread alone""; ""I'll have this car and this car only""","the basic unit of electric current adopted under the Systeme International d'Unites; ""a typical household circuit carries 15 to 50 amps"""
the water,18545633,,binary compound that occurs at room temperature as a clear colorless odorless tasteless liquid; freezes into ice below 0 degrees centigrade and boils above 100 degrees centigrade; widely used as a solvent
was going,18525416,,the act of departing
needed to,18353035,"necessary for relief or supply; ""provided them with all things needful""",
use the,18348141,"(economics) the utilization of economic goods to satisfy needs or in manufacturing; ""the consumption of energy has increased steadily""",
to them,18341644,,
said to,18311633,,
she is,18303083,,
not you,18260745,"negation of a word or group of words; ""he does not speak French""; ""she is not going""; ""they are not friends""; ""not many""; ""not much""; ""not at all""",
even though,18206884,"occurring at fixed intervals; ""a regular beat""; ""the even rhythm of his breathing""","(postpositive) however; ""it might be unpleasant, though"""
must have,18190121,the quality of smelling or tasting old or stale or mouldy,a person who possesses great material wealth
the table,18169719,,"a piece of furniture having a smooth flat top that is usually supported by one or more vertical legs; ""it was a sturdy table"""
and this,18155471,,
not been,18123582,"negation of a word or group of words; ""he does not speak French""; ""she is not going""; ""they are not friends""; ""not many""; ""not much""; ""not at all""",
range of,18094623,"a place for shooting (firing or driving) projectiles of various kinds; ""the army maintains a missile range in the desert""; ""any good golf club will have a range where you can practice""",
and of,18091374,,
did you,18070699,,
a bit,18023216,"the basic unit of electric current adopted under the Systeme International d'Unites; ""a typical household circuit carries 15 to 50 amps""","a unit of measurement of information (from binary + digit); the amount of information in a system having two equiprobable states; ""there are 8 bits in a byte"""
the body,18013972,,"the external structure of a vehicle; ""the body of the car was badly rusted"""
and what,17988615,,
along with,17957104,"with a forward motion; ""we drove along admiring the view""; ""the horse trotted along at a steady pace""; ""the circus traveled on to the next city""; ""move along""; ""march on""",
analysis of,17953518,the abstract separation of a whole into its constituent parts in order to study the parts and their relations,
the early,17943397,,"very young; ""at an early age"""
to provide,17942553,,"determine (what is to happen in certain contingencies), especially by including a proviso condition or stipulation; ""The will provides that each child should receive half of the money""; ""The Constitution provides for the right to free speech"""
was that,17926493,,
up with,17891318,"open; ""the windows are up""",
could have,17858355,,a person who possesses great material wealth
from her,17843763,,
we had,17828189,,
shown in,17826386,,"currently fashionable; ""the in thing to do""; ""large shoulder pads are in"""
at his,17693068,100 at equal 1 kip in Laos,
a result,17687150,"the basic unit of electric current adopted under the Systeme International d'Unites; ""a typical household circuit carries 15 to 50 amps""","a phenomenon that follows and is caused by some previous phenomenon; ""the magnetic effect was greater when the rod was lengthwise""; ""his decision had depressing consequences for business""; ""he acted very wise after the event"""
result of,17665506,"a phenomenon that follows and is caused by some previous phenomenon; ""the magnetic effect was greater when the rod was lengthwise""; ""his decision had depressing consequences for business""; ""he acted very wise after the event""",
right to,17649210,"appropriate for a condition or purpose or occasion or a person's character, needs; ""everything in its proper place""; ""the right man for the job""; ""she is not suitable for the position""",
found in,17626285,"come upon unexpectedly or after searching; ""found art""; ""the lost-and-found department""","currently fashionable; ""the in thing to do""; ""large shoulder pads are in"""
the work,17618842,,"(physics) a manifestation of energy; the transfer of energy from one physical system to another expressed as the product of a force and the distance through which it moves a body in the direction of that force; ""work equals force times distance"""
his hand,17580411,,"a member of the crew of a ship; ""all hands on deck"""
of time,17576490,,"an indefinite period (usually marked by specific attributes or activities); ""the time of year for planting""; ""he was a great actor in his time"""
was still,17555365,,"free from noticeable current; ""a still pond""; ""still waters run deep"""
with me,17524989,,a state in New England
his face,17514243,,a vertical surface of a building or cliff
who is,17501050,a United Nations agency to coordinate international health activities and to help governments improve health services,
down to,17450636,"shut; ""the shades were down""",
state of,17390683,"a state of depression or agitation; ""he was in such a state you just couldn't reason with him""",
the air,17383948,,"a slight wind (usually refreshing); ""the breeze was cooled by the lake""; ""as he waited he could feel the air on his neck"""
to that,17376236,,
until the,17374562,,
and with,17350699,,
him and,17342758,,
role of,17341575,"what something is used for; ""the function of an auger is to bore holes""; ""ballet is beautiful but what use is it?""",
they 're,17327727,,
of such,17325211,,"to so extreme a degree; ""he is such a baby""; ""Such rich people!"""
the question,17292913,,"uncertainty about the truth or factuality or existence of something; ""the dubiousness of his claim""; ""there is no question about the validity of the enterprise"""
what they,17289773,,
how the,17286446,,
is it,17261607,,the branch of engineering that deals with the use of computers and telecommunications to retrieve and store and transmit information
each of,17189540,"to or from every one of two or more (considered individually); ""they received $10 each""",
of one,17188661,,"being a single entity made by combining separate components; ""three chemicals combining into one solution"""
might have,17138618,physical strength,a person who possesses great material wealth
and had,17130999,,
members of,17084301,,
to which,17083955,,
sort of,17056622,"a person of a particular character or nature; ""what sort of person is he?""; ""he's a good sort""",
but that,17039655,"and nothing more; ""I was merely asking""; ""it is simply a matter of time""; ""just a scratch""; ""he was only a child""; ""hopes that last but a moment""",
it may,17013383,the branch of engineering that deals with the use of computers and telecommunications to retrieve and store and transmit information,thorny Eurasian shrub of small tree having dense clusters of white to scarlet flowers followed by deep red berries; established as an escape in eastern North America
on to,17007887,"in operation or operational; ""left the oven on""; ""the switch is in the on position""",
the problem,16991913,,"a state of difficulty that needs to be resolved; ""she and her husband are having problems""; ""it is always a job to contact him""; ""urban problems such as traffic congestion and smog"""
the three,16981386,,being one more than two
they could,16973430,,
effects of,16957614,"property of a personal character that is portable but not used in business; ""she left some of her personal effects in the house""; ""I watched over their effects until they returned""",
and even,16926365,,"occurring at fixed intervals; ""a regular beat""; ""the even rhythm of his breathing"""
let 's,16850290,a serve that strikes the net before falling into the receiver's court; the ball must be served again,
the public,16849708,,"not private; open to or concerning the people as a whole; ""the public good""; ""public libraries""; ""public funds""; ""public parks""; ""a public scandal""; ""public gardens""; ""performers and members of royal families are public figures"""
study of,16804669,"someone who memorizes quickly and easily (as the lines for a part in a play); ""he is a quick study""",
the night,16780775,,"darkness; ""it vanished into the night"""
the future,16761690,,"yet to be or coming; ""some future historian will evaluate him"""
because they,16679987,,
not think,16667244,"negation of a word or group of words; ""he does not speak French""; ""she is not going""; ""they are not friends""; ""not many""; ""not much""; ""not at all""","an instance of deliberate thinking; ""I need to give it a good think"""
the development,16653299,,"processing a photosensitive material in order to make an image visible; ""the development and printing of his pictures took only two hours"""
and if,16645508,,
as much,16635834,a very poisonous metallic element that has three allotropic forms; arsenic and arsenic compounds are used as herbicides and insecticides and various alloys; found in arsenopyrite and orpiment and realgar,"a great amount or extent; ""they did much for humanity"""
to meet,16619696,,"being precisely fitting and right; ""it is only meet that she should be seated first"""
seems to,16617027,,
they do,16549084,,doctor's degree in osteopathy
be in,16541401,a light strong brittle grey toxic bivalent metallic element,"currently fashionable; ""the in thing to do""; ""large shoulder pads are in"""
the American,16499920,,"of or relating to or characteristic of the continents and islands of the Americas; ""the American hemisphere""; ""American flora and fauna"""
it does,16499155,the branch of engineering that deals with the use of computers and telecommunications to retrieve and store and transmit information,
the Lord,16439103,,a titled peer of the realm
the entire,16434814,,"(used of domestic animals) sexually competent; ""an entire horse"""
the name,16385884,,"a well-known or notable person; ""they studied all the great names in the history of France""; ""she is an important figure in modern music"""
is one,16346694,,"being a single entity made by combining separate components; ""three chemicals combining into one solution"""
close to,16311014,"giving or spending with reluctance; ""our cheeseparing administration""; ""very close (or near) with his money""; ""a penny-pinching miserly old man""",
access to,16252077,"a way of entering or leaving; ""he took a wrong turn on the access to the bridge""",
time of,16152452,"an indefinite period (usually marked by specific attributes or activities); ""the time of year for planting""; ""he was a great actor in his time""",
to understand,16149557,,"know and comprehend the nature or meaning of; ""She did not understand her husband""; ""I understand what she means"""
to your,16122995,,
were the,16113417,,
a person,16066415,"the basic unit of electric current adopted under the Systeme International d'Unites; ""a typical household circuit carries 15 to 50 amps""","a human body (usually including the clothing); ""a weapon was hidden on his person"""
known as,16044982,"apprehended with certainty; ""a known quantity""; ""the limits of the known world""; ""a musician known throughout the world""; ""a known criminal""",a very poisonous metallic element that has three allotropic forms; arsenic and arsenic compounds are used as herbicides and insecticides and various alloys; found in arsenopyrite and orpiment and realgar
with you,16017010,,
I knew,16001630,"used of a single unit or thing; not two or more; ""`ane' is Scottish""",
and an,15977184,,an associate degree in nursing
point of,15970236,one percent of the total principal of a loan; it is paid at the time the loan is made and is independent of the interest on the loan,
the front,15946551,,a person used as a cover for some questionable activity
was so,15931774,,the syllable naming the fifth (dominant) note of any musical scale in solmization
but in,15818539,"and nothing more; ""I was merely asking""; ""it is simply a matter of time""; ""just a scratch""; ""he was only a child""; ""hopes that last but a moment""","currently fashionable; ""the in thing to do""; ""large shoulder pads are in"""
the latter,15758198,,"the second of two or the second mentioned of two; ""Tom and Dick were both heroes but only the latter is remembered today"""
are a,15726205,a unit of surface area equal to 100 square meters,"the basic unit of electric current adopted under the Systeme International d'Unites; ""a typical household circuit carries 15 to 50 amps"""
then he,15725029,"that time; that moment; ""we will arrive before then""; ""we were friends from then on""",a very light colorless element that is one of the six inert gasses; the most difficult gas to liquefy; occurs in economically extractable amounts in certain natural gases (as those found in Texas and Kansas)
of being,15707356,,"the state or fact of existing; ""a point of view gradually coming into being""; ""laws in existence for centuries""; ""he appeared on the face of the earth one day"""
the floor,15701456,,"the inside lower horizontal surface (as of a room, hallway, tent, or other structure); ""they needed rugs to cover the bare floors""; ""we spread our sleeping bags on the dry floor of the tent"""
all that,15701033,"completely given to or absorbed by; ""became all attention""",
people who,15690272,"(plural) any group of human beings (men or women or children) collectively; ""old people""; ""there were at least 200 people in the audience""",a United Nations agency to coordinate international health activities and to help governments improve health services
presence of,15659875,the act of being present,
her own,15657114,,"have ownership or possession of; ""He owns three houses in Florida""; ""How many cars does she have?"""
much of,15613336,"a great amount or extent; ""they did much for humanity""",
both the,15606420,,
I should,15601678,"used of a single unit or thing; not two or more; ""`ane' is Scottish""",
for each,15582585,,"to or from every one of two or more (considered individually); ""they received $10 each"""
effect of,15558069,"a phenomenon that follows and is caused by some previous phenomenon; ""the magnetic effect was greater when the rod was lengthwise""; ""his decision had depressing consequences for business""; ""he acted very wise after the event""",
you need,15552976,,"a condition requiring relief; ""she satisfied his need for affection""; ""God has no need of men to accomplish His work""; ""there is a demand for jobs"""
just a,15542335,"used especially of what is legally or ethically right or proper or fitting; ""a just and lasting peace""- A.Lincoln; ""a kind and just man""; ""a just reward""; ""his just inheritance""","the basic unit of electric current adopted under the Systeme International d'Unites; ""a typical household circuit carries 15 to 50 amps"""
and are,15534085,,a unit of surface area equal to 100 square meters
the middle,15529210,,"being neither at the beginning nor at the end in a series; ""adolescence is an awkward in-between age""; ""in a mediate position""; ""the middle point on a line"""
say that,15517137,"the chance to speak; ""let him have his say""",
seem to,15510434,"give a certain impression or have a certain outward aspect; ""She seems to be sleeping""; ""This appears to be a very difficult problem""; ""This project looks fishy""; ""They appeared like people who had not eaten or slept for a long time""",
to it,15498997,,the branch of engineering that deals with the use of computers and telecommunications to retrieve and store and transmit information
the company,15445528,,"the state of being with someone; ""he missed their company""; ""he enjoyed the society of his friends"""
the patient,15444872,,"enduring trying circumstances with even temper or characterized by such endurance; ""a patient smile""; ""was patient with the children""; ""an exact and patient scientist""; ""please be patient"""
God 's,15440041,"a man of such superior qualities that he seems like a deity to other people; ""he was a god among men""",
a woman,15414778,"the basic unit of electric current adopted under the Systeme International d'Unites; ""a typical household circuit carries 15 to 50 amps""","an adult female person (as opposed to a man); ""the woman kept house while the man hunted"""
should have,15399209,,a person who possesses great material wealth
process of,15398856,"a particular course of action intended to achieve a result; ""the procedure of obtaining a driver's license""; ""it was a process of trial and error""",
what we,15366823,,
for it,15357789,,the branch of engineering that deals with the use of computers and telecommunications to retrieve and store and transmit information
make the,15355924,the act of mixing cards haphazardly,
the system,15329110,,"(physical chemistry) a sample of matter in which substances in different phases are in equilibrium; ""in a static system oil cannot be replaced by water on a surface""; ""a system generating hydrogen peroxide"""
made a,15317577,"(of a bed) having the sheets and blankets set in order; ""a neatly made bed""","the basic unit of electric current adopted under the Systeme International d'Unites; ""a typical household circuit carries 15 to 50 amps"""
the word,15301105,,"a string of bits stored in computer memory; ""large computers use words up to 64 bits long"""
top of,15295635,"the highest level or degree attainable; the highest stage of development; ""his landscapes were deemed the acme of beauty""; ""the artist's gifts are at their acme""; ""at the height of her career""; ""the peak of perfection""; ""summer was at its peak""; ""...catapulted Einstein to the pinnacle of fame""; ""the summit of his ambition""; ""so many highest superlatives achieved by man""; ""at the top of his profession""",
take a,15269649,"the income or profit arising from such transactions as the sale of land or other property; ""the average return was about 5%""","the basic unit of electric current adopted under the Systeme International d'Unites; ""a typical household circuit carries 15 to 50 amps"""
of each,15261655,,"to or from every one of two or more (considered individually); ""they received $10 each"""
in particular,15243836,"currently fashionable; ""the in thing to do""; ""large shoulder pads are in""","first and most important; ""his special interest is music""; ""she gets special (or particular) satisfaction from her volunteer work"""
understanding of,15225521,"characterized by understanding based on comprehension and discernment and empathy; ""an understanding friend""",
or not,15180187,"a room in a hospital equipped for the performance of surgical operations; ""great care is taken to keep the operating rooms aseptic""","negation of a word or group of words; ""he does not speak French""; ""she is not going""; ""they are not friends""; ""not many""; ""not much""; ""not at all"""
we 'll,15177630,,
idea of,15164120,"an approximate calculation of quantity or degree or worth; ""an estimate of what it would cost""; ""a rough idea how long it would take""",
through a,15092571,"having finished or arrived at completion; ""certain to make history before he's done""; ""it's a done deed""; ""after the treatment, the patient is through except for follow-up""; ""almost through with his studies""","the basic unit of electric current adopted under the Systeme International d'Unites; ""a typical household circuit carries 15 to 50 amps"""
for instance,15091293,,"an item of information that is typical of a class or group; ""this patient provides a typical example of the syndrome""; ""there is an example on page 10"""
but you,15089249,"and nothing more; ""I was merely asking""; ""it is simply a matter of time""; ""just a scratch""; ""he was only a child""; ""hopes that last but a moment""",
the government,15083882,,"the act of governing; exercising authority; ""regulations for the governing of state prisons""; ""he had considerable experience of government"""
of him,15032201,,
to create,15026124,,"make or cause to be or to become; ""make a mess in one's office""; ""create a furor"""
took a,15018783,,"the basic unit of electric current adopted under the Systeme International d'Unites; ""a typical household circuit carries 15 to 50 amps"""
are in,15011495,a unit of surface area equal to 100 square meters,"currently fashionable; ""the in thing to do""; ""large shoulder pads are in"""
do it,14981203,doctor's degree in osteopathy,the branch of engineering that deals with the use of computers and telecommunications to retrieve and store and transmit information
and said,14980058,,
the present,14968822,,"being or existing in a specified place; ""the murderer is present in this room""; ""present at the wedding""; ""present at the creation"""
with this,14965009,,
the power,14961775,,"one possessing or exercising power or influence or authority; ""the mysterious presence of an evil power""; ""may the force be with you""; ""the forces of evil"""
in these,14955116,"currently fashionable; ""the in thing to do""; ""large shoulder pads are in""",
but there,14932134,"and nothing more; ""I was merely asking""; ""it is simply a matter of time""; ""just a scratch""; ""he was only a child""; ""hopes that last but a moment""","a location other than here; that place; ""you can take it from there"""
also be,14919771,"in addition; ""he has a Mercedes, too""",a light strong brittle grey toxic bivalent metallic element
a second,14902204,"the basic unit of electric current adopted under the Systeme International d'Unites; ""a typical household circuit carries 15 to 50 amps""","a part or voice or instrument or orchestra section lower in pitch than or subordinate to the first; ""second flute""; ""the second violins"""
difficult to,14900566,"hard to control; ""a difficult child""; ""an unmanageable situation""",
is more,14872943,,"English statesman who opposed Henry VIII's divorce from Catherine of Aragon and was imprisoned and beheaded; recalled for his concept of Utopia, the ideal state"
any of,14847201,"to any degree or extent; ""it isn't any better""",
Department of,14846318,"a specialized sphere of knowledge; ""baking is not my department""; ""his work established a new department of literature""",
you and,14844472,,
up a,14839474,"open; ""the windows are up""","the basic unit of electric current adopted under the Systeme International d'Unites; ""a typical household circuit carries 15 to 50 amps"""
told me,14828654,,a state in New England
involved in,14827415,"connected by participation or association or use; ""we accomplished nothing, simply because of the large number of people involved""; ""the problems involved""; ""the involved muscles""; ""I don't want to get involved""; ""everyone involved in the bribery case has been identified""","currently fashionable; ""the in thing to do""; ""large shoulder pads are in"""
to leave,14821481,,"the period of time during which you are absent from work or duty; ""a ten day's leave to visit his mother"""
was also,14792237,,"in addition; ""he has a Mercedes, too"""
changes in,14771644,,"currently fashionable; ""the in thing to do""; ""large shoulder pads are in"""
he knew,14764299,a very light colorless element that is one of the six inert gasses; the most difficult gas to liquefy; occurs in economically extractable amounts in certain natural gases (as those found in Texas and Kansas),
how much,14758493,,"a great amount or extent; ""they did much for humanity"""
think of,14755492,"an instance of deliberate thinking; ""I need to give it a good think""",
the New,14750760,,"having no previous example or precedent or parallel; ""a time of unexampled prosperity"""
they will,14740247,,"the capability of conscious choice and decision and intention; ""the exercise of their volition we construe as revolt""- George Meredith"
of people,14722801,,"(plural) any group of human beings (men or women or children) collectively; ""old people""; ""there were at least 200 people in the audience"""
throughout the,14721459,"from first to last; ""the play was excellent end-to-end""",
the family,14718268,,"a person having kinship with another or others; ""he's kin""; ""he's family"""
a time,14717218,"the basic unit of electric current adopted under the Systeme International d'Unites; ""a typical household circuit carries 15 to 50 amps""","an indefinite period (usually marked by specific attributes or activities); ""the time of year for planting""; ""he was a great actor in his time"""
who were,14710428,a United Nations agency to coordinate international health activities and to help governments improve health services,
an important,14710367,an associate degree in nursing,"of great significance or value; ""important people""; ""the important questions of the day"""
variety of,14698068,"noticeable heterogeneity; ""a diversity of possibilities""; ""the range and variety of his work is amazing""",
the point,14697499,,one percent of the total principal of a loan; it is paid at the time the loan is made and is independent of the interest on the loan
a couple,14696391,"the basic unit of electric current adopted under the Systeme International d'Unites; ""a typical household circuit carries 15 to 50 amps""",two items of the same kind
tell me,14670806,a Swiss patriot who lived in the early 14th century and who was renowned for his skill as an archer; according to legend an Austrian governor compelled him to shoot an apple from his son's head with his crossbow (which he did successfully without mishap),a state in New England
into his,14648449,,
him in,14644369,,"currently fashionable; ""the in thing to do""; ""large shoulder pads are in"""
the great,14623069,,"very good; ""he did a bully job""; ""a neat sports car""; ""had a great time at the party""; ""you look simply smashing""; ""we had a grand old time"""
other hand,14557956,"not the same one or ones already mentioned or implied; ""today isn't any other day""- the White Queen; ""the construction of highways and other public works""; ""he asked for other employment""; ""any other person would tell the truth""; ""his other books are still in storage""; ""then we looked at the other house""; ""hearing was good in his other ear""; ""the other sex""; ""she lived on the other side of the street from me""; ""went in the other direction""","a member of the crew of a ship; ""all hands on deck"""
when a,14552490,,"the basic unit of electric current adopted under the Systeme International d'Unites; ""a typical household circuit carries 15 to 50 amps"""
the truth,14549235,,United States abolitionist and feminist who was freed from slavery and became a leading advocate of the abolition of slavery and for the rights of women (1797-1883)
in many,14511623,"currently fashionable; ""the in thing to do""; ""large shoulder pads are in""","a quantifier that can be used with count nouns and is often preceded by `as' or `too' or `so' or `that'; amounting to a large but indefinite number; ""many temptations""; ""the temptations are many""; ""a good many""; ""a great many""; ""many directions""; ""take as many apples as you like""; ""too many clouds to see""; ""never saw so many people"""
only the,14511121,"exclusive of anyone or anything else; ""she alone believed him""; ""cannot live by bread alone""; ""I'll have this car and this car only""",
has not,14510751,,"negation of a word or group of words; ""he does not speak French""; ""she is not going""; ""they are not friends""; ""not many""; ""not much""; ""not at all"""
like that,14470230,"resembling or similar; having the same or some of the same characteristics; often used in combination; ""suits of like design""; ""a limited circle of like minds""; ""members of the cat family have like dispositions""; ""as like as two peas in a pod""; ""doglike devotion""; ""a dreamlike quality""",
focus on,14456687,a point of convergence of light (or other radiation) or a point from which it diverges,"in operation or operational; ""left the oven on""; ""the switch is in the on position"""
have no,14443260,a person who possesses great material wealth,a radioactive transuranic element synthesized by bombarding curium with carbon ions; 7 isotopes are known
to its,14410422,,
at that,14393206,100 at equal 1 kip in Laos,
you may,14377090,,thorny Eurasian shrub of small tree having dense clusters of white to scarlet flowers followed by deep red berries; established as an escape in eastern North America
its own,14370965,,"have ownership or possession of; ""He owns three houses in Florida""; ""How many cars does she have?"""
group of,14358195,(chemistry) two or more atoms bound together as a single unit and forming part of a molecule,
the original,14351830,,"preceding all others in time or being as first made or performed; ""the original inhabitants of the Americas""; ""the book still has its original binding""; ""restored the house to its original condition""; ""the original performance of the opera""; ""the original cast""; ""retracted his original statement"""
the war,14309641,,"an active struggle between competing entities; ""a price war""; ""a war of wits""; ""diplomatic warfare"""
only one,14284588,"exclusive of anyone or anything else; ""she alone believed him""; ""cannot live by bread alone""; ""I'll have this car and this car only""","being a single entity made by combining separate components; ""three chemicals combining into one solution"""
the child,14219105,,"a young person of either sex; ""she writes books for children""; ""they're just kids""; ""`tiddler' is a British term for youngster"""
first time,14206824,"serving to begin; ""the beginning canto of the poem""; ""the first verse""","an indefinite period (usually marked by specific attributes or activities); ""the time of year for planting""; ""he was a great actor in his time"""
for some,14204497,,"remarkable; ""that was some party""; ""she is some skier"""
has to,14174656,,
to show,14171969,,"the act of publicly exhibiting or entertaining; ""a remarkable show of skill"""
her face,14159592,,a vertical surface of a building or cliff
thank you,14158250,express gratitude or show appreciation to,
years of,14147344,"the time during which someone's life continues; ""the monarch's last days""; ""in his final years""",
a certain,14132729,"the basic unit of electric current adopted under the Systeme International d'Unites; ""a typical household circuit carries 15 to 50 amps""","established irrevocably; ""his fate is sealed"""
time and,14129963,"an indefinite period (usually marked by specific attributes or activities); ""the time of year for planting""; ""he was a great actor in his time""",
you should,14116496,,
at me,14112518,100 at equal 1 kip in Laos,a state in New England
not in,14109572,"negation of a word or group of words; ""he does not speak French""; ""she is not going""; ""they are not friends""; ""not many""; ""not much""; ""not at all""","currently fashionable; ""the in thing to do""; ""large shoulder pads are in"""
used for,14106894,"previously used or owned by another; ""bought a secondhand (or used) car""",
the presence,14105427,,the act of being present
the book,14083272,,"a record in which commercial accounts are recorded; ""they got a subpoena to examine our books"""
a different,14071996,"the basic unit of electric current adopted under the Systeme International d'Unites; ""a typical household circuit carries 15 to 50 amps""","unlike in nature or quality or form or degree; ""took different approaches to the problem""; ""came to a different conclusion""; ""different parts of the country""; ""on different sides of the issue""; ""this meeting was different from the earlier one"""
out in,14057932,"outer or outlying; ""the out islands""","currently fashionable; ""the in thing to do""; ""large shoulder pads are in"""
take the,14055640,"the income or profit arising from such transactions as the sale of land or other property; ""the average return was about 5%""",
he looked,14054605,a very light colorless element that is one of the six inert gasses; the most difficult gas to liquefy; occurs in economically extractable amounts in certain natural gases (as those found in Texas and Kansas),
them in,14054032,,"currently fashionable; ""the in thing to do""; ""large shoulder pads are in"""
the subject,14050828,,"being under the power or sovereignty of another or others; ""subject peoples""; ""a dependent prince"""
not just,14039945,"negation of a word or group of words; ""he does not speak French""; ""she is not going""; ""they are not friends""; ""not many""; ""not much""; ""not at all""","used especially of what is legally or ethically right or proper or fitting; ""a just and lasting peace""- A.Lincoln; ""a kind and just man""; ""a just reward""; ""his just inheritance"""
the car,14038714,,"a conveyance for passengers or freight on a cable railway; ""they took a cable car to the top of the mountain"""
too much,14017867,"to a degree exceeding normal or proper limits; ""too big""","a great amount or extent; ""they did much for humanity"""
me and,14012867,a state in New England,
tell you,14002949,a Swiss patriot who lived in the early 14th century and who was renowned for his skill as an archer; according to legend an Austrian governor compelled him to shoot an apple from his son's head with his crossbow (which he did successfully without mishap),
the current,13997628,,"occurring in or belonging to the present time; ""current events""; ""the current topic""; ""current negotiations""; ""current psychoanalytic theories""; ""the ship's current position"""
the British,13994108,,"of or relating to or characteristic of Great Britain or its people or culture; ""his wife is British"""
view of,13982815,"graphic art consisting of the graphic or photographic representation of a visual percept; ""he painted scenes from everyday life""; ""figure 2 shows photographic and schematic views of the equipment""",
that were,13943923,,
the role,13940329,,"what something is used for; ""the function of an auger is to bore holes""; ""ballet is beautiful but what use is it?"""
the form,13937366,,"(physical chemistry) a distinct state of matter in a system; matter that is identical in chemical composition and physical state and separated from other material by the phase boundary; ""the reaction occurs in the liquid phase of the system"""
of you,13924726,,
where he,13901335,,a very light colorless element that is one of the six inert gasses; the most difficult gas to liquefy; occurs in economically extractable amounts in certain natural gases (as those found in Texas and Kansas)
with my,13891358,,
the law,13888274,,a rule or body of rules of conduct inherent in human nature and essential to or binding upon human society
to put,13874103,,the option to sell a given stock (or stock index or commodity future) at a given price before a given date
is used,13874037,,"previously used or owned by another; ""bought a secondhand (or used) car"""
if a,13844691,,"the basic unit of electric current adopted under the Systeme International d'Unites; ""a typical household circuit carries 15 to 50 amps"""
over to,13814276,(cricket) the division of play during which six balls are bowled at the batsman by one player from the other team from the same end of the pitch,
any other,13811963,"to any degree or extent; ""it isn't any better""","not the same one or ones already mentioned or implied; ""today isn't any other day""- the White Queen; ""the construction of highways and other public works""; ""he asked for other employment""; ""any other person would tell the truth""; ""his other books are still in storage""; ""then we looked at the other house""; ""hearing was good in his other ear""; ""the other sex""; ""she lived on the other side of the street from me""; ""went in the other direction"""
which they,13797100,,
in Figure,13790470,"currently fashionable; ""the in thing to do""; ""large shoulder pads are in""","a well-known or notable person; ""they studied all the great names in the history of France""; ""she is an important figure in modern music"""
but a,13790284,"and nothing more; ""I was merely asking""; ""it is simply a matter of time""; ""just a scratch""; ""he was only a child""; ""hopes that last but a moment""","the basic unit of electric current adopted under the Systeme International d'Unites; ""a typical household circuit carries 15 to 50 amps"""
the road,13789247,,"a way or means to achieve something; ""the road to fame"""
the third,13778460,,coming next after the second and just before the fourth in position
you could,13759745,,
the beginning,13759119,,"the time at which something is supposed to begin; ""they got an early start""; ""she knew from the get-go that he was the man for her"""
because I,13758170,,"used of a single unit or thing; not two or more; ""`ane' is Scottish"""
are also,13757910,a unit of surface area equal to 100 square meters,"in addition; ""he has a Mercedes, too"""
will have,13754225,"the capability of conscious choice and decision and intention; ""the exercise of their volition we construe as revolt""- George Meredith",a person who possesses great material wealth
that has,13748718,,
the results,13747965,,
a particular,13735486,"the basic unit of electric current adopted under the Systeme International d'Unites; ""a typical household circuit carries 15 to 50 amps""","first and most important; ""his special interest is music""; ""she gets special (or particular) satisfaction from her volunteer work"""
lead to,13729219,an actor who plays a principal role,
and my,13728883,,
to talk,13709870,,"an exchange of ideas via conversation; ""let's have more work and less talk around here"""
the need,13666622,,"a condition requiring relief; ""she satisfied his need for affection""; ""God has no need of men to accomplish His work""; ""there is a demand for jobs"""
the data,13655004,,"a collection of facts from which conclusions may be drawn; ""statistical data"""
and on,13639024,,"in operation or operational; ""left the oven on""; ""the switch is in the on position"""
or more,13625262,"a room in a hospital equipped for the performance of surgical operations; ""great care is taken to keep the operating rooms aseptic""","English statesman who opposed Henry VIII's divorce from Catherine of Aragon and was imprisoned and beheaded; recalled for his concept of Utopia, the ideal state"
role in,13624577,"what something is used for; ""the function of an auger is to bore holes""; ""ballet is beautiful but what use is it?""","currently fashionable; ""the in thing to do""; ""large shoulder pads are in"""
they did,13620575,,
to all,13596976,,"completely given to or absorbed by; ""became all attention"""
series of,13591121,"(electronics) connection of components in such a manner that current flows first through one and then through the other; ""the voltage divider consisted of a series of fixed resistors""",
the general,13586130,,"applying to all or most members of a category or group; ""the general public""; ""general assistance""; ""a general rule""; ""in general terms""; ""comprehensible to the general reader"""
make it,13573617,the act of mixing cards haphazardly,the branch of engineering that deals with the use of computers and telecommunications to retrieve and store and transmit information
who have,13566144,a United Nations agency to coordinate international health activities and to help governments improve health services,a person who possesses great material wealth
his hands,13564538,,"(with `in') guardianship over; in divorce cases it is the right to house and care for and discipline a child; ""my fate is in your hands""; ""too much power in the president's hands""; ""your guests are now in my custody""; ""the mother was awarded custody of the children"""
much more,13546398,"a great amount or extent; ""they did much for humanity""","English statesman who opposed Henry VIII's divorce from Catherine of Aragon and was imprisoned and beheaded; recalled for his concept of Utopia, the ideal state"
the woman,13512725,,"an adult female person (as opposed to a man); ""the woman kept house while the man hunted"""
response to,13511883,"a result; ""this situation developed in response to events in Africa""",
in such,13504629,"currently fashionable; ""the in thing to do""; ""large shoulder pads are in""","to so extreme a degree; ""he is such a baby""; ""Such rich people!"""
my own,13483332,,"have ownership or possession of; ""He owns three houses in Florida""; ""How many cars does she have?"""
that will,13480691,,"the capability of conscious choice and decision and intention; ""the exercise of their volition we construe as revolt""- George Meredith"
percent of,13463551,a proportion in relation to a whole (which is usually the amount per hundred),
the story,13457104,,"a structure consisting of a room or set of rooms at a single position along a vertical scale; ""what level is the office on?"""
per cent,13444646,,a coin worth one-hundredth of the value of the basic unit
let me,13437250,a serve that strikes the net before falling into the receiver's court; the ball must be served again,a state in New England
I saw,13436789,"used of a single unit or thing; not two or more; ""`ane' is Scottish""",a power tool for cutting wood
to one,13435976,,"being a single entity made by combining separate components; ""three chemicals combining into one solution"""
example of,13418933,"an item of information that is typical of a class or group; ""this patient provides a typical example of the syndrome""; ""there is an example on page 10""",
what it,13414966,,the branch of engineering that deals with the use of computers and telecommunications to retrieve and store and transmit information
in part,13414738,"currently fashionable; ""the in thing to do""; ""large shoulder pads are in""","assets belonging to or due to or contributed by an individual person or group; ""he wanted his share in cash"""
that have,13413858,,a person who possesses great material wealth
ready to,13402533,"apprehending and responding with speed and sensitivity; ""a quick mind""; ""a ready wit""",
the words,13372933,,"language that is spoken or written; ""he has a gift for words""; ""she put her thoughts into words"""
his father,13341350,,the head of an organized crime family
on your,13301884,"in operation or operational; ""left the oven on""; ""the switch is in the on position""",
next to,13295110,"immediately following in time or order; ""the following day""; ""next in line""; ""the next president""; ""the next item on the list""",
forms of,13287044,,
that his,13284520,,
to avoid,13256265,,"refrain from certain foods or beverages; ""I keep off drugs""; ""During Ramadan, Muslims avoid tobacco during the day"""
out a,13253619,"outer or outlying; ""the out islands""","the basic unit of electric current adopted under the Systeme International d'Unites; ""a typical household circuit carries 15 to 50 amps"""
important to,13253499,"of great significance or value; ""important people""; ""the important questions of the day""",
these are,13218109,,a unit of surface area equal to 100 square meters
after all,13206552,"behind or in the rear; ""and Jill came tumbling after""","completely given to or absorbed by; ""became all attention"""
we need,13202663,,"a condition requiring relief; ""she satisfied his need for affection""; ""God has no need of men to accomplish His work""; ""there is a demand for jobs"""
has the,13194226,,
behind the,13193236,"the fleshy part of the human body that you sit on; ""he deserves a good kick in the butt""; ""are you going to sit on your fanny and do nothing?""",
the final,13187220,,"occurring at or forming an end or termination; ""his concluding words came as a surprise""; ""the final chapter""; ""the last days of the dinosaurs""; ""terminal leave"""
aspects of,13185952,,
because he,13183362,,a very light colorless element that is one of the six inert gasses; the most difficult gas to liquefy; occurs in economically extractable amounts in certain natural gases (as those found in Texas and Kansas)
the field,13178775,,"a particular kind of commercial enterprise; ""they are outstanding in their field"""
do with,13177945,doctor's degree in osteopathy,
for that,13133881,,
this section,13129224,,a land unit equal to 1 square mile
her and,13124567,,
what are,13118248,,a unit of surface area equal to 100 square meters
be seen,13102672,a light strong brittle grey toxic bivalent metallic element,
I just,13081268,"used of a single unit or thing; not two or more; ""`ane' is Scottish""","used especially of what is legally or ethically right or proper or fitting; ""a just and lasting peace""- A.Lincoln; ""a kind and just man""; ""a just reward""; ""his just inheritance"""
can also,13078165,the quantity contained in a can,"in addition; ""he has a Mercedes, too"""
the person,13075736,,"a human body (usually including the clothing); ""a weapon was hidden on his person"""
one 's,13072290,"being a single entity made by combining separate components; ""three chemicals combining into one solution""",
what do,13058817,,doctor's degree in osteopathy
addition to,13038012,"something added to what you already have; ""the librarian shelved the new accessions""; ""he was a new addition to the staff""",
of some,13026873,,"remarkable; ""that was some party""; ""she is some skier"""
and one,13015352,,"being a single entity made by combining separate components; ""three chemicals combining into one solution"""
with them,13003303,,
couple of,13000002,two items of the same kind,
said that,12997017,,
his wife,12984601,,a married woman; a man's partner in marriage
you would,12971073,,
was just,12967646,,"used especially of what is legally or ethically right or proper or fitting; ""a just and lasting peace""- A.Lincoln; ""a kind and just man""; ""a just reward""; ""his just inheritance"""
and by,12956421,,"in reserve; not for immediate use; ""started setting aside money to buy a car""; ""put something by for her old age""; ""has a nest egg tucked away for a rainy day"""
patients with,12947893,,
looking at,12940124,"appearing to be as specified; usually used as combining forms; ""left their clothes dirty looking""; ""a most disagreeable looking character""; ""angry-looking""; ""liquid-looking""; ""severe-looking policemen on noble horses""; ""fine-sounding phrases""; ""taken in by high-sounding talk""",100 at equal 1 kip in Laos
the men,12935323,,the force of workers available
with its,12929230,,
towards the,12912521,,
turned to,12908198,"in an unpalatable state; ""sour milk""",
levels of,12873615,,
or other,12871747,"a room in a hospital equipped for the performance of surgical operations; ""great care is taken to keep the operating rooms aseptic""","not the same one or ones already mentioned or implied; ""today isn't any other day""- the White Queen; ""the construction of highways and other public works""; ""he asked for other employment""; ""any other person would tell the truth""; ""his other books are still in storage""; ""then we looked at the other house""; ""hearing was good in his other ear""; ""the other sex""; ""she lived on the other side of the street from me""; ""went in the other direction"""
back in,12858668,"a support that you can lean against while sitting; ""the back of the dental chair was adjustable""","currently fashionable; ""the in thing to do""; ""large shoulder pads are in"""
or to,12845729,"a room in a hospital equipped for the performance of surgical operations; ""great care is taken to keep the operating rooms aseptic""",
the moment,12842838,,a turning force produced by an object acting at a distance (or a measure of that force)
attempt to,12841461,"the act of attacking; ""attacks on women increased last year""; ""they made an attempt on his life""",
soon as,12841013,"in the near future; ""the doctor will soon be here""; ""the book will appear shortly""; ""she will arrive presently""; ""we should have news before long""",a very poisonous metallic element that has three allotropic forms; arsenic and arsenic compounds are used as herbicides and insecticides and various alloys; found in arsenopyrite and orpiment and realgar
similar to,12840146,"resembling or similar; having the same or some of the same characteristics; often used in combination; ""suits of like design""; ""a limited circle of like minds""; ""members of the cat family have like dispositions""; ""as like as two peas in a pod""; ""doglike devotion""; ""a dreamlike quality""",
that if,12832471,,
means of,12829914,"considerable capital (wealth or income); ""he is a man of means""",
and now,12821631,,"the momentary present; ""Now is a good time to do it""; ""it worked up to right now"""
the term,12821273,,"a limited period of time; ""a prison term""; ""he left school before the end of term"""
but this,12806543,"and nothing more; ""I was merely asking""; ""it is simply a matter of time""; ""just a scratch""; ""he was only a child""; ""hopes that last but a moment""",
the place,12806165,,"a particular situation; ""If you were in my place what would you do?"""
to move,12796738,,"the act of deciding to do something; ""he didn't make a move to help""; ""his first move was to hire a lawyer"""
the value,12790953,,"the amount (of money or goods or services) that is considered to be a fair equivalent for something else; ""he tried to estimate the value of the produce at normal prices"""
for them,12784787,,
back and,12773675,"a support that you can lean against while sitting; ""the back of the dental chair was adjustable""",
could see,12767178,,the seat within a bishop's diocese where his cathedral is located
as soon,12764146,a very poisonous metallic element that has three allotropic forms; arsenic and arsenic compounds are used as herbicides and insecticides and various alloys; found in arsenopyrite and orpiment and realgar,"in the near future; ""the doctor will soon be here""; ""the book will appear shortly""; ""she will arrive presently""; ""we should have news before long"""
in and,12749823,"currently fashionable; ""the in thing to do""; ""large shoulder pads are in""",
by an,12746121,"in reserve; not for immediate use; ""started setting aside money to buy a car""; ""put something by for her old age""; ""has a nest egg tucked away for a rainy day""",an associate degree in nursing
referred to,12743975,,
with all,12735102,,"completely given to or absorbed by; ""became all attention"""
to live,12723062,,"exerting force or containing energy; ""live coals""; ""tossed a live cigarette out the window""; ""got a shock from a live wire""; ""live ore is unmined ore""; ""a live bomb""; ""a live ball is one in play"""
the result,12719074,,"a phenomenon that follows and is caused by some previous phenomenon; ""the magnetic effect was greater when the rod was lengthwise""; ""his decision had depressing consequences for business""; ""he acted very wise after the event"""
of human,12698770,,"having human form or attributes as opposed to those of animals or divine beings; ""human beings""; ""the human body""; ""human kindness""; ""human frailty"""
to bring,12688867,,"bring into a different state; ""this may land you in jail"""
is important,12684400,,"of great significance or value; ""important people""; ""the important questions of the day"""
the left,12677611,,of or belonging to the political or intellectual left
change in,12673543,"the result of alteration or modification; ""there were marked changes in the lining of the lungs""; ""there had been no change in the mountains""","currently fashionable; ""the in thing to do""; ""large shoulder pads are in"""
the light,12672857,,"easily assimilated in the alimentary canal; not rich or heavily seasoned; ""a light diet"""
a high,12663976,"the basic unit of electric current adopted under the Systeme International d'Unites; ""a typical household circuit carries 15 to 50 amps""",(used of the smell of meat) smelling spoiled or tainted
over a,12659674,(cricket) the division of play during which six balls are bowled at the batsman by one player from the other team from the same end of the pitch,"the basic unit of electric current adopted under the Systeme International d'Unites; ""a typical household circuit carries 15 to 50 amps"""
full of,12640360,"having the normally expected amount; ""gives full measure""; ""gives good measure""; ""a good mile from here""",
the basis,12634279,,"a relation that provides the foundation for something; ""they were on a friendly footing""; ""he worked on an interim basis"""
about to,12630141,"in rotation or succession; ""turn about is fair play""",
the sun,12616730,,a person considered as a source of warmth or energy or glory etc
to our,12600602,,
her hand,12596406,,"a member of the crew of a ship; ""all hands on deck"""
the total,12586382,,"constituting the full quantity or extent; complete; ""an entire town devastated by an earthquake""; ""gave full attention""; ""a total failure"""
they 'd,12585903,,
the young,12581309,,"being in its early stage; ""a young industry""; ""the day is still young"""
although the,12554922,,
and at,12543874,,100 at equal 1 kip in Laos
get a,12541500,a return on a shot that seemed impossible to reach and would normally have resulted in a point for the opponent,"the basic unit of electric current adopted under the Systeme International d'Unites; ""a typical household circuit carries 15 to 50 amps"""
parts of,12538879,"the local environment; ""he hasn't been seen around these parts in years""",
but we,12527986,"and nothing more; ""I was merely asking""; ""it is simply a matter of time""; ""just a scratch""; ""he was only a child""; ""hopes that last but a moment""",
you must,12521029,,the quality of smelling or tasting old or stale or mouldy
the local,12520150,,"relating to or applicable to or concerned with the administration of a city or town or district rather than a larger area; ""local taxes""; ""local authorities"""
to become,12515683,,"enter or assume a certain state or condition; ""He became annoyed when he heard the bad news""; ""It must be getting more serious""; ""her face went red with anger""; ""She went into ecstasy""; ""Get going!"""
need for,12511814,"a condition requiring relief; ""she satisfied his need for affection""; ""God has no need of men to accomplish His work""; ""there is a demand for jobs""",
that all,12498023,,"completely given to or absorbed by; ""became all attention"""
the amount,12488121,,"a quantity of money; ""he borrowed a large sum""; ""the amount he had in cash was insufficient"""
importance of,12476993,"a prominent status; ""a person of importance""",
so many,12474429,the syllable naming the fifth (dominant) note of any musical scale in solmization,"a quantifier that can be used with count nouns and is often preceded by `as' or `too' or `so' or `that'; amounting to a large but indefinite number; ""many temptations""; ""the temptations are many""; ""a good many""; ""a great many""; ""many directions""; ""take as many apples as you like""; ""too many clouds to see""; ""never saw so many people"""
if there,12461946,,"a location other than here; that place; ""you can take it from there"""
interest in,12459006,"(law) a right or legal share of something; a financial involvement with something; ""they have interests all over the world""; ""a stake in the company's future""","currently fashionable; ""the in thing to do""; ""large shoulder pads are in"""
decided to,12444652,"recognizable; marked; ""noticed a distinct improvement""; ""at a distinct (or decided) disadvantage""",
believe that,12402153,"accept as true; take to be true; ""I believed his report""; ""We didn't believe his stories from the War""; ""She believes in spirits""",
we could,12400205,,
power of,12398196,"one possessing or exercising power or influence or authority; ""the mysterious presence of an evil power""; ""may the force be with you""; ""the forces of evil""",
not get,12392879,"negation of a word or group of words; ""he does not speak French""; ""she is not going""; ""they are not friends""; ""not many""; ""not much""; ""not at all""",a return on a shot that seemed impossible to reach and would normally have resulted in a point for the opponent
beyond the,12378067,"in addition; ""agreed to provide essentials but nothing beyond""",
what she,12369992,,
and have,12369578,,a person who possesses great material wealth
long as,12361826,"primarily spatial sense; of relatively great or greater than average spatial extension or extension as specified; ""a long road""; ""a long distance""; ""contained many long words""; ""ten miles long""",a very poisonous metallic element that has three allotropic forms; arsenic and arsenic compounds are used as herbicides and insecticides and various alloys; found in arsenopyrite and orpiment and realgar
found that,12361796,"come upon unexpectedly or after searching; ""found art""; ""the lost-and-found department""",
get the,12360289,a return on a shot that seemed impossible to reach and would normally have resulted in a point for the opponent,
not see,12344080,"negation of a word or group of words; ""he does not speak French""; ""she is not going""; ""they are not friends""; ""not many""; ""not much""; ""not at all""",the seat within a bishop's diocese where his cathedral is located
in general,12329272,"currently fashionable; ""the in thing to do""; ""large shoulder pads are in""","applying to all or most members of a category or group; ""the general public""; ""general assistance""; ""a general rule""; ""in general terms""; ""comprehensible to the general reader"""
the children,12315696,,
with it,12306459,,the branch of engineering that deals with the use of computers and telecommunications to retrieve and store and transmit information
then I,12293440,"that time; that moment; ""we will arrive before then""; ""we were friends from then on""","used of a single unit or thing; not two or more; ""`ane' is Scottish"""
responsible for,12285118,"worthy of or requiring responsibility or trust; or held accountable; ""a responsible adult""; ""responsible journalism""; ""a responsible position""; ""the captain is responsible for the ship's safety""; ""the cabinet is responsible to the parliament""",
have you,12279668,a person who possesses great material wealth,
is very,12273287,,"used as intensifiers; `real' is sometimes used informally for `really'; `rattling' is informal; ""she was very gifted""; ""he played very well""; ""a really enjoyable evening""; ""I'm real sorry about it""; ""a rattling good yarn"""
by his,12271636,"in reserve; not for immediate use; ""started setting aside money to buy a car""; ""put something by for her old age""; ""has a nest egg tucked away for a rainy day""",
of two,12264721,,"being one more than one; ""he received two messages"""
to ask,12263679,,"require or ask for as a price or condition; ""He is asking $200 for the table""; ""The kidnappers are asking a million dollars in return for the release of their hostage"""
it did,12257128,the branch of engineering that deals with the use of computers and telecommunications to retrieve and store and transmit information,
return to,12256399,"a reciprocal group action; ""in return we gave them as good as we got""",
not like,12244537,"negation of a word or group of words; ""he does not speak French""; ""she is not going""; ""they are not friends""; ""not many""; ""not much""; ""not at all""","resembling or similar; having the same or some of the same characteristics; often used in combination; ""suits of like design""; ""a limited circle of like minds""; ""members of the cat family have like dispositions""; ""as like as two peas in a pod""; ""doglike devotion""; ""a dreamlike quality"""
be made,12235252,a light strong brittle grey toxic bivalent metallic element,"(of a bed) having the sheets and blankets set in order; ""a neatly made bed"""
my life,12227294,,"a living person; ""his heroism saved a life"""
to determine,12221313,,"reach, make, or come to a decision about something; ""We finally decided after lengthy deliberations"""
to ensure,12213825,,"be careful or certain to do something; make certain of something; ""He verified that the valves were closed""; ""See that the curtains are closed""; ""control the quality of the product"""
the individual,12197328,,"characteristic of or meant for a single person or thing; ""an individual serving""; ""single occupancy""; ""a single bed"""
attention to,12196637,"a courteous act indicating affection; ""she tried to win his heart with her many attentions""",
me that,12192859,a state in New England,
the area,12187443,,"a particular environment or walk of life; ""his social sphere is limited""; ""it was a closed area of employment""; ""he's out of my orbit"""
of other,12185506,,"not the same one or ones already mentioned or implied; ""today isn't any other day""- the White Queen; ""the construction of highways and other public works""; ""he asked for other employment""; ""any other person would tell the truth""; ""his other books are still in storage""; ""then we looked at the other house""; ""hearing was good in his other ear""; ""the other sex""; ""she lived on the other side of the street from me""; ""went in the other direction"""
it and,12155096,the branch of engineering that deals with the use of computers and telecommunications to retrieve and store and transmit information,
to those,12152030,,
thought of,12128742,"the process of using your mind to consider something carefully; ""thinking always made him frown""; ""she paused for thought""",
of how,12101499,,
concept of,12094783,an abstract or general idea inferred or derived from specific instances,
led to,12090883,diode such that light emitted at a p-n junction is proportional to the bias current; color depends on the material used,
compared to,12085336,,
me a,12084373,a state in New England,"the basic unit of electric current adopted under the Systeme International d'Unites; ""a typical household circuit carries 15 to 50 amps"""
the human,12079689,,"having human form or attributes as opposed to those of animals or divine beings; ""human beings""; ""the human body""; ""human kindness""; ""human frailty"""
even the,12072919,"occurring at fixed intervals; ""a regular beat""; ""the even rhythm of his breathing""",
necessary to,12065735,absolutely essential,
he will,12043011,a very light colorless element that is one of the six inert gasses; the most difficult gas to liquefy; occurs in economically extractable amounts in certain natural gases (as those found in Texas and Kansas),"the capability of conscious choice and decision and intention; ""the exercise of their volition we construe as revolt""- George Meredith"
the long,12041284,,"primarily spatial sense; of relatively great or greater than average spatial extension or extension as specified; ""a long road""; ""a long distance""; ""contained many long words""; ""ten miles long"""
within a,12039294,"on the inside; ""inside, the car is a mess""","the basic unit of electric current adopted under the Systeme International d'Unites; ""a typical household circuit carries 15 to 50 amps"""
outside the,12037003,"functioning outside the boundaries or precincts of an organized unit; ""extramural hospital care and treatment""; ""extramural studies""",
rate of,12031657,"amount of a charge or payment relative to some basis; ""a 10-minute phone call at that rate would cost $5""",
to pay,12021962,,"something that remunerates; ""wages were paid by check""; ""he wasted his pay on drink""; ""they saved a quarter of all their earnings"""
increase in,12017042,"a process of becoming larger or longer or more numerous or more important; ""the increase in unemployment""; ""the growth of population""","currently fashionable; ""the in thing to do""; ""large shoulder pads are in"""
the side,12001728,,"an extended outer surface of an object; ""he turned the box over to examine the bottom side""; ""they painted all four sides of the house"""
those of,11996067,,
I felt,11961548,"used of a single unit or thing; not two or more; ""`ane' is Scottish""",a fabric made of compressed matted animal fibers
a child,11930151,"the basic unit of electric current adopted under the Systeme International d'Unites; ""a typical household circuit carries 15 to 50 amps""","a young person of either sex; ""she writes books for children""; ""they're just kids""; ""`tiddler' is a British term for youngster"""
the kitchen,11929701,,a room equipped for preparing meals
source of,11925648,"someone who originates or causes or initiates something; ""he was the generator of several complaints""",
subject to,11923799,"being under the power or sovereignty of another or others; ""subject peoples""; ""a dependent prince""",
only to,11900225,"exclusive of anyone or anything else; ""she alone believed him""; ""cannot live by bread alone""; ""I'll have this car and this car only""",
so far,11888093,the syllable naming the fifth (dominant) note of any musical scale in solmization,"being of a considerable distance or length; ""a far trek"""
we should,11886909,,
even more,11882547,"occurring at fixed intervals; ""a regular beat""; ""the even rhythm of his breathing""","English statesman who opposed Henry VIII's divorce from Catherine of Aragon and was imprisoned and beheaded; recalled for his concept of Utopia, the ideal state"
to speak,11832238,,"make a characteristic or natural sound; ""The drums spoke"""
a big,11819135,"the basic unit of electric current adopted under the Systeme International d'Unites; ""a typical household circuit carries 15 to 50 amps""","given or giving freely; ""was a big tipper""; ""the bounteous goodness of God""; ""bountiful compliments""; ""a freehanded host""; ""a handsome allowance""; ""Saturday's child is loving and giving""; ""a liberal backer of the arts""; ""a munificent gift""; ""her fond and openhanded grandfather"""
near the,11802162,"giving or spending with reluctance; ""our cheeseparing administration""; ""very close (or near) with his money""; ""a penny-pinching miserly old man""",
to hear,11801091,,"receive a communication from someone; ""We heard nothing from our son for five years"""
to stay,11770952,,"continuing or remaining in a place or state; ""they had a nice stay in Paris""; ""a lengthy hospital stay""; ""a four-month stay in bankruptcy court"""
about a,11743755,"in rotation or succession; ""turn about is fair play""","the basic unit of electric current adopted under the Systeme International d'Unites; ""a typical household circuit carries 15 to 50 amps"""
the group,11738490,,(chemistry) two or more atoms bound together as a single unit and forming part of a molecule
for more,11722920,,"English statesman who opposed Henry VIII's divorce from Catherine of Aragon and was imprisoned and beheaded; recalled for his concept of Utopia, the ideal state"
no more,11722316,a radioactive transuranic element synthesized by bombarding curium with carbon ions; 7 isotopes are known,"English statesman who opposed Henry VIII's divorce from Catherine of Aragon and was imprisoned and beheaded; recalled for his concept of Utopia, the ideal state"
loss of,11715807,"the amount by which the cost of a business exceeds its revenue; ""the company operated at a loss last year""; ""the company operated in the red last year""",
for your,11700491,,
the wall,11676236,,"a difficult or awkward situation; ""his back was to the wall""; ""competition was pushing them to the wall"""
and some,11668830,,"remarkable; ""that was some party""; ""she is some skier"""
approach to,11667124,"a way of entering or leaving; ""he took a wrong turn on the access to the bridge""",
followed by,11662858,,"in reserve; not for immediate use; ""started setting aside money to buy a car""; ""put something by for her old age""; ""has a nest egg tucked away for a rainy day"""
the morning,11655920,,"the time period between dawn and noon; ""I spent the morning running errands"""
he wanted,11648096,a very light colorless element that is one of the six inert gasses; the most difficult gas to liquefy; occurs in economically extractable amounts in certain natural gases (as those found in Texas and Kansas),"characterized by feeling or showing fond affection for; ""a cherished friend""; ""children are precious""; ""a treasured heirloom""; ""so good to feel wanted"""
were in,11644677,,"currently fashionable; ""the in thing to do""; ""large shoulder pads are in"""
to change,11639788,,"the result of alteration or modification; ""there were marked changes in the lining of the lungs""; ""there had been no change in the mountains"""
or even,11639654,"a room in a hospital equipped for the performance of surgical operations; ""great care is taken to keep the operating rooms aseptic""","occurring at fixed intervals; ""a regular beat""; ""the even rhythm of his breathing"""
unable to,11638574,"lacking in power or forcefulness; ""an ineffectual ruler""; ""like an unable phoenix in hot ashes""",
which I,11636561,,"used of a single unit or thing; not two or more; ""`ane' is Scottish"""
he asked,11608685,a very light colorless element that is one of the six inert gasses; the most difficult gas to liquefy; occurs in economically extractable amounts in certain natural gases (as those found in Texas and Kansas),
be more,11606824,a light strong brittle grey toxic bivalent metallic element,"English statesman who opposed Henry VIII's divorce from Catherine of Aragon and was imprisoned and beheaded; recalled for his concept of Utopia, the ideal state"
hard to,11606028,"dried out; ""hard dry rolls left over from the day before""",
this case,11600559,,"a person who is subjected to experimental or other observational procedures; someone who is an object of investigation; ""the subjects for this investigation were selected randomly""; ""the cases that we studied were drawn from two different communities"""
period of,11580792,"the monthly discharge of blood from the uterus of nonpregnant women from puberty to menopause; ""the women were sickly and subject to excessive menstruation""; ""a woman does not take the gout unless her menses be stopped""--Hippocrates; ""the semen begins to appear in males and to be emitted at the same time of life that the catamenia begin to flow in females""--Aristotle",
the surface,11575020,,"on the surface; ""surface materials of the moon"""
her mother,11573850,,"a woman who has given birth to a child (also used as a term of address to your mother); ""the mother of three children"""
it as,11566842,the branch of engineering that deals with the use of computers and telecommunications to retrieve and store and transmit information,a very poisonous metallic element that has three allotropic forms; arsenic and arsenic compounds are used as herbicides and insecticides and various alloys; found in arsenopyrite and orpiment and realgar
including the,11561561,,
onto the,11552388,,
I got,11550894,"used of a single unit or thing; not two or more; ""`ane' is Scottish""",
it all,11539737,the branch of engineering that deals with the use of computers and telecommunications to retrieve and store and transmit information,"completely given to or absorbed by; ""became all attention"""
much as,11537056,"a great amount or extent; ""they did much for humanity""",a very poisonous metallic element that has three allotropic forms; arsenic and arsenic compounds are used as herbicides and insecticides and various alloys; found in arsenopyrite and orpiment and realgar
told him,11532818,,
my father,11532360,,the head of an organized crime family
be found,11531726,a light strong brittle grey toxic bivalent metallic element,"come upon unexpectedly or after searching; ""found art""; ""the lost-and-found department"""
whether the,11519269,,
know how,11507669,"the fact of being aware of information that is known to few people; ""he is always in the know""",
it could,11505655,the branch of engineering that deals with the use of computers and telecommunications to retrieve and store and transmit information,
needs to,11502603,"in such a manner as could not be otherwise; ""it is necessarily so""; ""we must needs by objective""",
him a,11501729,,"the basic unit of electric current adopted under the Systeme International d'Unites; ""a typical household circuit carries 15 to 50 amps"""
the land,11490314,,United States inventor who incorporated Polaroid film into lenses and invented the one step photographic process (1909-1991)
with your,11487700,,
is still,11462455,,"free from noticeable current; ""a still pond""; ""still waters run deep"""
the king,11447876,,a male sovereign; ruler of a kingdom
none of,11444731,"not any; ""thou shalt have none other gods before me""",
the social,11439795,,"marked by friendly companionship with others; ""a social cup of coffee"""
the previous,11422227,,
the nature,11412795,,"the complex of emotional and intellectual attributes that determine a person's characteristic actions and reactions; ""it is his nature to help others"""
respect to,11411058,"behavior intended to please your parents; ""their children were never very strong on obedience""; ""he went to law school out of respect for his father's wishes""",
in both,11392236,"currently fashionable; ""the in thing to do""; ""large shoulder pads are in""",
aware of,11369683,"bearing in mind; attentive to; ""ever mindful of her health""; ""mindful of his responsibilities""; ""mindful of these criticisms, I shall attempt to justify my action""",
with that,11362504,,
other than,11357446,"not the same one or ones already mentioned or implied; ""today isn't any other day""- the White Queen; ""the construction of highways and other public works""; ""he asked for other employment""; ""any other person would tell the truth""; ""his other books are still in storage""; ""then we looked at the other house""; ""hearing was good in his other ear""; ""the other sex""; ""she lived on the other side of the street from me""; ""went in the other direction""",
find the,11345376,the act of discovering something,
you see,11343852,,the seat within a bishop's diocese where his cathedral is located
I told,11329491,"used of a single unit or thing; not two or more; ""`ane' is Scottish""",
think that,11328458,"an instance of deliberate thinking; ""I need to give it a good think""",
piece of,11328314,"a share of something; ""a slice of the company's revenue""",
list of,11316440,"the property possessed by a line or surface that departs from the vertical; ""the tower had a pronounced tilt""; ""the ship developed a list to starboard""; ""he walked with a heavy inclination to the right""",
as possible,11312680,a very poisonous metallic element that has three allotropic forms; arsenic and arsenic compounds are used as herbicides and insecticides and various alloys; found in arsenopyrite and orpiment and realgar,"capable of happening or existing; ""a breakthrough may be possible next year""; ""anything is possible""; ""warned of possible consequences"""
deal with,11311935,"the act of apportioning or distributing something; ""the captain was entrusted with the deal of provisions""",
so the,11311418,the syllable naming the fifth (dominant) note of any musical scale in solmization,
name of,11309598,"a well-known or notable person; ""they studied all the great names in the history of France""; ""she is an important figure in modern music""",
work of,11296450,"(physics) a manifestation of energy; the transfer of energy from one physical system to another expressed as the product of a force and the distance through which it moves a body in the direction of that force; ""work equals force times distance""",
back of,11296359,"a support that you can lean against while sitting; ""the back of the dental chair was adjustable""",
prior to,11288959,the head of a religious order; in an abbey the prior is next below the abbot,
his life,11288929,,"a living person; ""his heroism saved a life"""
it seems,11285620,the branch of engineering that deals with the use of computers and telecommunications to retrieve and store and transmit information,
up at,11284022,"open; ""the windows are up""",100 at equal 1 kip in Laos
the window,11280813,,"the time period that is considered best for starting or finishing something; ""the expanded window will give us time to catch the thieves""; ""they had a window of less than an hour when an attack would have succeeded"""
had never,11275406,,"not ever; at no time in the past or future; ""I have never been to China""; ""I shall never forget this day""; ""had never seen a circus""; ""never on Sunday""; ""I will never marry you!"""
out and,11274076,"outer or outlying; ""the out islands""",
from their,11264512,,
knew that,11263538,,
years ago,11253113,"the time during which someone's life continues; ""the monarch's last days""; ""in his final years""","gone by; or in the past; ""two years ago""; ""`agone' is an archaic word for `ago'"""
this way,11234531,,"a portion of something divided into shares; ""they split the loot three ways"""
was one,11229542,,"being a single entity made by combining separate components; ""three chemicals combining into one solution"""
I wanted,11215298,"used of a single unit or thing; not two or more; ""`ane' is Scottish""","characterized by feeling or showing fond affection for; ""a cherished friend""; ""children are precious""; ""a treasured heirloom""; ""so good to feel wanted"""
the head,11210347,,"a user of (usually soft) drugs; ""the office was full of secret heads"""
we must,11207778,,the quality of smelling or tasting old or stale or mouldy
from this,11204153,,
risk of,11193310,"a source of danger; a possibility of incurring loss or misfortune; ""drinking alcohol is a health hazard""",
that one,11188575,,"being a single entity made by combining separate components; ""three chemicals combining into one solution"""
where they,11177144,,
possible to,11162155,"capable of happening or existing; ""a breakthrough may be possible next year""; ""anything is possible""; ""warned of possible consequences""",
tend to,11157092,"manage or run; ""tend a store""",
relationship between,11153805,"a relation between people; (`relationship' is often used where `relation' would serve, as in `the relationship between inflation and unemployment', but the preferred usage of `relationship' is for human relations or states of relatedness); ""the relationship between mothers and their children""","in between; ""two houses with a tree between"""
far as,11150089,"being of a considerable distance or length; ""a far trek""",a very poisonous metallic element that has three allotropic forms; arsenic and arsenic compounds are used as herbicides and insecticides and various alloys; found in arsenopyrite and orpiment and realgar
the author,11146793,,"someone who originates or causes or initiates something; ""he was the generator of several complaints"""
to what,11145105,,
see that,11140889,the seat within a bishop's diocese where his cathedral is located,
your own,11138982,,"have ownership or possession of; ""He owns three houses in Florida""; ""How many cars does she have?"""
continue to,11137606,"exist over a prolonged period of time; ""The bad weather continued for two more weeks""",
the effect,11124297,,"a phenomenon that follows and is caused by some previous phenomenon; ""the magnetic effect was greater when the rod was lengthwise""; ""his decision had depressing consequences for business""; ""he acted very wise after the event"""
be an,11123400,a light strong brittle grey toxic bivalent metallic element,an associate degree in nursing
continued to,11121015,"without stop or interruption; ""to insure the continued success of the war""; ""the continued existence of nationalism""; ""the continued popularity of Westerns""",
with respect,11120031,,"behavior intended to please your parents; ""their children were never very strong on obedience""; ""he went to law school out of respect for his father's wishes"""
it should,11109650,the branch of engineering that deals with the use of computers and telecommunications to retrieve and store and transmit information,
I need,11107904,"used of a single unit or thing; not two or more; ""`ane' is Scottish""","a condition requiring relief; ""she satisfied his need for affection""; ""God has no need of men to accomplish His work""; ""there is a demand for jobs"""
and thus,11106632,,an aromatic gum resin obtained from various Arabian or East African trees; formerly valued for worship and for embalming and fumigation
using a,11103629,"an act that exploits or victimizes someone (treats them unfairly); ""capitalistic exploitation of the working class""; ""paying Blacks less and charging them more is a form of victimization""","the basic unit of electric current adopted under the Systeme International d'Unites; ""a typical household circuit carries 15 to 50 amps"""
in it,11102364,"currently fashionable; ""the in thing to do""; ""large shoulder pads are in""",the branch of engineering that deals with the use of computers and telecommunications to retrieve and store and transmit information
the situation,11093003,,"a condition or position in which you find yourself; ""the unpleasant situation (or position) of having to choose between two evils""; ""found herself in a very fortunate situation"""
the National,11092792,,"inside the country; ""the British Home Office has broader responsibilities than the United States Department of the Interior""; ""the nation's internal politics"""
she knew,11091869,,
the church,11088063,,"a service conducted in a house of worship; ""don't be late for church"""
a year,11070293,"the basic unit of electric current adopted under the Systeme International d'Unites; ""a typical household circuit carries 15 to 50 amps""","the period of time that it takes for a planet (as, e.g., Earth or Mars) to make a complete revolution around the sun; ""a Martian year takes 687 of our days"""
the real,11062443,,"capable of being treated as fact; ""tangible evidence""; ""his brief time as Prime Minister brought few real benefits to the poor"""
basis of,11059531,"a relation that provides the foundation for something; ""they were on a friendly footing""; ""he worked on an interim basis""",
relation to,11051804,"a person related by blood or marriage; ""police are searching for relatives of the deceased""; ""he has distant relations back in New Jersey""",
the police,11047670,,"the force of policemen and officers; ""the law came looking for him"""
looking for,11029907,"appearing to be as specified; usually used as combining forms; ""left their clothes dirty looking""; ""a most disagreeable looking character""; ""angry-looking""; ""liquid-looking""; ""severe-looking policemen on noble horses""; ""fine-sounding phrases""; ""taken in by high-sounding talk""",
was on,11018024,,"in operation or operational; ""left the oven on""; ""the switch is in the on position"""
theory of,11011882,"a tentative insight into the natural world; a concept that is not yet verified but that if true would explain certain facts or phenomena; ""a scientific hypothesis that survives experimental testing becomes a scientific theory""; ""he proposed a fresh theory of alkalis that later was accepted in chemical practices""",
act of,11002684,something that people do or cause to happen,
required to,10999334,"necessary for relief or supply; ""provided them with all things needful""",
and social,10982177,,"marked by friendly companionship with others; ""a social cup of coffee"""
my mother,10974906,,"a woman who has given birth to a child (also used as a term of address to your mother); ""the mother of three children"""
he took,10964616,a very light colorless element that is one of the six inert gasses; the most difficult gas to liquefy; occurs in economically extractable amounts in certain natural gases (as those found in Texas and Kansas),
she looked,10963781,,
knowledge of,10941140,the psychological result of perception and learning and reasoning,
supposed to,10938477,"doubtful or suspect; ""these so-called experts are no help""",
is often,10933611,,"many times at short intervals; ""we often met over a cup of coffee"""
to us,10922829,,North American republic containing 50 states - 48 conterminous states in North America plus Alaska in northwest North America and the Hawaiian Islands in the Pacific Ocean; achieved independence in 1776
make sure,10918703,the act of mixing cards haphazardly,"physically secure or dependable; ""a sure footing""; ""was on sure ground"""
not do,10913011,"negation of a word or group of words; ""he does not speak French""; ""she is not going""; ""they are not friends""; ""not many""; ""not much""; ""not at all""",doctor's degree in osteopathy
are more,10897951,a unit of surface area equal to 100 square meters,"English statesman who opposed Henry VIII's divorce from Catherine of Aragon and was imprisoned and beheaded; recalled for his concept of Utopia, the ideal state"
think about,10893381,"an instance of deliberate thinking; ""I need to give it a good think""","in rotation or succession; ""turn about is fair play"""
on an,10873333,"in operation or operational; ""left the oven on""; ""the switch is in the on position""",an associate degree in nursing
as though,10872331,a very poisonous metallic element that has three allotropic forms; arsenic and arsenic compounds are used as herbicides and insecticides and various alloys; found in arsenopyrite and orpiment and realgar,"(postpositive) however; ""it might be unpleasant, though"""
man who,10858721,"an adult person who is male (as opposed to a woman); ""there were two women and six men on the bus""",a United Nations agency to coordinate international health activities and to help governments improve health services
the study,10848766,,"someone who memorizes quickly and easily (as the lines for a part in a play); ""he is a quick study"""
two of,10834177,"being one more than one; ""he received two messages""",
but if,10832024,"and nothing more; ""I was merely asking""; ""it is simply a matter of time""; ""just a scratch""; ""he was only a child""; ""hopes that last but a moment""",
and also,10828838,,"in addition; ""he has a Mercedes, too"""
he saw,10809798,a very light colorless element that is one of the six inert gasses; the most difficult gas to liquefy; occurs in economically extractable amounts in certain natural gases (as those found in Texas and Kansas),a power tool for cutting wood
of social,10805304,,"marked by friendly companionship with others; ""a social cup of coffee"""
at first,10801308,100 at equal 1 kip in Laos,"serving to begin; ""the beginning canto of the poem""; ""the first verse"""
to develop,10799974,,"move into a strategically more advantageous position; ""develop the rook"""
the key,10796352,,"serving as an essential component; ""a cardinal rule""; ""the central cause of the problem""; ""an example that was fundamental to the argument""; ""computers are fundamental to modern industrial structure"""
the French,10788222,,"of or pertaining to France or the people of France; ""French cooking""; ""a Gallic shrug"""
the late,10784971,,"after the expected or usual time; delayed; ""a belated birthday card""; ""I'm late for the plane""; ""the train is late""; ""tardy children are sent to the principal""; ""always tardy in making dental appointments"""
not that,10784492,"negation of a word or group of words; ""he does not speak French""; ""she is not going""; ""they are not friends""; ""not many""; ""not much""; ""not at all""",
was only,10776415,,"exclusive of anyone or anything else; ""she alone believed him""; ""cannot live by bread alone""; ""I'll have this car and this car only"""
I asked,10770709,"used of a single unit or thing; not two or more; ""`ane' is Scottish""",
of water,10769555,,binary compound that occurs at room temperature as a clear colorless odorless tasteless liquid; freezes into ice below 0 degrees centigrade and boils above 100 degrees centigrade; widely used as a solvent
the bottom,10761004,,"the lowest rank; ""bottom member of the class"""
the relationship,10750947,,"a relation between people; (`relationship' is often used where `relation' would serve, as in `the relationship between inflation and unemployment', but the preferred usage of `relationship' is for human relations or states of relatedness); ""the relationship between mothers and their children"""
said the,10736102,,
to learn,10728388,,"gain knowledge or skills; ""She learned dancing from her sister""; ""I learned Sanskrit""; ""Children acquire language at an amazing rate"""
like this,10724354,"resembling or similar; having the same or some of the same characteristics; often used in combination; ""suits of like design""; ""a limited circle of like minds""; ""members of the cat family have like dispositions""; ""as like as two peas in a pod""; ""doglike devotion""; ""a dreamlike quality""",
think I,10722019,"an instance of deliberate thinking; ""I need to give it a good think""","used of a single unit or thing; not two or more; ""`ane' is Scottish"""
most important,10719468,"used to form the superlative; ""the king cobra is the most dangerous snake""","of great significance or value; ""important people""; ""the important questions of the day"""
a whole,10715230,"the basic unit of electric current adopted under the Systeme International d'Unites; ""a typical household circuit carries 15 to 50 amps""","exhibiting or restored to vigorous good health; ""hale and hearty""; ""whole in mind and body""; ""a whole person again"""
to stop,10713311,,"a brief stay in the course of a journey; ""they made a stopover to visit their friends"""
she has,10710792,,
and can,10708442,,the quantity contained in a can
man 's,10699306,"an adult person who is male (as opposed to a woman); ""there were two women and six men on the bus""",
have an,10697373,a person who possesses great material wealth,an associate degree in nursing
you did,10687030,,
account of,10676085,"a statement of recent transactions and the resulting balance; ""they send me an accounting every month""",
took the,10673436,,
course of,10671539,"facility consisting of a circumscribed area of land or water laid out for a sport; ""the course had only nine holes""; ""the course was less than a mile""",
not going,10663325,"negation of a word or group of words; ""he does not speak French""; ""she is not going""; ""they are not friends""; ""not many""; ""not much""; ""not at all""",the act of departing
a group,10661541,"the basic unit of electric current adopted under the Systeme International d'Unites; ""a typical household circuit carries 15 to 50 amps""",(chemistry) two or more atoms bound together as a single unit and forming part of a molecule
given the,10660378,"acknowledged as a supposition; ""given the engine's condition, it is a wonder that it started""",
we 've,10657099,,
into her,10649050,,
the court,10643162,,Australian woman tennis player who won many major championships (born in 1947)
a while,10641788,"the basic unit of electric current adopted under the Systeme International d'Unites; ""a typical household circuit carries 15 to 50 amps""","a period of indeterminate length (usually short) marked by some action or condition; ""he was here for a little while""; ""I need to rest for a piece""; ""a spell of good weather""; ""a patch of bad weather"""
to let,10639075,,a serve that strikes the net before falling into the receiver's court; the ball must be served again
saw the,10634560,a power tool for cutting wood,
quality of,10631583,"of superior grade; ""choice wines""; ""prime beef""; ""prize carnations""; ""quality paper""; ""select peaches""",
all right,10616472,"completely given to or absorbed by; ""became all attention""","appropriate for a condition or purpose or occasion or a person's character, needs; ""everything in its proper place""; ""the right man for the job""; ""she is not suitable for the position"""
a major,10613724,"the basic unit of electric current adopted under the Systeme International d'Unites; ""a typical household circuit carries 15 to 50 amps""","greater in number or size or amount; ""a major portion (a majority) of the population""; ""Ursa Major""; ""a major portion of the winnings"""
at home,10611036,100 at equal 1 kip in Laos,"relating to or being where one lives or where one's roots are; ""my home town"""
as long,10594536,a very poisonous metallic element that has three allotropic forms; arsenic and arsenic compounds are used as herbicides and insecticides and various alloys; found in arsenopyrite and orpiment and realgar,"primarily spatial sense; of relatively great or greater than average spatial extension or extension as specified; ""a long road""; ""a long distance""; ""contained many long words""; ""ten miles long"""
treatment of,10593193,"the management of someone or something; ""the handling of prisoners""; ""the treatment of water sewage""; ""the right to equal treatment in the criminal justice system""",
a series,10572145,"the basic unit of electric current adopted under the Systeme International d'Unites; ""a typical household circuit carries 15 to 50 amps""","(electronics) connection of components in such a manner that current flows first through one and then through the other; ""the voltage divider consisted of a series of fixed resistors"""
the others,10572090,,
the importance,10556415,,"a prominent status; ""a person of importance"""
above the,10553051,"appearing earlier in the same text; ""flaws in the above interpretation""",
become a,10538447,"enter or assume a certain state or condition; ""He became annoyed when he heard the bad news""; ""It must be getting more serious""; ""her face went red with anger""; ""She went into ecstasy""; ""Get going!""","the basic unit of electric current adopted under the Systeme International d'Unites; ""a typical household circuit carries 15 to 50 amps"""
life and,10534267,"a living person; ""his heroism saved a life""",
which had,10529614,,
returned to,10525574,,
he thought,10508103,a very light colorless element that is one of the six inert gasses; the most difficult gas to liquefy; occurs in economically extractable amounts in certain natural gases (as those found in Texas and Kansas),"the process of using your mind to consider something carefully; ""thinking always made him frown""; ""she paused for thought"""
so he,10503596,the syllable naming the fifth (dominant) note of any musical scale in solmization,a very light colorless element that is one of the six inert gasses; the most difficult gas to liquefy; occurs in economically extractable amounts in certain natural gases (as those found in Texas and Kansas)
is now,10501713,,"the momentary present; ""Now is a good time to do it""; ""it worked up to right now"""
of both,10497723,,
started to,10479591,,
the information,10471683,,"(communication theory) a numerical measure of the uncertainty of an outcome; ""the signal contained thousands of bits of information"""
do so,10469469,doctor's degree in osteopathy,the syllable naming the fifth (dominant) note of any musical scale in solmization
the earth,10466435,,"the loose soft material that makes up a large part of the land surface; ""they dug into the earth outside the church"""
the little,10461926,,"(informal) small and of little importance; ""a fiddling sum of money""; ""a footling gesture""; ""our worries are lilliputian compared with those of countries that are at war""; ""a little (or small) matter""; ""a dispute over niggling details""; ""limited to petty enterprises""; ""piffling efforts""; ""giving a police officer a free meal may be against the law, but it seems to be a picayune infraction"""
a short,10461334,"the basic unit of electric current adopted under the Systeme International d'Unites; ""a typical household circuit carries 15 to 50 amps""","(primarily spatial sense) having little length or lacking in length; ""short skirts""; ""short hair""; ""the board was a foot short""; ""a short toss"""
the bed,10454647,,"a piece of furniture that provides a place to sleep; ""he sat on the edge of the bed""; ""the room had only a bed and chair"""
for my,10453654,,
that could,10452755,,
a variety,10441041,"the basic unit of electric current adopted under the Systeme International d'Unites; ""a typical household circuit carries 15 to 50 amps""","noticeable heterogeneity; ""a diversity of possibilities""; ""the range and variety of his work is amazing"""
to support,10430031,,"the act of bearing the weight of or strengthening; ""he leaned against the wall for support"""
I mean,10426773,"used of a single unit or thing; not two or more; ""`ane' is Scottish""",(used of sums of money) so small in amount as to deserve contempt
degree of,10417195,"a measure for arcs and angles; ""there are 360 degrees in a circle""",
which we,10411419,,
up on,10410009,"open; ""the windows are up""","in operation or operational; ""left the oven on""; ""the switch is in the on position"""
the street,10387337,,"a situation offering opportunities; ""he worked both sides of the street""; ""cooperation is a two-way street"""
time in,10380308,"an indefinite period (usually marked by specific attributes or activities); ""the time of year for planting""; ""he was a great actor in his time""","currently fashionable; ""the in thing to do""; ""large shoulder pads are in"""
control of,10374575,"a relation of constraint of one entity (thing or person or group) by another; ""measures for the control of disease""; ""they instituted controls over drinking on campus""",
it with,10346164,the branch of engineering that deals with the use of computers and telecommunications to retrieve and store and transmit information,
got to,10337162,,
called the,10326756,,
I say,10317100,"used of a single unit or thing; not two or more; ""`ane' is Scottish""","the chance to speak; ""let him have his say"""
note that,10304102,"a piece of paper money (especially one issued by a central bank); ""he peeled off five one-thousand-zloty notes""",
to achieve,10292901,,"to gain with effort; ""she achieved her goal despite setbacks"""
and no,10285675,,a radioactive transuranic element synthesized by bombarding curium with carbon ions; 7 isotopes are known
the high,10271221,,(used of the smell of meat) smelling spoiled or tainted
an hour,10269487,an associate degree in nursing,"a period of time equal to 1/24th of a day; ""the job will take more than an hour"""
of me,10260885,,a state in New England
was very,10260074,,"used as intensifiers; `real' is sometimes used informally for `really'; `rattling' is informal; ""she was very gifted""; ""he played very well""; ""a really enjoyable evening""; ""I'm real sorry about it""; ""a rattling good yarn"""
the ability,10255009,,the quality of being able to perform; a quality that permits or facilitates achievement or accomplishment
been the,10249787,,
going on,10242611,the act of departing,"in operation or operational; ""left the oven on""; ""the switch is in the on position"""
before he,10236955,"earlier in time; previously; ""I had known her before""; ""as I said before""; ""he called me the day before but your call had come even earlier""; ""her parents had died four years earlier""; ""I mentioned that problem earlier""",a very light colorless element that is one of the six inert gasses; the most difficult gas to liquefy; occurs in economically extractable amounts in certain natural gases (as those found in Texas and Kansas)
for any,10234474,,"to any degree or extent; ""it isn't any better"""
be considered,10225524,a light strong brittle grey toxic bivalent metallic element,"carefully weighed; ""a considered opinion"""
the small,10221763,,"limited or below average in number or quantity or magnitude or extent; ""a little dining room""; ""a little house""; ""a small car""; ""a little (or small) group"""
with one,10221128,,"being a single entity made by combining separate components; ""three chemicals combining into one solution"""
cost of,10211325,the total spent for goods or services including money and time and labor,
one who,10206124,"being a single entity made by combining separate components; ""three chemicals combining into one solution""",a United Nations agency to coordinate international health activities and to help governments improve health services
we would,10168453,,
for us,10167517,,North American republic containing 50 states - 48 conterminous states in North America plus Alaska in northwest North America and the Hawaiian Islands in the Pacific Ocean; achieved independence in 1776
matter of,10162188,"that which has mass and occupies space; ""physicists study both the nature of matter and the forces which govern it""",
the concept,10150907,,an abstract or general idea inferred or derived from specific instances
without the,10149645,,
waiting for,10147167,"being and remaining ready and available for use; ""waiting cars and limousines lined the curb""; ""found her mother waiting for them""; ""an impressive array of food ready and waiting for the guests""; ""military forces ready and waiting""",
kinds of,10146759,,
the year,10145424,,"the period of time that it takes for a planet (as, e.g., Earth or Mars) to make a complete revolution around the sun; ""a Martian year takes 687 of our days"""
better than,10143335,"more than half; ""argued for the better part of an hour""",
to protect,10143064,,"shield from danger, injury, destruction, or damage; ""Weatherbeater protects your roof from the rain"""
context of,10130665,"the set of facts or circumstances that surround a situation or event; ""the historical context""",
can do,10128948,the quantity contained in a can,doctor's degree in osteopathy
purpose of,10123594,"the quality of being determined to do or achieve something; firmness of purpose; ""his determination showed in his every movement""; ""he is a man of purpose""",
talk to,10122485,"an exchange of ideas via conversation; ""let's have more work and less talk around here""",
the context,10121580,,"the set of facts or circumstances that surround a situation or event; ""the historical context"""
one another,10092439,"being a single entity made by combining separate components; ""three chemicals combining into one solution""",
interested in,10085532,"having or showing interest; especially curiosity or fascination or concern; ""an interested audience""; ""interested in sports""; ""was interested to hear about her family""; ""interested in knowing who was on the telephone""; ""interested spectators""","currently fashionable; ""the in thing to do""; ""large shoulder pads are in"""
member of,10083122,"one of the persons who compose a social group (especially individuals who have joined and participate in a group organization); ""only members will be admitted""; ""a member of the faculty""; ""she was introduced to all the members of his family""",
impact of,10076290,"a forceful consequence; a strong effect; ""the book had an important impact on my thinking""; ""the book packs a wallop""",
on it,10067438,"in operation or operational; ""left the oven on""; ""the switch is in the on position""",the branch of engineering that deals with the use of computers and telecommunications to retrieve and store and transmit information
women 's,10064243,,
a strong,10052558,"the basic unit of electric current adopted under the Systeme International d'Unites; ""a typical household circuit carries 15 to 50 amps""","freshly made or left; ""a warm trail""; ""the scent is warm"""
care of,10045090,"activity involved in maintaining something in good working order; ""he wrote the manual on car care""",
the heart,10040973,,"a plane figure with rounded sides curving inward at the top and intersecting at the bottom; conventionally used on playing cards and valentines; ""he drew a heart and called it a valentine"""
find a,10036167,the act of discovering something,"the basic unit of electric current adopted under the Systeme International d'Unites; ""a typical household circuit carries 15 to 50 amps"""
down and,10030461,"shut; ""the shades were down""",
place in,10027944,"a particular situation; ""If you were in my place what would you do?""","currently fashionable; ""the in thing to do""; ""large shoulder pads are in"""
as one,10027793,a very poisonous metallic element that has three allotropic forms; arsenic and arsenic compounds are used as herbicides and insecticides and various alloys; found in arsenopyrite and orpiment and realgar,"being a single entity made by combining separate components; ""three chemicals combining into one solution"""
time for,10025236,"an indefinite period (usually marked by specific attributes or activities); ""the time of year for planting""; ""he was a great actor in his time""",
it might,9997111,the branch of engineering that deals with the use of computers and telecommunications to retrieve and store and transmit information,physical strength
from one,9988752,,"being a single entity made by combining separate components; ""three chemicals combining into one solution"""
create a,9978861,"make or cause to be or to become; ""make a mess in one's office""; ""create a furor""","the basic unit of electric current adopted under the Systeme International d'Unites; ""a typical household circuit carries 15 to 50 amps"""
at once,9966162,100 at equal 1 kip in Laos,"on one occasion; ""once I ran into her"""
half of,9954573,"(of siblings) related through one parent only; ""a half brother""; ""half sister""",
to prevent,9953923,,"stop (someone or something) from doing something or being in a certain state; ""We must prevent the cancer from spreading""; ""His snoring kept me from falling asleep""; ""Keep the child from eating the marbles"""
get to,9951742,a return on a shot that seemed impossible to reach and would normally have resulted in a point for the opponent,
is only,9943324,,"exclusive of anyone or anything else; ""she alone believed him""; ""cannot live by bread alone""; ""I'll have this car and this car only"""
you 'd,9922051,,
opportunity to,9919124,"a possibility due to a favorable combination of circumstances; ""the holiday gave us the opportunity to visit Washington""; ""now is your chance""",
as follows,9915783,a very poisonous metallic element that has three allotropic forms; arsenic and arsenic compounds are used as herbicides and insecticides and various alloys; found in arsenopyrite and orpiment and realgar,
the European,9907941,,"of or relating to or characteristic of Europe or the people of Europe; ""European Community"""
other words,9905585,"not the same one or ones already mentioned or implied; ""today isn't any other day""- the White Queen; ""the construction of highways and other public works""; ""he asked for other employment""; ""any other person would tell the truth""; ""his other books are still in storage""; ""then we looked at the other house""; ""hearing was good in his other ear""; ""the other sex""; ""she lived on the other side of the street from me""; ""went in the other direction""","language that is spoken or written; ""he has a gift for words""; ""she put her thoughts into words"""
were a,9887705,,"the basic unit of electric current adopted under the Systeme International d'Unites; ""a typical household circuit carries 15 to 50 amps"""
with other,9882708,,"not the same one or ones already mentioned or implied; ""today isn't any other day""- the White Queen; ""the construction of highways and other public works""; ""he asked for other employment""; ""any other person would tell the truth""; ""his other books are still in storage""; ""then we looked at the other house""; ""hearing was good in his other ear""; ""the other sex""; ""she lived on the other side of the street from me""; ""went in the other direction"""
he does,9880165,a very light colorless element that is one of the six inert gasses; the most difficult gas to liquefy; occurs in economically extractable amounts in certain natural gases (as those found in Texas and Kansas),
means that,9859754,"considerable capital (wealth or income); ""he is a man of means""",
to play,9859572,,"the removal of constraints; ""he gave free rein to his impulses""; ""they gave full play to the artist's talent"""
let us,9851593,a serve that strikes the net before falling into the receiver's court; the ball must be served again,North American republic containing 50 states - 48 conterminous states in North America plus Alaska in northwest North America and the Hawaiian Islands in the Pacific Ocean; achieved independence in 1776
people in,9843970,"(plural) any group of human beings (men or women or children) collectively; ""old people""; ""there were at least 200 people in the audience""","currently fashionable; ""the in thing to do""; ""large shoulder pads are in"""
and has,9843920,,
willing to,9826803,"not brought about by coercion or force; ""the confession was uncoerced""",
in each,9824805,"currently fashionable; ""the in thing to do""; ""large shoulder pads are in""","to or from every one of two or more (considered individually); ""they received $10 each"""
without a,9800977,,"the basic unit of electric current adopted under the Systeme International d'Unites; ""a typical household circuit carries 15 to 50 amps"""
my head,9797532,,"a user of (usually soft) drugs; ""the office was full of secret heads"""
can see,9787260,the quantity contained in a can,the seat within a bishop's diocese where his cathedral is located
I see,9779597,"used of a single unit or thing; not two or more; ""`ane' is Scottish""",the seat within a bishop's diocese where his cathedral is located
her husband,9767408,,a married man; a woman's partner in marriage
made the,9758864,"(of a bed) having the sheets and blankets set in order; ""a neatly made bed""",
life of,9750140,"a living person; ""his heroism saved a life""",
all this,9745022,"completely given to or absorbed by; ""became all attention""",
can you,9742175,the quantity contained in a can,
majority of,9724915,(elections) more than half of the votes,
that time,9721981,,"an indefinite period (usually marked by specific attributes or activities); ""the time of year for planting""; ""he was a great actor in his time"""
the face,9719456,,a vertical surface of a building or cliff
being a,9713175,"the state or fact of existing; ""a point of view gradually coming into being""; ""laws in existence for centuries""; ""he appeared on the face of the earth one day""","the basic unit of electric current adopted under the Systeme International d'Unites; ""a typical household circuit carries 15 to 50 amps"""
beginning of,9708939,"the time at which something is supposed to begin; ""they got an early start""; ""she knew from the get-go that he was the man for her""",
not yet,9708069,"negation of a word or group of words; ""he does not speak French""; ""she is not going""; ""they are not friends""; ""not many""; ""not much""; ""not at all""","to a greater degree or extent; used with comparisons; ""looked sick and felt even worse""; ""an even (or still) more interesting problem""; ""still another problem must be solved""; ""a yet sadder tale"""
his mother,9703706,,"a woman who has given birth to a child (also used as a term of address to your mother); ""the mother of three children"""
me in,9684113,a state in New England,"currently fashionable; ""the in thing to do""; ""large shoulder pads are in"""
who has,9678728,a United Nations agency to coordinate international health activities and to help governments improve health services,
the course,9670870,,"facility consisting of a circumscribed area of land or water laid out for a sport; ""the course had only nine holes""; ""the course was less than a mile"""
work in,9660982,"(physics) a manifestation of energy; the transfer of energy from one physical system to another expressed as the product of a force and the distance through which it moves a body in the direction of that force; ""work equals force times distance""","currently fashionable; ""the in thing to do""; ""large shoulder pads are in"""
a place,9654740,"the basic unit of electric current adopted under the Systeme International d'Unites; ""a typical household circuit carries 15 to 50 amps""","a particular situation; ""If you were in my place what would you do?"""
a day,9653211,"the basic unit of electric current adopted under the Systeme International d'Unites; ""a typical household circuit carries 15 to 50 amps""",United States writer best known for his autobiographical works (1874-1935)
caused by,9652597,,"in reserve; not for immediate use; ""started setting aside money to buy a car""; ""put something by for her old age""; ""has a nest egg tucked away for a rainy day"""
is what,9649833,,
in Chapter,9645638,"currently fashionable; ""the in thing to do""; ""large shoulder pads are in""","any distinct period in history or in a person's life; ""the industrial revolution opened a new chapter in British history""; ""the divorce was an ugly chapter in their relationship"""
as far,9643211,a very poisonous metallic element that has three allotropic forms; arsenic and arsenic compounds are used as herbicides and insecticides and various alloys; found in arsenopyrite and orpiment and realgar,"being of a considerable distance or length; ""a far trek"""
the potential,9635782,,"expected to become or be; in prospect; ""potential clients"""
area of,9627298,"a particular environment or walk of life; ""his social sphere is limited""; ""it was a closed area of employment""; ""he's out of my orbit""",
middle of,9626937,"being neither at the beginning nor at the end in a series; ""adolescence is an awkward in-between age""; ""in a mediate position""; ""the middle point on a line""",
at any,9626664,100 at equal 1 kip in Laos,"to any degree or extent; ""it isn't any better"""
set up,9623038,converted to solid form (as concrete),"open; ""the windows are up"""
do the,9588563,doctor's degree in osteopathy,
it also,9571207,the branch of engineering that deals with the use of computers and telecommunications to retrieve and store and transmit information,"in addition; ""he has a Mercedes, too"""
he felt,9570195,a very light colorless element that is one of the six inert gasses; the most difficult gas to liquefy; occurs in economically extractable amounts in certain natural gases (as those found in Texas and Kansas),a fabric made of compressed matted animal fibers
but to,9568559,"and nothing more; ""I was merely asking""; ""it is simply a matter of time""; ""just a scratch""; ""he was only a child""; ""hopes that last but a moment""",
had come,9567003,,the thick white fluid containing spermatozoa that is ejaculated by the male genital tract
a similar,9564784,"the basic unit of electric current adopted under the Systeme International d'Unites; ""a typical household circuit carries 15 to 50 amps""","resembling or similar; having the same or some of the same characteristics; often used in combination; ""suits of like design""; ""a limited circle of like minds""; ""members of the cat family have like dispositions""; ""as like as two peas in a pod""; ""doglike devotion""; ""a dreamlike quality"""
as his,9555981,a very poisonous metallic element that has three allotropic forms; arsenic and arsenic compounds are used as herbicides and insecticides and various alloys; found in arsenopyrite and orpiment and realgar,
left the,9552780,of or belonging to the political or intellectual left,
he went,9536409,a very light colorless element that is one of the six inert gasses; the most difficult gas to liquefy; occurs in economically extractable amounts in certain natural gases (as those found in Texas and Kansas),
her hands,9519780,,"(with `in') guardianship over; in divorce cases it is the right to house and care for and discipline a child; ""my fate is in your hands""; ""too much power in the president's hands""; ""your guests are now in my custody""; ""the mother was awarded custody of the children"""
both of,9517525,,
inside the,9515265,"relating to or being on the side closer to the center or within a defined space; ""he reached into his inside jacket pocket""; ""inside out""; ""an inside pitch is between home plate and the batter""",
function of,9488476,"a relation such that one thing is dependent on another; ""height is a function of age""; ""price is a function of supply and demand""",
not so,9481545,"negation of a word or group of words; ""he does not speak French""; ""she is not going""; ""they are not friends""; ""not many""; ""not much""; ""not at all""",the syllable naming the fifth (dominant) note of any musical scale in solmization
all over,9472518,"completely given to or absorbed by; ""became all attention""",(cricket) the division of play during which six balls are bowled at the batsman by one player from the other team from the same end of the pitch
to each,9467610,,"to or from every one of two or more (considered individually); ""they received $10 each"""
with no,9465696,,a radioactive transuranic element synthesized by bombarding curium with carbon ions; 7 isotopes are known
he can,9459973,a very light colorless element that is one of the six inert gasses; the most difficult gas to liquefy; occurs in economically extractable amounts in certain natural gases (as those found in Texas and Kansas),the quantity contained in a can
depending on,9447712,,"in operation or operational; ""left the oven on""; ""the switch is in the on position"""
despite the,9445927,"contemptuous disregard; ""she wanted neither favor nor despite""",
it seemed,9444798,the branch of engineering that deals with the use of computers and telecommunications to retrieve and store and transmit information,
her father,9438448,,the head of an organized crime family
the project,9435512,,a planned undertaking
one that,9432321,"being a single entity made by combining separate components; ""three chemicals combining into one solution""",
have had,9431736,a person who possesses great material wealth,
that these,9430703,,
made it,9429052,"(of a bed) having the sheets and blankets set in order; ""a neatly made bed""",the branch of engineering that deals with the use of computers and telecommunications to retrieve and store and transmit information
how many,9426955,,"a quantifier that can be used with count nouns and is often preceded by `as' or `too' or `so' or `that'; amounting to a large but indefinite number; ""many temptations""; ""the temptations are many""; ""a good many""; ""a great many""; ""many directions""; ""take as many apples as you like""; ""too many clouds to see""; ""never saw so many people"""
one or,9425856,"being a single entity made by combining separate components; ""three chemicals combining into one solution""","a room in a hospital equipped for the performance of surgical operations; ""great care is taken to keep the operating rooms aseptic"""
went on,9424765,,"in operation or operational; ""left the oven on""; ""the switch is in the on position"""
one day,9417058,"being a single entity made by combining separate components; ""three chemicals combining into one solution""",United States writer best known for his autobiographical works (1874-1935)
having a,9415735,,"the basic unit of electric current adopted under the Systeme International d'Unites; ""a typical household circuit carries 15 to 50 amps"""
on one,9410284,"in operation or operational; ""left the oven on""; ""the switch is in the on position""","being a single entity made by combining separate components; ""three chemicals combining into one solution"""
she felt,9408696,,a fabric made of compressed matted animal fibers
I never,9400786,"used of a single unit or thing; not two or more; ""`ane' is Scottish""","not ever; at no time in the past or future; ""I have never been to China""; ""I shall never forget this day""; ""had never seen a circus""; ""never on Sunday""; ""I will never marry you!"""
I went,9400438,"used of a single unit or thing; not two or more; ""`ane' is Scottish""",
absence of,9399279,failure to be present,
the extent,9399186,,"the point or degree to which something extends; ""the extent of the damage""; ""the full extent of the law""; ""to a certain extent she was right"""
them and,9393429,,
over her,9392228,(cricket) the division of play during which six balls are bowled at the batsman by one player from the other team from the same end of the pitch,
the difference,9388638,,the number that remains after subtraction; the number that when added to the subtrahend gives the minuend
not believe,9386076,"negation of a word or group of words; ""he does not speak French""; ""she is not going""; ""they are not friends""; ""not many""; ""not much""; ""not at all""","accept as true; take to be true; ""I believed his report""; ""We didn't believe his stories from the War""; ""She believes in spirits"""
her in,9384271,,"currently fashionable; ""the in thing to do""; ""large shoulder pads are in"""
we know,9382466,,"the fact of being aware of information that is known to few people; ""he is always in the know"""
structure of,9369982,"a thing constructed; a complex entity constructed of many parts; ""the structure consisted of a series of arches""; ""she wore her hair in an amazing construction of whirls and ribbons""",
about what,9368839,"in rotation or succession; ""turn about is fair play""",
the sound,9368643,,"in excellent physical condition; ""good teeth""; ""I still have one good leg""; ""a sound mind in a sound body"""
the possibility,9361816,,"capability of existing or happening or being true; ""there is a possibility that his sense of smell has been impaired"""
so it,9360583,the syllable naming the fifth (dominant) note of any musical scale in solmization,the branch of engineering that deals with the use of computers and telecommunications to retrieve and store and transmit information
the University,9355671,,"establishment where a seat of higher learning is housed, including administrative and living quarters as well as facilities for research and teaching"
and your,9353870,,
on that,9351754,"in operation or operational; ""left the oven on""; ""the switch is in the on position""",
would you,9344382,,
the river,9343402,,"a large natural stream of water (larger than a creek); ""the river was navigable for 50 miles"""
down on,9335474,"shut; ""the shades were down""","in operation or operational; ""left the oven on""; ""the switch is in the on position"""
the former,9334873,,"the first of two or the first mentioned of two; ""Tom and Dick were both heroes but only the former is remembered today"""
are used,9333161,a unit of surface area equal to 100 square meters,"previously used or owned by another; ""bought a secondhand (or used) car"""
be done,9332094,a light strong brittle grey toxic bivalent metallic element,"having finished or arrived at completion; ""certain to make history before he's done""; ""it's a done deed""; ""after the treatment, the patient is through except for follow-up""; ""almost through with his studies"""
such an,9326710,"to so extreme a degree; ""he is such a baby""; ""Such rich people!""",an associate degree in nursing
long time,9321065,"primarily spatial sense; of relatively great or greater than average spatial extension or extension as specified; ""a long road""; ""a long distance""; ""contained many long words""; ""ten miles long""","an indefinite period (usually marked by specific attributes or activities); ""the time of year for planting""; ""he was a great actor in his time"""
edge of,9295020,a line determining the limits of an area,
for which,9287166,,
was about,9283601,,"in rotation or succession; ""turn about is fair play"""
but as,9283310,"and nothing more; ""I was merely asking""; ""it is simply a matter of time""; ""just a scratch""; ""he was only a child""; ""hopes that last but a moment""",a very poisonous metallic element that has three allotropic forms; arsenic and arsenic compounds are used as herbicides and insecticides and various alloys; found in arsenopyrite and orpiment and realgar
a significant,9281873,"the basic unit of electric current adopted under the Systeme International d'Unites; ""a typical household circuit carries 15 to 50 amps""","rich in significance or implication; ""a meaning look""; ""a significant silence"""
told her,9277173,,
what to,9274863,,
know the,9272611,"the fact of being aware of information that is known to few people; ""he is always in the know""",
size of,9271278,"(used in combination) sized; ""the economy-size package""; ""average-size house""",
an example,9269058,an associate degree in nursing,"an item of information that is typical of a class or group; ""this patient provides a typical example of the syndrome""; ""there is an example on page 10"""
system of,9268099,"(physical chemistry) a sample of matter in which substances in different phases are in equilibrium; ""in a static system oil cannot be replaced by water on a surface""; ""a system generating hydrogen peroxide""",
with some,9261082,,"remarkable; ""that was some party""; ""she is some skier"""
to identify,9259602,,"give the name or identifying characteristics of; refer to by name or some other identifying characteristic property; ""Many senators were named in connection with the scandal""; ""The almanac identifies the auspicious months"""
which can,9251800,,the quantity contained in a can
you might,9240905,,physical strength
they may,9231778,,thorny Eurasian shrub of small tree having dense clusters of white to scarlet flowers followed by deep red berries; established as an escape in eastern North America
refers to,9228238,,
you get,9227726,,a return on a shot that seemed impossible to reach and would normally have resulted in a point for the opponent
was too,9224281,,"to a degree exceeding normal or proper limits; ""too big"""
right now,9207000,"appropriate for a condition or purpose or occasion or a person's character, needs; ""everything in its proper place""; ""the right man for the job""; ""she is not suitable for the position""","the momentary present; ""Now is a good time to do it""; ""it worked up to right now"""
a young,9204368,"the basic unit of electric current adopted under the Systeme International d'Unites; ""a typical household circuit carries 15 to 50 amps""","being in its early stage; ""a young industry""; ""the day is still young"""
the line,9196167,,a single frequency (or very narrow band) of radiation in a spectrum
son of,9192821,"a male human offspring; ""their son became a famous judge""; ""his boy is taller than he is""",
it must,9192796,the branch of engineering that deals with the use of computers and telecommunications to retrieve and store and transmit information,the quality of smelling or tasting old or stale or mouldy
to some,9191510,,"remarkable; ""that was some party""; ""she is some skier"""
and therefore,9181632,,"as a consequence; ""he had good reason to be grateful for the opportunities which they had made available to him and which consequently led to the good position he now held"""
on its,9181598,"in operation or operational; ""left the oven on""; ""the switch is in the on position""",
easy to,9178542,"marked by moderate steepness; ""an easy climb""; ""a gentle slope""",
version of,9165756,manual turning of a fetus in the uterus (usually to aid delivery),
back into,9164309,"a support that you can lean against while sitting; ""the back of the dental chair was adjustable""",
the sea,9155970,,"turbulent water with swells of considerable size; ""heavy seas"""
from an,9153586,,an associate degree in nursing
was at,9147775,,100 at equal 1 kip in Laos
is this,9144889,,
the various,9140944,,"of many different kinds purposefully arranged but lacking any uniformity; ""assorted sizes""; ""his disguises are many and various""; ""various experiments have failed to disprove the theory""; ""cited various reasons for his behavior"""
in turn,9139548,"currently fashionable; ""the in thing to do""; ""large shoulder pads are in""","a favor for someone; ""he did me a good turn"""
to any,9138451,,"to any degree or extent; ""it isn't any better"""
not need,9136488,"negation of a word or group of words; ""he does not speak French""; ""she is not going""; ""they are not friends""; ""not many""; ""not much""; ""not at all""","a condition requiring relief; ""she satisfied his need for affection""; ""God has no need of men to accomplish His work""; ""there is a demand for jobs"""
and do,9131275,,doctor's degree in osteopathy
to explain,9129111,,"define; ""The committee explained their plan for fund-raising to the Dean"""
talk about,9121600,"an exchange of ideas via conversation; ""let's have more work and less talk around here""","in rotation or succession; ""turn about is fair play"""
his voice,9119399,,"an advocate who represents someone else's policy or purpose; ""the meeting was attended by spokespersons for all the major organs of government"""
and yet,9119266,,"to a greater degree or extent; used with comparisons; ""looked sick and felt even worse""; ""an even (or still) more interesting problem""; ""still another problem must be solved""; ""a yet sadder tale"""
review of,9110872,(law) a judicial reexamination of the proceedings of a court (especially by an appellate court),
the market,9106429,,"the world of commercial activity where goods and services are bought and sold; ""without competition there would be no market""; ""they were driven from the marketplace"""
is so,9097699,,the syllable naming the fifth (dominant) note of any musical scale in solmization
not really,9097123,"negation of a word or group of words; ""he does not speak French""; ""she is not going""; ""they are not friends""; ""not many""; ""not much""; ""not at all""","in actual fact; ""to be nominally but not actually independent""; ""no one actually saw the shark""; ""large meteorites actually come from the asteroid belt"""
the purpose,9093516,,"the quality of being determined to do or achieve something; firmness of purpose; ""his determination showed in his every movement""; ""he is a man of purpose"""
the text,9091471,,"the words of something written; ""there were more than a thousand words of text""; ""they handed out the printed text of the mayor's speech""; ""he wants to reconstruct the original text"""
a better,9091204,"the basic unit of electric current adopted under the Systeme International d'Unites; ""a typical household circuit carries 15 to 50 amps""","more than half; ""argued for the better part of an hour"""
also the,9085458,"in addition; ""he has a Mercedes, too""",
designed to,9084570,"done or made or performed with purpose and intent; ""style...is more than the deliberate and designed creation""- Havelock Ellis; ""games designed for all ages""; ""well-designed houses""",
to another,9081867,,
also a,9073787,"in addition; ""he has a Mercedes, too""","the basic unit of electric current adopted under the Systeme International d'Unites; ""a typical household circuit carries 15 to 50 amps"""
but when,9054165,"and nothing more; ""I was merely asking""; ""it is simply a matter of time""; ""just a scratch""; ""he was only a child""; ""hopes that last but a moment""",
talking about,9053133,"an exchange of ideas via conversation; ""let's have more work and less talk around here""","in rotation or succession; ""turn about is fair play"""
the phone,9051386,,"electro-acoustic transducer for converting electric signals into sounds; it is held over or inserted into the ear; ""it was not the typing but the earphones that she disliked"""
were to,9044749,,
in contrast,9037502,"currently fashionable; ""the in thing to do""; ""large shoulder pads are in""","the opposition or dissimilarity of things that are compared; ""in contrast to""; ""by contrast"""
filled with,9036457,"(usually followed by `with' or used as a combining form) generously supplied with; ""theirs was a house filled with laughter""; ""a large hall filled with rows of desks""; ""fog-filled air""",
refer to,9034859,"make reference to; ""His name was mentioned in connection with the invention""",
show that,9034256,"the act of publicly exhibiting or entertaining; ""a remarkable show of skill""",
not make,9027481,"negation of a word or group of words; ""he does not speak French""; ""she is not going""; ""they are not friends""; ""not many""; ""not much""; ""not at all""",the act of mixing cards haphazardly
over and,9025305,(cricket) the division of play during which six balls are bowled at the batsman by one player from the other team from the same end of the pitch,
I shall,9021838,"used of a single unit or thing; not two or more; ""`ane' is Scottish""",
suggests that,9021111,,
no matter,9020421,a radioactive transuranic element synthesized by bombarding curium with carbon ions; 7 isotopes are known,"that which has mass and occupies space; ""physicists study both the nature of matter and the forces which govern it"""
nothing to,9018282,"a quantity of no importance; ""it looked like nothing I had ever seen before""; ""reduced to nil all the work we had done""; ""we racked up a pathetic goose egg""; ""it was all for naught""; ""I didn't hear zilch about it""",
it out,9016505,the branch of engineering that deals with the use of computers and telecommunications to retrieve and store and transmit information,"outer or outlying; ""the out islands"""
the school,8998679,,"the period of instruction in a school; the time period when school is in session; ""stay after school""; ""he didn't miss a single day of school""; ""when the school day was done we would walk home together"""
capable of,8998299,"possibly accepting or permitting; ""a passage capable of misinterpretation""; ""open to interpretation""; ""an issue open to question""; ""the time is fixed by the director and players and therefore subject to much variation""",
to produce,8995005,,fresh fruits and vegetable grown for the market
which it,8986551,,the branch of engineering that deals with the use of computers and telecommunications to retrieve and store and transmit information
the edge,8971134,,a line determining the limits of an area
these two,8957940,,"being one more than one; ""he received two messages"""
then she,8955439,"that time; that moment; ""we will arrive before then""; ""we were friends from then on""",
the girl,8948420,,"a female human offspring; ""her daughter cared for her in her old age"""
result in,8946542,"a phenomenon that follows and is caused by some previous phenomenon; ""the magnetic effect was greater when the rod was lengthwise""; ""his decision had depressing consequences for business""; ""he acted very wise after the event""","currently fashionable; ""the in thing to do""; ""large shoulder pads are in"""
or two,8945722,"a room in a hospital equipped for the performance of surgical operations; ""great care is taken to keep the operating rooms aseptic""","being one more than one; ""he received two messages"""
to read,8943788,,"something that is read; ""the article was a very good read"""
a week,8940499,"the basic unit of electric current adopted under the Systeme International d'Unites; ""a typical household circuit carries 15 to 50 amps""","hours or days of work in a calendar week; ""they worked a 40-hour week"""
application of,8935583,"the action of putting something into operation; ""the application of maximum thrust""; ""massage has far-reaching medical applications""; ""the application of indexes to tables of data""",
examples of,8932227,,
age of,8929073,"a time of life (usually defined in years) at which some particular qualification or power arises; ""she was now of school age""; ""tall for his eld""",
I believe,8927217,"used of a single unit or thing; not two or more; ""`ane' is Scottish""","accept as true; take to be true; ""I believed his report""; ""We didn't believe his stories from the War""; ""She believes in spirits"""
expected to,8923449,"considered likely or probable to happen or arrive; ""prepared for the expected attack""",
the highest,8920834,,
focused on,8920574,of an optical system (e.g. eye or opera glasses) adjusted to produce a clear image,"in operation or operational; ""left the oven on""; ""the switch is in the on position"""
for one,8911097,,"being a single entity made by combining separate components; ""three chemicals combining into one solution"""
understand the,8903138,"know and comprehend the nature or meaning of; ""She did not understand her husband""; ""I understand what she means""",
was all,8896156,,"completely given to or absorbed by; ""became all attention"""
which has,8891547,,
and from,8885940,,
consider the,8879402,"look at carefully; study mentally; ""view a problem""",
to try,8877727,,"earnest and conscientious activity intended to do or accomplish something; ""made an effort to cover all the reading material""; ""wished him luck in his endeavor""; ""she gave it a good try"""
in relation,8871716,"currently fashionable; ""the in thing to do""; ""large shoulder pads are in""","a person related by blood or marriage; ""police are searching for relatives of the deceased""; ""he has distant relations back in New Jersey"""
even in,8868764,"occurring at fixed intervals; ""a regular beat""; ""the even rhythm of his breathing""","currently fashionable; ""the in thing to do""; ""large shoulder pads are in"""
do that,8867858,doctor's degree in osteopathy,
a sense,8866964,"the basic unit of electric current adopted under the Systeme International d'Unites; ""a typical household circuit carries 15 to 50 amps""","sound practical judgment; ""Common sense is not so common""; ""he hasn't got the sense God gave little green apples""; ""fortunately she had the good sense to run away"""
than that,8865381,,
evidence of,8848536,"your basis for belief or disbelief; knowledge on which to base belief; ""the evidence that smoking causes lung cancer is very compelling""",
only in,8845928,"exclusive of anyone or anything else; ""she alone believed him""; ""cannot live by bread alone""; ""I'll have this car and this car only""","currently fashionable; ""the in thing to do""; ""large shoulder pads are in"""
in time,8836564,"currently fashionable; ""the in thing to do""; ""large shoulder pads are in""","an indefinite period (usually marked by specific attributes or activities); ""the time of year for planting""; ""he was a great actor in his time"""
this point,8833672,,one percent of the total principal of a loan; it is paid at the time the loan is made and is independent of the interest on the loan
to follow,8830869,,"keep informed; ""He kept up on his country's foreign policies"""
him as,8828896,,a very poisonous metallic element that has three allotropic forms; arsenic and arsenic compounds are used as herbicides and insecticides and various alloys; found in arsenopyrite and orpiment and realgar
for its,8827902,,
the political,8825117,,"involving or characteristic of politics or parties or politicians; ""calling a meeting is a political act in itself""- Daniel Goleman; ""political pressure""; ""a political machine""; ""political office""; ""political policy"""
the risk,8822480,,"a source of danger; a possibility of incurring loss or misfortune; ""drinking alcohol is a health hazard"""
so you,8813029,the syllable naming the fifth (dominant) note of any musical scale in solmization,
an old,8809422,an associate degree in nursing,"just preceding something else in time or order; ""the previous owner""; ""my old house was larger"""
World War,8805881,"all of the living human inhabitants of the earth; ""all the world loves a lover""; ""she always used `humankind' because `mankind' seemed to slight the women""","an active struggle between competing entities; ""a price war""; ""a war of wits""; ""diplomatic warfare"""
what a,8798919,,"the basic unit of electric current adopted under the Systeme International d'Unites; ""a typical household circuit carries 15 to 50 amps"""
over his,8798868,(cricket) the division of play during which six balls are bowled at the batsman by one player from the other team from the same end of the pitch,
to hold,8779785,,"a state of being confined (usually for a short time); ""his detention was politically motivated""; ""the prisoner is on hold""; ""he is in the custody of police"""
father 's,8778897,the head of an organized crime family,
not as,8777292,"negation of a word or group of words; ""he does not speak French""; ""she is not going""; ""they are not friends""; ""not many""; ""not much""; ""not at all""",a very poisonous metallic element that has three allotropic forms; arsenic and arsenic compounds are used as herbicides and insecticides and various alloys; found in arsenopyrite and orpiment and realgar
now that,8771892,"the momentary present; ""Now is a good time to do it""; ""it worked up to right now""",
I hope,8769855,"used of a single unit or thing; not two or more; ""`ane' is Scottish""","someone (or something) on which expectations are centered; ""he was their best hope for a victory"""
it for,8765735,the branch of engineering that deals with the use of computers and telecommunications to retrieve and store and transmit information,
all these,8752004,"completely given to or absorbed by; ""became all attention""",
managed to,8741625,,
I feel,8738537,"used of a single unit or thing; not two or more; ""`ane' is Scottish""","the general atmosphere of a place or situation and the effect that it has on people; ""the feel of the city excited him""; ""a clergyman improved the tone of the meeting""; ""it had the smell of treason"""
got a,8736779,,"the basic unit of electric current adopted under the Systeme International d'Unites; ""a typical household circuit carries 15 to 50 amps"""
to believe,8735086,,"accept as true; take to be true; ""I believed his report""; ""We didn't believe his stories from the War""; ""She believes in spirits"""
way that,8731488,"a portion of something divided into shares; ""they split the loot three ways""",
think it,8727324,"an instance of deliberate thinking; ""I need to give it a good think""",the branch of engineering that deals with the use of computers and telecommunications to retrieve and store and transmit information
a part,8723518,"the basic unit of electric current adopted under the Systeme International d'Unites; ""a typical household circuit carries 15 to 50 amps""","assets belonging to or due to or contributed by an individual person or group; ""he wanted his share in cash"""
to improve,8723366,,"get better; ""The weather improved toward evening"""
was more,8722582,,"English statesman who opposed Henry VIII's divorce from Catherine of Aragon and was imprisoned and beheaded; recalled for his concept of Utopia, the ideal state"
the center,8717576,,of or belonging to neither the right nor the left politically or intellectually
one can,8717424,"being a single entity made by combining separate components; ""three chemicals combining into one solution""",the quantity contained in a can
the good,8715236,,"resulting favorably; ""it's a good thing that I wasn't there""; ""it is good that you stayed""; ""it is well that no one saw you""; ""all's well that ends well"""
it a,8711083,the branch of engineering that deals with the use of computers and telecommunications to retrieve and store and transmit information,"the basic unit of electric current adopted under the Systeme International d'Unites; ""a typical household circuit carries 15 to 50 amps"""
the initial,8705485,,"occurring at the beginning; ""took the initial step toward reconciliation"""
on which,8702509,"in operation or operational; ""left the oven on""; ""the switch is in the on position""",
a set,8700967,"the basic unit of electric current adopted under the Systeme International d'Unites; ""a typical household circuit carries 15 to 50 amps""",converted to solid form (as concrete)
not sure,8696031,"negation of a word or group of words; ""he does not speak French""; ""she is not going""; ""they are not friends""; ""not many""; ""not much""; ""not at all""","physically secure or dependable; ""a sure footing""; ""was on sure ground"""
described in,8688419,"represented in words especially with sharpness and detail; ""the vividly described wars""","currently fashionable; ""the in thing to do""; ""large shoulder pads are in"""
and will,8684070,,"the capability of conscious choice and decision and intention; ""the exercise of their volition we construe as revolt""- George Meredith"
find out,8681326,the act of discovering something,"outer or outlying; ""the out islands"""
and others,8677340,,
his mouth,8675677,,"a person conceived as a consumer of food; ""he has four mouths to feed"""
is called,8672724,,
no doubt,8661703,a radioactive transuranic element synthesized by bombarding curium with carbon ions; 7 isotopes are known,"uncertainty about the truth or factuality or existence of something; ""the dubiousness of his claim""; ""there is no question about the validity of the enterprise"""
it on,8659055,the branch of engineering that deals with the use of computers and telecommunications to retrieve and store and transmit information,"in operation or operational; ""left the oven on""; ""the switch is in the on position"""
and looked,8657817,,
the building,8653733,,"the commercial activity involved in repairing old structures or constructing new ones; ""their main business is home construction""; ""workers in the building trades"""
to other,8653476,,"not the same one or ones already mentioned or implied; ""today isn't any other day""- the White Queen; ""the construction of highways and other public works""; ""he asked for other employment""; ""any other person would tell the truth""; ""his other books are still in storage""; ""then we looked at the other house""; ""hearing was good in his other ear""; ""the other sex""; ""she lived on the other side of the street from me""; ""went in the other direction"""
do this,8652167,doctor's degree in osteopathy,
the fire,8650587,,"the process of combustion of inflammable materials producing heat and light and (often) smoke; ""fire was one of our ancestors' first discoveries"""
him with,8646980,,
that may,8646598,,thorny Eurasian shrub of small tree having dense clusters of white to scarlet flowers followed by deep red berries; established as an escape in eastern North America
a deep,8640789,"the basic unit of electric current adopted under the Systeme International d'Unites; ""a typical household circuit carries 15 to 50 amps""","with head or back bent low; ""a deep bow"""
if not,8640428,,"negation of a word or group of words; ""he does not speak French""; ""she is not going""; ""they are not friends""; ""not many""; ""not much""; ""not at all"""
as part,8639512,a very poisonous metallic element that has three allotropic forms; arsenic and arsenic compounds are used as herbicides and insecticides and various alloys; found in arsenopyrite and orpiment and realgar,"assets belonging to or due to or contributed by an individual person or group; ""he wanted his share in cash"""
he says,8622271,a very light colorless element that is one of the six inert gasses; the most difficult gas to liquefy; occurs in economically extractable amounts in certain natural gases (as those found in Texas and Kansas),
she asked,8619937,,
or her,8615772,"a room in a hospital equipped for the performance of surgical operations; ""great care is taken to keep the operating rooms aseptic""",
it up,8596692,the branch of engineering that deals with the use of computers and telecommunications to retrieve and store and transmit information,"open; ""the windows are up"""
are to,8596333,a unit of surface area equal to 100 square meters,
about her,8592078,"in rotation or succession; ""turn about is fair play""",
his mind,8584498,,"an important intellectual; ""the great minds of the 17th century"""
picked up,8584336,,"open; ""the windows are up"""
from my,8582939,,
used as,8578518,"previously used or owned by another; ""bought a secondhand (or used) car""",a very poisonous metallic element that has three allotropic forms; arsenic and arsenic compounds are used as herbicides and insecticides and various alloys; found in arsenopyrite and orpiment and realgar
his arms,8576274,,"the official symbols of a family, state, etc."
I love,8575741,"used of a single unit or thing; not two or more; ""`ane' is Scottish""","a score of zero in tennis or squash; ""it was 40 love"""
the average,8569735,,"around the middle of a scale of evaluation; ""an orange of average size""; ""intermediate capacity""; ""medium bombers"""
and were,8560359,,
question of,8558215,"uncertainty about the truth or factuality or existence of something; ""the dubiousness of his claim""; ""there is no question about the validity of the enterprise""",
of information,8557449,,"(communication theory) a numerical measure of the uncertainty of an outcome; ""the signal contained thousands of bits of information"""
I guess,8556061,"used of a single unit or thing; not two or more; ""`ane' is Scottish""",an estimate based on little or no information
head and,8553135,"a user of (usually soft) drugs; ""the office was full of secret heads""",
the level,8552678,,"being on a precise horizontal plane; ""a billiard table must be level"""
been in,8545355,,"currently fashionable; ""the in thing to do""; ""large shoulder pads are in"""
a specific,8545327,"the basic unit of electric current adopted under the Systeme International d'Unites; ""a typical household circuit carries 15 to 50 amps""","stated explicitly or in detail; ""needed a specific amount"""
she wanted,8536560,,"characterized by feeling or showing fond affection for; ""a cherished friend""; ""children are precious""; ""a treasured heirloom""; ""so good to feel wanted"""
difference between,8533809,the number that remains after subtraction; the number that when added to the subtrahend gives the minuend,"in between; ""two houses with a tree between"""
a matter,8532428,"the basic unit of electric current adopted under the Systeme International d'Unites; ""a typical household circuit carries 15 to 50 amps""","that which has mass and occupies space; ""physicists study both the nature of matter and the forces which govern it"""
not take,8531584,"negation of a word or group of words; ""he does not speak French""; ""she is not going""; ""they are not friends""; ""not many""; ""not much""; ""not at all""","the income or profit arising from such transactions as the sale of land or other property; ""the average return was about 5%"""
out that,8531363,"outer or outlying; ""the out islands""",
for those,8523177,,
he told,8515815,a very light colorless element that is one of the six inert gasses; the most difficult gas to liquefy; occurs in economically extractable amounts in certain natural gases (as those found in Texas and Kansas),
the town,8514379,,United States architect who was noted for his design and construction of truss bridges (1784-1844)
where I,8507524,,"used of a single unit or thing; not two or more; ""`ane' is Scottish"""
provide a,8500578,"determine (what is to happen in certain contingencies), especially by including a proviso condition or stipulation; ""The will provides that each child should receive half of the money""; ""The Constitution provides for the right to free speech""","the basic unit of electric current adopted under the Systeme International d'Unites; ""a typical household circuit carries 15 to 50 amps"""
the dark,8500077,,"stemming from evil characteristics or forces; wicked or dishonorable; ""black deeds""; ""a black lie""; ""his black heart has concocted yet another black deed""; ""Darth Vader of the dark side""; ""a dark purpose""; ""dark undercurrents of ethnic hostility""; ""the scheme of some sinister intelligence bent on punishing him""-Thomas Hardy"
more of,8495934,"English statesman who opposed Henry VIII's divorce from Catherine of Aragon and was imprisoned and beheaded; recalled for his concept of Utopia, the ideal state",
suggest that,8494020,"make a proposal, declare a plan for something; ""the senator proposed to abolish the sales tax""",
for many,8487757,,"a quantifier that can be used with count nouns and is often preceded by `as' or `too' or `so' or `that'; amounting to a large but indefinite number; ""many temptations""; ""the temptations are many""; ""a good many""; ""a great many""; ""many directions""; ""take as many apples as you like""; ""too many clouds to see""; ""never saw so many people"""
the community,8476319,,"common ownership; ""they shared a community of possessions"""
he turned,8476169,a very light colorless element that is one of the six inert gasses; the most difficult gas to liquefy; occurs in economically extractable amounts in certain natural gases (as those found in Texas and Kansas),"in an unpalatable state; ""sour milk"""
leads to,8475377,,
men and,8470837,the force of workers available,
where it,8463752,,the branch of engineering that deals with the use of computers and telecommunications to retrieve and store and transmit information
him that,8457325,,
a common,8454751,"the basic unit of electric current adopted under the Systeme International d'Unites; ""a typical household circuit carries 15 to 50 amps""","being or characteristic of or appropriate to everyday language; ""common parlance""; ""a vernacular term""; ""vernacular speakers""; ""the vulgar tongue of the masses""; ""the technical and vulgar names for an animal species"""
and went,8445443,,
and let,8440071,,a serve that strikes the net before falling into the receiver's court; the ball must be served again
by this,8436405,"in reserve; not for immediate use; ""started setting aside money to buy a car""; ""put something by for her old age""; ""has a nest egg tucked away for a rainy day""",
seen in,8425864,,"currently fashionable; ""the in thing to do""; ""large shoulder pads are in"""
are often,8421848,a unit of surface area equal to 100 square meters,"many times at short intervals; ""we often met over a cup of coffee"""
to call,8418440,,"a visit in an official or professional capacity; ""the pastor's calls on his parishioners""; ""the salesman's call on a customer"""
to consider,8413592,,"look at carefully; study mentally; ""view a problem"""
the lower,8413326,,the lower of two berths
what happened,8406729,,
something that,8404116,,
see you,8401510,the seat within a bishop's diocese where his cathedral is located,
by their,8397187,"in reserve; not for immediate use; ""started setting aside money to buy a car""; ""put something by for her old age""; ""has a nest egg tucked away for a rainy day""",
and make,8392252,,the act of mixing cards haphazardly
following the,8381970,"immediately following in time or order; ""the following day""; ""next in line""; ""the next president""; ""the next item on the list""",
to start,8368194,,"the time at which something is supposed to begin; ""they got an early start""; ""she knew from the get-go that he was the man for her"""
the primary,8368114,,"of first rank or importance or value; direct and immediate rather than secondary; ""primary goals""; ""a primary effect""; ""primary sources""; ""a primary interest"""
about this,8362450,"in rotation or succession; ""turn about is fair play""",
the life,8357186,,"a living person; ""his heroism saved a life"""
in New,8355560,"currently fashionable; ""the in thing to do""; ""large shoulder pads are in""","having no previous example or precedent or parallel; ""a time of unexampled prosperity"""
the four,8355507,,being one more than three
people 's,8345201,"(plural) any group of human beings (men or women or children) collectively; ""old people""; ""there were at least 200 people in the audience""",
and those,8339193,,
but then,8335270,"and nothing more; ""I was merely asking""; ""it is simply a matter of time""; ""just a scratch""; ""he was only a child""; ""hopes that last but a moment""","that time; that moment; ""we will arrive before then""; ""we were friends from then on"""
I must,8334249,"used of a single unit or thing; not two or more; ""`ane' is Scottish""",the quality of smelling or tasting old or stale or mouldy
of many,8302525,,"a quantifier that can be used with count nouns and is often preceded by `as' or `too' or `so' or `that'; amounting to a large but indefinite number; ""many temptations""; ""the temptations are many""; ""a good many""; ""a great many""; ""many directions""; ""take as many apples as you like""; ""too many clouds to see""; ""never saw so many people"""
once again,8300903,"on one occasion; ""once I ran into her""","anew; ""she tried again""; ""they rehearsed the scene again"""
to build,8298280,,constitution of the human body
together with,8296001,"mentally and emotionally stable; ""she's really together""",
to write,8295104,,"record data on a computer; ""boot-up instructions are written on the hard disk"""
though the,8292599,"(postpositive) however; ""it might be unpleasant, though""",
ensure that,8290357,"be careful or certain to do something; make certain of something; ""He verified that the valves were closed""; ""See that the curtains are closed""; ""control the quality of the product""",
and took,8285583,,
results of,8283817,,
the major,8283087,,"greater in number or size or amount; ""a major portion (a majority) of the population""; ""Ursa Major""; ""a major portion of the winnings"""
is possible,8277626,,"capable of happening or existing; ""a breakthrough may be possible next year""; ""anything is possible""; ""warned of possible consequences"""
wants to,8277004,,
the business,8266359,,"the activity of providing goods and services involving financial and commercial and industrial aspects; ""computers are now widely used in business"""
combination of,8264284,the act of combining things to form a new whole,
applied to,8263062,"concerned with concrete problems or data rather than with fundamental principles; ""applied physics""; ""applied psychology""; ""technical problems in medicine, engineering, economics and other applied disciplines""- Sidney Hook",
here is,8261071,"the present location; this place; ""where do we go from here?""",
so we,8256058,the syllable naming the fifth (dominant) note of any musical scale in solmization,
different from,8243838,"unlike in nature or quality or form or degree; ""took different approaches to the problem""; ""came to a different conclusion""; ""different parts of the country""; ""on different sides of the issue""; ""this meeting was different from the earlier one""",
a wide,8242520,"the basic unit of electric current adopted under the Systeme International d'Unites; ""a typical household circuit carries 15 to 50 amps""","having ample fabric; ""the current taste for wide trousers""; ""a full skirt"""
the State,8235009,,"a state of depression or agitation; ""he was in such a state you just couldn't reason with him"""
the majority,8233806,,(elections) more than half of the votes
at last,8231664,100 at equal 1 kip in Laos,"occurring at or forming an end or termination; ""his concluding words came as a surprise""; ""the final chapter""; ""the last days of the dinosaurs""; ""terminal leave"""
about how,8223723,"in rotation or succession; ""turn about is fair play""",
to reduce,8209345,,reposition (a broken bone after surgery) back to its normal site
model of,8203743,"a woman who wears clothes to display fashions; ""she was too fat to be a mannequin""",
had already,8202908,,"prior to a specified or implied time; ""she has already graduated"""
definition of,8199486,"clarity of outline; ""exercise had given his muscles superior definition""",
as shown,8195614,a very poisonous metallic element that has three allotropic forms; arsenic and arsenic compounds are used as herbicides and insecticides and various alloys; found in arsenopyrite and orpiment and realgar,
the effects,8193035,,"property of a personal character that is portable but not used in business; ""she left some of her personal effects in the house""; ""I watched over their effects until they returned"""
description of,8172010,"sort or variety; ""every description of book was there""",
in place,8171312,"currently fashionable; ""the in thing to do""; ""large shoulder pads are in""","a particular situation; ""If you were in my place what would you do?"""
to feel,8169829,,"the general atmosphere of a place or situation and the effect that it has on people; ""the feel of the city excited him""; ""a clergyman improved the tone of the meeting""; ""it had the smell of treason"""
carried out,8164586,,"outer or outlying; ""the out islands"""
but what,8161056,"and nothing more; ""I was merely asking""; ""it is simply a matter of time""; ""just a scratch""; ""he was only a child""; ""hopes that last but a moment""",
head of,8146623,"a user of (usually soft) drugs; ""the office was full of secret heads""",
be taken,8137264,a light strong brittle grey toxic bivalent metallic element,"understood in a certain way; made sense of; ""a word taken literally""; ""a smile taken as consent""; ""an open door interpreted as an invitation"""
of different,8137250,,"unlike in nature or quality or form or degree; ""took different approaches to the problem""; ""came to a different conclusion""; ""different parts of the country""; ""on different sides of the issue""; ""this meeting was different from the earlier one"""
not go,8131394,"negation of a word or group of words; ""he does not speak French""; ""she is not going""; ""they are not friends""; ""not many""; ""not much""; ""not at all""","functioning correctly and ready for action; ""all systems are go"""
Cengage Learning,8128688,,"the cognitive process of acquiring skill or knowledge; ""the child's acquisition of language"""
how do,8128225,,doctor's degree in osteopathy
more likely,8128135,"English statesman who opposed Henry VIII's divorce from Catherine of Aragon and was imprisoned and beheaded; recalled for his concept of Utopia, the ideal state","has a good chance of being the case or of coming about; ""these services are likely to be available to us all before long""; ""she is likely to forget""; ""a likely place for a restaurant""; ""the broken limb is likely to fall""; ""rain is likely""; ""a likely topic for investigation""; ""likely candidates for the job"""
a simple,8127180,"the basic unit of electric current adopted under the Systeme International d'Unites; ""a typical household circuit carries 15 to 50 amps""","unornamented; ""a simple country schoolhouse""; ""her black dress--simple to austerity"""
the boy,8117196,,"a youthful male person; ""the baby was a boy""; ""she made the boy brush his teeth every night""; ""most soldiers are only boys in uniform"""
our own,8112739,,"have ownership or possession of; ""He owns three houses in Florida""; ""How many cars does she have?"""
the central,8110457,,"serving as an essential component; ""a cardinal rule""; ""the central cause of the problem""; ""an example that was fundamental to the argument""; ""computers are fundamental to modern industrial structure"""
with which,8109123,,
are all,8099266,a unit of surface area equal to 100 square meters,"completely given to or absorbed by; ""became all attention"""
the model,8097442,,"a woman who wears clothes to display fashions; ""she was too fat to be a mannequin"""
he might,8087772,a very light colorless element that is one of the six inert gasses; the most difficult gas to liquefy; occurs in economically extractable amounts in certain natural gases (as those found in Texas and Kansas),physical strength
the cost,8082365,,the total spent for goods or services including money and time and labor
the issue,8081821,,"the immediate descendants of a person; ""she was the mother of many offspring""; ""he died without issue"""
my eyes,8079395,,"opinion or judgment; ""in the eyes of the law""; ""I was wrong in her eyes"""
the money,8077805,,"wealth reckoned in terms of money; ""all his money is in real estate"""
in The,8077655,"currently fashionable; ""the in thing to do""; ""large shoulder pads are in""",
the history,8065707,,"the aggregate of past events; ""a critical time in the school's history"""
why do,8056246,"the cause or intention underlying an action or situation, especially in the phrase `the whys and wherefores'",doctor's degree in osteopathy
to maintain,8051407,,state categorically
had made,8048705,,"(of a bed) having the sheets and blankets set in order; ""a neatly made bed"""
may also,8048378,thorny Eurasian shrub of small tree having dense clusters of white to scarlet flowers followed by deep red berries; established as an escape in eastern North America,"in addition; ""he has a Mercedes, too"""
the reason,8039300,,"the state of having good sense and sound judgment; ""his rationality may have been impaired""; ""he had to rely less on reason than on rousing their emotions"""
the above,8034065,,"appearing earlier in the same text; ""flaws in the above interpretation"""
the size,8029109,,"(used in combination) sized; ""the economy-size package""; ""average-size house"""
before I,8026798,"earlier in time; previously; ""I had known her before""; ""as I said before""; ""he called me the day before but your call had come even earlier""; ""her parents had died four years earlier""; ""I mentioned that problem earlier""","used of a single unit or thing; not two or more; ""`ane' is Scottish"""
wish to,8022240,"the particular preference that you have; ""it was his last wish""; ""they should respect the wishes of the people""",
distribution of,8019804,the act of distributing or spreading or apportioning,
out on,8017946,"outer or outlying; ""the out islands""","in operation or operational; ""left the oven on""; ""the switch is in the on position"""
put the,8017057,the option to sell a given stock (or stock index or commodity future) at a given price before a given date,
line of,8013250,a single frequency (or very narrow band) of radiation in a spectrum,
the actual,8011449,,"taking place in reality; not pretended or imitated; ""we saw the actual wedding on television""; ""filmed the actual beating"""
not say,8008961,"negation of a word or group of words; ""he does not speak French""; ""she is not going""; ""they are not friends""; ""not many""; ""not much""; ""not at all""","the chance to speak; ""let him have his say"""
a given,8004644,"the basic unit of electric current adopted under the Systeme International d'Unites; ""a typical household circuit carries 15 to 50 amps""","acknowledged as a supposition; ""given the engine's condition, it is a wonder that it started"""
depends on,8003382,,"in operation or operational; ""left the oven on""; ""the switch is in the on position"""
and made,7996679,,"(of a bed) having the sheets and blankets set in order; ""a neatly made bed"""
to obtain,7993182,,"come into possession of; ""How did you obtain the visa?"""
that their,7992730,,
the English,7992303,,"of or relating to or characteristic of England or its culture or people; ""English history""; ""the English landed aristocracy""; ""English literature"""
looked up,7991493,,"open; ""the windows are up"""
my mind,7991355,,"an important intellectual; ""the great minds of the 17th century"""
think you,7983422,"an instance of deliberate thinking; ""I need to give it a good think""",
up for,7977227,"open; ""the windows are up""",
have seen,7975600,a person who possesses great material wealth,
regard to,7975425,"the condition of being honored (esteemed or respected or well regarded); ""it is held in esteem""; ""a man who has earned high regard""",
the matter,7972262,,"that which has mass and occupies space; ""physicists study both the nature of matter and the forces which govern it"""
the World,7966936,,"all of the living human inhabitants of the earth; ""all the world loves a lover""; ""she always used `humankind' because `mankind' seemed to slight the women"""
she thought,7962870,,"the process of using your mind to consider something carefully; ""thinking always made him frown""; ""she paused for thought"""
the impact,7959407,,"a forceful consequence; a strong effect; ""the book had an important impact on my thinking""; ""the book packs a wallop"""
a full,7959367,"the basic unit of electric current adopted under the Systeme International d'Unites; ""a typical household circuit carries 15 to 50 amps""","having the normally expected amount; ""gives full measure""; ""gives good measure""; ""a good mile from here"""
discussion of,7958819,"an extended communication (often interactive) dealing with some particular topic; ""the book contains an excellent discussion of modal logic""; ""his treatment of the race question is badly biased""",
you had,7958020,,
information about,7953115,"(communication theory) a numerical measure of the uncertainty of an outcome; ""the signal contained thousands of bits of information""","in rotation or succession; ""turn about is fair play"""
areas of,7951482,,
something to,7943704,,
to reach,7939401,,the act of physically reaching or thrusting out
had taken,7937223,,"understood in a certain way; made sense of; ""a word taken literally""; ""a smile taken as consent""; ""an open door interpreted as an invitation"""
which were,7929789,,
of new,7928666,,"having no previous example or precedent or parallel; ""a time of unexampled prosperity"""
seen as,7928311,,a very poisonous metallic element that has three allotropic forms; arsenic and arsenic compounds are used as herbicides and insecticides and various alloys; found in arsenopyrite and orpiment and realgar
appears to,7921466,,
determine the,7921231,"reach, make, or come to a decision about something; ""We finally decided after lengthy deliberations""",
as for,7914727,a very poisonous metallic element that has three allotropic forms; arsenic and arsenic compounds are used as herbicides and insecticides and various alloys; found in arsenopyrite and orpiment and realgar,
put it,7894816,the option to sell a given stock (or stock index or commodity future) at a given price before a given date,the branch of engineering that deals with the use of computers and telecommunications to retrieve and store and transmit information
help you,7888586,"the activity of contributing to the fulfillment of a need or furtherance of an effort or purpose; ""he gave me an assist with the housework""; ""could not walk without assistance""; ""rescue party went to their aid""; ""offered his help in unloading""",
a real,7886215,"the basic unit of electric current adopted under the Systeme International d'Unites; ""a typical household circuit carries 15 to 50 amps""","capable of being treated as fact; ""tangible evidence""; ""his brief time as Prime Minister brought few real benefits to the poor"""
mother 's,7881555,"a woman who has given birth to a child (also used as a term of address to your mother); ""the mother of three children""",
one hand,7880099,"being a single entity made by combining separate components; ""three chemicals combining into one solution""","a member of the crew of a ship; ""all hands on deck"""
and put,7879676,,the option to sell a given stock (or stock index or commodity future) at a given price before a given date
the years,7878562,,"the time during which someone's life continues; ""the monarch's last days""; ""in his final years"""
time I,7872210,"an indefinite period (usually marked by specific attributes or activities); ""the time of year for planting""; ""he was a great actor in his time""","used of a single unit or thing; not two or more; ""`ane' is Scottish"""
you in,7871746,,"currently fashionable; ""the in thing to do""; ""large shoulder pads are in"""
is based,7868538,,"having a base of operations (often used as a combining form); ""a locally based business""; ""an Atlanta-based company""; ""carrier-based planes"""
to run,7864627,,"the production achieved during a continuous period of operation (of a machine or factory etc.); ""a daily run of 100,000 gallons of paint"""
not always,7852643,"negation of a word or group of words; ""he does not speak French""; ""she is not going""; ""they are not friends""; ""not many""; ""not much""; ""not at all""","at all times; all the time and on every occasion; ""I will always be there to help you""; ""always arrives on time""; ""there is always some pollution in the air""; ""ever hoping to strike it rich""; ""ever busy"""
out for,7849378,"outer or outlying; ""the out islands""",
not mean,7846005,"negation of a word or group of words; ""he does not speak French""; ""she is not going""; ""they are not friends""; ""not many""; ""not much""; ""not at all""",(used of sums of money) so small in amount as to deserve contempt
reference to,7838289,"the act of referring or consulting; ""reference to an encyclopedia produced the answer""",
hand and,7838257,"a member of the crew of a ship; ""all hands on deck""",
a word,7837893,"the basic unit of electric current adopted under the Systeme International d'Unites; ""a typical household circuit carries 15 to 50 amps""","a string of bits stored in computer memory; ""large computers use words up to 64 bits long"""
I heard,7834702,"used of a single unit or thing; not two or more; ""`ane' is Scottish""","detected or perceived by the sense of hearing; ""a conversation heard through the wall"""
children 's,7814673,,
every day,7806032,,United States writer best known for his autobiographical works (1874-1935)
who would,7798644,a United Nations agency to coordinate international health activities and to help governments improve health services,
one is,7787998,"being a single entity made by combining separate components; ""three chemicals combining into one solution""",
discussed in,7785726,,"currently fashionable; ""the in thing to do""; ""large shoulder pads are in"""
eyes and,7783875,"opinion or judgment; ""in the eyes of the law""; ""I was wrong in her eyes""",
in mind,7779332,"currently fashionable; ""the in thing to do""; ""large shoulder pads are in""","an important intellectual; ""the great minds of the 17th century"""
third party,7777516,coming next after the second and just before the fourth in position,"a person involved in legal proceedings; ""the party of the first part"""
and who,7775976,,a United Nations agency to coordinate international health activities and to help governments improve health services
and after,7775506,,"behind or in the rear; ""and Jill came tumbling after"""
her a,7774520,,"the basic unit of electric current adopted under the Systeme International d'Unites; ""a typical household circuit carries 15 to 50 amps"""
the full,7770528,,"having the normally expected amount; ""gives full measure""; ""gives good measure""; ""a good mile from here"""
over time,7769807,(cricket) the division of play during which six balls are bowled at the batsman by one player from the other team from the same end of the pitch,"an indefinite period (usually marked by specific attributes or activities); ""the time of year for planting""; ""he was a great actor in his time"""
the greatest,7767456,,highest in quality
go on,7761189,"functioning correctly and ready for action; ""all systems are go""","in operation or operational; ""left the oven on""; ""the switch is in the on position"""
one to,7758708,"being a single entity made by combining separate components; ""three chemicals combining into one solution""",
or by,7753050,"a room in a hospital equipped for the performance of surgical operations; ""great care is taken to keep the operating rooms aseptic""","in reserve; not for immediate use; ""started setting aside money to buy a car""; ""put something by for her old age""; ""has a nest egg tucked away for a rainy day"""
the different,7749633,,"unlike in nature or quality or form or degree; ""took different approaches to the problem""; ""came to a different conclusion""; ""different parts of the country""; ""on different sides of the issue""; ""this meeting was different from the earlier one"""
just the,7745128,"used especially of what is legally or ethically right or proper or fitting; ""a just and lasting peace""- A.Lincoln; ""a kind and just man""; ""a just reward""; ""his just inheritance""",
from which,7744752,,
like it,7743338,"resembling or similar; having the same or some of the same characteristics; often used in combination; ""suits of like design""; ""a limited circle of like minds""; ""members of the cat family have like dispositions""; ""as like as two peas in a pod""; ""doglike devotion""; ""a dreamlike quality""",the branch of engineering that deals with the use of computers and telecommunications to retrieve and store and transmit information
his way,7738500,,"a portion of something divided into shares; ""they split the loot three ways"""
I found,7737881,"used of a single unit or thing; not two or more; ""`ane' is Scottish""","come upon unexpectedly or after searching; ""found art""; ""the lost-and-found department"""
clear that,7729402,"freed from any question of guilt; ""is absolved from all blame""; ""was now clear of the charge of cowardice""; ""his official honor is vindicated""",
the region,7728235,,"the approximate amount of something (usually used prepositionally as in `in the region of'); ""it was going to take in the region of two or three months to finish the job""; ""the price is in the neighborhood of $100"""
not help,7725838,"negation of a word or group of words; ""he does not speak French""; ""she is not going""; ""they are not friends""; ""not many""; ""not much""; ""not at all""","the activity of contributing to the fulfillment of a need or furtherance of an effort or purpose; ""he gave me an assist with the housework""; ""could not walk without assistance""; ""rescue party went to their aid""; ""offered his help in unloading"""
my heart,7719657,,"a plane figure with rounded sides curving inward at the top and intersecting at the bottom; conventionally used on playing cards and valentines; ""he drew a heart and called it a valentine"""
the sky,7717852,,the atmosphere and outer space as viewed from the earth
down at,7712212,"shut; ""the shades were down""",100 at equal 1 kip in Laos
you a,7706564,,"the basic unit of electric current adopted under the Systeme International d'Unites; ""a typical household circuit carries 15 to 50 amps"""
to turn,7702440,,"a favor for someone; ""he did me a good turn"""
the image,7699995,,"someone who closely resembles a famous person (especially an actor); ""he could be Gingrich's double""; ""she's the very image of her mother"""
we may,7689719,,thorny Eurasian shrub of small tree having dense clusters of white to scarlet flowers followed by deep red berries; established as an escape in eastern North America
length of,7684688,"a section of something that is long and narrow; ""a length of timber""; ""a length of tubing""",
would like,7680444,,"resembling or similar; having the same or some of the same characteristics; often used in combination; ""suits of like design""; ""a limited circle of like minds""; ""members of the cat family have like dispositions""; ""as like as two peas in a pod""; ""doglike devotion""; ""a dreamlike quality"""
to increase,7674588,,"a process of becoming larger or longer or more numerous or more important; ""the increase in unemployment""; ""the growth of population"""
dealing with,7670633,"the act of transacting within or between groups (as carrying on commercial activities); ""no transactions are possible without him""; ""he has always been honest is his dealings with me""",
the overall,7661174,,"involving only main features; ""the overall pattern of his life"""
people to,7658866,"(plural) any group of human beings (men or women or children) collectively; ""old people""; ""there were at least 200 people in the audience""",
have done,7653436,a person who possesses great material wealth,"having finished or arrived at completion; ""certain to make history before he's done""; ""it's a done deed""; ""after the treatment, the patient is through except for follow-up""; ""almost through with his studies"""
two years,7651649,"being one more than one; ""he received two messages""","the time during which someone's life continues; ""the monarch's last days""; ""in his final years"""
thought that,7649993,"the process of using your mind to consider something carefully; ""thinking always made him frown""; ""she paused for thought""",
the kind,7647059,,"tolerant and forgiving under provocation; ""our neighbor was very kind about the window our son broke"""
an individual,7643778,an associate degree in nursing,"characteristic of or meant for a single person or thing; ""an individual serving""; ""single occupancy""; ""a single bed"""
between them,7642535,"in between; ""two houses with a tree between""",
ought to,7640698,,
by which,7633197,"in reserve; not for immediate use; ""started setting aside money to buy a car""; ""put something by for her old age""; ""has a nest egg tucked away for a rainy day""",
is at,7632444,,100 at equal 1 kip in Laos
light of,7631490,"easily assimilated in the alimentary canal; not rich or heavily seasoned; ""a light diet""",
allowed to,7629129,,
given to,7627630,"acknowledged as a supposition; ""given the engine's condition, it is a wonder that it started""",
world of,7625885,"all of the living human inhabitants of the earth; ""all the world loves a lover""; ""she always used `humankind' because `mankind' seemed to slight the women""",
was as,7623802,,a very poisonous metallic element that has three allotropic forms; arsenic and arsenic compounds are used as herbicides and insecticides and various alloys; found in arsenopyrite and orpiment and realgar
you like,7623660,,"resembling or similar; having the same or some of the same characteristics; often used in combination; ""suits of like design""; ""a limited circle of like minds""; ""members of the cat family have like dispositions""; ""as like as two peas in a pod""; ""doglike devotion""; ""a dreamlike quality"""
are no,7618185,a unit of surface area equal to 100 square meters,a radioactive transuranic element synthesized by bombarding curium with carbon ions; 7 isotopes are known
for what,7617305,,
sound of,7615159,"in excellent physical condition; ""good teeth""; ""I still have one good leg""; ""a sound mind in a sound body""",
at one,7613451,100 at equal 1 kip in Laos,"being a single entity made by combining separate components; ""three chemicals combining into one solution"""
that when,7612543,,
he also,7611201,a very light colorless element that is one of the six inert gasses; the most difficult gas to liquefy; occurs in economically extractable amounts in certain natural gases (as those found in Texas and Kansas),"in addition; ""he has a Mercedes, too"""
work on,7610472,"(physics) a manifestation of energy; the transfer of energy from one physical system to another expressed as the product of a force and the distance through which it moves a body in the direction of that force; ""work equals force times distance""","in operation or operational; ""left the oven on""; ""the switch is in the on position"""
cause of,7598484,"a comprehensive term for any proceeding in a court of law whereby an individual seeks a legal remedy; ""the family brought suit against the landlord""",
where you,7590630,,
edited by,7590165,"improved or corrected by critical editing; ""the emended text""","in reserve; not for immediate use; ""started setting aside money to buy a car""; ""put something by for her old age""; ""has a nest egg tucked away for a rainy day"""
the Court,7586570,,Australian woman tennis player who won many major championships (born in 1947)
intended to,7578779,"resulting from one's intentions; ""your intended trip abroad""; ""an intended insult""",
health and,7578230,"the general condition of body and mind; ""his delicate health""; ""in poor health""",
he and,7577106,a very light colorless element that is one of the six inert gasses; the most difficult gas to liquefy; occurs in economically extractable amounts in certain natural gases (as those found in Texas and Kansas),
not understand,7575279,"negation of a word or group of words; ""he does not speak French""; ""she is not going""; ""they are not friends""; ""not many""; ""not much""; ""not at all""","know and comprehend the nature or meaning of; ""She did not understand her husband""; ""I understand what she means"""
possibility of,7574675,"capability of existing or happening or being true; ""there is a possibility that his sense of smell has been impaired""",
experience of,7573849,"the accumulation of knowledge or skill that results from direct participation in events or activities; ""a man of experience""; ""experience is the best teacher""",
house of,7571852,"a dwelling that serves as living quarters for one or more families; ""he has a house on Cape Cod""; ""she felt she had to get out of the house""",
the big,7568593,,"given or giving freely; ""was a big tipper""; ""the bounteous goodness of God""; ""bountiful compliments""; ""a freehanded host""; ""a handsome allowance""; ""Saturday's child is loving and giving""; ""a liberal backer of the arts""; ""a munificent gift""; ""her fond and openhanded grandfather"""
go back,7567830,"functioning correctly and ready for action; ""all systems are go""","a support that you can lean against while sitting; ""the back of the dental chair was adjustable"""
for our,7562550,,
people are,7562461,"(plural) any group of human beings (men or women or children) collectively; ""old people""; ""there were at least 200 people in the audience""",a unit of surface area equal to 100 square meters
made by,7556260,"(of a bed) having the sheets and blankets set in order; ""a neatly made bed""","in reserve; not for immediate use; ""started setting aside money to buy a car""; ""put something by for her old age""; ""has a nest egg tucked away for a rainy day"""
production of,7547065,"the quantity of something (as a commodity) that is created (usually within a given period of time); ""production was up in the second quarter""",
is going,7542218,,the act of departing
became a,7534409,,"the basic unit of electric current adopted under the Systeme International d'Unites; ""a typical household circuit carries 15 to 50 amps"""
the game,7533328,,"disabled in the feet or legs; ""a crippled soldier""; ""a game leg"""
in two,7532492,"currently fashionable; ""the in thing to do""; ""large shoulder pads are in""","being one more than one; ""he received two messages"""
to establish,7530308,,"place; ""Her manager had set her up at the Ritz"""
notion of,7529508,"(usually plural) small personal articles or clothing or sewing items; ""buttons and needles are notions""",
we did,7525311,,
the period,7521525,,"the monthly discharge of blood from the uterus of nonpregnant women from puberty to menopause; ""the women were sickly and subject to excessive menstruation""; ""a woman does not take the gout unless her menses be stopped""--Hippocrates; ""the semen begins to appear in males and to be emitted at the same time of life that the catamenia begin to flow in females""--Aristotle"
the West,7517780,,situated in or facing or moving toward the west
and be,7517753,,a light strong brittle grey toxic bivalent metallic element
bit of,7517688,"a unit of measurement of information (from binary + digit); the amount of information in a system having two equiprobable states; ""there are 8 bits in a byte""",
to these,7510809,,
the Great,7509310,,"very good; ""he did a bully job""; ""a neat sports car""; ""had a great time at the party""; ""you look simply smashing""; ""we had a grand old time"""
far from,7506085,"being of a considerable distance or length; ""a far trek""",
used by,7500623,"previously used or owned by another; ""bought a secondhand (or used) car""","in reserve; not for immediate use; ""started setting aside money to buy a car""; ""put something by for her old age""; ""has a nest egg tucked away for a rainy day"""
the poor,7499989,,"deserving or inciting pity; ""a hapless victim""; ""miserable victims of war""; ""the shabby room struck her as extraordinarily pathetic""- Galsworthy; ""piteous appeals for help""; ""pitiable homeless children""; ""a pitiful fate""; ""Oh, you poor thing""; ""his poor distorted limbs""; ""a wretched life"""
influence of,7499217,"one having power to influence another; ""she was the most important influence in my life""; ""he was a bad influence on the children""",
the wind,7496960,,"a tendency or force that influences events; ""the winds of change"""
is of,7496414,,
sure that,7494268,"physically secure or dependable; ""a sure footing""; ""was on sure ground""",
the upper,7490761,,"higher in place or position; ""the upper bunk""; ""in the upper center of the picture""; ""the upper stories"""
live in,7488494,"exerting force or containing energy; ""live coals""; ""tossed a live cigarette out the window""; ""got a shock from a live wire""; ""live ore is unmined ore""; ""a live bomb""; ""a live ball is one in play""","currently fashionable; ""the in thing to do""; ""large shoulder pads are in"""
a special,7486184,"the basic unit of electric current adopted under the Systeme International d'Unites; ""a typical household circuit carries 15 to 50 amps""","having a specific function or scope; ""a special (or specific) role in the mission"""
stared at,7485401,,100 at equal 1 kip in Laos
how they,7467426,,
come from,7466962,the thick white fluid containing spermatozoa that is ejaculated by the male genital tract,
the organization,7463677,,"the activity or result of distributing or disposing persons or things properly or methodically; ""his organization of the work force was very efficient"""
portion of,7462944,"the allotment of some amount by dividing something; ""death gets more than its share of attention from theologians""",
how it,7458391,,the branch of engineering that deals with the use of computers and telecommunications to retrieve and store and transmit information
impact on,7457180,"a forceful consequence; a strong effect; ""the book had an important impact on my thinking""; ""the book packs a wallop""","in operation or operational; ""left the oven on""; ""the switch is in the on position"""
pair of,7453387,two items of the same kind,
with each,7451841,,"to or from every one of two or more (considered individually); ""they received $10 each"""
was now,7448714,,"the momentary present; ""Now is a good time to do it""; ""it worked up to right now"""
consists of,7448165,,
happened to,7443658,,
story of,7438354,"a structure consisting of a room or set of rooms at a single position along a vertical scale; ""what level is the office on?""",
desire to,7434007,something that is desired,
Oxford University,7430300,a low shoe laced over the instep,"establishment where a seat of higher learning is housed, including administrative and living quarters as well as facilities for research and teaching"
keep the,7427420,"the financial means whereby one lives; ""each child was expected to pay for their keep""; ""he applied to the state for support""; ""he could no longer earn his own livelihood""",
place of,7427195,"a particular situation; ""If you were in my place what would you do?""",
day of,7423274,United States writer best known for his autobiographical works (1874-1935),
in those,7420737,"currently fashionable; ""the in thing to do""; ""large shoulder pads are in""",
that no,7420320,,a radioactive transuranic element synthesized by bombarding curium with carbon ions; 7 isotopes are known
very much,7414956,"used as intensifiers; `real' is sometimes used informally for `really'; `rattling' is informal; ""she was very gifted""; ""he played very well""; ""a really enjoyable evening""; ""I'm real sorry about it""; ""a rattling good yarn""","a great amount or extent; ""they did much for humanity"""
from that,7411593,,
of women,7403586,,
the basic,7396939,,"serving as a base or starting point; ""a basic course in Russian""; ""basic training for raw recruits""; ""a set of basic tools""; ""an introductory art course"""
made to,7396234,"(of a bed) having the sheets and blankets set in order; ""a neatly made bed""",
one thing,7392936,"being a single entity made by combining separate components; ""three chemicals combining into one solution""","a special situation; ""this thing has got to end""; ""it is a remarkable thing"""
shook his,7392616,a disassembled barrel; the parts packed for storage or shipment,
so they,7392152,the syllable naming the fifth (dominant) note of any musical scale in solmization,
results in,7383913,,"currently fashionable; ""the in thing to do""; ""large shoulder pads are in"""
so on,7382906,the syllable naming the fifth (dominant) note of any musical scale in solmization,"in operation or operational; ""left the oven on""; ""the switch is in the on position"""
to eat,7382250,,"use up (resources or materials); ""this car consumes a lot of gas""; ""We exhausted our savings""; ""They run through 20 bottles of wine a week"""
had gone,7379002,,"well in the past; former; ""bygone days""; ""dreams of foregone times""; ""sweet memories of gone summers""; ""relics of a departed era"""
than in,7373430,,"currently fashionable; ""the in thing to do""; ""large shoulder pads are in"""
use a,7372331,"(economics) the utilization of economic goods to satisfy needs or in manufacturing; ""the consumption of energy has increased steadily""","the basic unit of electric current adopted under the Systeme International d'Unites; ""a typical household circuit carries 15 to 50 amps"""
in Fig,7371784,"currently fashionable; ""the in thing to do""; ""large shoulder pads are in""",Mediterranean tree widely cultivated for its edible fruit
Bible Halseth,7368834,a book regarded as authoritative in its field,
around her,7367902,"in circumference; ""the trunk is ten feet around""; ""the pond is two miles around""",
just like,7364637,"used especially of what is legally or ethically right or proper or fitting; ""a just and lasting peace""- A.Lincoln; ""a kind and just man""; ""a just reward""; ""his just inheritance""","resembling or similar; having the same or some of the same characteristics; often used in combination; ""suits of like design""; ""a limited circle of like minds""; ""members of the cat family have like dispositions""; ""as like as two peas in a pod""; ""doglike devotion""; ""a dreamlike quality"""
in accordance,7364554,"currently fashionable; ""the in thing to do""; ""large shoulder pads are in""","the act of granting rights; ""the accordance to Canada of rights of access"""
would never,7364539,,"not ever; at no time in the past or future; ""I have never been to China""; ""I shall never forget this day""; ""had never seen a circus""; ""never on Sunday""; ""I will never marry you!"""
a problem,7357944,"the basic unit of electric current adopted under the Systeme International d'Unites; ""a typical household circuit carries 15 to 50 amps""","a state of difficulty that needs to be resolved; ""she and her husband are having problems""; ""it is always a job to contact him""; ""urban problems such as traffic congestion and smog"""
the hospital,7355005,,a health facility where patients receive treatment
the population,7350100,,"the act of populating (causing to live in a place); ""he deplored the population of colonies with convicted criminals"""
did the,7347730,,
Parallel Bible,7345629,"being everywhere equidistant and not intersecting; ""parallel lines never converge""; ""concentric circles are parallel""; ""dancers in two parallel rows""",a book regarded as authoritative in its field
aspect of,7345081,the beginning or duration or completion or repetition of the action of a verb,
a hand,7340108,"the basic unit of electric current adopted under the Systeme International d'Unites; ""a typical household circuit carries 15 to 50 amps""","a member of the crew of a ship; ""all hands on deck"""
in what,7330537,"currently fashionable; ""the in thing to do""; ""large shoulder pads are in""",
the corner,7323322,,a small concavity
accordance with,7322972,"the act of granting rights; ""the accordance to Canada of rights of access""",
than one,7316757,,"being a single entity made by combining separate components; ""three chemicals combining into one solution"""
meaning of,7314710,"the idea that is intended; ""What is the meaning of this proverb?""",
image of,7311805,"someone who closely resembles a famous person (especially an actor); ""he could be Gingrich's double""; ""she's the very image of her mother""",
thousands of,7308995,,
whole or,7307564,"exhibiting or restored to vigorous good health; ""hale and hearty""; ""whole in mind and body""; ""a whole person again""","a room in a hospital equipped for the performance of surgical operations; ""great care is taken to keep the operating rooms aseptic"""
face of,7307254,a vertical surface of a building or cliff,
appear to,7305164,"appear as a character on stage or appear in a play, etc.; ""Gielgud appears briefly in this movie""; ""She appeared in `Hamlet' on the London stage""",
said he,7299701,,a very light colorless element that is one of the six inert gasses; the most difficult gas to liquefy; occurs in economically extractable amounts in certain natural gases (as those found in Texas and Kansas)
is given,7298727,,"acknowledged as a supposition; ""given the engine's condition, it is a wonder that it started"""
and most,7297412,,"used to form the superlative; ""the king cobra is the most dangerous snake"""
information on,7296834,"(communication theory) a numerical measure of the uncertainty of an outcome; ""the signal contained thousands of bits of information""","in operation or operational; ""left the oven on""; ""the switch is in the on position"""
other side,7293740,"not the same one or ones already mentioned or implied; ""today isn't any other day""- the White Queen; ""the construction of highways and other public works""; ""he asked for other employment""; ""any other person would tell the truth""; ""his other books are still in storage""; ""then we looked at the other house""; ""hearing was good in his other ear""; ""the other sex""; ""she lived on the other side of the street from me""; ""went in the other direction""","an extended outer surface of an object; ""he turned the box over to examine the bottom side""; ""they painted all four sides of the house"""
the application,7291599,,"the action of putting something into operation; ""the application of maximum thrust""; ""massage has far-reaching medical applications""; ""the application of indexes to tables of data"""
to return,7291566,,"a reciprocal group action; ""in return we gave them as good as we got"""
at my,7286180,100 at equal 1 kip in Laos,
to allow,7271160,,"let have; ""grant permission""; ""Mandela was allowed few visitors in prison"""
not let,7269479,"negation of a word or group of words; ""he does not speak French""; ""she is not going""; ""they are not friends""; ""not many""; ""not much""; ""not at all""",a serve that strikes the net before falling into the receiver's court; the ball must be served again
about that,7268665,"in rotation or succession; ""turn about is fair play""",
he made,7267681,a very light colorless element that is one of the six inert gasses; the most difficult gas to liquefy; occurs in economically extractable amounts in certain natural gases (as those found in Texas and Kansas),"(of a bed) having the sheets and blankets set in order; ""a neatly made bed"""
shows the,7264738,,
to as,7262263,,a very poisonous metallic element that has three allotropic forms; arsenic and arsenic compounds are used as herbicides and insecticides and various alloys; found in arsenopyrite and orpiment and realgar
the answer,7257231,,"a nonverbal reaction; ""his answer to any problem was to get drunk""; ""their answer was to sue me"""
de la,7254819,a Mid-Atlantic state; one of the original 13 colonies,a white soft metallic element that tarnishes readily; occurs in rare earth minerals and is usually classified as a rare earth
came from,7248614,,
not all,7241306,"negation of a word or group of words; ""he does not speak French""; ""she is not going""; ""they are not friends""; ""not many""; ""not much""; ""not at all""","completely given to or absorbed by; ""became all attention"""
not seem,7240182,"negation of a word or group of words; ""he does not speak French""; ""she is not going""; ""they are not friends""; ""not many""; ""not much""; ""not at all""","give a certain impression or have a certain outward aspect; ""She seems to be sleeping""; ""This appears to be a very difficult problem""; ""This project looks fishy""; ""They appeared like people who had not eaten or slept for a long time"""
his body,7239216,,"the external structure of a vehicle; ""the body of the car was badly rusted"""
though he,7239051,"(postpositive) however; ""it might be unpleasant, though""",a very light colorless element that is one of the six inert gasses; the most difficult gas to liquefy; occurs in economically extractable amounts in certain natural gases (as those found in Texas and Kansas)
we all,7238215,,"completely given to or absorbed by; ""became all attention"""
one in,7233836,"being a single entity made by combining separate components; ""three chemicals combining into one solution""","currently fashionable; ""the in thing to do""; ""large shoulder pads are in"""
published in,7229418,"formally made public; ""published accounts""","currently fashionable; ""the in thing to do""; ""large shoulder pads are in"""
and many,7227022,,"a quantifier that can be used with count nouns and is often preceded by `as' or `too' or `so' or `that'; amounting to a large but indefinite number; ""many temptations""; ""the temptations are many""; ""a good many""; ""a great many""; ""many directions""; ""take as many apples as you like""; ""too many clouds to see""; ""never saw so many people"""
All Rights,7225428,"completely given to or absorbed by; ""became all attention""",
the age,7212357,,"a time of life (usually defined in years) at which some particular qualification or power arises; ""she was now of school age""; ""tall for his eld"""
and two,7203027,,"being one more than one; ""he received two messages"""
some time,7201686,"remarkable; ""that was some party""; ""she is some skier""","an indefinite period (usually marked by specific attributes or activities); ""the time of year for planting""; ""he was a great actor in his time"""
is always,7197846,,"at all times; all the time and on every occasion; ""I will always be there to help you""; ""always arrives on time""; ""there is always some pollution in the air""; ""ever hoping to strike it rich""; ""ever busy"""
give you,7195765,the elasticity of something that can be stretched and returns to its original length,
failed to,7195611,,
in whole,7194081,"currently fashionable; ""the in thing to do""; ""large shoulder pads are in""","exhibiting or restored to vigorous good health; ""hale and hearty""; ""whole in mind and body""; ""a whole person again"""
things that,7193650,"any movable possession (especially articles of clothing); ""she packed her things and left""",
in most,7190056,"currently fashionable; ""the in thing to do""; ""large shoulder pads are in""","used to form the superlative; ""the king cobra is the most dangerous snake"""
about his,7187624,"in rotation or succession; ""turn about is fair play""",
center of,7186473,of or belonging to neither the right nor the left politically or intellectually,
thinking about,7186296,"the process of using your mind to consider something carefully; ""thinking always made him frown""; ""she paused for thought""","in rotation or succession; ""turn about is fair play"""
social and,7180957,"marked by friendly companionship with others; ""a social cup of coffee""",
that her,7180728,,
and would,7176593,,
the German,7175710,,"of or pertaining to or characteristic of Germany or its people or language; ""German philosophers""; ""German universities""; ""German literature"""
living in,7174383,"true to life; lifelike; ""the living image of her mother""","currently fashionable; ""the in thing to do""; ""large shoulder pads are in"""
and only,7171766,,"exclusive of anyone or anything else; ""she alone believed him""; ""cannot live by bread alone""; ""I'll have this car and this car only"""
had an,7169183,,an associate degree in nursing
a low,7167802,"the basic unit of electric current adopted under the Systeme International d'Unites; ""a typical household circuit carries 15 to 50 amps""","literal meanings; being at or having a relatively small elevation or upward extension; ""low ceilings""; ""low clouds""; ""low hills""; ""the sun is low""; ""low furniture""; ""a low bow"""
Rights Reserved,7162663,,"marked by self-restraint and reticence; ""was habitually reserved in speech, withholding her opinion""-Victoria Sackville-West"
order of,7160309,"the act of putting things in a sequential arrangement; ""there were mistakes in the ordering of items on the list""",
could do,7156904,,doctor's degree in osteopathy
was it,7153267,,the branch of engineering that deals with the use of computers and telecommunications to retrieve and store and transmit information
come back,7151988,the thick white fluid containing spermatozoa that is ejaculated by the male genital tract,"a support that you can lean against while sitting; ""the back of the dental chair was adjustable"""
is there,7150066,,"a location other than here; that place; ""you can take it from there"""
has no,7138667,,a radioactive transuranic element synthesized by bombarding curium with carbon ions; 7 isotopes are known
young man,7138068,"being in its early stage; ""a young industry""; ""the day is still young""","an adult person who is male (as opposed to a woman); ""there were two women and six men on the bus"""
compared with,7137993,,
on our,7137187,"in operation or operational; ""left the oven on""; ""the switch is in the on position""",
in every,7136505,"currently fashionable; ""the in thing to do""; ""large shoulder pads are in""",
the party,7132786,,"a person involved in legal proceedings; ""the party of the first part"""
a state,7127889,"the basic unit of electric current adopted under the Systeme International d'Unites; ""a typical household circuit carries 15 to 50 amps""","a state of depression or agitation; ""he was in such a state you just couldn't reason with him"""
properties of,7121619,,
them as,7119462,,a very poisonous metallic element that has three allotropic forms; arsenic and arsenic compounds are used as herbicides and insecticides and various alloys; found in arsenopyrite and orpiment and realgar
you for,7114531,,
the national,7113182,,"inside the country; ""the British Home Office has broader responsibilities than the United States Department of the Interior""; ""the nation's internal politics"""
we shall,7111751,,
because she,7110534,,
of interest,7102164,,"(law) a right or legal share of something; a financial involvement with something; ""they have interests all over the world""; ""a stake in the company's future"""
the news,7100742,,"the quality of being sufficiently interesting to be reported in news bulletins; ""the judge conceded the newsworthiness of the trial""; ""he is no longer news in the fashion world"""
a half,7099166,"the basic unit of electric current adopted under the Systeme International d'Unites; ""a typical household circuit carries 15 to 50 amps""","(of siblings) related through one parent only; ""a half brother""; ""half sister"""
back on,7094940,"a support that you can lean against while sitting; ""the back of the dental chair was adjustable""","in operation or operational; ""left the oven on""; ""the switch is in the on position"""
the absence,7094215,,failure to be present
field of,7091255,"a particular kind of commercial enterprise; ""they are outstanding in their field""",
the women,7091046,,
chance to,7090511,"an unknown and unpredictable phenomenon that causes an event to result one way rather than another; ""bad luck caused his downfall""; ""we ran into each other by pure chance""",
is true,7089857,,"in tune; accurate in pitch; ""a true note"""
work with,7088253,"(physics) a manifestation of energy; the transfer of energy from one physical system to another expressed as the product of a force and the distance through which it moves a body in the direction of that force; ""work equals force times distance""",
on top,7087719,"in operation or operational; ""left the oven on""; ""the switch is in the on position""","the highest level or degree attainable; the highest stage of development; ""his landscapes were deemed the acme of beauty""; ""the artist's gifts are at their acme""; ""at the height of her career""; ""the peak of perfection""; ""summer was at its peak""; ""...catapulted Einstein to the pinnacle of fame""; ""the summit of his ambition""; ""so many highest superlatives achieved by man""; ""at the top of his profession"""
to form,7086955,,"(physical chemistry) a distinct state of matter in a system; matter that is identical in chemical composition and physical state and separated from other material by the phase boundary; ""the reaction occurs in the liquid phase of the system"""
power to,7086349,"one possessing or exercising power or influence or authority; ""the mysterious presence of an evil power""; ""may the force be with you""; ""the forces of evil""",
the research,7083292,,"a search for knowledge; ""their pottery deserves more research than it has received"""
of self,7081662,,"(used as a combining form) relating to--of or by or to or from or for--the self; ""self-knowledge""; ""self-proclaimed""; ""self-induced"""
how can,7079060,,the quantity contained in a can
and political,7078802,,"involving or characteristic of politics or parties or politicians; ""calling a meeting is a political act in itself""- Daniel Goleman; ""political pressure""; ""a political machine""; ""political office""; ""political policy"""
see what,7076033,the seat within a bishop's diocese where his cathedral is located,
existence of,7070262,"the state or fact of existing; ""a point of view gradually coming into being""; ""laws in existence for centuries""; ""he appeared on the face of the earth one day""",
relationship with,7062071,"a relation between people; (`relationship' is often used where `relation' would serve, as in `the relationship between inflation and unemployment', but the preferred usage of `relationship' is for human relations or states of relatedness); ""the relationship between mothers and their children""",
get out,7053773,a return on a shot that seemed impossible to reach and would normally have resulted in a point for the opponent,"outer or outlying; ""the out islands"""
is made,7048486,,"(of a bed) having the sheets and blankets set in order; ""a neatly made bed"""
her body,7043859,,"the external structure of a vehicle; ""the body of the car was badly rusted"""
and get,7043567,,a return on a shot that seemed impossible to reach and would normally have resulted in a point for the opponent
can only,7043075,the quantity contained in a can,"exclusive of anyone or anything else; ""she alone believed him""; ""cannot live by bread alone""; ""I'll have this car and this car only"""
a kind,7040481,"the basic unit of electric current adopted under the Systeme International d'Unites; ""a typical household circuit carries 15 to 50 amps""","tolerant and forgiving under provocation; ""our neighbor was very kind about the window our son broke"""
argued that,7040266,,
had just,7040206,,"used especially of what is legally or ethically right or proper or fitting; ""a just and lasting peace""- A.Lincoln; ""a kind and just man""; ""a just reward""; ""his just inheritance"""
was his,7037157,,
expression of,7036420,(genetics) the process of expressing a gene,
not necessarily,7035187,"negation of a word or group of words; ""he does not speak French""; ""she is not going""; ""they are not friends""; ""not many""; ""not much""; ""not at all""","in such a manner as could not be otherwise; ""it is necessarily so""; ""we must needs by objective"""
to deal,7031888,,"the act of apportioning or distributing something; ""the captain was entrusted with the deal of provisions"""
is usually,7023209,,"under normal conditions; ""usually she was late"""
effect on,7021483,"a phenomenon that follows and is caused by some previous phenomenon; ""the magnetic effect was greater when the rod was lengthwise""; ""his decision had depressing consequences for business""; ""he acted very wise after the event""","in operation or operational; ""left the oven on""; ""the switch is in the on position"""
a general,7020701,"the basic unit of electric current adopted under the Systeme International d'Unites; ""a typical household circuit carries 15 to 50 amps""","applying to all or most members of a category or group; ""the general public""; ""general assistance""; ""a general rule""; ""in general terms""; ""comprehensible to the general reader"""
he came,7020482,a very light colorless element that is one of the six inert gasses; the most difficult gas to liquefy; occurs in economically extractable amounts in certain natural gases (as those found in Texas and Kansas),
he should,7019952,a very light colorless element that is one of the six inert gasses; the most difficult gas to liquefy; occurs in economically extractable amounts in certain natural gases (as those found in Texas and Kansas),
were all,7018771,,"completely given to or absorbed by; ""became all attention"""
me the,7017016,a state in New England,
her life,7013734,,"a living person; ""his heroism saved a life"""
heard the,7009215,"detected or perceived by the sense of hearing; ""a conversation heard through the wall""",
people of,7008685,"(plural) any group of human beings (men or women or children) collectively; ""old people""; ""there were at least 200 people in the audience""",
the blood,7005260,,a dissolute man in fashionable society
which would,6999843,,
comes to,6995444,,
that way,6993321,,"a portion of something divided into shares; ""they split the loot three ways"""
included in,6989894,"enclosed in the same envelope or package; ""the included check""","currently fashionable; ""the in thing to do""; ""large shoulder pads are in"""
in case,6989142,"currently fashionable; ""the in thing to do""; ""large shoulder pads are in""","a person who is subjected to experimental or other observational procedures; someone who is an object of investigation; ""the subjects for this investigation were selected randomly""; ""the cases that we studied were drawn from two different communities"""
advantage of,6987111,(tennis) first point scored after deuce,
in response,6981895,"currently fashionable; ""the in thing to do""; ""large shoulder pads are in""","a result; ""this situation developed in response to events in Africa"""
differences in,6980122,,"currently fashionable; ""the in thing to do""; ""large shoulder pads are in"""
the common,6970440,,"being or characteristic of or appropriate to everyday language; ""common parlance""; ""a vernacular term""; ""vernacular speakers""; ""the vulgar tongue of the masses""; ""the technical and vulgar names for an animal species"""
let the,6964191,a serve that strikes the net before falling into the receiver's court; the ball must be served again,
if this,6964035,,
had become,6961579,,"enter or assume a certain state or condition; ""He became annoyed when he heard the bad news""; ""It must be getting more serious""; ""her face went red with anger""; ""She went into ecstasy""; ""Get going!"""
the sense,6956558,,"sound practical judgment; ""Common sense is not so common""; ""he hasn't got the sense God gave little green apples""; ""fortunately she had the good sense to run away"""
a chance,6952963,"the basic unit of electric current adopted under the Systeme International d'Unites; ""a typical household circuit carries 15 to 50 amps""","an unknown and unpredictable phenomenon that causes an event to result one way rather than another; ""bad luck caused his downfall""; ""we ran into each other by pure chance"""
and see,6952730,,the seat within a bishop's diocese where his cathedral is located
begin to,6952503,Israeli statesman (born in Russia) who (as prime minister of Israel) negotiated a peace treaty with Anwar Sadat (then the president of Egypt) (1913-1992),
the largest,6952405,,
not tell,6946747,"negation of a word or group of words; ""he does not speak French""; ""she is not going""; ""they are not friends""; ""not many""; ""not much""; ""not at all""",a Swiss patriot who lived in the early 14th century and who was renowned for his skill as an archer; according to legend an Austrian governor compelled him to shoot an apple from his son's head with his crossbow (which he did successfully without mishap)
your life,6931120,,"a living person; ""his heroism saved a life"""
or at,6929375,"a room in a hospital equipped for the performance of surgical operations; ""great care is taken to keep the operating rooms aseptic""",100 at equal 1 kip in Laos
but for,6928760,"and nothing more; ""I was merely asking""; ""it is simply a matter of time""; ""just a scratch""; ""he was only a child""; ""hopes that last but a moment""",
the opposite,6924247,,"of leaves etc; growing in pairs on either side of a stem; ""opposite leaves"""
values of,6922580,"beliefs of a person or social group in which they have an emotional investment (either for or against something); ""he has very conservatives values""",
the direction,6921567,,"the act of managing something; ""he was given overall management of the program""; ""is the direction of the economy a function of government?"""
opened the,6892806,"made open or clear; ""the newly opened road""",
you mean,6891187,,(used of sums of money) so small in amount as to deserve contempt
work and,6890908,"(physics) a manifestation of energy; the transfer of energy from one physical system to another expressed as the product of a force and the distance through which it moves a body in the direction of that force; ""work equals force times distance""",
made her,6889300,"(of a bed) having the sheets and blankets set in order; ""a neatly made bed""",
elements of,6884220,"violent or severe weather (viewed as caused by the action of the four elements); ""they felt the full fury of the elements""",
them with,6884126,,
to carry,6876645,,the act of carrying something
and may,6872171,,thorny Eurasian shrub of small tree having dense clusters of white to scarlet flowers followed by deep red berries; established as an escape in eastern North America
as such,6869941,a very poisonous metallic element that has three allotropic forms; arsenic and arsenic compounds are used as herbicides and insecticides and various alloys; found in arsenopyrite and orpiment and realgar,"to so extreme a degree; ""he is such a baby""; ""Such rich people!"""
her voice,6867454,,"an advocate who represents someone else's policy or purpose; ""the meeting was attended by spokespersons for all the major organs of government"""
him the,6865482,,
even when,6861610,"occurring at fixed intervals; ""a regular beat""; ""the even rhythm of his breathing""",
the nation,6860657,,United States prohibitionist who raided saloons and destroyed bottles of liquor with a hatchet (1846-1911)
where she,6860248,,
and did,6855910,,
like you,6851852,"resembling or similar; having the same or some of the same characteristics; often used in combination; ""suits of like design""; ""a limited circle of like minds""; ""members of the cat family have like dispositions""; ""as like as two peas in a pod""; ""doglike devotion""; ""a dreamlike quality""",
the product,6847074,,"a consequence of someone's efforts or of a particular set of circumstances; ""skill is the product of hours of practice""; ""his reaction was the product of hunger and fatigue"""
of power,6843350,,"one possessing or exercising power or influence or authority; ""the mysterious presence of an evil power""; ""may the force be with you""; ""the forces of evil"""
be so,6843345,a light strong brittle grey toxic bivalent metallic element,the syllable naming the fifth (dominant) note of any musical scale in solmization
the thought,6836785,,"the process of using your mind to consider something carefully; ""thinking always made him frown""; ""she paused for thought"""
listen to,6835420,"hear with intention; ""Listen to the sound of this cello""",
to set,6829970,,converted to solid form (as concrete)
the opportunity,6819415,,"a possibility due to a favorable combination of circumstances; ""the holiday gave us the opportunity to visit Washington""; ""now is your chance"""
the decision,6819224,,"the act of making up your mind about something; ""the burden of decision was his""; ""he drew his conclusions quickly"""
place to,6818424,"a particular situation; ""If you were in my place what would you do?""",
from him,6815356,,
closer to,6815287,(baseball) a relief pitcher who can protect a lead in the last inning or two of the game,
the brain,6814782,,"someone who has exceptional intellectual ability and originality; ""Mozart was a child genius""; ""he's smart but he's no Einstein"""
had done,6803513,,"having finished or arrived at completion; ""certain to make history before he's done""; ""it's a done deed""; ""after the treatment, the patient is through except for follow-up""; ""almost through with his studies"""
we 'd,6795932,,
health care,6791286,"the general condition of body and mind; ""his delicate health""; ""in poor health""","activity involved in maintaining something in good working order; ""he wrote the manual on car care"""
the death,6788657,,"the permanent end of all life functions in an organism or part of an organism; ""the animal died a painful death"""
method of,6787173,an acting technique introduced by Stanislavsky in which the actor recalls emotions or reactions from his or her own life and uses them to identify with the character being portrayed,
her mouth,6786909,,"a person conceived as a consumer of food; ""he has four mouths to feed"""
I took,6780890,"used of a single unit or thing; not two or more; ""`ane' is Scottish""",
that for,6776574,,
the distance,6776167,,"the interval between two times; ""the distance from birth to death""; ""it all happened in the space of 10 minutes"""
the large,6774730,,"generous and understanding and tolerant; ""a heart big enough to hold no grudges""; ""that's very big of you to be so forgiving""; ""a large and generous spirit""; ""a large heart""; ""magnanimous toward his enemies"""
leading to,6772819,"going or proceeding or going in advance; showing the way; ""we rode in the leading car""; ""the leading edge of technology""",
that some,6769518,,"remarkable; ""that was some party""; ""she is some skier"""
equal to,6768182,"having the requisite qualities or resources to meet a task; ""she had adequate training""; ""her training was adequate""; ""she was adequate to the job""; ""he was equal to the task""",
a huge,6767688,"the basic unit of electric current adopted under the Systeme International d'Unites; ""a typical household circuit carries 15 to 50 amps""","unusually great in size or amount or degree or especially extent or scope; ""huge government spending""; ""huge country estates""; ""huge popular demand for higher education""; ""a huge wave""; ""the Los Angeles aqueduct winds like an immense snake along the base of the mountains""; ""immense numbers of birds""; ""at vast (or immense) expense""; ""the vast reaches of outer space""; ""the vast accumulation of knowledge...which we call civilization""- W.R.Inge"
then we,6766490,"that time; that moment; ""we will arrive before then""; ""we were friends from then on""",
formation of,6761226,"natural process that causes something to form; ""the formation of gas in the intestine""; ""the formation of crystals""; ""the formation of pseudopods""",
last night,6758038,"occurring at or forming an end or termination; ""his concluding words came as a surprise""; ""the final chapter""; ""the last days of the dinosaurs""; ""terminal leave""","darkness; ""it vanished into the night"""
once the,6757143,"on one occasion; ""once I ran into her""",
be no,6755824,a light strong brittle grey toxic bivalent metallic element,a radioactive transuranic element synthesized by bombarding curium with carbon ions; 7 isotopes are known
reached the,6748359,,
what would,6747073,,
life in,6746453,"a living person; ""his heroism saved a life""","currently fashionable; ""the in thing to do""; ""large shoulder pads are in"""
is necessary,6746001,,absolutely essential
body of,6745727,"the external structure of a vehicle; ""the body of the car was badly rusted""",
in different,6742699,"currently fashionable; ""the in thing to do""; ""large shoulder pads are in""","unlike in nature or quality or form or degree; ""took different approaches to the problem""; ""came to a different conclusion""; ""different parts of the country""; ""on different sides of the issue""; ""this meeting was different from the earlier one"""
know you,6741842,"the fact of being aware of information that is known to few people; ""he is always in the know""",
her back,6741832,,"a support that you can lean against while sitting; ""the back of the dental chair was adjustable"""
include the,6738101,"add as part of something else; put in as part of a set, group, or category; ""We must include this chemical element in the group""",
characteristics of,6732636,,
a friend,6729645,"the basic unit of electric current adopted under the Systeme International d'Unites; ""a typical household circuit carries 15 to 50 amps""","a person you know well and regard with affection and trust; ""he was my best friend at the university"""
to buy,6728790,,"an advantageous purchase; ""she got a bargain at the auction""; ""the stock was a real buy at that price"""
to kill,6727999,,"the body of an animal, or bodies of animals, killed by a person or another animal"
management of,6722249,"the act of managing something; ""he was given overall management of the program""; ""is the direction of the economy a function of government?""",
reason for,6721048,"the state of having good sense and sound judgment; ""his rationality may have been impaired""; ""he had to rely less on reason than on rousing their emotions""",
was there,6720781,,"a location other than here; that place; ""you can take it from there"""
it were,6719687,the branch of engineering that deals with the use of computers and telecommunications to retrieve and store and transmit information,
law of,6717695,a rule or body of rules of conduct inherent in human nature and essential to or binding upon human society,
you say,6711709,,"the chance to speak; ""let him have his say"""
the quality,6710368,,"of superior grade; ""choice wines""; ""prime beef""; ""prize carnations""; ""quality paper""; ""select peaches"""
I suppose,6706778,"used of a single unit or thing; not two or more; ""`ane' is Scottish""","expect, believe, or suppose; ""I imagine she earned a lot of money with her new novel""; ""I thought to find her in a bad state""; ""he didn't think to find her in the kitchen""; ""I guess she is angry at me for standing her up"""
they should,6703783,,
be sure,6703396,a light strong brittle grey toxic bivalent metallic element,"physically secure or dependable; ""a sure footing""; ""was on sure ground"""
is about,6698628,,"in rotation or succession; ""turn about is fair play"""
has become,6696125,,"enter or assume a certain state or condition; ""He became annoyed when he heard the bad news""; ""It must be getting more serious""; ""her face went red with anger""; ""She went into ecstasy""; ""Get going!"""
old man,6695967,"just preceding something else in time or order; ""the previous owner""; ""my old house was larger""","an adult person who is male (as opposed to a woman); ""there were two women and six men on the bus"""
in love,6693202,"currently fashionable; ""the in thing to do""; ""large shoulder pads are in""","a score of zero in tennis or squash; ""it was 40 love"""
to describe,6692316,,"make a mark or lines on a surface; ""draw a line""; ""trace the outline of a figure in the sand"""
back at,6689564,"a support that you can lean against while sitting; ""the back of the dental chair was adjustable""",100 at equal 1 kip in Laos
reduce the,6688075,reposition (a broken bone after surgery) back to its normal site,
not for,6687890,"negation of a word or group of words; ""he does not speak French""; ""she is not going""; ""they are not friends""; ""not many""; ""not much""; ""not at all""",
I looked,6687566,"used of a single unit or thing; not two or more; ""`ane' is Scottish""",
he got,6685281,a very light colorless element that is one of the six inert gasses; the most difficult gas to liquefy; occurs in economically extractable amounts in certain natural gases (as those found in Texas and Kansas),
looked like,6681175,,"resembling or similar; having the same or some of the same characteristics; often used in combination; ""suits of like design""; ""a limited circle of like minds""; ""members of the cat family have like dispositions""; ""as like as two peas in a pod""; ""doglike devotion""; ""a dreamlike quality"""
now I,6680872,"the momentary present; ""Now is a good time to do it""; ""it worked up to right now""","used of a single unit or thing; not two or more; ""`ane' is Scottish"""
many people,6680737,"a quantifier that can be used with count nouns and is often preceded by `as' or `too' or `so' or `that'; amounting to a large but indefinite number; ""many temptations""; ""the temptations are many""; ""a good many""; ""a great many""; ""many directions""; ""take as many apples as you like""; ""too many clouds to see""; ""never saw so many people""","(plural) any group of human beings (men or women or children) collectively; ""old people""; ""there were at least 200 people in the audience"""
the production,6678140,,"the quantity of something (as a commodity) that is created (usually within a given period of time); ""production was up in the second quarter"""
had seen,6677135,,
be copied,6674117,a light strong brittle grey toxic bivalent metallic element,
that might,6673424,,physical strength
the Holy,6666322,,belonging to or derived from or associated with a divine power
regardless of,6663325,"(usually followed by `of') without due thought or consideration; ""careless of the consequences""; ""crushing the blooms with regardless tread""",
him for,6660710,,
not an,6652574,"negation of a word or group of words; ""he does not speak French""; ""she is not going""; ""they are not friends""; ""not many""; ""not much""; ""not at all""",an associate degree in nursing
to accept,6649643,,"make use of or accept for some purpose; ""take a risk""; ""take an opportunity"""
is on,6648941,,"in operation or operational; ""left the oven on""; ""the switch is in the on position"""
a third,6647925,"the basic unit of electric current adopted under the Systeme International d'Unites; ""a typical household circuit carries 15 to 50 amps""",coming next after the second and just before the fourth in position
while he,6644503,"a period of indeterminate length (usually short) marked by some action or condition; ""he was here for a little while""; ""I need to rest for a piece""; ""a spell of good weather""; ""a patch of bad weather""",a very light colorless element that is one of the six inert gasses; the most difficult gas to liquefy; occurs in economically extractable amounts in certain natural gases (as those found in Texas and Kansas)
few days,6640669,"a quantifier that can be used with count nouns and is often preceded by `a'; a small but indefinite number; ""a few weeks ago""; ""a few more wagons than usual""; ""an invalid's pleasures are few and far between""; ""few roses were still blooming""; ""few women have led troops in battle""","the time during which someone's life continues; ""the monarch's last days""; ""in his final years"""
with us,6635337,,North American republic containing 50 states - 48 conterminous states in North America plus Alaska in northwest North America and the Hawaiian Islands in the Pacific Ocean; achieved independence in 1776
up his,6629365,"open; ""the windows are up""",
to save,6621846,,"(sports) the act of preventing the opposition from scoring; ""the goalie made a brilliant save""; ""the relief pitcher got credit for a save"""
by using,6620363,"in reserve; not for immediate use; ""started setting aside money to buy a car""; ""put something by for her old age""; ""has a nest egg tucked away for a rainy day""","an act that exploits or victimizes someone (treats them unfairly); ""capitalistic exploitation of the working class""; ""paying Blacks less and charging them more is a form of victimization"""
not come,6615673,"negation of a word or group of words; ""he does not speak French""; ""she is not going""; ""they are not friends""; ""not many""; ""not much""; ""not at all""",the thick white fluid containing spermatozoa that is ejaculated by the male genital tract
so long,6613234,the syllable naming the fifth (dominant) note of any musical scale in solmization,"primarily spatial sense; of relatively great or greater than average spatial extension or extension as specified; ""a long road""; ""a long distance""; ""contained many long words""; ""ten miles long"""
her heart,6612122,,"a plane figure with rounded sides curving inward at the top and intersecting at the bottom; conventionally used on playing cards and valentines; ""he drew a heart and called it a valentine"""
given by,6610087,"acknowledged as a supposition; ""given the engine's condition, it is a wonder that it started""","in reserve; not for immediate use; ""started setting aside money to buy a car""; ""put something by for her old age""; ""has a nest egg tucked away for a rainy day"""
the standard,6608597,,"regularly and widely used or sold; ""a standard size""; ""a stock item"""
contact with,6607809,"the act of touching physically; ""her fingers came in contact with the light switch""",
give me,6602352,the elasticity of something that can be stretched and returns to its original length,a state in New England
that an,6600913,,an associate degree in nursing
so she,6599738,the syllable naming the fifth (dominant) note of any musical scale in solmization,
and which,6599206,,
the part,6598908,,"assets belonging to or due to or contributed by an individual person or group; ""he wanted his share in cash"""
the things,6598742,,"any movable possession (especially articles of clothing); ""she packed her things and left"""
derived from,6596758,"formed or developed from something else; not original; ""the belief that classes and organizations are secondary and derived""- John Dewey",
refused to,6589789,,
in Table,6587034,"currently fashionable; ""the in thing to do""; ""large shoulder pads are in""","a piece of furniture having a smooth flat top that is usually supported by one or more vertical legs; ""it was a sturdy table"""
research and,6583659,"a search for knowledge; ""their pottery deserves more research than it has received""",
see if,6583350,the seat within a bishop's diocese where his cathedral is located,
his or,6579519,,"a room in a hospital equipped for the performance of surgical operations; ""great care is taken to keep the operating rooms aseptic"""
human rights,6577877,"having human form or attributes as opposed to those of animals or divine beings; ""human beings""; ""the human body""; ""human kindness""; ""human frailty""",
from its,6576185,,
available to,6575970,"not busy; not otherwise committed; ""he was not available for comment""; ""he was available and willing to accompany her""",
but his,6575558,"and nothing more; ""I was merely asking""; ""it is simply a matter of time""; ""just a scratch""; ""he was only a child""; ""hopes that last but a moment""",
the doctor,6573591,,"a licensed medical practitioner; ""I felt so bad I went to see my doctor"""
of men,6567487,,the force of workers available
on him,6564700,"in operation or operational; ""left the oven on""; ""the switch is in the on position""",
problem of,6564453,"a state of difficulty that needs to be resolved; ""she and her husband are having problems""; ""it is always a job to contact him""; ""urban problems such as traffic congestion and smog""",
here and,6561765,"the present location; this place; ""where do we go from here?""",
the type,6560292,,"a small metal block bearing a raised character on one end; produces a printed character when inked and pressed on paper; ""he dropped a case of type, so they made him pick them up"""
she saw,6559323,,a power tool for cutting wood
what had,6557899,,
at an,6557278,100 at equal 1 kip in Laos,an associate degree in nursing
much to,6556450,"a great amount or extent; ""they did much for humanity""",
provides a,6556326,,"the basic unit of electric current adopted under the Systeme International d'Unites; ""a typical household circuit carries 15 to 50 amps"""
though it,6549105,"(postpositive) however; ""it might be unpleasant, though""",the branch of engineering that deals with the use of computers and telecommunications to retrieve and store and transmit information
but now,6547624,"and nothing more; ""I was merely asking""; ""it is simply a matter of time""; ""just a scratch""; ""he was only a child""; ""hopes that last but a moment""","the momentary present; ""Now is a good time to do it""; ""it worked up to right now"""
direction of,6547515,"the act of managing something; ""he was given overall management of the program""; ""is the direction of the economy a function of government?""",
days of,6547288,"the time during which someone's life continues; ""the monarch's last days""; ""in his final years""",
the enemy,6543267,,"an armed adversary (especially a member of an opposing military force); ""a soldier must be prepared to kill his enemies"""
have any,6541805,a person who possesses great material wealth,"to any degree or extent; ""it isn't any better"""
this one,6540882,,"being a single entity made by combining separate components; ""three chemicals combining into one solution"""
into my,6540758,,
more and,6538983,"English statesman who opposed Henry VIII's divorce from Catherine of Aragon and was imprisoned and beheaded; recalled for his concept of Utopia, the ideal state",
the dead,6538926,,"not showing characteristics of life especially the capacity to sustain life; no longer exerting force or having energy or heat; ""Mars is a dead planet""; ""dead soil""; ""dead coals""; ""the fire is dead"""
because you,6533315,,
on how,6530959,"in operation or operational; ""left the oven on""; ""the switch is in the on position""",
or duplicated,6527671,"a room in a hospital equipped for the performance of surgical operations; ""great care is taken to keep the operating rooms aseptic""",
in Europe,6526680,"currently fashionable; ""the in thing to do""; ""large shoulder pads are in""","the nations of the European continent collectively; ""the Marshall Plan helped Europe recover from World War II"""
his feet,6519845,,
it took,6519658,the branch of engineering that deals with the use of computers and telecommunications to retrieve and store and transmit information,
were also,6514310,,"in addition; ""he has a Mercedes, too"""
to perform,6511148,,"carry out or perform an action; ""John did the painting, the weeding, and he cleaned out the gutters""; ""the skater executed a triple pirouette""; ""she did a little dance"""
change the,6506631,"the result of alteration or modification; ""there were marked changes in the lining of the lungs""; ""there had been no change in the mountains""",
of view,6503710,,"graphic art consisting of the graphic or photographic representation of a visual percept; ""he painted scenes from everyday life""; ""figure 2 shows photographic and schematic views of the equipment"""
other people,6499772,"not the same one or ones already mentioned or implied; ""today isn't any other day""- the White Queen; ""the construction of highways and other public works""; ""he asked for other employment""; ""any other person would tell the truth""; ""his other books are still in storage""; ""then we looked at the other house""; ""hearing was good in his other ear""; ""the other sex""; ""she lived on the other side of the street from me""; ""went in the other direction""","(plural) any group of human beings (men or women or children) collectively; ""old people""; ""there were at least 200 people in the audience"""
creation of,6491525,(theology) God's act of bringing the universe into existence,
me with,6491302,a state in New England,
to address,6487115,,social skill
that day,6474068,,United States writer best known for his autobiographical works (1874-1935)
Cambridge University,6473605,a university in England,"establishment where a seat of higher learning is housed, including administrative and living quarters as well as facilities for research and teaching"
to join,6467570,,the shape or manner in which things come together and a connection is made
by her,6460692,"in reserve; not for immediate use; ""started setting aside money to buy a car""; ""put something by for her old age""; ""has a nest egg tucked away for a rainy day""",
he found,6456354,a very light colorless element that is one of the six inert gasses; the most difficult gas to liquefy; occurs in economically extractable amounts in certain natural gases (as those found in Texas and Kansas),"come upon unexpectedly or after searching; ""found art""; ""the lost-and-found department"""
why did,6455170,"the cause or intention underlying an action or situation, especially in the phrase `the whys and wherefores'",
such that,6454124,"to so extreme a degree; ""he is such a baby""; ""Such rich people!""",
the material,6453720,,"directly relevant to a matter especially a law case; ""his support made a material difference""; ""evidence material to the issue at hand""; ""facts likely to influence the judgment are called material facts""; ""a material witness"""
be suppressed,6453411,a light strong brittle grey toxic bivalent metallic element,"held in check with difficulty; ""a smothered cough""; ""a stifled yawn""; ""a strangled scream""; ""suppressed laughter"""
the job,6451302,,any long-suffering person who withstands affliction without despairing
to God,6448607,,"a man of such superior qualities that he seems like a deity to other people; ""he was a god among men"""
of things,6447594,,"any movable possession (especially articles of clothing); ""she packed her things and left"""
will you,6446742,"the capability of conscious choice and decision and intention; ""the exercise of their volition we construe as revolt""- George Meredith",
position of,6446033,the act of putting something in a certain place,
which a,6444354,,"the basic unit of electric current adopted under the Systeme International d'Unites; ""a typical household circuit carries 15 to 50 amps"""
where we,6444217,,
and women,6441879,,
the least,6440348,,"something that is of no importance; ""it is the least I can do""; ""that is the least of my concerns"""
the notion,6435836,,"(usually plural) small personal articles or clothing or sewing items; ""buttons and needles are notions"""
is just,6431326,,"used especially of what is legally or ethically right or proper or fitting; ""a just and lasting peace""- A.Lincoln; ""a kind and just man""; ""a just reward""; ""his just inheritance"""
the order,6428937,,"the act of putting things in a sequential arrangement; ""there were mistakes in the ordering of items on the list"""
read the,6428248,"something that is read; ""the article was a very good read""",
the office,6427967,,"a religious rite or service prescribed by ecclesiastical authorities; ""the offices of the mass"""
see how,6417993,the seat within a bishop's diocese where his cathedral is located,
time the,6417454,"an indefinite period (usually marked by specific attributes or activities); ""the time of year for planting""; ""he was a great actor in his time""",
then it,6417318,"that time; that moment; ""we will arrive before then""; ""we were friends from then on""",the branch of engineering that deals with the use of computers and telecommunications to retrieve and store and transmit information
the event,6415441,,"a phenomenon that follows and is caused by some previous phenomenon; ""the magnetic effect was greater when the rod was lengthwise""; ""his decision had depressing consequences for business""; ""he acted very wise after the event"""
a case,6415307,"the basic unit of electric current adopted under the Systeme International d'Unites; ""a typical household circuit carries 15 to 50 amps""","a person who is subjected to experimental or other observational procedures; someone who is an object of investigation; ""the subjects for this investigation were selected randomly""; ""the cases that we studied were drawn from two different communities"""
leave the,6409932,"the period of time during which you are absent from work or duty; ""a ten day's leave to visit his mother""",
to electronic,6405268,,"of or relating to electronics; concerned with or using devices that operate on principles governing the behavior of electrons; ""electronic devices"""
the King,6404835,,a male sovereign; ruler of a kingdom
again and,6400069,"anew; ""she tried again""; ""they rehearsed the scene again""",
before she,6399560,"earlier in time; previously; ""I had known her before""; ""as I said before""; ""he called me the day before but your call had come even earlier""; ""her parents had died four years earlier""; ""I mentioned that problem earlier""",
law and,6396978,a rule or body of rules of conduct inherent in human nature and essential to or binding upon human society,
effort to,6392437,"a notable achievement; ""he performed a great feat""; ""the book was her finest effort""",
sat down,6391373,the seventh and last day of the week; observed as the Sabbath by Jews and some Christians,"shut; ""the shades were down"""
is my,6385930,,
that my,6385158,,
shows that,6383065,,
is as,6382737,,a very poisonous metallic element that has three allotropic forms; arsenic and arsenic compounds are used as herbicides and insecticides and various alloys; found in arsenopyrite and orpiment and realgar
the structure,6381567,,"a thing constructed; a complex entity constructed of many parts; ""the structure consisted of a series of arches""; ""she wore her hair in an amazing construction of whirls and ribbons"""
are still,6381206,a unit of surface area equal to 100 square meters,"free from noticeable current; ""a still pond""; ""still waters run deep"""
into account,6380541,,"a statement of recent transactions and the resulting balance; ""they send me an accounting every month"""
the price,6377574,,United States operatic soprano (born 1927)
is required,6373439,,"necessary for relief or supply; ""provided them with all things needful"""
high school,6370447,(used of the smell of meat) smelling spoiled or tainted,"the period of instruction in a school; the time period when school is in session; ""stay after school""; ""he didn't miss a single day of school""; ""when the school day was done we would walk home together"""
the South,6364618,,"situated in or facing or moving toward or coming from the south; ""the south entrance"""
while I,6363289,"a period of indeterminate length (usually short) marked by some action or condition; ""he was here for a little while""; ""I need to rest for a piece""; ""a spell of good weather""; ""a patch of bad weather""","used of a single unit or thing; not two or more; ""`ane' is Scottish"""
the existence,6359830,,"the state or fact of existing; ""a point of view gradually coming into being""; ""laws in existence for centuries""; ""he appeared on the face of the earth one day"""
can I,6359103,the quantity contained in a can,"used of a single unit or thing; not two or more; ""`ane' is Scottish"""
support for,6351385,"the act of bearing the weight of or strengthening; ""he leaned against the wall for support""",
the Church,6350969,,"a service conducted in a house of worship; ""don't be late for church"""
to control,6347892,,"a relation of constraint of one entity (thing or person or group) by another; ""measures for the control of disease""; ""they instituted controls over drinking on campus"""
suggested that,6346715,,
found a,6345857,"come upon unexpectedly or after searching; ""found art""; ""the lost-and-found department""","the basic unit of electric current adopted under the Systeme International d'Unites; ""a typical household circuit carries 15 to 50 amps"""
before you,6344788,"earlier in time; previously; ""I had known her before""; ""as I said before""; ""he called me the day before but your call had come even earlier""; ""her parents had died four years earlier""; ""I mentioned that problem earlier""",
in patients,6343573,"currently fashionable; ""the in thing to do""; ""large shoulder pads are in""",
years old,6342859,"the time during which someone's life continues; ""the monarch's last days""; ""in his final years""","just preceding something else in time or order; ""the previous owner""; ""my old house was larger"""
collection of,6341968,the act of gathering something together,
they also,6341951,,"in addition; ""he has a Mercedes, too"""
to share,6341860,,"the allotment of some amount by dividing something; ""death gets more than its share of attention from theologians"""
door and,6335261,"a swinging or sliding barrier that will close the entrance to a room or building or vehicle; ""he knocked on the door""; ""he slammed the door as he left""",
the natural,6333491,,"being talented through inherited qualities; ""a natural leader""; ""a born musician""; ""an innate talent"""
was made,6332354,,"(of a bed) having the sheets and blankets set in order; ""a neatly made bed"""
the meaning,6332165,,"the idea that is intended; ""What is the meaning of this proverb?"""
for these,6330949,,
the ship,6327431,,a vessel that carries passengers or freight
take it,6326426,"the income or profit arising from such transactions as the sale of land or other property; ""the average return was about 5%""",the branch of engineering that deals with the use of computers and telecommunications to retrieve and store and transmit information
some third,6326069,"remarkable; ""that was some party""; ""she is some skier""",coming next after the second and just before the fourth in position
the source,6324031,,"someone who originates or causes or initiates something; ""he was the generator of several complaints"""
making a,6321923,"(usually plural) the components needed for making or doing something; ""the recipe listed all the makings for a chocolate cake""","the basic unit of electric current adopted under the Systeme International d'Unites; ""a typical household circuit carries 15 to 50 amps"""
down in,6318384,"shut; ""the shades were down""","currently fashionable; ""the in thing to do""; ""large shoulder pads are in"""
the client,6315285,,someone who pays for goods or services
it from,6314318,the branch of engineering that deals with the use of computers and telecommunications to retrieve and store and transmit information,
suppressed from,6314075,"held in check with difficulty; ""a smothered cough""; ""a stifled yawn""; ""a strangled scream""; ""suppressed laughter""",
the crowd,6310931,,"a large number of things or people considered together; ""a crowd of insects assembled around the flowers"""
was already,6310536,,"prior to a specified or implied time; ""she has already graduated"""
contribute to,6310094,"provide; ""The city has to put up half the required amount""",
his heart,6309025,,"a plane figure with rounded sides curving inward at the top and intersecting at the bottom; conventionally used on playing cards and valentines; ""he drew a heart and called it a valentine"""
of work,6303840,,"(physics) a manifestation of energy; the transfer of energy from one physical system to another expressed as the product of a force and the distance through which it moves a body in the direction of that force; ""work equals force times distance"""
or less,6303634,"a room in a hospital equipped for the performance of surgical operations; ""great care is taken to keep the operating rooms aseptic""","(nonstandard in some uses but often idiomatic with measure phrases) fewer; ""less than three weeks""; ""no less than 50 people attended""; ""in 25 words or less"""
how you,6303634,,
regarding the,6303102,,
electronic rights,6302149,"of or relating to electronics; concerned with or using devices that operate on principles governing the behavior of electrons; ""electronic devices""",
for both,6301606,,
off to,6300976,"not in operation or operational; ""the oven is off""; ""the lights are off""",
have made,6299644,a person who possesses great material wealth,"(of a bed) having the sheets and blankets set in order; ""a neatly made bed"""
the UK,6296329,,a monarchy in northwestern Europe occupying most of the British Isles; divided into England and Scotland and Wales and Northern Ireland; `Great Britain' is often used loosely to refer to the United Kingdom
open the,6295350,"openly straightforward and direct without reserve or secretiveness; ""his candid eyes""; ""an open and trusting nature""; ""a heart-to-heart talk""",
to face,6288872,,a vertical surface of a building or cliff
meant to,6287149,,
through his,6285814,"having finished or arrived at completion; ""certain to make history before he's done""; ""it's a done deed""; ""after the treatment, the patient is through except for follow-up""; ""almost through with his studies""",
if that,6285659,,
the scene,6282785,,"a situation treated as an observable object; ""the political picture is favorable""; ""the religious scene in England has changed in the last century"""
party content,6278490,"a person involved in legal proceedings; ""the party of the first part""","satisfied or showing satisfaction with things as they are; ""a contented smile"""
the physical,6277188,,"according with material things or natural laws (other than those peculiar to living matter); ""a reflex response to physical stimuli"""
a smile,6275509,"the basic unit of electric current adopted under the Systeme International d'Unites; ""a typical household circuit carries 15 to 50 amps""",a facial expression characterized by turning up the corners of the mouth; usually shows pleasure or amusement
found the,6271296,"come upon unexpectedly or after searching; ""found art""; ""the lost-and-found department""",
below the,6270706,"further down; ""see under for further discussion""",
corner of,6270248,a small concavity,
is being,6270030,,"the state or fact of existing; ""a point of view gradually coming into being""; ""laws in existence for centuries""; ""he appeared on the face of the earth one day"""
which may,6268825,,thorny Eurasian shrub of small tree having dense clusters of white to scarlet flowers followed by deep red berries; established as an escape in eastern North America
I remember,6268145,"used of a single unit or thing; not two or more; ""`ane' is Scottish""","show appreciation to; ""He remembered her in his will"""
was able,6265183,,"having a strong healthy body; ""an able seaman""; ""every able-bodied young man served in the army"""
then you,6263252,"that time; that moment; ""we will arrive before then""; ""we were friends from then on""",
a minute,6263107,"the basic unit of electric current adopted under the Systeme International d'Unites; ""a typical household circuit carries 15 to 50 amps""","infinitely or immeasurably small; ""two minute whiplike threads of protoplasm""; ""reduced to a microscopic scale"""
the position,6259627,,the act of putting something in a certain place
know it,6257573,"the fact of being aware of information that is known to few people; ""he is always in the know""",the branch of engineering that deals with the use of computers and telecommunications to retrieve and store and transmit information
see a,6256774,the seat within a bishop's diocese where his cathedral is located,"the basic unit of electric current adopted under the Systeme International d'Unites; ""a typical household circuit carries 15 to 50 amps"""
person who,6251775,"a human body (usually including the clothing); ""a weapon was hidden on his person""",a United Nations agency to coordinate international health activities and to help governments improve health services
the Bible,6250154,,a book regarded as authoritative in its field
children and,6248131,,
no idea,6246904,a radioactive transuranic element synthesized by bombarding curium with carbon ions; 7 isotopes are known,"an approximate calculation of quantity or degree or worth; ""an estimate of what it would cost""; ""a rough idea how long it would take"""
no way,6246650,a radioactive transuranic element synthesized by bombarding curium with carbon ions; 7 isotopes are known,"a portion of something divided into shares; ""they split the loot three ways"""
the film,6245035,,"a thin coating or layer; ""the table was covered with a film of dust"""
did he,6243629,,a very light colorless element that is one of the six inert gasses; the most difficult gas to liquefy; occurs in economically extractable amounts in certain natural gases (as those found in Texas and Kansas)
a member,6240100,"the basic unit of electric current adopted under the Systeme International d'Unites; ""a typical household circuit carries 15 to 50 amps""","one of the persons who compose a social group (especially individuals who have joined and participate in a group organization); ""only members will be admitted""; ""a member of the faculty""; ""she was introduced to all the members of his family"""
content may,6239747,"satisfied or showing satisfaction with things as they are; ""a contented smile""",thorny Eurasian shrub of small tree having dense clusters of white to scarlet flowers followed by deep red berries; established as an escape in eastern North America
same as,6237454,"equal in amount or value; ""like amounts""; ""equivalent amounts""; ""the same amount""; ""gave one six blows and the other a like number""; ""the same number""",a very poisonous metallic element that has three allotropic forms; arsenic and arsenic compounds are used as herbicides and insecticides and various alloys; found in arsenopyrite and orpiment and realgar
consistent with,6236841,"the same throughout in structure or composition; ""bituminous coal is often treated as a consistent and homogeneous product""",
of public,6235833,,"not private; open to or concerning the people as a whole; ""the public good""; ""public libraries""; ""public funds""; ""public parks""; ""a public scandal""; ""public gardens""; ""performers and members of royal families are public figures"""
performance of,6231511,"process or manner of functioning or operating; ""the power of its engine determines its operation""; ""the plane's operation in high winds""; ""they compared the cooking performance of each oven""; ""the jet's performance conformed to high standards""",
come on,6230991,the thick white fluid containing spermatozoa that is ejaculated by the male genital tract,"in operation or operational; ""left the oven on""; ""the switch is in the on position"""
what did,6224945,,
was born,6224392,,"brought into existence; ""he was a child born of adultery"""
I get,6222530,"used of a single unit or thing; not two or more; ""`ane' is Scottish""",a return on a shot that seemed impossible to reach and would normally have resulted in a point for the opponent
her mind,6221902,,"an important intellectual; ""the great minds of the 17th century"""
this would,6221368,,
assessment of,6218909,"an amount determined as payable; ""the assessment for repairs outraged the club's membership""",
which she,6214672,,
how he,6212380,,a very light colorless element that is one of the six inert gasses; the most difficult gas to liquefy; occurs in economically extractable amounts in certain natural gases (as those found in Texas and Kansas)
city of,6212216,"people living in a large densely populated municipality; ""the city voted for Republicans in 1994""",
look like,6209495,"the general atmosphere of a place or situation and the effect that it has on people; ""the feel of the city excited him""; ""a clergyman improved the tone of the meeting""; ""it had the smell of treason""","resembling or similar; having the same or some of the same characteristics; often used in combination; ""suits of like design""; ""a limited circle of like minds""; ""members of the cat family have like dispositions""; ""as like as two peas in a pod""; ""doglike devotion""; ""a dreamlike quality"""
to continue,6207937,,"exist over a prolonged period of time; ""The bad weather continued for two more weeks"""
any more,6206693,"to any degree or extent; ""it isn't any better""","English statesman who opposed Henry VIII's divorce from Catherine of Aragon and was imprisoned and beheaded; recalled for his concept of Utopia, the ideal state"
present in,6202610,"being or existing in a specified place; ""the murderer is present in this room""; ""present at the wedding""; ""present at the creation""","currently fashionable; ""the in thing to do""; ""large shoulder pads are in"""
we see,6201563,,the seat within a bishop's diocese where his cathedral is located
but with,6198772,"and nothing more; ""I was merely asking""; ""it is simply a matter of time""; ""just a scratch""; ""he was only a child""; ""hopes that last but a moment""",
this will,6198554,,"the capability of conscious choice and decision and intention; ""the exercise of their volition we construe as revolt""- George Meredith"
a clear,6198093,"the basic unit of electric current adopted under the Systeme International d'Unites; ""a typical household circuit carries 15 to 50 amps""","freed from any question of guilt; ""is absolved from all blame""; ""was now clear of the charge of cowardice""; ""his official honor is vindicated"""
and down,6197880,,"shut; ""the shades were down"""
or eChapter,6194993,"a room in a hospital equipped for the performance of surgical operations; ""great care is taken to keep the operating rooms aseptic""",
apart from,6193535,"not taken into account or excluded from consideration; ""these problems apart, the country is doing well""; ""all joking aside, I think you're crazy""",
attempts to,6190818,,
the open,6188981,,"openly straightforward and direct without reserve or secretiveness; ""his candid eyes""; ""an open and trusting nature""; ""a heart-to-heart talk"""
you that,6188518,,
assume that,6187557,"take up someone's soul into heaven; ""This is the day when Mary was assumed into heaven""",
was always,6186950,,"at all times; all the time and on every occasion; ""I will always be there to help you""; ""always arrives on time""; ""there is always some pollution in the air""; ""ever hoping to strike it rich""; ""ever busy"""
idea that,6181517,"an approximate calculation of quantity or degree or worth; ""an estimate of what it would cost""; ""a rough idea how long it would take""",
they all,6180978,,"completely given to or absorbed by; ""became all attention"""
of three,6180657,,being one more than two
all I,6176348,"completely given to or absorbed by; ""became all attention""","used of a single unit or thing; not two or more; ""`ane' is Scottish"""
the white,6174732,,"(of a surface) not written or printed on; ""blank pages""; ""fill in the blank spaces""; ""a clean page""; ""wide white margins"""
in to,6172968,"currently fashionable; ""the in thing to do""; ""large shoulder pads are in""",
water and,6169661,binary compound that occurs at room temperature as a clear colorless odorless tasteless liquid; freezes into ice below 0 degrees centigrade and boils above 100 degrees centigrade; widely used as a solvent,
death of,6169494,"the permanent end of all life functions in an organism or part of an organism; ""the animal died a painful death""",
as many,6168804,a very poisonous metallic element that has three allotropic forms; arsenic and arsenic compounds are used as herbicides and insecticides and various alloys; found in arsenopyrite and orpiment and realgar,"a quantifier that can be used with count nouns and is often preceded by `as' or `too' or `so' or `that'; amounting to a large but indefinite number; ""many temptations""; ""the temptations are many""; ""a good many""; ""a great many""; ""many directions""; ""take as many apples as you like""; ""too many clouds to see""; ""never saw so many people"""
she turned,6167767,,"in an unpalatable state; ""sour milk"""
she took,6165761,,
a key,6162760,"the basic unit of electric current adopted under the Systeme International d'Unites; ""a typical household circuit carries 15 to 50 amps""","serving as an essential component; ""a cardinal rule""; ""the central cause of the problem""; ""an example that was fundamental to the argument""; ""computers are fundamental to modern industrial structure"""
or any,6161088,"a room in a hospital equipped for the performance of surgical operations; ""great care is taken to keep the operating rooms aseptic""","to any degree or extent; ""it isn't any better"""
all his,6157884,"completely given to or absorbed by; ""became all attention""",
let him,6153068,a serve that strikes the net before falling into the receiver's court; the ball must be served again,
very well,6152600,"used as intensifiers; `real' is sometimes used informally for `really'; `rattling' is informal; ""she was very gifted""; ""he played very well""; ""a really enjoyable evening""; ""I'm real sorry about it""; ""a rattling good yarn""","in good health especially after having suffered illness or injury; ""appears to be entirely well""; ""the wound is nearly well""; ""a well man""; ""I think I'm well; at least I feel well"""
the mind,6149421,,"an important intellectual; ""the great minds of the 17th century"""
sight of,6146501,"(often followed by `of') a large number or amount or extent; ""a batch of letters""; ""a deal of trouble""; ""a lot of money""; ""he made a mint on the stock market""; ""see the rest of the winners in our huge passel of photos""; ""it must have cost plenty""; ""a slew of journalists""; ""a wad of money""",
the authors,6146458,,
the living,6146209,,"true to life; lifelike; ""the living image of her mother"""
few minutes,6145513,"a quantifier that can be used with count nouns and is often preceded by `a'; a small but indefinite number; ""a few weeks ago""; ""a few more wagons than usual""; ""an invalid's pleasures are few and far between""; ""few roses were still blooming""; ""few women have led troops in battle""",a written account of what transpired at a meeting
ways to,6144078,structure consisting of a sloping way down to the water from the place where ships are built or repaired,
provided by,6143850,,"in reserve; not for immediate use; ""started setting aside money to buy a car""; ""put something by for her old age""; ""has a nest egg tucked away for a rainy day"""
to act,6142457,,something that people do or cause to happen
he gave,6139109,a very light colorless element that is one of the six inert gasses; the most difficult gas to liquefy; occurs in economically extractable amounts in certain natural gases (as those found in Texas and Kansas),
especially in,6134721,"in a special manner; ""a specially arranged dinner""","currently fashionable; ""the in thing to do""; ""large shoulder pads are in"""
be very,6133335,a light strong brittle grey toxic bivalent metallic element,"used as intensifiers; `real' is sometimes used informally for `really'; `rattling' is informal; ""she was very gifted""; ""he played very well""; ""a really enjoyable evening""; ""I'm real sorry about it""; ""a rattling good yarn"""
out with,6132733,"outer or outlying; ""the out islands""",
was like,6132250,,"resembling or similar; having the same or some of the same characteristics; often used in combination; ""suits of like design""; ""a limited circle of like minds""; ""members of the cat family have like dispositions""; ""as like as two peas in a pod""; ""doglike devotion""; ""a dreamlike quality"""
her hair,6129214,,"filamentous hairlike growth on a plant; ""peach fuzz"""
fear of,6126551,an emotion experienced in anticipation of some specific pain or danger (usually accompanied by a desire to flee or fight),
the object,6124993,,"a tangible and visible entity; an entity that can cast a shadow; ""it was full of rackets, balls and other objects"""
the reader,6124536,,a public lecturer at certain universities
people and,6122316,"(plural) any group of human beings (men or women or children) collectively; ""old people""; ""there were at least 200 people in the audience""",
it into,6118215,the branch of engineering that deals with the use of computers and telecommunications to retrieve and store and transmit information,
only be,6115326,"exclusive of anyone or anything else; ""she alone believed him""; ""cannot live by bread alone""; ""I'll have this car and this car only""",a light strong brittle grey toxic bivalent metallic element
under a,6110906,"located below or beneath something else; ""nether garments""; ""the under parts of a machine""","the basic unit of electric current adopted under the Systeme International d'Unites; ""a typical household circuit carries 15 to 50 amps"""
the eBook,6107062,,
was being,6106462,,"the state or fact of existing; ""a point of view gradually coming into being""; ""laws in existence for centuries""; ""he appeared on the face of the earth one day"""
the environment,6100251,,"the totality of surrounding conditions; ""he longed for the comfortable environment of his living room"""
even a,6099687,"occurring at fixed intervals; ""a regular beat""; ""the even rhythm of his breathing""","the basic unit of electric current adopted under the Systeme International d'Unites; ""a typical household circuit carries 15 to 50 amps"""
so as,6097231,the syllable naming the fifth (dominant) note of any musical scale in solmization,a very poisonous metallic element that has three allotropic forms; arsenic and arsenic compounds are used as herbicides and insecticides and various alloys; found in arsenopyrite and orpiment and realgar
how could,6097034,,
are very,6095788,a unit of surface area equal to 100 square meters,"used as intensifiers; `real' is sometimes used informally for `really'; `rattling' is informal; ""she was very gifted""; ""he played very well""; ""a really enjoyable evening""; ""I'm real sorry about it""; ""a rattling good yarn"""
his lips,6092192,,
ways of,6086520,structure consisting of a sloping way down to the water from the place where ships are built or repaired,
greater than,6083398,"greater in size or importance or degree; ""for the greater good of the community""; ""the greater Antilles""",
the black,6083213,,"(of events) having extremely unfortunate or dire consequences; bringing ruin; ""the stock market crashed on Black Friday""; ""a calamitous defeat""; ""the battle was a disastrous end to a disastrous campaign""; ""such doctrines, if true, would be absolutely fatal to my theory""- Charles Darwin; ""it is fatal to enter any war without the will to win it""- Douglas MacArthur; ""a fateful error"""
a family,6082580,"the basic unit of electric current adopted under the Systeme International d'Unites; ""a typical household circuit carries 15 to 50 amps""","a person having kinship with another or others; ""he's kin""; ""he's family"""
the evening,6080541,,"the latter part of the day (the period of decreasing daylight from late afternoon until nightfall); ""he enjoyed the evening light across the lake"""
time he,6080496,"an indefinite period (usually marked by specific attributes or activities); ""the time of year for planting""; ""he was a great actor in his time""",a very light colorless element that is one of the six inert gasses; the most difficult gas to liquefy; occurs in economically extractable amounts in certain natural gases (as those found in Texas and Kansas)
how long,6080346,,"primarily spatial sense; of relatively great or greater than average spatial extension or extension as specified; ""a long road""; ""a long distance""; ""contained many long words""; ""ten miles long"""
into an,6078065,,an associate degree in nursing
the many,6076710,,"a quantifier that can be used with count nouns and is often preceded by `as' or `too' or `so' or `that'; amounting to a large but indefinite number; ""many temptations""; ""the temptations are many""; ""a good many""; ""a great many""; ""many directions""; ""take as many apples as you like""; ""too many clouds to see""; ""never saw so many people"""
their lives,6074072,,
except for,6073519,"prevent from being included or considered or accepted; ""The bad results were excluded from the report""; ""Leave off the top piece""",
but rather,6067389,"and nothing more; ""I was merely asking""; ""it is simply a matter of time""; ""just a scratch""; ""he was only a child""; ""hopes that last but a moment""","more readily or willingly; ""clean it well, preferably with warm water""; ""I'd rather be in Philadelphia""; ""I'd sooner die than give up"""
development and,6064816,"processing a photosensitive material in order to make an image visible; ""the development and printing of his pictures took only two hours""",
the program,6064446,,"a performance (or series of performances) at a public presentation; ""the program lasted more than two hours"""
eBook and,6058943,,
see it,6054659,the seat within a bishop's diocese where his cathedral is located,the branch of engineering that deals with the use of computers and telecommunications to retrieve and store and transmit information
the village,6047940,,a community of people smaller than a town
evaluation of,6047371,"an appraisal of the value of something; ""he set a high valuation on friendship""",
where a,6045282,,"the basic unit of electric current adopted under the Systeme International d'Unites; ""a typical household circuit carries 15 to 50 amps"""
issue of,6044724,"the immediate descendants of a person; ""she was the mother of many offspring""; ""he died without issue""",
like an,6044660,"resembling or similar; having the same or some of the same characteristics; often used in combination; ""suits of like design""; ""a limited circle of like minds""; ""members of the cat family have like dispositions""; ""as like as two peas in a pod""; ""doglike devotion""; ""a dreamlike quality""",an associate degree in nursing
the language,6042969,,"the mental faculty or power of vocal communication; ""language sets homo sapiens apart from all other animals"""
on what,6042027,"in operation or operational; ""left the oven on""; ""the switch is in the on position""",
it be,6040612,the branch of engineering that deals with the use of computers and telecommunications to retrieve and store and transmit information,a light strong brittle grey toxic bivalent metallic element
her with,6040522,,
a higher,6034064,"the basic unit of electric current adopted under the Systeme International d'Unites; ""a typical household circuit carries 15 to 50 amps""",
noted that,6029326,"widely known and esteemed; ""a famous actor""; ""a celebrated musician""; ""a famed scientist""; ""an illustrious judge""; ""a notable historian""; ""a renowned painter""",
and began,6029270,,
I might,6028421,"used of a single unit or thing; not two or more; ""`ane' is Scottish""",physical strength
am not,6027520,a radioactive transuranic metallic element; discovered by bombarding uranium with helium atoms,"negation of a word or group of words; ""he does not speak French""; ""she is not going""; ""they are not friends""; ""not many""; ""not much""; ""not at all"""
is for,6027223,,
the design,6022543,,"a decorative or artistic work; ""the coach had a design on the doors"""
interpretation of,6020536,"the act of interpreting something as expressed in an artistic performance; ""her rendition of Milton's verse was extraordinarily moving""",
and take,6019096,,"the income or profit arising from such transactions as the sale of land or other property; ""the average return was about 5%"""
power and,6018605,"one possessing or exercising power or influence or authority; ""the mysterious presence of an evil power""; ""may the force be with you""; ""the forces of evil""",
my hand,6015738,,"a member of the crew of a ship; ""all hands on deck"""
a system,6009698,"the basic unit of electric current adopted under the Systeme International d'Unites; ""a typical household circuit carries 15 to 50 amps""","(physical chemistry) a sample of matter in which substances in different phases are in equilibrium; ""in a static system oil cannot be replaced by water on a surface""; ""a system generating hydrogen peroxide"""
in another,6007885,"currently fashionable; ""the in thing to do""; ""large shoulder pads are in""",
his name,6007679,,"a well-known or notable person; ""they studied all the great names in the history of France""; ""she is an important figure in modern music"""
many years,6006321,"a quantifier that can be used with count nouns and is often preceded by `as' or `too' or `so' or `that'; amounting to a large but indefinite number; ""many temptations""; ""the temptations are many""; ""a good many""; ""a great many""; ""many directions""; ""take as many apples as you like""; ""too many clouds to see""; ""never saw so many people""","the time during which someone's life continues; ""the monarch's last days""; ""in his final years"""
does the,6005124,,
entered the,6004820,,
here to,5999910,"the present location; this place; ""where do we go from here?""",
told you,5994832,,
years later,5994550,"the time during which someone's life continues; ""the monarch's last days""; ""in his final years""","at some eventual time in the future; ""By and by he'll understand""; ""I'll see you later"""
and our,5988207,,
known to,5979718,"apprehended with certainty; ""a known quantity""; ""the limits of the known world""; ""a musician known throughout the world""; ""a known criminal""",
up from,5979463,"open; ""the windows are up""",
of knowledge,5979296,,the psychological result of perception and learning and reasoning
their way,5978628,,"a portion of something divided into shares; ""they split the loot three ways"""
never been,5974709,"not ever; at no time in the past or future; ""I have never been to China""; ""I shall never forget this day""; ""had never seen a circus""; ""never on Sunday""; ""I will never marry you!""",
and out,5972029,,"outer or outlying; ""the out islands"""
as being,5969140,a very poisonous metallic element that has three allotropic forms; arsenic and arsenic compounds are used as herbicides and insecticides and various alloys; found in arsenopyrite and orpiment and realgar,"the state or fact of existing; ""a point of view gradually coming into being""; ""laws in existence for centuries""; ""he appeared on the face of the earth one day"""
five years,5963588,being one more than four,"the time during which someone's life continues; ""the monarch's last days""; ""in his final years"""
impossible to,5961441,"not capable of occurring or being accomplished or dealt with; ""an impossible dream""; ""an impossible situation""",
is all,5959323,,"completely given to or absorbed by; ""became all attention"""
man in,5954831,"an adult person who is male (as opposed to a woman); ""there were two women and six men on the bus""","currently fashionable; ""the in thing to do""; ""large shoulder pads are in"""
is known,5954723,,"apprehended with certainty; ""a known quantity""; ""the limits of the known world""; ""a musician known throughout the world""; ""a known criminal"""
her arms,5954427,,"the official symbols of a family, state, etc."
that night,5953413,,"darkness; ""it vanished into the night"""
not it,5952983,"negation of a word or group of words; ""he does not speak French""; ""she is not going""; ""they are not friends""; ""not many""; ""not much""; ""not at all""",the branch of engineering that deals with the use of computers and telecommunications to retrieve and store and transmit information
this can,5952563,,the quantity contained in a can
hundreds of,5951035,,
appeared to,5947762,,
the base,5947524,,"debased; not genuine; ""an attempt to eliminate the base coinage"""
what about,5945699,,"in rotation or succession; ""turn about is fair play"""
the stairs,5943683,,a flight of stairs or a flight of steps
a look,5938576,"the basic unit of electric current adopted under the Systeme International d'Unites; ""a typical household circuit carries 15 to 50 amps""","the general atmosphere of a place or situation and the effect that it has on people; ""the feel of the city excited him""; ""a clergyman improved the tone of the meeting""; ""it had the smell of treason"""
he must,5937987,a very light colorless element that is one of the six inert gasses; the most difficult gas to liquefy; occurs in economically extractable amounts in certain natural gases (as those found in Texas and Kansas),the quality of smelling or tasting old or stale or mouldy
this study,5935661,,"someone who memorizes quickly and easily (as the lines for a part in a play); ""he is a quick study"""
you go,5932185,,"functioning correctly and ready for action; ""all systems are go"""
not care,5931888,"negation of a word or group of words; ""he does not speak French""; ""she is not going""; ""they are not friends""; ""not many""; ""not much""; ""not at all""","activity involved in maintaining something in good working order; ""he wrote the manual on car care"""
forced to,5931497,"made necessary by an unexpected situation or emergency; ""a forced landing""",
outside of,5928806,"functioning outside the boundaries or precincts of an organized unit; ""extramural hospital care and treatment""; ""extramural studies""",
construction of,5928280,"the commercial activity involved in repairing old structures or constructing new ones; ""their main business is home construction""; ""workers in the building trades""",
might not,5925414,physical strength,"negation of a word or group of words; ""he does not speak French""; ""she is not going""; ""they are not friends""; ""not many""; ""not much""; ""not at all"""
determined by,5924877,strongly motivated to succeed,"in reserve; not for immediate use; ""started setting aside money to buy a car""; ""put something by for her old age""; ""has a nest egg tucked away for a rainy day"""
after that,5924181,"behind or in the rear; ""and Jill came tumbling after""",
a point,5922899,"the basic unit of electric current adopted under the Systeme International d'Unites; ""a typical household circuit carries 15 to 50 amps""",one percent of the total principal of a loan; it is paid at the time the loan is made and is independent of the interest on the loan
to serve,5920128,,"(sports) a stroke that puts the ball in play; ""his powerful serves won the game"""
tell him,5909534,a Swiss patriot who lived in the early 14th century and who was renowned for his skill as an archer; according to legend an Austrian governor compelled him to shoot an apple from his son's head with his crossbow (which he did successfully without mishap),
the heat,5907299,,a form of energy that is transferred by a difference in temperature
increase the,5907116,"a process of becoming larger or longer or more numerous or more important; ""the increase in unemployment""; ""the growth of population""",
is likely,5903848,,"has a good chance of being the case or of coming about; ""these services are likely to be available to us all before long""; ""she is likely to forget""; ""a likely place for a restaurant""; ""the broken limb is likely to fall""; ""rain is likely""; ""a likely topic for investigation""; ""likely candidates for the job"""
resulted in,5900565,,"currently fashionable; ""the in thing to do""; ""large shoulder pads are in"""
made in,5893322,"(of a bed) having the sheets and blankets set in order; ""a neatly made bed""","currently fashionable; ""the in thing to do""; ""large shoulder pads are in"""
there will,5890829,"a location other than here; that place; ""you can take it from there""","the capability of conscious choice and decision and intention; ""the exercise of their volition we construe as revolt""- George Meredith"
defined as,5887956,"clearly characterized or delimited; ""lost in a maze of words both defined and undefined""; ""each child has clearly defined duties""",a very poisonous metallic element that has three allotropic forms; arsenic and arsenic compounds are used as herbicides and insecticides and various alloys; found in arsenopyrite and orpiment and realgar
the treatment,5884091,,"the management of someone or something; ""the handling of prisoners""; ""the treatment of water sewage""; ""the right to equal treatment in the criminal justice system"""
shall not,5883189,,"negation of a word or group of words; ""he does not speak French""; ""she is not going""; ""they are not friends""; ""not many""; ""not much""; ""not at all"""
her as,5873565,,a very poisonous metallic element that has three allotropic forms; arsenic and arsenic compounds are used as herbicides and insecticides and various alloys; found in arsenopyrite and orpiment and realgar
for two,5872044,,"being one more than one; ""he received two messages"""
but no,5871639,"and nothing more; ""I was merely asking""; ""it is simply a matter of time""; ""just a scratch""; ""he was only a child""; ""hopes that last but a moment""",a radioactive transuranic element synthesized by bombarding curium with carbon ions; 7 isotopes are known
by any,5870697,"in reserve; not for immediate use; ""started setting aside money to buy a car""; ""put something by for her old age""; ""has a nest egg tucked away for a rainy day""","to any degree or extent; ""it isn't any better"""
heart of,5869550,"a plane figure with rounded sides curving inward at the top and intersecting at the bottom; conventionally used on playing cards and valentines; ""he drew a heart and called it a valentine""",
beginning to,5863810,"the time at which something is supposed to begin; ""they got an early start""; ""she knew from the get-go that he was the man for her""",
principles of,5863046,,
the team,5862679,,two or more draft animals that work together to pull something
or so,5858661,"a room in a hospital equipped for the performance of surgical operations; ""great care is taken to keep the operating rooms aseptic""",the syllable naming the fifth (dominant) note of any musical scale in solmization
office of,5858379,"a religious rite or service prescribed by ecclesiastical authorities; ""the offices of the mass""",
the worst,5857180,,"(superlative of `bad') most wanting in quality or value or condition; ""the worst player on the team""; ""the worst weather of the year"""
affect the,5856385,the conscious subjective aspect of feeling or emotion,
being the,5854774,"the state or fact of existing; ""a point of view gradually coming into being""; ""laws in existence for centuries""; ""he appeared on the face of the earth one day""",
that which,5853454,,
a book,5848429,"the basic unit of electric current adopted under the Systeme International d'Unites; ""a typical household circuit carries 15 to 50 amps""","a record in which commercial accounts are recorded; ""they got a subpoena to examine our books"""
the rate,5844980,,"amount of a charge or payment relative to some basis; ""a 10-minute phone call at that rate would cost $5"""
a letter,5843271,"the basic unit of electric current adopted under the Systeme International d'Unites; ""a typical household circuit carries 15 to 50 amps""",owner who lets another person use something (housing usually) for hire
the site,5842103,,"a computer connected to the internet that maintains a series of web pages on the World Wide Web; ""the Israeli web site was damaged by hostile hackers"""
the test,5841570,,"any standardized procedure for measuring sensitivity or memory or intelligence or aptitude or personality etc; ""the test was standardized on a large sample of students"""
at each,5841137,100 at equal 1 kip in Laos,"to or from every one of two or more (considered individually); ""they received $10 each"""
by one,5840765,"in reserve; not for immediate use; ""started setting aside money to buy a car""; ""put something by for her old age""; ""has a nest egg tucked away for a rainy day""","being a single entity made by combining separate components; ""three chemicals combining into one solution"""
not at,5840333,"negation of a word or group of words; ""he does not speak French""; ""she is not going""; ""they are not friends""; ""not many""; ""not much""; ""not at all""",100 at equal 1 kip in Laos
meet the,5832541,"being precisely fitting and right; ""it is only meet that she should be seated first""",
but at,5831804,"and nothing more; ""I was merely asking""; ""it is simply a matter of time""; ""just a scratch""; ""he was only a child""; ""hopes that last but a moment""",100 at equal 1 kip in Laos
Institute of,5830682,an association organized to promote art or science or education,
state and,5828993,"a state of depression or agitation; ""he was in such a state you just couldn't reason with him""",
in England,5827807,"currently fashionable; ""the in thing to do""; ""large shoulder pads are in""",a division of the United Kingdom
made of,5824609,"(of a bed) having the sheets and blankets set in order; ""a neatly made bed""",
from all,5820931,,"completely given to or absorbed by; ""became all attention"""
what if,5820598,,
at night,5820326,100 at equal 1 kip in Laos,"darkness; ""it vanished into the night"""
are going,5820228,a unit of surface area equal to 100 square meters,the act of departing
food and,5817921,any substance that can be metabolized by an animal to give energy and build tissue,
the remaining,5817325,,"not used up; ""leftover meatloaf""; ""she had a little money left over so she went to a movie""; ""some odd dollars left""; ""saved the remaining sandwiches for supper""; ""unexpended provisions"""
to sleep,5812861,,"euphemisms for death (based on an analogy between lying in a bed and in a tomb); ""she was laid to rest beside her husband""; ""they had to put their family pet to sleep"""
gave him,5812562,,
can get,5812521,the quantity contained in a can,a return on a shot that seemed impossible to reach and would normally have resulted in a point for the opponent
pointed out,5811943,having a point,"outer or outlying; ""the out islands"""
I really,5811629,"used of a single unit or thing; not two or more; ""`ane' is Scottish""","in actual fact; ""to be nominally but not actually independent""; ""no one actually saw the shark""; ""large meteorites actually come from the asteroid belt"""
and over,5810015,,(cricket) the division of play during which six balls are bowled at the batsman by one player from the other team from the same end of the pitch
the Internet,5808908,,a computer network consisting of a worldwide network of computer networks that use the TCP/IP network protocols to facilitate data transmission and exchange
come in,5808560,the thick white fluid containing spermatozoa that is ejaculated by the male genital tract,"currently fashionable; ""the in thing to do""; ""large shoulder pads are in"""
are now,5803874,a unit of surface area equal to 100 square meters,"the momentary present; ""Now is a good time to do it""; ""it worked up to right now"""
than to,5803641,,
the north,5802488,,"situated in or facing or moving toward or coming from the north; ""artists like north light""; ""the north portico"""
the baby,5801760,,"a very young mammal; ""baby rabbits"""
want you,5801033,"the state of needing something that is absent or unavailable; ""there is a serious lack of insight into the problem""; ""water is the critical deficiency in desert regions""; ""for want of a nail the shoe was lost""",
of New,5798835,,"having no previous example or precedent or parallel; ""a time of unexampled prosperity"""
thought it,5798217,"the process of using your mind to consider something carefully; ""thinking always made him frown""; ""she paused for thought""",the branch of engineering that deals with the use of computers and telecommunications to retrieve and store and transmit information
sign of,5795451,"having an indicated pole (as the distinction between positive and negative electric charges); ""he got the polarity of the battery reversed""; ""charges of opposite sign""",
the creation,5793219,,(theology) God's act of bringing the universe into existence
bottom of,5792097,"the lowest rank; ""bottom member of the class""",
that any,5790341,,"to any degree or extent; ""it isn't any better"""
a piece,5789896,"the basic unit of electric current adopted under the Systeme International d'Unites; ""a typical household circuit carries 15 to 50 amps""","a share of something; ""a slice of the company's revenue"""
I wish,5787297,"used of a single unit or thing; not two or more; ""`ane' is Scottish""","the particular preference that you have; ""it was his last wish""; ""they should respect the wishes of the people"""
working with,5785599,"adequate for practical use; especially sufficient in strength or numbers to accomplish something; ""the party has a working majority in the House""; ""a working knowledge of Spanish""",
his family,5784234,,"a person having kinship with another or others; ""he's kin""; ""he's family"""
attached to,5782850,"fond and affectionate; ""she was very attached to her father""",
spite of,5776985,malevolence by virtue of being malicious or spiteful or nasty,
the energy,5775985,,"any source of usable power; ""the DOE is responsible for maintaining the energy policy"""
efforts to,5774853,,
science and,5773884,"ability to produce solutions in some problem domain; ""the skill of a well-trained boxer""; ""the sweet science of pugilism""",
the path,5773685,,a way especially designed for a particular use
like I,5773519,"resembling or similar; having the same or some of the same characteristics; often used in combination; ""suits of like design""; ""a limited circle of like minds""; ""members of the cat family have like dispositions""; ""as like as two peas in a pod""; ""doglike devotion""; ""a dreamlike quality""","used of a single unit or thing; not two or more; ""`ane' is Scottish"""
to walk,5772930,,"(baseball) an advance to first base by a batter who receives four balls; ""he worked the pitcher for a base on balls"""
that such,5772756,,"to so extreme a degree; ""he is such a baby""; ""Such rich people!"""
to answer,5772533,,"a nonverbal reaction; ""his answer to any problem was to get drunk""; ""their answer was to sue me"""
do I,5768362,doctor's degree in osteopathy,"used of a single unit or thing; not two or more; ""`ane' is Scottish"""
the EU,5766260,,a bivalent and trivalent metallic element of the rare earth group
in spite,5763821,"currently fashionable; ""the in thing to do""; ""large shoulder pads are in""",malevolence by virtue of being malicious or spiteful or nasty
available at,5763781,"not busy; not otherwise committed; ""he was not available for comment""; ""he was available and willing to accompany her""",100 at equal 1 kip in Laos
relating to,5762803,,
to stand,5754014,,"a stop made by a touring musical or theatrical group to give a performance; ""a one-night stand"""
of money,5753689,,"wealth reckoned in terms of money; ""all his money is in real estate"""
am I,5741720,a radioactive transuranic metallic element; discovered by bombarding uranium with helium atoms,"used of a single unit or thing; not two or more; ""`ane' is Scottish"""
I like,5737678,"used of a single unit or thing; not two or more; ""`ane' is Scottish""","resembling or similar; having the same or some of the same characteristics; often used in combination; ""suits of like design""; ""a limited circle of like minds""; ""members of the cat family have like dispositions""; ""as like as two peas in a pod""; ""doglike devotion""; ""a dreamlike quality"""
to pass,5736757,,"(sports) the act of throwing the ball to another member of your team; ""the pass was fumbled"""
to open,5736348,,"openly straightforward and direct without reserve or secretiveness; ""his candid eyes""; ""an open and trusting nature""; ""a heart-to-heart talk"""
a much,5730606,"the basic unit of electric current adopted under the Systeme International d'Unites; ""a typical household circuit carries 15 to 50 amps""","a great amount or extent; ""they did much for humanity"""
women in,5729798,,"currently fashionable; ""the in thing to do""; ""large shoulder pads are in"""
they might,5729527,,physical strength
give the,5726822,the elasticity of something that can be stretched and returns to its original length,
basis for,5726635,"a relation that provides the foundation for something; ""they were on a friendly footing""; ""he worked on an interim basis""",
room and,5723784,"space for movement; ""room to pass""; ""make way for""; ""hardly enough elbow room to turn around""",
features of,5722911,,
the traditional,5722446,,"pertaining to time-honored orthodox doctrines; ""the simple security of traditional assumptions has vanished"""
states and,5720341,,
put on,5719195,the option to sell a given stock (or stock index or commodity future) at a given price before a given date,"in operation or operational; ""left the oven on""; ""the switch is in the on position"""
engaged in,5716341,"(used of toothed parts or gears) interlocked and interacting; ""the gears are engaged""; ""meshed gears""; ""intermeshed twin rotors""","currently fashionable; ""the in thing to do""; ""large shoulder pads are in"""
added to,5714350,,
the paper,5712866,,a material made of cellulose pulp derived mainly from wood or rags or certain grasses
can have,5712786,the quantity contained in a can,a person who possesses great material wealth
at it,5711017,100 at equal 1 kip in Laos,the branch of engineering that deals with the use of computers and telecommunications to retrieve and store and transmit information
a hundred,5710549,"the basic unit of electric current adopted under the Systeme International d'Unites; ""a typical household circuit carries 15 to 50 amps""",being ten more than ninety
are two,5710444,a unit of surface area equal to 100 square meters,"being one more than one; ""he received two messages"""
to offer,5709248,,"something offered (as a proposal or bid); ""noteworthy new offerings for investors included several index funds"""
to include,5708568,,"add as part of something else; put in as part of a set, group, or category; ""We must include this chemical element in the group"""
than I,5702937,,"used of a single unit or thing; not two or more; ""`ane' is Scottish"""
was used,5699276,,"previously used or owned by another; ""bought a secondhand (or used) car"""
to sit,5696766,,"serve in a specific professional capacity; ""the priest sat for confession""; ""she sat on the jury"""
the Commission,5692373,,the act of granting authority to undertake certain functions
same way,5692342,"equal in amount or value; ""like amounts""; ""equivalent amounts""; ""the same amount""; ""gave one six blows and the other a like number""; ""the same number""","a portion of something divided into shares; ""they split the loot three ways"""
sent to,5690823,caused or enabled to go or be conveyed or transmitted,
making the,5689202,"(usually plural) the components needed for making or doing something; ""the recipe listed all the makings for a chocolate cake""",
to remove,5688406,,"degree of figurative distance or separation; ""just one remove from madness""; ""it imitates at many removes a Shakespearean tragedy"""
two or,5687393,"being one more than one; ""he received two messages""","a room in a hospital equipped for the performance of surgical operations; ""great care is taken to keep the operating rooms aseptic"""
felt like,5686503,a fabric made of compressed matted animal fibers,"resembling or similar; having the same or some of the same characteristics; often used in combination; ""suits of like design""; ""a limited circle of like minds""; ""members of the cat family have like dispositions""; ""as like as two peas in a pod""; ""doglike devotion""; ""a dreamlike quality"""
at which,5685901,100 at equal 1 kip in Laos,
women and,5685757,,
on me,5685742,"in operation or operational; ""left the oven on""; ""the switch is in the on position""",a state in New England
once more,5683049,"on one occasion; ""once I ran into her""","English statesman who opposed Henry VIII's divorce from Catherine of Aragon and was imprisoned and beheaded; recalled for his concept of Utopia, the ideal state"
to fight,5682929,,"the act of fighting; any contest or struggle; ""a fight broke out at the hockey game""; ""there was fighting in the streets""; ""the unhappy couple got into a terrible scrap"""
on and,5681553,"in operation or operational; ""left the oven on""; ""the switch is in the on position""",
the walls,5680967,,
thought to,5680744,"the process of using your mind to consider something carefully; ""thinking always made him frown""; ""she paused for thought""",
the evidence,5680284,,"your basis for belief or disbelief; knowledge on which to base belief; ""the evidence that smoking causes lung cancer is very compelling"""
can help,5675300,the quantity contained in a can,"the activity of contributing to the fulfillment of a need or furtherance of an effort or purpose; ""he gave me an assist with the housework""; ""could not walk without assistance""; ""rescue party went to their aid""; ""offered his help in unloading"""
principle of,5672689,"(law) an explanation of the fundamental reasons (especially an explanation of the working of some device in terms of laws of nature); ""the rationale for capital punishment""; ""the principles of internal-combustion engines""",
until he,5663653,,a very light colorless element that is one of the six inert gasses; the most difficult gas to liquefy; occurs in economically extractable amounts in certain natural gases (as those found in Texas and Kansas)
education and,5656559,"the result of good upbringing (especially knowledge of correct social behavior); ""a woman of breeding and refinement""",
about their,5654531,"in rotation or succession; ""turn about is fair play""",
the true,5651103,,"in tune; accurate in pitch; ""a true note"""
set the,5649865,converted to solid form (as concrete),
there would,5649204,"a location other than here; that place; ""you can take it from there""",
a positive,5647059,"the basic unit of electric current adopted under the Systeme International d'Unites; ""a typical household circuit carries 15 to 50 amps""","formally laid down or imposed; ""positive laws"""
you feel,5645955,,"the general atmosphere of a place or situation and the effect that it has on people; ""the feel of the city excited him""; ""a clergyman improved the tone of the meeting""; ""it had the smell of treason"""
to break,5645093,,"a pause from doing something (as work); ""we took a 10-minute break""; ""he took time out to recuperate"""
court of,5634931,Australian woman tennis player who won many major championships (born in 1947),
a function,5633508,"the basic unit of electric current adopted under the Systeme International d'Unites; ""a typical household circuit carries 15 to 50 amps""","a relation such that one thing is dependent on another; ""height is a function of age""; ""price is a function of supply and demand"""
came out,5630385,,"outer or outlying; ""the out islands"""
home and,5627737,"relating to or being where one lives or where one's roots are; ""my home town""",
is shown,5626036,,
me as,5625355,a state in New England,a very poisonous metallic element that has three allotropic forms; arsenic and arsenic compounds are used as herbicides and insecticides and various alloys; found in arsenopyrite and orpiment and realgar
can make,5625090,the quantity contained in a can,the act of mixing cards haphazardly
of data,5624368,,"a collection of facts from which conclusions may be drawn; ""statistical data"""
next day,5623645,"immediately following in time or order; ""the following day""; ""next in line""; ""the next president""; ""the next item on the list""",United States writer best known for his autobiographical works (1874-1935)
three years,5623048,being one more than two,"the time during which someone's life continues; ""the monarch's last days""; ""in his final years"""
someone who,5622581,"a human being; ""there was too much for one person to do""",a United Nations agency to coordinate international health activities and to help governments improve health services
the pain,5619228,,"a bothersome annoying person; ""that kid is a terrible pain"""
before they,5616750,"earlier in time; previously; ""I had known her before""; ""as I said before""; ""he called me the day before but your call had come even earlier""; ""her parents had died four years earlier""; ""I mentioned that problem earlier""",
someone else,5615846,"a human being; ""there was too much for one person to do""",
a change,5611737,"the basic unit of electric current adopted under the Systeme International d'Unites; ""a typical household circuit carries 15 to 50 amps""","the result of alteration or modification; ""there were marked changes in the lining of the lungs""; ""there had been no change in the mountains"""
as their,5608838,a very poisonous metallic element that has three allotropic forms; arsenic and arsenic compounds are used as herbicides and insecticides and various alloys; found in arsenopyrite and orpiment and realgar,
but only,5605796,"and nothing more; ""I was merely asking""; ""it is simply a matter of time""; ""just a scratch""; ""he was only a child""; ""hopes that last but a moment""","exclusive of anyone or anything else; ""she alone believed him""; ""cannot live by bread alone""; ""I'll have this car and this car only"""
the Soviet,5601034,,"of or relating to or characteristic of the former Soviet Union or its people; ""Soviet leaders"""
reason to,5600866,"the state of having good sense and sound judgment; ""his rationality may have been impaired""; ""he had to rely less on reason than on rousing their emotions""",
her that,5599125,,
thanks to,5598565,"with the help of or owing to; ""thanks to hard work it was a great success""",
section of,5596234,a land unit equal to 1 square mile,
system is,5595859,"(physical chemistry) a sample of matter in which substances in different phases are in equilibrium; ""in a static system oil cannot be replaced by water on a surface""; ""a system generating hydrogen peroxide""",
and turned,5594915,,"in an unpalatable state; ""sour milk"""
growth of,5591869,"(biology) the process of an individual organism growing organically; a purely biological unfolding of events involved in an organism changing gradually from a simple to a more complex level; ""he proposed an indicator of osseous development in children""",
take care,5590390,"the income or profit arising from such transactions as the sale of land or other property; ""the average return was about 5%""","activity involved in maintaining something in good working order; ""he wrote the manual on car care"""
the date,5589425,,"a participant in a date; ""his date never stopped talking"""
the self,5587044,,"(used as a combining form) relating to--of or by or to or from or for--the self; ""self-knowledge""; ""self-proclaimed""; ""self-induced"""
of others,5583840,,
his arm,5583777,,the part of an armchair or sofa that supports the elbow and forearm of a seated person
at their,5583213,100 at equal 1 kip in Laos,
can use,5580462,the quantity contained in a can,"(economics) the utilization of economic goods to satisfy needs or in manufacturing; ""the consumption of energy has increased steadily"""
always been,5580357,"at all times; all the time and on every occasion; ""I will always be there to help you""; ""always arrives on time""; ""there is always some pollution in the air""; ""ever hoping to strike it rich""; ""ever busy""",
evidence that,5578397,"your basis for belief or disbelief; knowledge on which to base belief; ""the evidence that smoking causes lung cancer is very compelling""",
characterized by,5577216,,"in reserve; not for immediate use; ""started setting aside money to buy a car""; ""put something by for her old age""; ""has a nest egg tucked away for a rainy day"""
her lips,5576245,,
of light,5573280,,"easily assimilated in the alimentary canal; not rich or heavily seasoned; ""a light diet"""
his back,5572329,,"a support that you can lean against while sitting; ""the back of the dental chair was adjustable"""
to check,5571868,,"the act of restraining power or action or limiting excess; ""his common sense is a bridle to his quick temper"""
felt the,5571773,a fabric made of compressed matted animal fibers,
moved to,5566484,,
the task,5563560,,"a specific piece of work required to be done as a duty or for a specific fee; ""estimates of the city's loss on that job ranged as high as a million dollars""; ""the job of repairing the engine took several hours""; ""the endless task of classifying the samples""; ""the farmer's morning chores"""
plenty of,5556905,"(often followed by `of') a large number or amount or extent; ""a batch of letters""; ""a deal of trouble""; ""a lot of money""; ""he made a mint on the stock market""; ""see the rest of the winners in our huge passel of photos""; ""it must have cost plenty""; ""a slew of journalists""; ""a wad of money""",
do we,5552870,doctor's degree in osteopathy,
be to,5552640,a light strong brittle grey toxic bivalent metallic element,
world 's,5551343,"all of the living human inhabitants of the earth; ""all the world loves a lover""; ""she always used `humankind' because `mankind' seemed to slight the women""",
lived in,5549963,,"currently fashionable; ""the in thing to do""; ""large shoulder pads are in"""
be given,5546472,a light strong brittle grey toxic bivalent metallic element,"acknowledged as a supposition; ""given the engine's condition, it is a wonder that it started"""
without any,5542601,,"to any degree or extent; ""it isn't any better"""
through her,5540072,"having finished or arrived at completion; ""certain to make history before he's done""; ""it's a done deed""; ""after the treatment, the patient is through except for follow-up""; ""almost through with his studies""",
look for,5538464,"the general atmosphere of a place or situation and the effect that it has on people; ""the feel of the city excited him""; ""a clergyman improved the tone of the meeting""; ""it had the smell of treason""",
Supreme Court,5536964,"greatest or maximal in degree; extreme; ""supreme folly""; ""the supreme confidence of youth""; ""the sublime absurdity of the creative process""; ""His face assumed an expression of sublime conceit""",Australian woman tennis player who won many major championships (born in 1947)
had left,5535575,,of or belonging to the political or intellectual left
God is,5534806,"a man of such superior qualities that he seems like a deity to other people; ""he was a god among men""",
shook her,5530011,a disassembled barrel; the parts packed for storage or shipment,
the lack,5525502,,"the state of needing something that is absent or unavailable; ""there is a serious lack of insight into the problem""; ""water is the critical deficiency in desert regions""; ""for want of a nail the shoe was lost"""
were still,5522862,,"free from noticeable current; ""a still pond""; ""still waters run deep"""
regarded as,5521747,,a very poisonous metallic element that has three allotropic forms; arsenic and arsenic compounds are used as herbicides and insecticides and various alloys; found in arsenopyrite and orpiment and realgar
the service,5521554,,"the act of public worship following prescribed rules; ""the Sunday service"""
in London,5520797,"currently fashionable; ""the in thing to do""; ""large shoulder pads are in""",United States writer of novels based on experiences in the Klondike gold rush (1876-1916)
all those,5520541,"completely given to or absorbed by; ""became all attention""",
the hall,5515622,,United States astronomer who discovered Phobos and Deimos (the two satellites of Mars) (1829-1907)
the island,5514035,,a zone or area resembling an island
the letter,5510780,,owner who lets another person use something (housing usually) for hire
this means,5510055,,"considerable capital (wealth or income); ""he is a man of means"""
his chest,5509535,,box with a lid; used for storage; usually large and sturdy
to receive,5508407,,"convert into sounds or pictures; ""receive the incoming radio signals"""
and found,5504307,,"come upon unexpectedly or after searching; ""found art""; ""the lost-and-found department"""
of Jesus,5503209,,a teacher and prophet born in Bethlehem and active in Nazareth; his life and sermons form the basis for Christianity (circa 4 BC - AD 29)
why the,5502560,"the cause or intention underlying an action or situation, especially in the phrase `the whys and wherefores'",
spirit of,5496393,the vital principle or animating force within living things,
school of,5494787,"the period of instruction in a school; the time period when school is in session; ""stay after school""; ""he didn't miss a single day of school""; ""when the school day was done we would walk home together""",
gave me,5493809,,a state in New England
subject of,5490587,"being under the power or sovereignty of another or others; ""subject peoples""; ""a dependent prince""",
a bad,5489963,"the basic unit of electric current adopted under the Systeme International d'Unites; ""a typical household circuit carries 15 to 50 amps""","(of foodstuffs) not in an edible or usable condition; ""bad meat""; ""a refrigerator full of spoilt food"""
the analysis,5489421,,the abstract separation of a whole into its constituent parts in order to study the parts and their relations
more to,5487285,"English statesman who opposed Henry VIII's divorce from Catherine of Aragon and was imprisoned and beheaded; recalled for his concept of Utopia, the ideal state",
is your,5486918,,
how I,5482697,,"used of a single unit or thing; not two or more; ""`ane' is Scottish"""
far more,5474661,"being of a considerable distance or length; ""a far trek""","English statesman who opposed Henry VIII's divorce from Catherine of Aragon and was imprisoned and beheaded; recalled for his concept of Utopia, the ideal state"
point in,5474630,one percent of the total principal of a loan; it is paid at the time the loan is made and is independent of the interest on the loan,"currently fashionable; ""the in thing to do""; ""large shoulder pads are in"""
the property,5471862,,"something owned; any tangible or intangible possession that is owned by someone; ""that hat is my property""; ""he is a man of property"""
how did,5470831,,
has also,5469682,,"in addition; ""he has a Mercedes, too"""
sources of,5468813,,
the rules,5466590,,
a thing,5464330,"the basic unit of electric current adopted under the Systeme International d'Unites; ""a typical household circuit carries 15 to 50 amps""","a special situation; ""this thing has got to end""; ""it is a remarkable thing"""
the hell,5462651,,"(religion) the world of the dead; ""No one goes to Hades with all his immense wealth""-Theognis"
to begin,5461712,,Israeli statesman (born in Russia) who (as prime minister of Israel) negotiated a peace treaty with Anwar Sadat (then the president of Egypt) (1913-1992)
the military,5460789,,"associated with or performed by members of the armed services as contrasted with civilians; ""military police"""
describe the,5458417,"make a mark or lines on a surface; ""draw a line""; ""trace the outline of a figure in the sand""",
have some,5451862,a person who possesses great material wealth,"remarkable; ""that was some party""; ""she is some skier"""
did it,5450537,,the branch of engineering that deals with the use of computers and telecommunications to retrieve and store and transmit information
find that,5447391,the act of discovering something,
the loss,5446535,,"the amount by which the cost of a business exceeds its revenue; ""the company operated at a loss last year""; ""the company operated in the red last year"""
search for,5446194,"an operation that determines whether one or more of a set of items has a specified property; ""they wrote a program to do a table lookup""",
and left,5446183,,of or belonging to the political or intellectual left
the North,5446160,,"situated in or facing or moving toward or coming from the north; ""artists like north light""; ""the north portico"""
his son,5445278,,"a male human offspring; ""their son became a famous judge""; ""his boy is taller than he is"""
way in,5443692,"a portion of something divided into shares; ""they split the loot three ways""","currently fashionable; ""the in thing to do""; ""large shoulder pads are in"""
not look,5442007,"negation of a word or group of words; ""he does not speak French""; ""she is not going""; ""they are not friends""; ""not many""; ""not much""; ""not at all""","the general atmosphere of a place or situation and the effect that it has on people; ""the feel of the city excited him""; ""a clergyman improved the tone of the meeting""; ""it had the smell of treason"""
surface of,5438011,"on the surface; ""surface materials of the moon""",
the specific,5435876,,"stated explicitly or in detail; ""needed a specific amount"""
a form,5435403,"the basic unit of electric current adopted under the Systeme International d'Unites; ""a typical household circuit carries 15 to 50 amps""","(physical chemistry) a distinct state of matter in a system; matter that is identical in chemical composition and physical state and separated from other material by the phase boundary; ""the reaction occurs in the liquid phase of the system"""
of Christ,5432671,,a teacher and prophet born in Bethlehem and active in Nazareth; his life and sermons form the basis for Christianity (circa 4 BC - AD 29)
the influence,5429666,,"one having power to influence another; ""she was the most important influence in my life""; ""he was a bad influence on the children"""
implementation of,5429525,"the act of accomplishing some aim or executing some order; ""the agency was created for the implementation of the policy""",
to enter,5429190,,make a record of; set down in permanent form
we might,5428879,,physical strength
and again,5423781,,"anew; ""she tried again""; ""they rehearsed the scene again"""
the list,5423434,,"the property possessed by a line or surface that departs from the vertical; ""the tower had a pronounced tilt""; ""the ship developed a list to starboard""; ""he walked with a heavy inclination to the right"""
not give,5423117,"negation of a word or group of words; ""he does not speak French""; ""she is not going""; ""they are not friends""; ""not many""; ""not much""; ""not at all""",the elasticity of something that can be stretched and returns to its original length
believed that,5420738,,
many other,5417987,"a quantifier that can be used with count nouns and is often preceded by `as' or `too' or `so' or `that'; amounting to a large but indefinite number; ""many temptations""; ""the temptations are many""; ""a good many""; ""a great many""; ""many directions""; ""take as many apples as you like""; ""too many clouds to see""; ""never saw so many people""","not the same one or ones already mentioned or implied; ""today isn't any other day""- the White Queen; ""the construction of highways and other public works""; ""he asked for other employment""; ""any other person would tell the truth""; ""his other books are still in storage""; ""then we looked at the other house""; ""hearing was good in his other ear""; ""the other sex""; ""she lived on the other side of the street from me""; ""went in the other direction"""
she told,5417718,,
argue that,5417558,present reasons and arguments,
were no,5416257,,a radioactive transuranic element synthesized by bombarding curium with carbon ions; 7 isotopes are known
it came,5415956,the branch of engineering that deals with the use of computers and telecommunications to retrieve and store and transmit information,
with our,5415037,,
this morning,5413943,,"the time period between dawn and noon; ""I spent the morning running errands"""
know about,5410258,"the fact of being aware of information that is known to few people; ""he is always in the know""","in rotation or succession; ""turn about is fair play"""
practice of,5409698,"a customary way of operation or behavior; ""it is their practice to give annual raises""; ""they changed their dietary pattern""",
his brother,5399212,,"a male with the same parents as someone else; ""my brother still lives with our parents"""
the mother,5398246,,"a woman who has given birth to a child (also used as a term of address to your mother); ""the mother of three children"""
but is,5394904,"and nothing more; ""I was merely asking""; ""it is simply a matter of time""; ""just a scratch""; ""he was only a child""; ""hopes that last but a moment""",
the global,5394207,,"involving the entire earth; not limited or provincial in scope; ""global war""; ""global monetary policy""; ""neither national nor continental but planetary""; ""a world crisis""; ""of worldwide significance"""
became the,5392644,,
though I,5392265,"(postpositive) however; ""it might be unpleasant, though""","used of a single unit or thing; not two or more; ""`ane' is Scottish"""
one side,5391264,"being a single entity made by combining separate components; ""three chemicals combining into one solution""","an extended outer surface of an object; ""he turned the box over to examine the bottom side""; ""they painted all four sides of the house"""
out from,5390739,"outer or outlying; ""the out islands""",
no other,5387273,a radioactive transuranic element synthesized by bombarding curium with carbon ions; 7 isotopes are known,"not the same one or ones already mentioned or implied; ""today isn't any other day""- the White Queen; ""the construction of highways and other public works""; ""he asked for other employment""; ""any other person would tell the truth""; ""his other books are still in storage""; ""then we looked at the other house""; ""hearing was good in his other ear""; ""the other sex""; ""she lived on the other side of the street from me""; ""went in the other direction"""
and gave,5386591,,
the change,5386539,,"the result of alteration or modification; ""there were marked changes in the lining of the lungs""; ""there had been no change in the mountains"""
has an,5383868,,an associate degree in nursing
a quick,5383229,"the basic unit of electric current adopted under the Systeme International d'Unites; ""a typical household circuit carries 15 to 50 amps""","hurried and brief; ""paid a flying visit""; ""took a flying glance at the book""; ""a quick inspection""; ""a fast visit"""
the Chinese,5382681,,"of or pertaining to China or its peoples or cultures; ""Chinese food"""
support of,5381555,"the act of bearing the weight of or strengthening; ""he leaned against the wall for support""",
picture of,5380221,"a situation treated as an observable object; ""the political picture is favorable""; ""the religious scene in England has changed in the last century""",
got the,5379667,,
was something,5378627,,
in life,5376950,"currently fashionable; ""the in thing to do""; ""large shoulder pads are in""","a living person; ""his heroism saved a life"""
most common,5376199,"used to form the superlative; ""the king cobra is the most dangerous snake""","being or characteristic of or appropriate to everyday language; ""common parlance""; ""a vernacular term""; ""vernacular speakers""; ""the vulgar tongue of the masses""; ""the technical and vulgar names for an animal species"""
made up,5375018,"(of a bed) having the sheets and blankets set in order; ""a neatly made bed""","open; ""the windows are up"""
use in,5374401,"(economics) the utilization of economic goods to satisfy needs or in manufacturing; ""the consumption of energy has increased steadily""","currently fashionable; ""the in thing to do""; ""large shoulder pads are in"""
of war,5373821,,"an active struggle between competing entities; ""a price war""; ""a war of wits""; ""diplomatic warfare"""
now the,5367329,"the momentary present; ""Now is a good time to do it""; ""it worked up to right now""",
great deal,5365781,"very good; ""he did a bully job""; ""a neat sports car""; ""had a great time at the party""; ""you look simply smashing""; ""we had a grand old time""","the act of apportioning or distributing something; ""the captain was entrusted with the deal of provisions"""
himself to,5364987,,
that made,5364681,,"(of a bed) having the sheets and blankets set in order; ""a neatly made bed"""
to spend,5361139,,"pay out; ""spend money"""
his fingers,5359323,,
mean that,5356442,(used of sums of money) so small in amount as to deserve contempt,
would take,5356395,,"the income or profit arising from such transactions as the sale of land or other property; ""the average return was about 5%"""
I came,5356389,"used of a single unit or thing; not two or more; ""`ane' is Scottish""",
of political,5355137,,"involving or characteristic of politics or parties or politicians; ""calling a meeting is a political act in itself""- Daniel Goleman; ""political pressure""; ""a political machine""; ""political office""; ""political policy"""
and economic,5352453,,"financially rewarding; ""it was no longer economic to keep the factory open""; ""have to keep prices high enough to make it economic to continue the service"""
the maximum,5348787,,"the greatest or most complete or best possible; ""maximal expansion""; ""maximum pressure"""
or she,5347405,"a room in a hospital equipped for the performance of surgical operations; ""great care is taken to keep the operating rooms aseptic""",
or that,5345477,"a room in a hospital equipped for the performance of surgical operations; ""great care is taken to keep the operating rooms aseptic""",
respond to,5343006,show a response or a reaction to something,
a question,5341503,"the basic unit of electric current adopted under the Systeme International d'Unites; ""a typical household circuit carries 15 to 50 amps""","uncertainty about the truth or factuality or existence of something; ""the dubiousness of his claim""; ""there is no question about the validity of the enterprise"""
behind her,5340722,"the fleshy part of the human body that you sit on; ""he deserves a good kick in the butt""; ""are you going to sit on your fanny and do nothing?""",
for such,5337728,,"to so extreme a degree; ""he is such a baby""; ""Such rich people!"""
been used,5337668,,"previously used or owned by another; ""bought a secondhand (or used) car"""
and could,5336198,,
his first,5334970,,"serving to begin; ""the beginning canto of the poem""; ""the first verse"""
need a,5333412,"a condition requiring relief; ""she satisfied his need for affection""; ""God has no need of men to accomplish His work""; ""there is a demand for jobs""","the basic unit of electric current adopted under the Systeme International d'Unites; ""a typical household circuit carries 15 to 50 amps"""
the cause,5333154,,"a comprehensive term for any proceeding in a court of law whereby an individual seeks a legal remedy; ""the family brought suit against the landlord"""
as with,5331707,a very poisonous metallic element that has three allotropic forms; arsenic and arsenic compounds are used as herbicides and insecticides and various alloys; found in arsenopyrite and orpiment and realgar,
does it,5331550,,the branch of engineering that deals with the use of computers and telecommunications to retrieve and store and transmit information
hear the,5330355,"receive a communication from someone; ""We heard nothing from our son for five years""",
to send,5329593,,"cause to be directed or transmitted to another place; ""send me your latest results""; ""I'll mail you the paper when it's written"""
why I,5324043,"the cause or intention underlying an action or situation, especially in the phrase `the whys and wherefores'","used of a single unit or thing; not two or more; ""`ane' is Scottish"""
to watch,5322524,,a person employed to keep watch for some anticipated event
percentage of,5319581,"assets belonging to or due to or contributed by an individual person or group; ""he wanted his share in cash""",
or an,5319400,"a room in a hospital equipped for the performance of surgical operations; ""great care is taken to keep the operating rooms aseptic""",an associate degree in nursing
the economic,5317017,,"financially rewarding; ""it was no longer economic to keep the factory open""; ""have to keep prices high enough to make it economic to continue the service"""
this may,5316201,,thorny Eurasian shrub of small tree having dense clusters of white to scarlet flowers followed by deep red berries; established as an escape in eastern North America
the user,5314824,,a person who takes drugs
a range,5313248,"the basic unit of electric current adopted under the Systeme International d'Unites; ""a typical household circuit carries 15 to 50 amps""","a place for shooting (firing or driving) projectiles of various kinds; ""the army maintains a missile range in the desert""; ""any good golf club will have a range where you can practice"""
United Nations,5310981,of or relating to two people who are married to each other,
of The,5310959,,
a pair,5310349,"the basic unit of electric current adopted under the Systeme International d'Unites; ""a typical household circuit carries 15 to 50 amps""",two items of the same kind
she went,5309984,,
of Israel,5308969,,an ancient kingdom of the Hebrew tribes at the southeastern end of the Mediterranean Sea; founded by Saul around 1025 BC and destroyed by the Assyrians in 721 BC
out there,5308492,"outer or outlying; ""the out islands""","a location other than here; that place; ""you can take it from there"""
made him,5307914,"(of a bed) having the sheets and blankets set in order; ""a neatly made bed""",
book of,5307326,"a record in which commercial accounts are recorded; ""they got a subpoena to examine our books""",
the International,5304541,,"from or between other countries; ""external commerce""; ""international trade""; ""developing nations need outside help"""
a well,5303522,"the basic unit of electric current adopted under the Systeme International d'Unites; ""a typical household circuit carries 15 to 50 amps""","in good health especially after having suffered illness or injury; ""appears to be entirely well""; ""the wound is nearly well""; ""a well man""; ""I think I'm well; at least I feel well"""
not quite,5303062,"negation of a word or group of words; ""he does not speak French""; ""she is not going""; ""they are not friends""; ""not many""; ""not much""; ""not at all""","to the greatest extent; completely; ""you're quite right""; ""she was quite alone""; ""was quite mistaken""; ""quite the opposite""; ""not quite finished""; ""did not quite make it"""
see him,5301438,the seat within a bishop's diocese where his cathedral is located,
supported by,5299381,"held up or having the weight borne especially from below; ""supported joints in a railroad track have ties directly under the rail ends""","in reserve; not for immediate use; ""started setting aside money to buy a car""; ""put something by for her old age""; ""has a nest egg tucked away for a rainy day"""
day and,5295333,United States writer best known for his autobiographical works (1874-1935),
of children,5293790,,
behind him,5292956,"the fleshy part of the human body that you sit on; ""he deserves a good kick in the butt""; ""are you going to sit on your fanny and do nothing?""",
follow the,5292050,"keep informed; ""He kept up on his country's foreign policies""",
love you,5290466,"a score of zero in tennis or squash; ""it was 40 love""",
he 'll,5289172,a very light colorless element that is one of the six inert gasses; the most difficult gas to liquefy; occurs in economically extractable amounts in certain natural gases (as those found in Texas and Kansas),
who can,5288431,a United Nations agency to coordinate international health activities and to help governments improve health services,the quantity contained in a can
just to,5287969,"used especially of what is legally or ethically right or proper or fitting; ""a just and lasting peace""- A.Lincoln; ""a kind and just man""; ""a just reward""; ""his just inheritance""",
the correct,5287166,,"socially right or correct; ""it isn't right to leave the party without saying goodbye""; ""correct behavior"""
to wait,5286803,,"the act of waiting (remaining inactive in one place while expecting something); ""the wait was an ordeal for him"""
the eyes,5284406,,"opinion or judgment; ""in the eyes of the law""; ""I was wrong in her eyes"""
the food,5281690,,any substance that can be metabolized by an animal to give energy and build tissue
knowledge and,5280491,the psychological result of perception and learning and reasoning,
the summer,5278255,,"the period of finest development, happiness, or beauty; ""the golden summer of his life"""
was nothing,5277562,,"a quantity of no importance; ""it looked like nothing I had ever seen before""; ""reduced to nil all the work we had done""; ""we racked up a pathetic goose egg""; ""it was all for naught""; ""I didn't hear zilch about it"""
with two,5277420,,"being one more than one; ""he received two messages"""
limited to,5269409,"not unlimited; ""a limited list of choices""",
get it,5269402,a return on a shot that seemed impossible to reach and would normally have resulted in a point for the opponent,the branch of engineering that deals with the use of computers and telecommunications to retrieve and store and transmit information
are many,5266889,a unit of surface area equal to 100 square meters,"a quantifier that can be used with count nouns and is often preceded by `as' or `too' or `so' or `that'; amounting to a large but indefinite number; ""many temptations""; ""the temptations are many""; ""a good many""; ""a great many""; ""many directions""; ""take as many apples as you like""; ""too many clouds to see""; ""never saw so many people"""
the control,5263534,,"a relation of constraint of one entity (thing or person or group) by another; ""measures for the control of disease""; ""they instituted controls over drinking on campus"""
of action,5263509,,a judicial proceeding brought by one party against another; one party prosecutes another for a wrong done or for protection of a right or for prevention of a wrong
a brief,5262438,"the basic unit of electric current adopted under the Systeme International d'Unites; ""a typical household circuit carries 15 to 50 amps""","(of clothing) very short; ""an abbreviated swimsuit""; ""a brief bikini"""
the performance,5262353,,"process or manner of functioning or operating; ""the power of its engine determines its operation""; ""the plane's operation in high winds""; ""they compared the cooking performance of each oven""; ""the jet's performance conformed to high standards"""
at times,5257725,100 at equal 1 kip in Laos,"a more or less definite period of time now or previously present; ""it was a sign of the times"""
few years,5255479,"a quantifier that can be used with count nouns and is often preceded by `a'; a small but indefinite number; ""a few weeks ago""; ""a few more wagons than usual""; ""an invalid's pleasures are few and far between""; ""few roses were still blooming""; ""few women have led troops in battle""","the time during which someone's life continues; ""the monarch's last days""; ""in his final years"""
of high,5253275,,(used of the smell of meat) smelling spoiled or tainted
the action,5252818,,a judicial proceeding brought by one party against another; one party prosecutes another for a wrong done or for protection of a right or for prevention of a wrong
agreed to,5251710,"united by being of the same opinion; ""agreed in their distrust of authority""",
it comes,5251217,the branch of engineering that deals with the use of computers and telecommunications to retrieve and store and transmit information,
see her,5251210,the seat within a bishop's diocese where his cathedral is located,
the target,5251205,,"a person who is the aim of an attack (especially a victim of ridicule or exploitation) by some hostile person or influence; ""he fell prey to muggers""; ""everyone was fair game""; ""the target of a manhunt"""
life is,5248195,"a living person; ""his heroism saved a life""",
to and,5247087,,
this process,5245229,,"a particular course of action intended to achieve a result; ""the procedure of obtaining a driver's license""; ""it was a process of trial and error"""
with those,5244523,,
the bar,5244382,,"the act of preventing; ""there was no bar against leaving""; ""money was allocated to study the cause and prevention of influenza"""
you the,5243452,,
king of,5241026,a male sovereign; ruler of a kingdom,
here in,5240883,"the present location; this place; ""where do we go from here?""","currently fashionable; ""the in thing to do""; ""large shoulder pads are in"""
would make,5240836,,the act of mixing cards haphazardly
found to,5240062,"come upon unexpectedly or after searching; ""found art""; ""the lost-and-found department""",
perhaps the,5240004,"by chance; ""perhaps she will call tomorrow""; ""we may possibly run into them at the concert""; ""it may peradventure be thought that there never was such a time""",
lots of,5239962,"a large number or amount; ""made lots of new friends""; ""she amassed stacks of newspapers""",
that does,5238408,,
of America,5237685,,North American republic containing 50 states - 48 conterminous states in North America plus Alaska in northwest North America and the Hawaiian Islands in the Pacific Ocean; achieved independence in 1776
linked to,5235492,"connected by a link, as railway cars or trailer trucks",
the range,5234664,,"a place for shooting (firing or driving) projectiles of various kinds; ""the army maintains a missile range in the desert""; ""any good golf club will have a range where you can practice"""
hand on,5234052,"a member of the crew of a ship; ""all hands on deck""","in operation or operational; ""left the oven on""; ""the switch is in the on position"""
the home,5233464,,"relating to or being where one lives or where one's roots are; ""my home town"""
ready for,5230411,"apprehending and responding with speed and sensitivity; ""a quick mind""; ""a ready wit""",
choice of,5229858,"of superior grade; ""choice wines""; ""prime beef""; ""prize carnations""; ""quality paper""; ""select peaches""",
and saw,5227445,,a power tool for cutting wood
means to,5227322,"considerable capital (wealth or income); ""he is a man of means""",
the formation,5226145,,"natural process that causes something to form; ""the formation of gas in the intestine""; ""the formation of crystals""; ""the formation of pseudopods"""
love and,5224798,"a score of zero in tennis or squash; ""it was 40 love""",
depend on,5222392,"be contingent upon (something that is elided); ""That depends""","in operation or operational; ""left the oven on""; ""the switch is in the on position"""
with such,5217391,,"to so extreme a degree; ""he is such a baby""; ""Such rich people!"""
never be,5217151,"not ever; at no time in the past or future; ""I have never been to China""; ""I shall never forget this day""; ""had never seen a circus""; ""never on Sunday""; ""I will never marry you!""",a light strong brittle grey toxic bivalent metallic element
the girls,5216835,,
a job,5213431,"the basic unit of electric current adopted under the Systeme International d'Unites; ""a typical household circuit carries 15 to 50 amps""",any long-suffering person who withstands affliction without despairing
which have,5212836,,a person who possesses great material wealth
emphasis on,5210676,"special importance or significance; ""the red light gave the central figure increased emphasis""; ""the room was decorated in shades of grey with distinctive red accents""","in operation or operational; ""left the oven on""; ""the switch is in the on position"""
during a,5208122,,"the basic unit of electric current adopted under the Systeme International d'Unites; ""a typical household circuit carries 15 to 50 amps"""
needs of,5207995,"in such a manner as could not be otherwise; ""it is necessarily so""; ""we must needs by objective""",
knew the,5207206,,
made me,5206655,"(of a bed) having the sheets and blankets set in order; ""a neatly made bed""",a state in New England
the principal,5206421,,the major party to a financial transaction at a stock exchange; buys and sells for his own account
at work,5205815,100 at equal 1 kip in Laos,"(physics) a manifestation of energy; the transfer of energy from one physical system to another expressed as the product of a force and the distance through which it moves a body in the direction of that force; ""work equals force times distance"""
be on,5203910,a light strong brittle grey toxic bivalent metallic element,"in operation or operational; ""left the oven on""; ""the switch is in the on position"""
with these,5203703,,
him on,5202238,,"in operation or operational; ""left the oven on""; ""the switch is in the on position"""
with regard,5198556,,"the condition of being honored (esteemed or respected or well regarded); ""it is held in esteem""; ""a man who has earned high regard"""
are so,5198273,a unit of surface area equal to 100 square meters,the syllable naming the fifth (dominant) note of any musical scale in solmization
of law,5195129,,a rule or body of rules of conduct inherent in human nature and essential to or binding upon human society
the First,5193525,,"serving to begin; ""the beginning canto of the poem""; ""the first verse"""
thought about,5192219,"the process of using your mind to consider something carefully; ""thinking always made him frown""; ""she paused for thought""","in rotation or succession; ""turn about is fair play"""
opposed to,5190835,"being in opposition or having an opponent; ""two bitterly opposed schools of thought""",
this work,5188943,,"(physics) a manifestation of energy; the transfer of energy from one physical system to another expressed as the product of a force and the distance through which it moves a body in the direction of that force; ""work equals force times distance"""
and use,5188826,,"(economics) the utilization of economic goods to satisfy needs or in manufacturing; ""the consumption of energy has increased steadily"""
information and,5186775,"(communication theory) a numerical measure of the uncertainty of an outcome; ""the signal contained thousands of bits of information""",
to add,5179342,,a condition (mostly in boys) characterized by behavioral and learning disorders
because we,5173888,,
the students,5173080,,
out his,5172554,"outer or outlying; ""the out islands""",
a process,5172550,"the basic unit of electric current adopted under the Systeme International d'Unites; ""a typical household circuit carries 15 to 50 amps""","a particular course of action intended to achieve a result; ""the procedure of obtaining a driver's license""; ""it was a process of trial and error"""
which will,5170907,,"the capability of conscious choice and decision and intention; ""the exercise of their volition we construe as revolt""- George Meredith"
status of,5168450,"a state at a particular time; ""a condition (or state) of disrepair""; ""the current status of the arms negotiations""",
talking to,5166961,"an exchange of ideas via conversation; ""let's have more work and less talk around here""",
be that,5165783,a light strong brittle grey toxic bivalent metallic element,
presented in,5158633,,"currently fashionable; ""the in thing to do""; ""large shoulder pads are in"""
the modern,5156281,,"belonging to the modern era; since the Middle Ages; ""modern art""; ""modern furniture""; ""modern history""; ""totem poles are modern rather than prehistoric"""
the terms,5155980,,"the amount of money needed to purchase something; ""the price of gasoline""; ""he got his new car on excellent terms""; ""how much is the damage?"""
enough for,5155423,"sufficient for the purpose; ""an adequate income""; ""the food was adequate""; ""enough food""; ""food enough""",
about him,5153945,"in rotation or succession; ""turn about is fair play""",
to remain,5151782,,"stay the same; remain in a certain state; ""The dress remained wet after repeated attempts to dry it""; ""rest assured""; ""stay alone""; ""He remained unmoved by her tears""; ""The bad weather continued for another week"""
been able,5151162,,"having a strong healthy body; ""an able seaman""; ""every able-bodied young man served in the army"""
resulting in,5150730,,"currently fashionable; ""the in thing to do""; ""large shoulder pads are in"""
and asked,5147423,,
the space,5142530,,"an empty area (usually bounded in some way between things); ""the architect left space in front of the building""; ""they stopped at an open space in the jungle""; ""the space between his teeth"""
those that,5142334,,
by its,5141183,"in reserve; not for immediate use; ""started setting aside money to buy a car""; ""put something by for her old age""; ""has a nest egg tucked away for a rainy day""",
people with,5132544,"(plural) any group of human beings (men or women or children) collectively; ""old people""; ""there were at least 200 people in the audience""",
is much,5131829,,"a great amount or extent; ""they did much for humanity"""
we want,5129657,,"the state of needing something that is absent or unavailable; ""there is a serious lack of insight into the problem""; ""water is the critical deficiency in desert regions""; ""for want of a nail the shoe was lost"""
to such,5128738,,"to so extreme a degree; ""he is such a baby""; ""Such rich people!"""
is why,5128425,,"the cause or intention underlying an action or situation, especially in the phrase `the whys and wherefores'"
those in,5127398,,"currently fashionable; ""the in thing to do""; ""large shoulder pads are in"""
the wrong,5125436,,"not appropriate for a purpose or occasion; ""said all the wrong things"""
described as,5125286,"represented in words especially with sharpness and detail; ""the vividly described wars""",a very poisonous metallic element that has three allotropic forms; arsenic and arsenic compounds are used as herbicides and insecticides and various alloys; found in arsenopyrite and orpiment and realgar
me for,5122993,a state in New England,
produced by,5120368,,"in reserve; not for immediate use; ""started setting aside money to buy a car""; ""put something by for her old age""; ""has a nest egg tucked away for a rainy day"""
in more,5117137,"currently fashionable; ""the in thing to do""; ""large shoulder pads are in""","English statesman who opposed Henry VIII's divorce from Catherine of Aragon and was imprisoned and beheaded; recalled for his concept of Utopia, the ideal state"
as is,5115101,a very poisonous metallic element that has three allotropic forms; arsenic and arsenic compounds are used as herbicides and insecticides and various alloys; found in arsenopyrite and orpiment and realgar,
a world,5114479,"the basic unit of electric current adopted under the Systeme International d'Unites; ""a typical household circuit carries 15 to 50 amps""","all of the living human inhabitants of the earth; ""all the world loves a lover""; ""she always used `humankind' because `mankind' seemed to slight the women"""
asked to,5114228,,
as her,5111420,a very poisonous metallic element that has three allotropic forms; arsenic and arsenic compounds are used as herbicides and insecticides and various alloys; found in arsenopyrite and orpiment and realgar,
in China,5109326,"currently fashionable; ""the in thing to do""; ""large shoulder pads are in""",high quality porcelain originally made only in China
been made,5109104,,"(of a bed) having the sheets and blankets set in order; ""a neatly made bed"""
that many,5108760,,"a quantifier that can be used with count nouns and is often preceded by `as' or `too' or `so' or `that'; amounting to a large but indefinite number; ""many temptations""; ""the temptations are many""; ""a good many""; ""a great many""; ""many directions""; ""take as many apples as you like""; ""too many clouds to see""; ""never saw so many people"""
quite a,5108334,"to the greatest extent; completely; ""you're quite right""; ""she was quite alone""; ""was quite mistaken""; ""quite the opposite""; ""not quite finished""; ""did not quite make it""","the basic unit of electric current adopted under the Systeme International d'Unites; ""a typical household circuit carries 15 to 50 amps"""
them all,5105888,,"completely given to or absorbed by; ""became all attention"""
account for,5104891,"a statement of recent transactions and the resulting balance; ""they send me an accounting every month""",
child 's,5102770,"a young person of either sex; ""she writes books for children""; ""they're just kids""; ""`tiddler' is a British term for youngster""",
and where,5101602,,
more important,5101040,"English statesman who opposed Henry VIII's divorce from Catherine of Aragon and was imprisoned and beheaded; recalled for his concept of Utopia, the ideal state","of great significance or value; ""important people""; ""the important questions of the day"""
the degree,5095452,,"a measure for arcs and angles; ""there are 360 degrees in a circle"""
to study,5094373,,"someone who memorizes quickly and easily (as the lines for a part in a play); ""he is a quick study"""
of American,5089053,,"of or relating to or characteristic of the continents and islands of the Americas; ""the American hemisphere""; ""American flora and fauna"""
whether it,5088277,,the branch of engineering that deals with the use of computers and telecommunications to retrieve and store and transmit information
that God,5087823,,"a man of such superior qualities that he seems like a deity to other people; ""he was a god among men"""
contrast to,5087111,"the opposition or dissimilarity of things that are compared; ""in contrast to""; ""by contrast""",
consequences of,5080594,,
support the,5080320,"the act of bearing the weight of or strengthening; ""he leaned against the wall for support""",
the experience,5077895,,"the accumulation of knowledge or skill that results from direct participation in events or activities; ""a man of experience""; ""experience is the best teacher"""
must not,5077445,the quality of smelling or tasting old or stale or mouldy,"negation of a word or group of words; ""he does not speak French""; ""she is not going""; ""they are not friends""; ""not many""; ""not much""; ""not at all"""
the House,5076254,,"a dwelling that serves as living quarters for one or more families; ""he has a house on Cape Cod""; ""she felt she had to get out of the house"""
we find,5075792,,the act of discovering something
still in,5071012,"free from noticeable current; ""a still pond""; ""still waters run deep""","currently fashionable; ""the in thing to do""; ""large shoulder pads are in"""
used the,5070557,"previously used or owned by another; ""bought a secondhand (or used) car""",
them from,5068099,,
not feel,5062414,"negation of a word or group of words; ""he does not speak French""; ""she is not going""; ""they are not friends""; ""not many""; ""not much""; ""not at all""","the general atmosphere of a place or situation and the effect that it has on people; ""the feel of the city excited him""; ""a clergyman improved the tone of the meeting""; ""it had the smell of treason"""
work for,5059863,"(physics) a manifestation of energy; the transfer of energy from one physical system to another expressed as the product of a force and the distance through which it moves a body in the direction of that force; ""work equals force times distance""",
some other,5059635,"remarkable; ""that was some party""; ""she is some skier""","not the same one or ones already mentioned or implied; ""today isn't any other day""- the White Queen; ""the construction of highways and other public works""; ""he asked for other employment""; ""any other person would tell the truth""; ""his other books are still in storage""; ""then we looked at the other house""; ""hearing was good in his other ear""; ""the other sex""; ""she lived on the other side of the street from me""; ""went in the other direction"""
left to,5054285,of or belonging to the political or intellectual left,
the south,5052318,,"situated in or facing or moving toward or coming from the south; ""the south entrance"""
that to,5052257,,
and why,5051306,,"the cause or intention underlying an action or situation, especially in the phrase `the whys and wherefores'"
feel the,5050511,"the general atmosphere of a place or situation and the effect that it has on people; ""the feel of the city excited him""; ""a clergyman improved the tone of the meeting""; ""it had the smell of treason""",
to promote,5049875,,"change a pawn for a better piece by advancing it to the eighth row, or change a checker piece for a more valuable piece by moving it to the row closest to your opponent"
every time,5049840,,"an indefinite period (usually marked by specific attributes or activities); ""the time of year for planting""; ""he was a great actor in his time"""
house and,5049418,"a dwelling that serves as living quarters for one or more families; ""he has a house on Cape Cod""; ""she felt she had to get out of the house""",
we get,5049097,,a return on a shot that seemed impossible to reach and would normally have resulted in a point for the opponent
scope of,5047936,"the state of the environment in which a situation exists; ""you can't do that in a university setting""",
remember that,5047442,"show appreciation to; ""He remembered her in his will""",
be as,5043036,a light strong brittle grey toxic bivalent metallic element,a very poisonous metallic element that has three allotropic forms; arsenic and arsenic compounds are used as herbicides and insecticides and various alloys; found in arsenopyrite and orpiment and realgar
signs of,5041642,,
time when,5040539,"an indefinite period (usually marked by specific attributes or activities); ""the time of year for planting""; ""he was a great actor in his time""",
even as,5037062,"occurring at fixed intervals; ""a regular beat""; ""the even rhythm of his breathing""",a very poisonous metallic element that has three allotropic forms; arsenic and arsenic compounds are used as herbicides and insecticides and various alloys; found in arsenopyrite and orpiment and realgar
any time,5037035,"to any degree or extent; ""it isn't any better""","an indefinite period (usually marked by specific attributes or activities); ""the time of year for planting""; ""he was a great actor in his time"""
face and,5036472,a vertical surface of a building or cliff,
serve as,5035290,"(sports) a stroke that puts the ball in play; ""his powerful serves won the game""",a very poisonous metallic element that has three allotropic forms; arsenic and arsenic compounds are used as herbicides and insecticides and various alloys; found in arsenopyrite and orpiment and realgar
of every,5031209,,
that our,5030519,,
saw a,5030265,a power tool for cutting wood,"the basic unit of electric current adopted under the Systeme International d'Unites; ""a typical household circuit carries 15 to 50 amps"""
the hands,5028816,,"(with `in') guardianship over; in divorce cases it is the right to house and care for and discipline a child; ""my fate is in your hands""; ""too much power in the president's hands""; ""your guests are now in my custody""; ""the mother was awarded custody of the children"""
gave a,5028265,,"the basic unit of electric current adopted under the Systeme International d'Unites; ""a typical household circuit carries 15 to 50 amps"""
be at,5027078,a light strong brittle grey toxic bivalent metallic element,100 at equal 1 kip in Laos
since it,5025763,,the branch of engineering that deals with the use of computers and telecommunications to retrieve and store and transmit information
measure of,5025289,"any maneuver made as part of progress toward a goal; ""the situation called for strong measures""; ""the police took steps to reduce crime""",
a period,5025133,"the basic unit of electric current adopted under the Systeme International d'Unites; ""a typical household circuit carries 15 to 50 amps""","the monthly discharge of blood from the uterus of nonpregnant women from puberty to menopause; ""the women were sickly and subject to excessive menstruation""; ""a woman does not take the gout unless her menses be stopped""--Hippocrates; ""the semen begins to appear in males and to be emitted at the same time of life that the catamenia begin to flow in females""--Aristotle"
that your,5022171,,
as that,5017424,a very poisonous metallic element that has three allotropic forms; arsenic and arsenic compounds are used as herbicides and insecticides and various alloys; found in arsenopyrite and orpiment and realgar,
be of,5017373,a light strong brittle grey toxic bivalent metallic element,
a total,5017010,"the basic unit of electric current adopted under the Systeme International d'Unites; ""a typical household circuit carries 15 to 50 amps""","constituting the full quantity or extent; complete; ""an entire town devastated by an earthquake""; ""gave full attention""; ""a total failure"""
part in,5014082,"assets belonging to or due to or contributed by an individual person or group; ""he wanted his share in cash""","currently fashionable; ""the in thing to do""; ""large shoulder pads are in"""
affected by,5009709,"being excited or provoked to the expression of an emotion; ""too moved to speak""; ""very touched by the stranger's kindness""","in reserve; not for immediate use; ""started setting aside money to buy a car""; ""put something by for her old age""; ""has a nest egg tucked away for a rainy day"""
I made,5008769,"used of a single unit or thing; not two or more; ""`ane' is Scottish""","(of a bed) having the sheets and blankets set in order; ""a neatly made bed"""
right of,5007944,"appropriate for a condition or purpose or occasion or a person's character, needs; ""everything in its proper place""; ""the right man for the job""; ""she is not suitable for the position""",
as this,5007349,a very poisonous metallic element that has three allotropic forms; arsenic and arsenic compounds are used as herbicides and insecticides and various alloys; found in arsenopyrite and orpiment and realgar,
this has,5006386,,
a month,5005467,"the basic unit of electric current adopted under the Systeme International d'Unites; ""a typical household circuit carries 15 to 50 amps""","a time unit of approximately 30 days; ""he was given a month to pay the bill"""
the Department,5002944,,"a specialized sphere of knowledge; ""baking is not my department""; ""his work established a new department of literature"""
and colleagues,5002077,,
concerning the,4999297,,
the appropriate,4998909,,"suitable for a particular person or place or condition etc; ""a book not appropriate for children""; ""a funeral conducted the appropriate solemnity""; ""it seems that an apology is appropriate"""
from other,4998237,,"not the same one or ones already mentioned or implied; ""today isn't any other day""- the White Queen; ""the construction of highways and other public works""; ""he asked for other employment""; ""any other person would tell the truth""; ""his other books are still in storage""; ""then we looked at the other house""; ""hearing was good in his other ear""; ""the other sex""; ""she lived on the other side of the street from me""; ""went in the other direction"""
click the,4996260,"depression of a button on a computer mouse; ""a click on the right button for example""",
on all,4996005,"in operation or operational; ""left the oven on""; ""the switch is in the on position""","completely given to or absorbed by; ""became all attention"""
a list,4995296,"the basic unit of electric current adopted under the Systeme International d'Unites; ""a typical household circuit carries 15 to 50 amps""","the property possessed by a line or surface that departs from the vertical; ""the tower had a pronounced tilt""; ""the ship developed a list to starboard""; ""he walked with a heavy inclination to the right"""
studies of,4991554,,
thought I,4991236,"the process of using your mind to consider something carefully; ""thinking always made him frown""; ""she paused for thought""","used of a single unit or thing; not two or more; ""`ane' is Scottish"""
who could,4988420,a United Nations agency to coordinate international health activities and to help governments improve health services,
come up,4983992,the thick white fluid containing spermatozoa that is ejaculated by the male genital tract,"open; ""the windows are up"""
knew it,4982650,,the branch of engineering that deals with the use of computers and telecommunications to retrieve and store and transmit information
was right,4979755,,"appropriate for a condition or purpose or occasion or a person's character, needs; ""everything in its proper place""; ""the right man for the job""; ""she is not suitable for the position"""
I tried,4978107,"used of a single unit or thing; not two or more; ""`ane' is Scottish""","tested and proved useful or correct; ""a tested method"""
comes from,4978048,,
felt that,4977977,a fabric made of compressed matted animal fibers,
have come,4977626,a person who possesses great material wealth,the thick white fluid containing spermatozoa that is ejaculated by the male genital tract
a life,4975475,"the basic unit of electric current adopted under the Systeme International d'Unites; ""a typical household circuit carries 15 to 50 amps""","a living person; ""his heroism saved a life"""
to prove,4973867,,"provide evidence for; ""The blood test showed that he was the father""; ""Her behavior testified to her incompetence"""
I still,4972578,"used of a single unit or thing; not two or more; ""`ane' is Scottish""","free from noticeable current; ""a still pond""; ""still waters run deep"""
the streets,4972199,,
whether or,4970413,,"a room in a hospital equipped for the performance of surgical operations; ""great care is taken to keep the operating rooms aseptic"""
to remember,4969228,,"show appreciation to; ""He remembered her in his will"""
cases of,4968248,,
if one,4967226,,"being a single entity made by combining separate components; ""three chemicals combining into one solution"""
in America,4966903,"currently fashionable; ""the in thing to do""; ""large shoulder pads are in""",North American republic containing 50 states - 48 conterminous states in North America plus Alaska in northwest North America and the Hawaiian Islands in the Pacific Ocean; achieved independence in 1776
although it,4963549,,the branch of engineering that deals with the use of computers and telecommunications to retrieve and store and transmit information
family and,4960841,"a person having kinship with another or others; ""he's kin""; ""he's family""",
of death,4958300,,"the permanent end of all life functions in an organism or part of an organism; ""the animal died a painful death"""
apply to,4956733,"refer (a word or name) to a person or thing; ""He applied this racial slur to me!""",
him from,4955978,,
against his,4955836,,
a study,4954668,"the basic unit of electric current adopted under the Systeme International d'Unites; ""a typical household circuit carries 15 to 50 amps""","someone who memorizes quickly and easily (as the lines for a part in a play); ""he is a quick study"""
the LORD,4952004,,a titled peer of the realm
nothing but,4951849,"a quantity of no importance; ""it looked like nothing I had ever seen before""; ""reduced to nil all the work we had done""; ""we racked up a pathetic goose egg""; ""it was all for naught""; ""I didn't hear zilch about it""","and nothing more; ""I was merely asking""; ""it is simply a matter of time""; ""just a scratch""; ""he was only a child""; ""hopes that last but a moment"""
I also,4950663,"used of a single unit or thing; not two or more; ""`ane' is Scottish""","in addition; ""he has a Mercedes, too"""
to draw,4947475,,"an entertainer who attracts large audiences; ""he was the biggest drawing card they had"""
at some,4946625,100 at equal 1 kip in Laos,"remarkable; ""that was some party""; ""she is some skier"""
give a,4946086,the elasticity of something that can be stretched and returns to its original length,"the basic unit of electric current adopted under the Systeme International d'Unites; ""a typical household circuit carries 15 to 50 amps"""
participate in,4942008,"become a participant; be involved in; ""enter a race""; ""enter an agreement""; ""enter a drug treatment program""; ""enter negotiations""","currently fashionable; ""the in thing to do""; ""large shoulder pads are in"""
are some,4941699,a unit of surface area equal to 100 square meters,"remarkable; ""that was some party""; ""she is some skier"""
all about,4939962,"completely given to or absorbed by; ""became all attention""","in rotation or succession; ""turn about is fair play"""
by means,4939595,"in reserve; not for immediate use; ""started setting aside money to buy a car""; ""put something by for her old age""; ""has a nest egg tucked away for a rainy day""","considerable capital (wealth or income); ""he is a man of means"""
she does,4938874,,
woman 's,4938565,"an adult female person (as opposed to a man); ""the woman kept house while the man hunted""",
engage in,4937584,"keep engaged; ""engaged the gears""","currently fashionable; ""the in thing to do""; ""large shoulder pads are in"""
to gain,4936002,,the amount by which the revenue of a business exceeds its cost of operating
concerned with,4935388,"involved in or affected by or having a claim to or share in; ""a memorandum to those concerned""; ""an enterprise in which three men are concerned""; ""factors concerned in the rise and fall of epidemics""; ""the interested parties met to discuss the business""",
prepared to,4934076,"equipped or prepared with necessary intellectual resources; ""graduates well equipped to handle such problems""; ""equipped to be a scholar""",
accompanied by,4931800,"having companions or an escort; ""there were lone gentlemen and gentlemen accompanied by their wives""","in reserve; not for immediate use; ""started setting aside money to buy a car""; ""put something by for her old age""; ""has a nest egg tucked away for a rainy day"""
this kind,4931705,,"tolerant and forgiving under provocation; ""our neighbor was very kind about the window our son broke"""
coming to,4931205,"the act of drawing spatially closer to something; ""the hunter's approach scattered the geese""",
the audience,4926759,,"an opportunity to state your case and be heard; ""they condemned him without a hearing""; ""he saw that he had lost his audience"""
was found,4925260,,"come upon unexpectedly or after searching; ""found art""; ""the lost-and-found department"""
forward to,4923635,moving forward,
the skin,4922958,,a member of any of several British or American groups consisting predominantly of young people who shave their heads; some engage in white supremacist and anti-immigrant activities and this leads to the perception that all skinheads are racist and violent
man and,4920699,"an adult person who is male (as opposed to a woman); ""there were two women and six men on the bus""",
are we,4918774,a unit of surface area equal to 100 square meters,
the trees,4916817,,
to discuss,4916439,,"to consider or examine in speech or writing; ""The author talks about the different aspects of this question""; ""The class discussed Dante's `Inferno'"""
taking the,4912054,"very attractive; capturing interest; ""a fetching new hairstyle""; ""something inexpressibly taking in his manner""; ""a winning personality""",
eyes were,4910348,"opinion or judgment; ""in the eyes of the law""; ""I was wrong in her eyes""",
thing to,4910286,"a special situation; ""this thing has got to end""; ""it is a remarkable thing""",
human beings,4909903,"having human form or attributes as opposed to those of animals or divine beings; ""human beings""; ""the human body""; ""human kindness""; ""human frailty""",
you just,4906357,,"used especially of what is legally or ethically right or proper or fitting; ""a just and lasting peace""- A.Lincoln; ""a kind and just man""; ""a just reward""; ""his just inheritance"""
this type,4905433,,"a small metal block bearing a raised character on one end; produces a printed character when inked and pressed on paper; ""he dropped a case of type, so they made him pick them up"""
the construction,4905319,,"the commercial activity involved in repairing old structures or constructing new ones; ""their main business is home construction""; ""workers in the building trades"""
also been,4905292,"in addition; ""he has a Mercedes, too""",
to visit,4905248,,"a temporary stay (e.g., as a guest)"
from me,4904969,,a state in New England
secretary of,4904077,a person to whom a secret is entrusted,
what does,4902780,,
now and,4901208,"the momentary present; ""Now is a good time to do it""; ""it worked up to right now""",
relative to,4900887,"properly related in size or degree or other measurable characteristics; usually followed by `to'; ""the punishment ought to be proportional to the crime""; ""earnings relative to production""",
is less,4899033,,"(nonstandard in some uses but often idiomatic with measure phrases) fewer; ""less than three weeks""; ""no less than 50 people attended""; ""in 25 words or less"""
they must,4898191,,the quality of smelling or tasting old or stale or mouldy
God and,4897150,"a man of such superior qualities that he seems like a deity to other people; ""he was a god among men""",
the stage,4895548,,"a specific identifiable position in a continuum or series or especially in a process; ""a remarkable degree of frankness""; ""at what stage are the social sciences?"""
said in,4893230,,"currently fashionable; ""the in thing to do""; ""large shoulder pads are in"""
showed that,4890654,,
between two,4890295,"in between; ""two houses with a tree between""","being one more than one; ""he received two messages"""
feel like,4889581,"the general atmosphere of a place or situation and the effect that it has on people; ""the feel of the city excited him""; ""a clergyman improved the tone of the meeting""; ""it had the smell of treason""","resembling or similar; having the same or some of the same characteristics; often used in combination; ""suits of like design""; ""a limited circle of like minds""; ""members of the cat family have like dispositions""; ""as like as two peas in a pod""; ""doglike devotion""; ""a dreamlike quality"""
she might,4886348,,physical strength
find it,4881238,the act of discovering something,the branch of engineering that deals with the use of computers and telecommunications to retrieve and store and transmit information
given in,4880893,"acknowledged as a supposition; ""given the engine's condition, it is a wonder that it started""","currently fashionable; ""the in thing to do""; ""large shoulder pads are in"""
man of,4879205,"an adult person who is male (as opposed to a woman); ""there were two women and six men on the bus""",
of more,4878537,,"English statesman who opposed Henry VIII's divorce from Catherine of Aragon and was imprisoned and beheaded; recalled for his concept of Utopia, the ideal state"
will take,4878480,"the capability of conscious choice and decision and intention; ""the exercise of their volition we construe as revolt""- George Meredith","the income or profit arising from such transactions as the sale of land or other property; ""the average return was about 5%"""
my face,4877773,,a vertical surface of a building or cliff
these things,4877417,,"any movable possession (especially articles of clothing); ""she packed her things and left"""
the core,4875636,,a bar of magnetic material (as soft iron) that passes through a coil and serves to increase the inductance of the coil
up of,4874730,"open; ""the windows are up""",
to cover,4873959,,"the act of concealing the existence of something by obstructing the view of it; ""the cover concealed their guns from enemy aircraft"""
the start,4873918,,"the time at which something is supposed to begin; ""they got an early start""; ""she knew from the get-go that he was the man for her"""
to himself,4870570,,
and walked,4867374,,
on them,4866791,"in operation or operational; ""left the oven on""; ""the switch is in the on position""",
sought to,4866599,"being searched for; ""the most sought-after item was the silver candelabrum""",
an increase,4866056,an associate degree in nursing,"a process of becoming larger or longer or more numerous or more important; ""the increase in unemployment""; ""the growth of population"""
groups of,4865638,,
share of,4864754,"the allotment of some amount by dividing something; ""death gets more than its share of attention from theologians""",
failure to,4864511,a person with a record of failing; someone who loses consistently,
came in,4862275,,"currently fashionable; ""the in thing to do""; ""large shoulder pads are in"""
with more,4861041,,"English statesman who opposed Henry VIII's divorce from Catherine of Aragon and was imprisoned and beheaded; recalled for his concept of Utopia, the ideal state"
the mid,4859202,,
was doing,4858661,,
are available,4858578,a unit of surface area equal to 100 square meters,"not busy; not otherwise committed; ""he was not available for comment""; ""he was available and willing to accompany her"""
enter the,4858076,make a record of; set down in permanent form,
of another,4851830,,
a complete,4850756,"the basic unit of electric current adopted under the Systeme International d'Unites; ""a typical household circuit carries 15 to 50 amps""","having come or been brought to a conclusion; ""the harvesting was complete""; ""the affair is over, ended, finished""; ""the abruptly terminated interview"""
the music,4849748,,"punishment for one's actions; ""you have to face the music""; ""take your medicine"""
the financial,4846552,,"involving financial matters; ""fiscal responsibility"""
South Africa,4845489,"situated in or facing or moving toward or coming from the south; ""the south entrance""",the second largest continent; located to the south of Europe and bordered to the west by the South Atlantic and to the east by the Indian Ocean
for several,4844502,,
three of,4843852,being one more than two,
become the,4842355,"enter or assume a certain state or condition; ""He became annoyed when he heard the bad news""; ""It must be getting more serious""; ""her face went red with anger""; ""She went into ecstasy""; ""Get going!""",
the spirit,4840735,,the vital principle or animating force within living things
continues to,4840632,,
the usual,4840049,,"occurring or encountered or experienced or observed frequently or in accordance with regular practice or procedure; ""grew the usual vegetables""; ""the usual summer heat""; ""came at the usual time""; ""the child's usual bedtime"""
a white,4839085,"the basic unit of electric current adopted under the Systeme International d'Unites; ""a typical household circuit carries 15 to 50 amps""","(of a surface) not written or printed on; ""blank pages""; ""fill in the blank spaces""; ""a clean page""; ""wide white margins"""
about you,4837389,"in rotation or succession; ""turn about is fair play""",
do to,4837184,doctor's degree in osteopathy,
numbers of,4835360,an illegal daily lottery,
home to,4831400,"relating to or being where one lives or where one's roots are; ""my home town""",
open to,4831328,"openly straightforward and direct without reserve or secretiveness; ""his candid eyes""; ""an open and trusting nature""; ""a heart-to-heart talk""",
had given,4829048,,"acknowledged as a supposition; ""given the engine's condition, it is a wonder that it started"""
sure you,4826767,"physically secure or dependable; ""a sure footing""; ""was on sure ground""",
all my,4822686,"completely given to or absorbed by; ""became all attention""",
the goal,4822109,,"a successful attempt at scoring; ""the winning goal came with less than a minute left to play"""
the proposed,4821748,,
from your,4821546,,
is too,4821101,,"to a degree exceeding normal or proper limits; ""too big"""
the president,4820766,,the chief executive of a republic
which you,4820011,,
she and,4818624,,
only for,4818572,"exclusive of anyone or anything else; ""she alone believed him""; ""cannot live by bread alone""; ""I'll have this car and this car only""",
he never,4818208,a very light colorless element that is one of the six inert gasses; the most difficult gas to liquefy; occurs in economically extractable amounts in certain natural gases (as those found in Texas and Kansas),"not ever; at no time in the past or future; ""I have never been to China""; ""I shall never forget this day""; ""had never seen a circus""; ""never on Sunday""; ""I will never marry you!"""
was my,4817806,,
very good,4817176,"used as intensifiers; `real' is sometimes used informally for `really'; `rattling' is informal; ""she was very gifted""; ""he played very well""; ""a really enjoyable evening""; ""I'm real sorry about it""; ""a rattling good yarn""","resulting favorably; ""it's a good thing that I wasn't there""; ""it is good that you stayed""; ""it is well that no one saw you""; ""all's well that ends well"""
she can,4816883,,the quantity contained in a can
provide the,4816669,"determine (what is to happen in certain contingencies), especially by including a proviso condition or stipulation; ""The will provides that each child should receive half of the money""; ""The Constitution provides for the right to free speech""",
been so,4816048,,the syllable naming the fifth (dominant) note of any musical scale in solmization
his work,4815040,,"(physics) a manifestation of energy; the transfer of energy from one physical system to another expressed as the product of a force and the distance through which it moves a body in the direction of that force; ""work equals force times distance"""
the bank,4813862,,"the funds held by a gambling house or the dealer in some gambling games; ""he tried to break the bank at Monte Carlo"""
explain the,4812819,"define; ""The committee explained their plan for fund-raising to the Dean""",
looks like,4812573,,"resembling or similar; having the same or some of the same characteristics; often used in combination; ""suits of like design""; ""a limited circle of like minds""; ""members of the cat family have like dispositions""; ""as like as two peas in a pod""; ""doglike devotion""; ""a dreamlike quality"""
a black,4812486,"the basic unit of electric current adopted under the Systeme International d'Unites; ""a typical household circuit carries 15 to 50 amps""","(of events) having extremely unfortunate or dire consequences; bringing ruin; ""the stock market crashed on Black Friday""; ""a calamitous defeat""; ""the battle was a disastrous end to a disastrous campaign""; ""such doctrines, if true, would be absolutely fatal to my theory""- Charles Darwin; ""it is fatal to enter any war without the will to win it""- Douglas MacArthur; ""a fateful error"""
first of,4811932,"serving to begin; ""the beginning canto of the poem""; ""the first verse""",
too many,4810689,"to a degree exceeding normal or proper limits; ""too big""","a quantifier that can be used with count nouns and is often preceded by `as' or `too' or `so' or `that'; amounting to a large but indefinite number; ""many temptations""; ""the temptations are many""; ""a good many""; ""a great many""; ""many directions""; ""take as many apples as you like""; ""too many clouds to see""; ""never saw so many people"""
had said,4809619,,
realized that,4808373,"successfully completed or brought to an end; ""his mission accomplished he took a vacation""; ""the completed project""; ""the joy of a realized ambition overcame him""",
most likely,4806251,"used to form the superlative; ""the king cobra is the most dangerous snake""","has a good chance of being the case or of coming about; ""these services are likely to be available to us all before long""; ""she is likely to forget""; ""a likely place for a restaurant""; ""the broken limb is likely to fall""; ""rain is likely""; ""a likely topic for investigation""; ""likely candidates for the job"""
San Francisco,4804579,,
beneath the,4803122,in or to a place that is lower,
body and,4802057,"the external structure of a vehicle; ""the body of the car was badly rusted""",
the fourth,4801484,,"coming next after the third and just before the fifth in position or time or degree or magnitude; ""the quaternary period of geologic time extends from the end of the tertiary period to the present"""
the Middle,4801316,,"being neither at the beginning nor at the end in a series; ""adolescence is an awkward in-between age""; ""in a mediate position""; ""the middle point on a line"""
taking a,4799532,"very attractive; capturing interest; ""a fetching new hairstyle""; ""something inexpressibly taking in his manner""; ""a winning personality""","the basic unit of electric current adopted under the Systeme International d'Unites; ""a typical household circuit carries 15 to 50 amps"""
and sometimes,4795645,,"on certain occasions or in certain cases but not always; ""sometimes she wished she were back in England""; ""sometimes her photography is breathtaking""; ""sometimes they come for a month; at other times for six months"""
come out,4795109,the thick white fluid containing spermatozoa that is ejaculated by the male genital tract,"outer or outlying; ""the out islands"""
connected to,4794278,"stored in, controlled by, or in direct communication with a central computer",
was almost,4790957,,"(of actions or states) slightly short of or not quite accomplished; all but; ""the job is (just) about done""; ""the baby was almost asleep when the alarm sounded""; ""we're almost finished""; ""the car all but ran her down""; ""he nearly fainted""; ""talked for nigh onto 2 hours""; ""the recording is well-nigh perfect""; ""virtually all the parties signed the contract""; ""I was near exhausted by the run""; ""most everyone agrees"""
a local,4790461,"the basic unit of electric current adopted under the Systeme International d'Unites; ""a typical household circuit carries 15 to 50 amps""","relating to or applicable to or concerned with the administration of a city or town or district rather than a larger area; ""local taxes""; ""local authorities"""
the ones,4790299,,
best to,4789978,"(superlative of `good') having the most positive qualities; ""the best film of the year""; ""the best solution""; ""the best time for planting""; ""wore his best suit""",
with what,4788537,,
evolution of,4787001,"a process in which something passes by degrees to a different stage (especially a more advanced or mature stage); ""the development of his ideas took many years""; ""the evolution of Greek civilization""; ""the slow development of her skill as a writer""",
hands and,4786864,"(with `in') guardianship over; in divorce cases it is the right to house and care for and discipline a child; ""my fate is in your hands""; ""too much power in the president's hands""; ""your guests are now in my custody""; ""the mother was awarded custody of the children""",
put a,4786335,the option to sell a given stock (or stock index or commodity future) at a given price before a given date,"the basic unit of electric current adopted under the Systeme International d'Unites; ""a typical household circuit carries 15 to 50 amps"""
content of,4784875,"satisfied or showing satisfaction with things as they are; ""a contented smile""",
came back,4784671,,"a support that you can lean against while sitting; ""the back of the dental chair was adjustable"""
the knowledge,4784117,,the psychological result of perception and learning and reasoning
the theory,4777889,,"a tentative insight into the natural world; a concept that is not yet verified but that if true would explain certain facts or phenomena; ""a scientific hypothesis that survives experimental testing becomes a scientific theory""; ""he proposed a fresh theory of alkalis that later was accepted in chemical practices"""
all in,4777802,"completely given to or absorbed by; ""became all attention""","currently fashionable; ""the in thing to do""; ""large shoulder pads are in"""
turn to,4777243,"a favor for someone; ""he did me a good turn""",
is defined,4776760,,"clearly characterized or delimited; ""lost in a maze of words both defined and undefined""; ""each child has clearly defined duties"""
the relative,4775368,,"properly related in size or degree or other measurable characteristics; usually followed by `to'; ""the punishment ought to be proportional to the crime""; ""earnings relative to production"""
set out,4774464,converted to solid form (as concrete),"outer or outlying; ""the out islands"""
to die,4771534,,a small cube with 1 to 6 spots on the six faces; used in gambling to generate random numbers
makes it,4770173,,the branch of engineering that deals with the use of computers and telecommunications to retrieve and store and transmit information
date of,4769280,"a participant in a date; ""his date never stopped talking""",
an end,4768644,an associate degree in nursing,"(football) the person who plays at one end of the line of scrimmage; ""the end managed to hold onto the pass"""
the length,4768441,,"a section of something that is long and narrow; ""a length of timber""; ""a length of tubing"""
this approach,4768389,,"a way of entering or leaving; ""he took a wrong turn on the access to the bridge"""
to catch,4767448,,"the quantity that was caught; ""the catch was only 10 fish"""
rise to,4765626,the act of changing location in an upward direction,
the plan,4764314,,"scale drawing of a structure; ""the plans for City Hall were on file"""
of love,4762769,,"a score of zero in tennis or squash; ""it was 40 love"""
that people,4762633,,"(plural) any group of human beings (men or women or children) collectively; ""old people""; ""there were at least 200 people in the audience"""
Los Angeles,4759709,,
ahead of,4759695,"at or in the front; ""I see the lights of a town ahead""; ""the road ahead is foggy""; ""staring straight ahead""; ""we couldn't see over the heads of the people in front""; ""with the cross of Jesus marching on before""",
how we,4758337,,
and set,4756385,,converted to solid form (as concrete)
pick up,4756228,"the quantity of a crop that is harvested; ""he sent the first picking of berries to the market""; ""it was the biggest peach pick in years""","open; ""the windows are up"""
the boys,4755122,,
and pulled,4754446,,
cent of,4751367,a coin worth one-hundredth of the value of the basic unit,
first and,4750358,"serving to begin; ""the beginning canto of the poem""; ""the first verse""",
had happened,4750029,,
the army,4749764,,a large number of people united for some specific purpose
it takes,4749664,the branch of engineering that deals with the use of computers and telecommunications to retrieve and store and transmit information,
is available,4748379,,"not busy; not otherwise committed; ""he was not available for comment""; ""he was available and willing to accompany her"""
research on,4747806,"a search for knowledge; ""their pottery deserves more research than it has received""","in operation or operational; ""left the oven on""; ""the switch is in the on position"""
have also,4747534,a person who possesses great material wealth,"in addition; ""he has a Mercedes, too"""
he or,4747171,a very light colorless element that is one of the six inert gasses; the most difficult gas to liquefy; occurs in economically extractable amounts in certain natural gases (as those found in Texas and Kansas),"a room in a hospital equipped for the performance of surgical operations; ""great care is taken to keep the operating rooms aseptic"""
was never,4746958,,"not ever; at no time in the past or future; ""I have never been to China""; ""I shall never forget this day""; ""had never seen a circus""; ""never on Sunday""; ""I will never marry you!"""
some people,4745680,"remarkable; ""that was some party""; ""she is some skier""","(plural) any group of human beings (men or women or children) collectively; ""old people""; ""there were at least 200 people in the audience"""
could get,4739635,,a return on a shot that seemed impossible to reach and would normally have resulted in a point for the opponent
in practice,4737667,"currently fashionable; ""the in thing to do""; ""large shoulder pads are in""","a customary way of operation or behavior; ""it is their practice to give annual raises""; ""they changed their dietary pattern"""
took place,4736876,,"a particular situation; ""If you were in my place what would you do?"""
us that,4735996,North American republic containing 50 states - 48 conterminous states in North America plus Alaska in northwest North America and the Hawaiian Islands in the Pacific Ocean; achieved independence in 1776,
people were,4735597,"(plural) any group of human beings (men or women or children) collectively; ""old people""; ""there were at least 200 people in the audience""",
she will,4734464,,"the capability of conscious choice and decision and intention; ""the exercise of their volition we construe as revolt""- George Meredith"
men who,4734357,the force of workers available,a United Nations agency to coordinate international health activities and to help governments improve health services
the chief,4734277,,"a person who exercises control over workers; ""if you want to leave early you have to ask the foreman"""
the view,4732126,,"graphic art consisting of the graphic or photographic representation of a visual percept; ""he painted scenes from everyday life""; ""figure 2 shows photographic and schematic views of the equipment"""
the international,4731442,,"from or between other countries; ""external commerce""; ""international trade""; ""developing nations need outside help"""
available for,4722281,"not busy; not otherwise committed; ""he was not available for comment""; ""he was available and willing to accompany her""",
if any,4720792,,"to any degree or extent; ""it isn't any better"""
of whom,4720626,,
them on,4720031,,"in operation or operational; ""left the oven on""; ""the switch is in the on position"""
a greater,4718973,"the basic unit of electric current adopted under the Systeme International d'Unites; ""a typical household circuit carries 15 to 50 amps""","greater in size or importance or degree; ""for the greater good of the community""; ""the greater Antilles"""
exactly what,4717452,"indicating exactness or preciseness; ""he was doing precisely (or exactly) what she had told him to do""; ""it was just as he said--the jewel was gone""; ""it has just enough salt""; ""Properly speaking, all true work is religion.""--Thomas Carlyle",
the picture,4717048,,"a situation treated as an observable object; ""the political picture is favorable""; ""the religious scene in England has changed in the last century"""
they 'll,4715818,,
were going,4715535,,the act of departing
the set,4714799,,converted to solid form (as concrete)
felt a,4710886,a fabric made of compressed matted animal fibers,"the basic unit of electric current adopted under the Systeme International d'Unites; ""a typical household circuit carries 15 to 50 amps"""
and every,4710550,,
stood up,4710198,,"open; ""the windows are up"""
the focus,4705585,,a point of convergence of light (or other radiation) or a point from which it diverges
charge of,4703303,"the quantity of unbalanced electricity in a body (either positive or negative) and construed as an excess or deficiency of electrons; ""the battery needed a fresh charge""",
is considered,4702772,,"carefully weighed; ""a considered opinion"""
wait for,4702527,"the act of waiting (remaining inactive in one place while expecting something); ""the wait was an ordeal for him""",
many times,4701379,"a quantifier that can be used with count nouns and is often preceded by `as' or `too' or `so' or `that'; amounting to a large but indefinite number; ""many temptations""; ""the temptations are many""; ""a good many""; ""a great many""; ""many directions""; ""take as many apples as you like""; ""too many clouds to see""; ""never saw so many people""","a more or less definite period of time now or previously present; ""it was a sign of the times"""
think he,4699725,"an instance of deliberate thinking; ""I need to give it a good think""",a very light colorless element that is one of the six inert gasses; the most difficult gas to liquefy; occurs in economically extractable amounts in certain natural gases (as those found in Texas and Kansas)
of food,4698648,,any substance that can be metabolized by an animal to give energy and build tissue
listening to,4697677,"the act of hearing attentively; ""you can learn a lot by just listening""; ""they make good music--you should give them a hearing""",
introduction to,4697199,"the act of beginning something new; ""they looked forward to the debut of their new product line""",
purposes of,4696975,,
details of,4696958,"true confidential information; ""after the trial he gave us the real details""",
the sample,4696915,,a small part of something intended as representative of the whole
then they,4696762,"that time; that moment; ""we will arrive before then""; ""we were friends from then on""",
anything to,4695303,,
in India,4694990,"currently fashionable; ""the in thing to do""; ""large shoulder pads are in""",a republic in the Asian subcontinent in southern Asia; second most populous country in the world; achieved independence from the United Kingdom in 1947
know I,4694220,"the fact of being aware of information that is known to few people; ""he is always in the know""","used of a single unit or thing; not two or more; ""`ane' is Scottish"""
do anything,4693032,doctor's degree in osteopathy,
Proceedings of,4689774,(law) the institution of a sequence of steps by which legal judgments are invoked,
the solution,4688587,,"a homogeneous mixture of two or more substances; frequently (but not necessarily) a liquid solution; ""he used a solution of peroxide and water"""
history and,4688274,"the aggregate of past events; ""a critical time in the school's history""",
which in,4687012,,"currently fashionable; ""the in thing to do""; ""large shoulder pads are in"""
will make,4686336,"the capability of conscious choice and decision and intention; ""the exercise of their volition we construe as revolt""- George Meredith",the act of mixing cards haphazardly
he began,4684481,a very light colorless element that is one of the six inert gasses; the most difficult gas to liquefy; occurs in economically extractable amounts in certain natural gases (as those found in Texas and Kansas),
the growth,4683455,,"(biology) the process of an individual organism growing organically; a purely biological unfolding of events involved in an organism changing gradually from a simple to a more complex level; ""he proposed an indicator of osseous development in children"""
tell her,4682508,a Swiss patriot who lived in the early 14th century and who was renowned for his skill as an archer; according to legend an Austrian governor compelled him to shoot an apple from his son's head with his crossbow (which he did successfully without mishap),
strength of,4682161,"the condition of financial success; ""the strength of the company's stock in recent weeks""",
the title,4681518,,"the status of being a champion; ""he held the title for two years"""
turned out,4680603,"in an unpalatable state; ""sour milk""","outer or outlying; ""the out islands"""
king 's,4679530,a male sovereign; ruler of a kingdom,
word of,4676436,"a string of bits stored in computer memory; ""large computers use words up to 64 bits long""",
states of,4675677,,
on in,4674769,"in operation or operational; ""left the oven on""; ""the switch is in the on position""","currently fashionable; ""the in thing to do""; ""large shoulder pads are in"""
the better,4673206,,"more than half; ""argued for the better part of an hour"""
and cultural,4670742,,"denoting or deriving from or distinctive of the ways of living built up by a group of people; ""influenced by ethnic and cultural ties""- J.F.Kennedy; ""ethnic food"""
nineteenth century,4666956,coming next after the eighteenth in position,ten 10s
young people,4665864,"being in its early stage; ""a young industry""; ""the day is still young""","(plural) any group of human beings (men or women or children) collectively; ""old people""; ""there were at least 200 people in the audience"""
moment of,4665691,a turning force produced by an object acting at a distance (or a measure of that force),
from it,4663806,,the branch of engineering that deals with the use of computers and telecommunications to retrieve and store and transmit information
argues that,4663350,,
working on,4663286,"adequate for practical use; especially sufficient in strength or numbers to accomplish something; ""the party has a working majority in the House""; ""a working knowledge of Spanish""","in operation or operational; ""left the oven on""; ""the switch is in the on position"""
a public,4662926,"the basic unit of electric current adopted under the Systeme International d'Unites; ""a typical household circuit carries 15 to 50 amps""","not private; open to or concerning the people as a whole; ""the public good""; ""public libraries""; ""public funds""; ""public parks""; ""a public scandal""; ""public gardens""; ""performers and members of royal families are public figures"""
conditions of,4660638,"the atmospheric conditions that comprise the state of the atmosphere in terms of temperature and wind and clouds and precipitation; ""they were hoping for good weather""; ""every day we have weather conditions and yesterday was no exception""; ""the conditions were too rainy for playing in the snow""",
will never,4658606,"the capability of conscious choice and decision and intention; ""the exercise of their volition we construe as revolt""- George Meredith","not ever; at no time in the past or future; ""I have never been to China""; ""I shall never forget this day""; ""had never seen a circus""; ""never on Sunday""; ""I will never marry you!"""
necessary for,4658531,absolutely essential,
not much,4657506,"negation of a word or group of words; ""he does not speak French""; ""she is not going""; ""they are not friends""; ""not many""; ""not much""; ""not at all""","a great amount or extent; ""they did much for humanity"""
the thing,4656017,,"a special situation; ""this thing has got to end""; ""it is a remarkable thing"""
at its,4655510,100 at equal 1 kip in Laos,
these were,4654808,,
put in,4653573,the option to sell a given stock (or stock index or commodity future) at a given price before a given date,"currently fashionable; ""the in thing to do""; ""large shoulder pads are in"""
representation of,4652286,the act of representing; standing in for someone or some group and speaking with authority in their behalf,
are being,4651034,a unit of surface area equal to 100 square meters,"the state or fact of existing; ""a point of view gradually coming into being""; ""laws in existence for centuries""; ""he appeared on the face of the earth one day"""
ministry of,4650857,"the work of a minister of religion; ""he is studying for the ministry""",
saw that,4648062,a power tool for cutting wood,
do something,4644719,doctor's degree in osteopathy,
the media,4643870,,
the movement,4643586,,"an optical illusion of motion produced by viewing a rapid succession of still pictures of a moving object; ""the cinema relies on apparent motion""; ""the succession of flashing lights gave an illusion of movement"""
was he,4643191,,a very light colorless element that is one of the six inert gasses; the most difficult gas to liquefy; occurs in economically extractable amounts in certain natural gases (as those found in Texas and Kansas)
more about,4640198,"English statesman who opposed Henry VIII's divorce from Catherine of Aragon and was imprisoned and beheaded; recalled for his concept of Utopia, the ideal state","in rotation or succession; ""turn about is fair play"""
to assess,4637815,,set or determine the amount of (a payment such as a fine)
the principle,4635887,,"(law) an explanation of the fundamental reasons (especially an explanation of the working of some device in terms of laws of nature); ""the rationale for capital punishment""; ""the principles of internal-combustion engines"""
the class,4635870,,"elegance in dress or behavior; ""she has a lot of class"""
is clear,4634702,,"freed from any question of guilt; ""is absolved from all blame""; ""was now clear of the charge of cowardice""; ""his official honor is vindicated"""
the cell,4634595,,a device that delivers an electric current as the result of a chemical reaction
words of,4633193,"language that is spoken or written; ""he has a gift for words""; ""she put her thoughts into words""",
good to,4630316,"resulting favorably; ""it's a good thing that I wasn't there""; ""it is good that you stayed""; ""it is well that no one saw you""; ""all's well that ends well""",
product of,4626295,"a consequence of someone's efforts or of a particular set of circumstances; ""skill is the product of hours of practice""; ""his reaction was the product of hunger and fatigue""",
responsibility for,4625764,"the social force that binds you to the courses of action demanded by that force; ""we must instill a sense of duty in our children""; ""every right implies a responsibility; every opportunity, an obligation; every possession, a duty""- John D.Rockefeller Jr",
the economy,4623086,,"an act of economizing; reduction in cost; ""it was a small economy to walk to work every day""; ""there was a saving of 50 cents"""
let her,4622950,a serve that strikes the net before falling into the receiver's court; the ball must be served again,
to focus,4622648,,a point of convergence of light (or other radiation) or a point from which it diverges
worry about,4621638,"something or someone that causes anxiety; a source of unhappiness; ""New York traffic is a constant concern""; ""it's a major worry""","in rotation or succession; ""turn about is fair play"""
some kind,4621389,"remarkable; ""that was some party""; ""she is some skier""","tolerant and forgiving under provocation; ""our neighbor was very kind about the window our son broke"""
the voice,4619072,,"an advocate who represents someone else's policy or purpose; ""the meeting was attended by spokespersons for all the major organs of government"""
something else,4618757,,
them for,4617710,,
the message,4615405,,"a communication (usually brief) that is written or spoken or signaled; ""he sent a three-word message"""
before it,4613869,"earlier in time; previously; ""I had known her before""; ""as I said before""; ""he called me the day before but your call had come even earlier""; ""her parents had died four years earlier""; ""I mentioned that problem earlier""",the branch of engineering that deals with the use of computers and telecommunications to retrieve and store and transmit information
would do,4611226,,doctor's degree in osteopathy
will also,4610953,"the capability of conscious choice and decision and intention; ""the exercise of their volition we construe as revolt""- George Meredith","in addition; ""he has a Mercedes, too"""
it that,4610598,the branch of engineering that deals with the use of computers and telecommunications to retrieve and store and transmit information,
who 's,4609927,a United Nations agency to coordinate international health activities and to help governments improve health services,
their children,4609891,,
doing so,4608944,,the syllable naming the fifth (dominant) note of any musical scale in solmization
gave her,4606123,,
more or,4603935,"English statesman who opposed Henry VIII's divorce from Catherine of Aragon and was imprisoned and beheaded; recalled for his concept of Utopia, the ideal state","a room in a hospital equipped for the performance of surgical operations; ""great care is taken to keep the operating rooms aseptic"""
go and,4603100,"functioning correctly and ready for action; ""all systems are go""",
for another,4602326,,
can take,4601304,the quantity contained in a can,"the income or profit arising from such transactions as the sale of land or other property; ""the average return was about 5%"""
saying that,4600786,"a word or phrase that particular people use in particular situations; ""pardon the expression""",
the hand,4600550,,"a member of the crew of a ship; ""all hands on deck"""
a girl,4599963,"the basic unit of electric current adopted under the Systeme International d'Unites; ""a typical household circuit carries 15 to 50 amps""","a female human offspring; ""her daughter cared for her in her old age"""
the ways,4596780,,structure consisting of a sloping way down to the water from the place where ships are built or repaired
hand to,4596304,"a member of the crew of a ship; ""all hands on deck""",
some cases,4595896,"remarkable; ""that was some party""; ""she is some skier""",
to pick,4594916,,"the quantity of a crop that is harvested; ""he sent the first picking of berries to the market""; ""it was the biggest peach pick in years"""
taken to,4593714,"understood in a certain way; made sense of; ""a word taken literally""; ""a smile taken as consent""; ""an open door interpreted as an invitation""",
the screen,4593343,,"a protective covering that keeps things out or hinders sight; ""they had just moved in and had not put up blinds yet"""
with any,4592050,,"to any degree or extent; ""it isn't any better"""
are at,4591616,a unit of surface area equal to 100 square meters,100 at equal 1 kip in Laos
a human,4589649,"the basic unit of electric current adopted under the Systeme International d'Unites; ""a typical household circuit carries 15 to 50 amps""","having human form or attributes as opposed to those of animals or divine beings; ""human beings""; ""the human body""; ""human kindness""; ""human frailty"""
also to,4589598,"in addition; ""he has a Mercedes, too""",
not find,4589099,"negation of a word or group of words; ""he does not speak French""; ""she is not going""; ""they are not friends""; ""not many""; ""not much""; ""not at all""",the act of discovering something
first to,4586130,"serving to begin; ""the beginning canto of the poem""; ""the first verse""",
of patients,4585292,,
us in,4584820,North American republic containing 50 states - 48 conterminous states in North America plus Alaska in northwest North America and the Hawaiian Islands in the Pacific Ocean; achieved independence in 1776,"currently fashionable; ""the in thing to do""; ""large shoulder pads are in"""
the Federal,4583283,,"national; especially in reference to the government of the United States as distinct from that of its member units; ""the Federal Bureau of Investigation""; ""federal courts""; ""the federal highway program""; ""federal property"""
character of,4583231,"good repute; ""he is a man of character""",
the corresponding,4582283,,"accompanying; ""all rights carry with them corresponding responsibilities"""
also in,4581044,"in addition; ""he has a Mercedes, too""","currently fashionable; ""the in thing to do""; ""large shoulder pads are in"""
there has,4579737,"a location other than here; that place; ""you can take it from there""",
on each,4579329,"in operation or operational; ""left the oven on""; ""the switch is in the on position""","to or from every one of two or more (considered individually); ""they received $10 each"""
shown that,4579216,,
he stood,4578922,a very light colorless element that is one of the six inert gasses; the most difficult gas to liquefy; occurs in economically extractable amounts in certain natural gases (as those found in Texas and Kansas),
we also,4577688,,"in addition; ""he has a Mercedes, too"""
that what,4576803,,
her feet,4576590,,
by some,4574925,"in reserve; not for immediate use; ""started setting aside money to buy a car""; ""put something by for her old age""; ""has a nest egg tucked away for a rainy day""","remarkable; ""that was some party""; ""she is some skier"""
an open,4572785,an associate degree in nursing,"openly straightforward and direct without reserve or secretiveness; ""his candid eyes""; ""an open and trusting nature""; ""a heart-to-heart talk"""
and still,4572398,,"free from noticeable current; ""a still pond""; ""still waters run deep"""
time that,4571344,"an indefinite period (usually marked by specific attributes or activities); ""the time of year for planting""; ""he was a great actor in his time""",
proportion of,4571128,"the relation between things (or parts of things) with respect to their comparative quantity, magnitude, or degree; ""an inordinate proportion of the book is given over to quotations""; ""a dry martini has a large proportion of gin""",
to apply,4569916,,"refer (a word or name) to a person or thing; ""He applied this racial slur to me!"""
for years,4568844,,"the time during which someone's life continues; ""the monarch's last days""; ""in his final years"""
creating a,4568654,,"the basic unit of electric current adopted under the Systeme International d'Unites; ""a typical household circuit carries 15 to 50 amps"""
are usually,4568032,a unit of surface area equal to 100 square meters,"under normal conditions; ""usually she was late"""
had ever,4566049,,"at any time; ""did you ever smoke?""; ""the best con man of all time"""
get back,4565405,a return on a shot that seemed impossible to reach and would normally have resulted in a point for the opponent,"a support that you can lean against while sitting; ""the back of the dental chair was adjustable"""
my dear,4565365,,dearly loved
reasons for,4565344,,
them into,4565181,,
this to,4564072,,
in recent,4564020,"currently fashionable; ""the in thing to do""; ""large shoulder pads are in""","new; ""recent graduates""; ""a recent addition to the house""; ""recent buds on the apple trees"""
of having,4563574,,
the parties,4562716,,
time with,4561724,"an indefinite period (usually marked by specific attributes or activities); ""the time of year for planting""; ""he was a great actor in his time""",
of several,4559196,,
is quite,4559157,,"to the greatest extent; completely; ""you're quite right""; ""she was quite alone""; ""was quite mistaken""; ""quite the opposite""; ""not quite finished""; ""did not quite make it"""
have already,4558486,a person who possesses great material wealth,"prior to a specified or implied time; ""she has already graduated"""
the short,4558067,,"(primarily spatial sense) having little length or lacking in length; ""short skirts""; ""short hair""; ""the board was a foot short""; ""a short toss"""
a model,4556600,"the basic unit of electric current adopted under the Systeme International d'Unites; ""a typical household circuit carries 15 to 50 amps""","a woman who wears clothes to display fashions; ""she was too fat to be a mannequin"""
glanced at,4552723,,100 at equal 1 kip in Laos
theory and,4552414,"a tentative insight into the natural world; a concept that is not yet verified but that if true would explain certain facts or phenomena; ""a scientific hypothesis that survives experimental testing becomes a scientific theory""; ""he proposed a fresh theory of alkalis that later was accepted in chemical practices""",
the boat,4551782,,a small vessel for travel on water
there had,4551233,"a location other than here; that place; ""you can take it from there""",
one was,4550501,"being a single entity made by combining separate components; ""three chemicals combining into one solution""",
had always,4548023,,"at all times; all the time and on every occasion; ""I will always be there to help you""; ""always arrives on time""; ""there is always some pollution in the air""; ""ever hoping to strike it rich""; ""ever busy"""
the legal,4547448,,established by or founded upon law or official or accepted rules
rely on,4546477,"have faith or confidence in; ""you can count on me to help you any time""; ""Look to your friends for support""; ""You can bet on that!""; ""Depend on your family in times of crisis""","in operation or operational; ""left the oven on""; ""the switch is in the on position"""
is something,4544444,,
too late,4544288,"to a degree exceeding normal or proper limits; ""too big""","after the expected or usual time; delayed; ""a belated birthday card""; ""I'm late for the plane""; ""the train is late""; ""tardy children are sent to the principal""; ""always tardy in making dental appointments"""
the cold,4543975,,"having lost freshness through passage of time; ""a cold trail""; ""dogs attempting to catch a cold scent"""
president of,4543775,the chief executive of a republic,
person 's,4542603,"a human body (usually including the clothing); ""a weapon was hidden on his person""",
sum of,4539122,"a quantity of money; ""he borrowed a large sum""; ""the amount he had in cash was insufficient""",
during this,4539067,,
but was,4537899,"and nothing more; ""I was merely asking""; ""it is simply a matter of time""; ""just a scratch""; ""he was only a child""; ""hopes that last but a moment""",
against a,4537460,,"the basic unit of electric current adopted under the Systeme International d'Unites; ""a typical household circuit carries 15 to 50 amps"""
and started,4536985,,
all three,4536658,"completely given to or absorbed by; ""became all attention""",being one more than two
always be,4536274,"at all times; all the time and on every occasion; ""I will always be there to help you""; ""always arrives on time""; ""there is always some pollution in the air""; ""ever hoping to strike it rich""; ""ever busy""",a light strong brittle grey toxic bivalent metallic element
on both,4535362,"in operation or operational; ""left the oven on""; ""the switch is in the on position""",
required for,4534886,"necessary for relief or supply; ""provided them with all things needful""",
the Old,4534242,,"just preceding something else in time or order; ""the previous owner""; ""my old house was larger"""
and just,4533292,,"used especially of what is legally or ethically right or proper or fitting; ""a just and lasting peace""- A.Lincoln; ""a kind and just man""; ""a just reward""; ""his just inheritance"""
born in,4531791,"brought into existence; ""he was a child born of adultery""","currently fashionable; ""the in thing to do""; ""large shoulder pads are in"""
since I,4531179,,"used of a single unit or thing; not two or more; ""`ane' is Scottish"""
she says,4529855,,
of government,4527426,,"the act of governing; exercising authority; ""regulations for the governing of state prisons""; ""he had considerable experience of government"""
who did,4526326,a United Nations agency to coordinate international health activities and to help governments improve health services,
called a,4525863,,"the basic unit of electric current adopted under the Systeme International d'Unites; ""a typical household circuit carries 15 to 50 amps"""
higher than,4522211,,
you look,4521792,,"the general atmosphere of a place or situation and the effect that it has on people; ""the feel of the city excited him""; ""a clergyman improved the tone of the meeting""; ""it had the smell of treason"""
but one,4521670,"and nothing more; ""I was merely asking""; ""it is simply a matter of time""; ""just a scratch""; ""he was only a child""; ""hopes that last but a moment""","being a single entity made by combining separate components; ""three chemicals combining into one solution"""
attempted to,4519630,"tried unsuccessfully; ""attempted murder""",
about your,4519060,"in rotation or succession; ""turn about is fair play""",
patterns of,4518908,,
the President,4518564,,the chief executive of a republic
the son,4516728,,"a male human offspring; ""their son became a famous judge""; ""his boy is taller than he is"""
all other,4515525,"completely given to or absorbed by; ""became all attention""","not the same one or ones already mentioned or implied; ""today isn't any other day""- the White Queen; ""the construction of highways and other public works""; ""he asked for other employment""; ""any other person would tell the truth""; ""his other books are still in storage""; ""then we looked at the other house""; ""hearing was good in his other ear""; ""the other sex""; ""she lived on the other side of the street from me""; ""went in the other direction"""
is difficult,4515507,,"hard to control; ""a difficult child""; ""an unmanageable situation"""
identify the,4515167,"give the name or identifying characteristics of; refer to by name or some other identifying characteristic property; ""Many senators were named in connection with the scandal""; ""The almanac identifies the auspicious months""",
go out,4514653,"functioning correctly and ready for action; ""all systems are go""","outer or outlying; ""the out islands"""
that at,4513994,,100 at equal 1 kip in Laos
then a,4513940,"that time; that moment; ""we will arrive before then""; ""we were friends from then on""","the basic unit of electric current adopted under the Systeme International d'Unites; ""a typical household circuit carries 15 to 50 amps"""
and often,4513293,,"many times at short intervals; ""we often met over a cup of coffee"""
the tree,4513146,,English actor and theatrical producer noted for his lavish productions of Shakespeare (1853-1917)
the low,4512372,,"literal meanings; being at or having a relatively small elevation or upward extension; ""low ceilings""; ""low clouds""; ""low hills""; ""the sun is low""; ""low furniture""; ""a low bow"""
copy of,4512192,"a thing made to be similar or identical to another thing; ""she made a copy of the designer dress""; ""the clone was a copy of its ancestor""",
book is,4511596,"a record in which commercial accounts are recorded; ""they got a subpoena to examine our books""",
I may,4511000,"used of a single unit or thing; not two or more; ""`ane' is Scottish""",thorny Eurasian shrub of small tree having dense clusters of white to scarlet flowers followed by deep red berries; established as an escape in eastern North America
to lose,4509742,,"fail to win; ""We lost the battle but we won the war"""
it the,4509172,the branch of engineering that deals with the use of computers and telecommunications to retrieve and store and transmit information,
add the,4508279,a condition (mostly in boys) characterized by behavioral and learning disorders,
and go,4506287,,"functioning correctly and ready for action; ""all systems are go"""
up by,4505290,"open; ""the windows are up""","in reserve; not for immediate use; ""started setting aside money to buy a car""; ""put something by for her old age""; ""has a nest egg tucked away for a rainy day"""
take place,4505178,"the income or profit arising from such transactions as the sale of land or other property; ""the average return was about 5%""","a particular situation; ""If you were in my place what would you do?"""
half a,4504796,"(of siblings) related through one parent only; ""a half brother""; ""half sister""","the basic unit of electric current adopted under the Systeme International d'Unites; ""a typical household circuit carries 15 to 50 amps"""
also have,4504694,"in addition; ""he has a Mercedes, too""",a person who possesses great material wealth
he needed,4504331,a very light colorless element that is one of the six inert gasses; the most difficult gas to liquefy; occurs in economically extractable amounts in certain natural gases (as those found in Texas and Kansas),"necessary for relief or supply; ""provided them with all things needful"""
to engage,4504000,,"keep engaged; ""engaged the gears"""
dependent on,4503259,"being under the power or sovereignty of another or others; ""subject peoples""; ""a dependent prince""","in operation or operational; ""left the oven on""; ""the switch is in the on position"""
the post,4503213,,United States manufacturer of breakfast cereals and Postum (1854-1914)
commitment to,4502354,the official act of consigning a person to confinement (as in a prison or mental hospital),
he heard,4499311,a very light colorless element that is one of the six inert gasses; the most difficult gas to liquefy; occurs in economically extractable amounts in certain natural gases (as those found in Texas and Kansas),"detected or perceived by the sense of hearing; ""a conversation heard through the wall"""
to death,4499247,,"the permanent end of all life functions in an organism or part of an organism; ""the animal died a painful death"""
later in,4496399,"at some eventual time in the future; ""By and by he'll understand""; ""I'll see you later""","currently fashionable; ""the in thing to do""; ""large shoulder pads are in"""
form a,4495438,"(physical chemistry) a distinct state of matter in a system; matter that is identical in chemical composition and physical state and separated from other material by the phase boundary; ""the reaction occurs in the liquid phase of the system""","the basic unit of electric current adopted under the Systeme International d'Unites; ""a typical household circuit carries 15 to 50 amps"""
an opportunity,4495126,an associate degree in nursing,"a possibility due to a favorable combination of circumstances; ""the holiday gave us the opportunity to visit Washington""; ""now is your chance"""
mother and,4495051,"a woman who has given birth to a child (also used as a term of address to your mother); ""the mother of three children""",
last time,4493460,"occurring at or forming an end or termination; ""his concluding words came as a surprise""; ""the final chapter""; ""the last days of the dinosaurs""; ""terminal leave""","an indefinite period (usually marked by specific attributes or activities); ""the time of year for planting""; ""he was a great actor in his time"""
to grow,4492168,,"pass into a condition gradually, take on a specific property or attribute; become; ""The weather turned nasty""; ""She grew angry"""
of various,4490768,,"of many different kinds purposefully arranged but lacking any uniformity; ""assorted sizes""; ""his disguises are many and various""; ""various experiments have failed to disprove the theory""; ""cited various reasons for his behavior"""
as of,4489163,a very poisonous metallic element that has three allotropic forms; arsenic and arsenic compounds are used as herbicides and insecticides and various alloys; found in arsenopyrite and orpiment and realgar,
letter to,4488355,owner who lets another person use something (housing usually) for hire,
the darkness,4487120,,absence of light or illumination
of research,4487092,,"a search for knowledge; ""their pottery deserves more research than it has received"""
up her,4485876,"open; ""the windows are up""",
woman who,4483923,"an adult female person (as opposed to a man); ""the woman kept house while the man hunted""",a United Nations agency to coordinate international health activities and to help governments improve health services
before we,4481648,"earlier in time; previously; ""I had known her before""; ""as I said before""; ""he called me the day before but your call had come even earlier""; ""her parents had died four years earlier""; ""I mentioned that problem earlier""",
could only,4481089,,"exclusive of anyone or anything else; ""she alone believed him""; ""cannot live by bread alone""; ""I'll have this car and this car only"""
this new,4480881,,"having no previous example or precedent or parallel; ""a time of unexampled prosperity"""
off his,4479284,"not in operation or operational; ""the oven is off""; ""the lights are off""",
answer to,4478237,"a nonverbal reaction; ""his answer to any problem was to get drunk""; ""their answer was to sue me""",
is most,4476989,,"used to form the superlative; ""the king cobra is the most dangerous snake"""
pattern of,4475302,"a decorative or artistic work; ""the coach had a design on the doors""",
it at,4475032,the branch of engineering that deals with the use of computers and telecommunications to retrieve and store and transmit information,100 at equal 1 kip in Laos
the eye,4473758,,"a small hole or loop (as in a needle); ""the thread wouldn't go through the eye"""
to explore,4472855,,examine (organs) for diagnostic purposes
having to,4472632,,
children of,4471220,,
states that,4469660,,
director of,4468851,someone who controls resources and expenditures,
studies in,4467598,,"currently fashionable; ""the in thing to do""; ""large shoulder pads are in"""
under his,4463604,"located below or beneath something else; ""nether garments""; ""the under parts of a machine""",
the centre,4463319,,"a building dedicated to a particular activity; ""they were raising money to build a new center for research"""
the universe,4461120,,everything stated or assumed in a given discussion
think we,4460358,"an instance of deliberate thinking; ""I need to give it a good think""",
against her,4459546,,
the Indian,4459154,,"of or pertaining to Native Americans or their culture or languages; ""Native American religions""; ""Indian arrowheads"""
thought he,4457924,"the process of using your mind to consider something carefully; ""thinking always made him frown""; ""she paused for thought""",a very light colorless element that is one of the six inert gasses; the most difficult gas to liquefy; occurs in economically extractable amounts in certain natural gases (as those found in Texas and Kansas)
extent of,4457002,"the point or degree to which something extends; ""the extent of the damage""; ""the full extent of the law""; ""to a certain extent she was right""",
have become,4455577,a person who possesses great material wealth,"enter or assume a certain state or condition; ""He became annoyed when he heard the bad news""; ""It must be getting more serious""; ""her face went red with anger""; ""She went into ecstasy""; ""Get going!"""
where there,4454130,,"a location other than here; that place; ""you can take it from there"""
improve the,4449511,"get better; ""The weather improved toward evening""",
and told,4449392,,
the soul,4445001,,the immaterial part of a person; the actuating cause of an individual life
that even,4444609,,"occurring at fixed intervals; ""a regular beat""; ""the even rhythm of his breathing"""
the literature,4442083,,"the profession or art of a writer; ""her place in literature is secure"""
the firm,4436679,,"securely fixed in place; ""the post was still firm after being hit by the car"""
United Kingdom,4435223,of or relating to two people who are married to each other,"a domain in which something is dominant; ""the untroubled kingdom of reason""; ""a land of make-believe""; ""the rise of the realm of cotton in the south"""
located in,4432746,"situated in a particular spot or position; ""valuable centrally located urban land""; ""strategically placed artillery""; ""a house set on a hilltop""; ""nicely situated on a quiet riverbank""","currently fashionable; ""the in thing to do""; ""large shoulder pads are in"""
difference in,4430324,the number that remains after subtraction; the number that when added to the subtrahend gives the minuend,"currently fashionable; ""the in thing to do""; ""large shoulder pads are in"""
a two,4430135,"the basic unit of electric current adopted under the Systeme International d'Unites; ""a typical household circuit carries 15 to 50 amps""","being one more than one; ""he received two messages"""
on earth,4429559,"in operation or operational; ""left the oven on""; ""the switch is in the on position""","the loose soft material that makes up a large part of the land surface; ""they dug into the earth outside the church"""
a means,4427772,"the basic unit of electric current adopted under the Systeme International d'Unites; ""a typical household circuit carries 15 to 50 amps""","considerable capital (wealth or income); ""he is a man of means"""
of man,4427000,,"an adult person who is male (as opposed to a woman); ""there were two women and six men on the bus"""
that only,4426266,,"exclusive of anyone or anything else; ""she alone believed him""; ""cannot live by bread alone""; ""I'll have this car and this car only"""
the mean,4422698,,(used of sums of money) so small in amount as to deserve contempt
New Zealand,4421215,"having no previous example or precedent or parallel; ""a time of unexampled prosperity""",the largest island of Denmark and the site of Copenhagen
is nothing,4419706,,"a quantity of no importance; ""it looked like nothing I had ever seen before""; ""reduced to nil all the work we had done""; ""we racked up a pathetic goose egg""; ""it was all for naught""; ""I didn't hear zilch about it"""
influenced by,4419568,,"in reserve; not for immediate use; ""started setting aside money to buy a car""; ""put something by for her old age""; ""has a nest egg tucked away for a rainy day"""
to both,4419493,,
this paper,4419238,,a material made of cellulose pulp derived mainly from wood or rags or certain grasses
rights of,4418795,,
out by,4418503,"outer or outlying; ""the out islands""","in reserve; not for immediate use; ""started setting aside money to buy a car""; ""put something by for her old age""; ""has a nest egg tucked away for a rainy day"""
economic and,4417424,"financially rewarding; ""it was no longer economic to keep the factory open""; ""have to keep prices high enough to make it economic to continue the service""",
a nice,4416859,"the basic unit of electric current adopted under the Systeme International d'Unites; ""a typical household circuit carries 15 to 50 amps""","pleasant or pleasing or agreeable in nature or appearance; ""what a nice fellow you are and we all thought you so nasty""- George Meredith; ""nice manners""; ""a nice dress""; ""a nice face""; ""a nice day""; ""had a nice time at the party""; ""the corn and tomatoes are nice today"""
who will,4416779,a United Nations agency to coordinate international health activities and to help governments improve health services,"the capability of conscious choice and decision and intention; ""the exercise of their volition we construe as revolt""- George Meredith"
said as,4416512,,a very poisonous metallic element that has three allotropic forms; arsenic and arsenic compounds are used as herbicides and insecticides and various alloys; found in arsenopyrite and orpiment and realgar
help me,4416180,"the activity of contributing to the fulfillment of a need or furtherance of an effort or purpose; ""he gave me an assist with the housework""; ""could not walk without assistance""; ""rescue party went to their aid""; ""offered his help in unloading""",a state in New England
the larger,4416153,,large or big relative to something else
speak to,4415162,"make a characteristic or natural sound; ""The drums spoke""",
that did,4415103,,
hands of,4414224,"(with `in') guardianship over; in divorce cases it is the right to house and care for and discipline a child; ""my fate is in your hands""; ""too much power in the president's hands""; ""your guests are now in my custody""; ""the mother was awarded custody of the children""",
to sell,4412484,,"the activity of persuading someone to buy; ""it was a hard sell"""
the federal,4409543,,"national; especially in reference to the government of the United States as distinct from that of its member units; ""the Federal Bureau of Investigation""; ""federal courts""; ""the federal highway program""; ""federal property"""
the scope,4406518,,"the state of the environment in which a situation exists; ""you can't do that in a university setting"""
he left,4406377,a very light colorless element that is one of the six inert gasses; the most difficult gas to liquefy; occurs in economically extractable amounts in certain natural gases (as those found in Texas and Kansas),of or belonging to the political or intellectual left
said with,4405737,,
a and,4405550,"the basic unit of electric current adopted under the Systeme International d'Unites; ""a typical household circuit carries 15 to 50 amps""",
front door,4404265,a person used as a cover for some questionable activity,"a swinging or sliding barrier that will close the entrance to a room or building or vehicle; ""he knocked on the door""; ""he slammed the door as he left"""
patient 's,4403405,"enduring trying circumstances with even temper or characterized by such endurance; ""a patient smile""; ""was patient with the children""; ""an exact and patient scientist""; ""please be patient""",
around and,4399681,"in circumference; ""the trunk is ten feet around""; ""the pond is two miles around""",
of energy,4398213,,"any source of usable power; ""the DOE is responsible for maintaining the energy policy"""
comparison of,4395617,relation based on similarities and differences,
a company,4395053,"the basic unit of electric current adopted under the Systeme International d'Unites; ""a typical household circuit carries 15 to 50 amps""","the state of being with someone; ""he missed their company""; ""he enjoyed the society of his friends"""
goal of,4394179,"a successful attempt at scoring; ""the winning goal came with less than a minute left to play""",
composed of,4393412,"serenely self-possessed and free from agitation especially in times of stress; ""the performer seemed completely composed as she stepped onto the stage""; ""I felt calm and more composed than I had in a long time""",
the outside,4393384,,"functioning outside the boundaries or precincts of an organized unit; ""extramural hospital care and treatment""; ""extramural studies"""
system and,4392590,"(physical chemistry) a sample of matter in which substances in different phases are in equilibrium; ""in a static system oil cannot be replaced by water on a surface""; ""a system generating hydrogen peroxide""",
do what,4392035,doctor's degree in osteopathy,
thing that,4387525,"a special situation; ""this thing has got to end""; ""it is a remarkable thing""",
the distribution,4387184,,the act of distributing or spreading or apportioning
political and,4386042,"involving or characteristic of politics or parties or politicians; ""calling a meeting is a political act in itself""- Daniel Goleman; ""political pressure""; ""a political machine""; ""political office""; ""political policy""",
in English,4385408,"currently fashionable; ""the in thing to do""; ""large shoulder pads are in""","of or relating to or characteristic of England or its culture or people; ""English history""; ""the English landed aristocracy""; ""English literature"""
and non,4385033,,"negation of a word or group of words; ""he does not speak French""; ""she is not going""; ""they are not friends""; ""not many""; ""not much""; ""not at all"""
board of,4384411,a stout length of sawn timber; made in a wide variety of sizes and used for many purposes,
the ball,4383312,,"a pitch that is not in the strike zone; ""he threw nine straight balls before the manager yanked him"""
be obtained,4381540,a light strong brittle grey toxic bivalent metallic element,
than he,4379856,,a very light colorless element that is one of the six inert gasses; the most difficult gas to liquefy; occurs in economically extractable amounts in certain natural gases (as those found in Texas and Kansas)
his shoulder,4379725,,"a narrow edge of land (usually unpaved) along the side of a road; ""the car pulled off onto the shoulder"""
in early,4374729,"currently fashionable; ""the in thing to do""; ""large shoulder pads are in""","very young; ""at an early age"""
said it,4373718,,the branch of engineering that deals with the use of computers and telecommunications to retrieve and store and transmit information
play a,4373289,"the removal of constraints; ""he gave free rein to his impulses""; ""they gave full play to the artist's talent""","the basic unit of electric current adopted under the Systeme International d'Unites; ""a typical household circuit carries 15 to 50 amps"""
together in,4372722,"mentally and emotionally stable; ""she's really together""","currently fashionable; ""the in thing to do""; ""large shoulder pads are in"""
both in,4372072,,"currently fashionable; ""the in thing to do""; ""large shoulder pads are in"""
surrounded by,4371520,"confined on all sides; ""a camp surrounded by enemies""; ""the encircled pioneers""","in reserve; not for immediate use; ""started setting aside money to buy a car""; ""put something by for her old age""; ""has a nest egg tucked away for a rainy day"""
the method,4369993,,an acting technique introduced by Stanislavsky in which the actor recalls emotions or reactions from his or her own life and uses them to identify with the character being portrayed
the practice,4369720,,"a customary way of operation or behavior; ""it is their practice to give annual raises""; ""they changed their dietary pattern"""
than any,4369191,,"to any degree or extent; ""it isn't any better"""
the Christian,4369085,,"relating to or characteristic of Christianity; ""Christian rites"""
your father,4368917,,the head of an organized crime family
not stop,4368915,"negation of a word or group of words; ""he does not speak French""; ""she is not going""; ""they are not friends""; ""not many""; ""not much""; ""not at all""","a brief stay in the course of a journey; ""they made a stopover to visit their friends"""
can we,4366367,the quantity contained in a can,
tends to,4365829,,
one and,4365821,"being a single entity made by combining separate components; ""three chemicals combining into one solution""",
matter how,4364591,"that which has mass and occupies space; ""physicists study both the nature of matter and the forces which govern it""",
have taken,4363395,a person who possesses great material wealth,"understood in a certain way; made sense of; ""a word taken literally""; ""a smile taken as consent""; ""an open door interpreted as an invitation"""
I were,4362524,"used of a single unit or thing; not two or more; ""`ane' is Scottish""",
until I,4357541,,"used of a single unit or thing; not two or more; ""`ane' is Scottish"""
the hotel,4357403,,a building where travelers can pay for lodging and meals and other services
know if,4356806,"the fact of being aware of information that is known to few people; ""he is always in the know""",
little more,4355170,"(informal) small and of little importance; ""a fiddling sum of money""; ""a footling gesture""; ""our worries are lilliputian compared with those of countries that are at war""; ""a little (or small) matter""; ""a dispute over niggling details""; ""limited to petty enterprises""; ""piffling efforts""; ""giving a police officer a free meal may be against the law, but it seems to be a picayune infraction""","English statesman who opposed Henry VIII's divorce from Catherine of Aragon and was imprisoned and beheaded; recalled for his concept of Utopia, the ideal state"
decision to,4355108,"the act of making up your mind about something; ""the burden of decision was his""; ""he drew his conclusions quickly""",
division of,4353523,the act or process of dividing,
he held,4353513,a very light colorless element that is one of the six inert gasses; the most difficult gas to liquefy; occurs in economically extractable amounts in certain natural gases (as those found in Texas and Kansas),"occupied or in the control of; often used in combination; ""enemy-held territory"""
being in,4353024,"the state or fact of existing; ""a point of view gradually coming into being""; ""laws in existence for centuries""; ""he appeared on the face of the earth one day""","currently fashionable; ""the in thing to do""; ""large shoulder pads are in"""
of age,4351872,,"a time of life (usually defined in years) at which some particular qualification or power arises; ""she was now of school age""; ""tall for his eld"""
our lives,4351026,,
rights and,4350860,,
we got,4347553,,
change of,4346984,"the result of alteration or modification; ""there were marked changes in the lining of the lungs""; ""there had been no change in the mountains""",
back from,4346158,"a support that you can lean against while sitting; ""the back of the dental chair was adjustable""",
work is,4345953,"(physics) a manifestation of energy; the transfer of energy from one physical system to another expressed as the product of a force and the distance through which it moves a body in the direction of that force; ""work equals force times distance""",
I tell,4345706,"used of a single unit or thing; not two or more; ""`ane' is Scottish""",a Swiss patriot who lived in the early 14th century and who was renowned for his skill as an archer; according to legend an Austrian governor compelled him to shoot an apple from his son's head with his crossbow (which he did successfully without mishap)
will help,4344797,"the capability of conscious choice and decision and intention; ""the exercise of their volition we construe as revolt""- George Meredith","the activity of contributing to the fulfillment of a need or furtherance of an effort or purpose; ""he gave me an assist with the housework""; ""could not walk without assistance""; ""rescue party went to their aid""; ""offered his help in unloading"""
the normal,4340145,,"conforming with or constituting a norm or standard or level or type or social norm; not abnormal; ""serve wine at normal room temperature""; ""normal diplomatic relations""; ""normal working hours""; ""normal word order""; ""normal curiosity""; ""the normal course of events"""
the higher,4339531,,
though she,4339503,"(postpositive) however; ""it might be unpleasant, though""",
like he,4337336,"resembling or similar; having the same or some of the same characteristics; often used in combination; ""suits of like design""; ""a limited circle of like minds""; ""members of the cat family have like dispositions""; ""as like as two peas in a pod""; ""doglike devotion""; ""a dreamlike quality""",a very light colorless element that is one of the six inert gasses; the most difficult gas to liquefy; occurs in economically extractable amounts in certain natural gases (as those found in Texas and Kansas)
my hands,4335845,,"(with `in') guardianship over; in divorce cases it is the right to house and care for and discipline a child; ""my fate is in your hands""; ""too much power in the president's hands""; ""your guests are now in my custody""; ""the mother was awarded custody of the children"""
which to,4334740,,
for every,4332634,,
of state,4332261,,"a state of depression or agitation; ""he was in such a state you just couldn't reason with him"""
and without,4330684,,
and development,4328688,,"processing a photosensitive material in order to make an image visible; ""the development and printing of his pictures took only two hours"""
to choose,4327808,,"pick out, select, or choose from a number of alternatives; ""Take any one of these cards""; ""Choose a good husband for your daughter""; ""She selected a pair of shoes from among the dozen the salesgirl had shown her"""
about my,4326241,"in rotation or succession; ""turn about is fair play""",
and perhaps,4326188,,"by chance; ""perhaps she will call tomorrow""; ""we may possibly run into them at the concert""; ""it may peradventure be thought that there never was such a time"""
data from,4325040,"a collection of facts from which conclusions may be drawn; ""statistical data""",
the strength,4323652,,"the condition of financial success; ""the strength of the company's stock in recent weeks"""
sides of,4323426,,
to raise,4321929,,"the act of raising something; ""he responded with a lift of his eyebrow""; ""fireman learn several different raises for getting ladders up"""
went out,4321425,,"outer or outlying; ""the out islands"""
he wrote,4321282,a very light colorless element that is one of the six inert gasses; the most difficult gas to liquefy; occurs in economically extractable amounts in certain natural gases (as those found in Texas and Kansas),
in various,4321277,"currently fashionable; ""the in thing to do""; ""large shoulder pads are in""","of many different kinds purposefully arranged but lacking any uniformity; ""assorted sizes""; ""his disguises are many and various""; ""various experiments have failed to disprove the theory""; ""cited various reasons for his behavior"""
held in,4317812,"occupied or in the control of; often used in combination; ""enemy-held territory""","currently fashionable; ""the in thing to do""; ""large shoulder pads are in"""
belong to,4316235,"be owned by; be in the possession of; ""This book belongs to me""",
were so,4316094,,the syllable naming the fifth (dominant) note of any musical scale in solmization
the Secretary,4314974,,a person to whom a secret is entrusted
to complete,4314916,,"having come or been brought to a conclusion; ""the harvesting was complete""; ""the affair is over, ended, finished""; ""the abruptly terminated interview"""
referring to,4314250,,
went back,4313890,,"a support that you can lean against while sitting; ""the back of the dental chair was adjustable"""
an attempt,4313619,an associate degree in nursing,"the act of attacking; ""attacks on women increased last year""; ""they made an attempt on his life"""
the report,4310682,,"the general estimation that the public has for a person; ""he acquired a reputation as an actor before he started writing""; ""he was a person of bad report"""
if your,4309651,,
not matter,4309276,"negation of a word or group of words; ""he does not speak French""; ""she is not going""; ""they are not friends""; ""not many""; ""not much""; ""not at all""","that which has mass and occupies space; ""physicists study both the nature of matter and the forces which govern it"""
and finally,4308807,,"as the end result of a succession or process; ""ultimately he had to give in""; ""at long last the winter was over"""
or if,4307369,"a room in a hospital equipped for the performance of surgical operations; ""great care is taken to keep the operating rooms aseptic""",
in with,4306736,"currently fashionable; ""the in thing to do""; ""large shoulder pads are in""",
very different,4306705,"used as intensifiers; `real' is sometimes used informally for `really'; `rattling' is informal; ""she was very gifted""; ""he played very well""; ""a really enjoyable evening""; ""I'm real sorry about it""; ""a rattling good yarn""","unlike in nature or quality or form or degree; ""took different approaches to the problem""; ""came to a different conclusion""; ""different parts of the country""; ""on different sides of the issue""; ""this meeting was different from the earlier one"""
arrived at,4306563,,100 at equal 1 kip in Laos
there and,4306533,"a location other than here; that place; ""you can take it from there""",
knew he,4305116,,a very light colorless element that is one of the six inert gasses; the most difficult gas to liquefy; occurs in economically extractable amounts in certain natural gases (as those found in Texas and Kansas)
rules of,4304555,,
than those,4303838,,
give up,4303683,the elasticity of something that can be stretched and returns to its original length,"open; ""the windows are up"""
deal of,4303288,"the act of apportioning or distributing something; ""the captain was entrusted with the deal of provisions""",
benefits of,4302829,,
the expression,4302708,,(genetics) the process of expressing a gene
twentieth century,4302428,coming next after the nineteenth in position,ten 10s
pay for,4302154,"something that remunerates; ""wages were paid by check""; ""he wasted his pay on drink""; ""they saved a quarter of all their earnings""",
the contrary,4300740,,"resistant to guidance or discipline; ""Mary Mary quite contrary""; ""an obstinate child with a violent temper""; ""a perverse mood""; ""wayward behavior"""
it back,4299498,the branch of engineering that deals with the use of computers and telecommunications to retrieve and store and transmit information,"a support that you can lean against while sitting; ""the back of the dental chair was adjustable"""
pursuant to,4298979,,
culture and,4298725,"a highly developed state of perfection; having a flawless or impeccable quality; ""they performed with great polish""; ""I admired the exquisite refinement of his prose""; ""almost an inspiration which gives to all work that finish which is almost art""--Joseph Conrad",
as those,4296694,a very poisonous metallic element that has three allotropic forms; arsenic and arsenic compounds are used as herbicides and insecticides and various alloys; found in arsenopyrite and orpiment and realgar,
say to,4296694,"the chance to speak; ""let him have his say""",
price of,4296443,United States operatic soprano (born 1927),
the glass,4295033,,the quantity a glass will hold
feeling of,4293079,"the general atmosphere of a place or situation and the effect that it has on people; ""the feel of the city excited him""; ""a clergyman improved the tone of the meeting""; ""it had the smell of treason""",
placed in,4292783,"put in position in relation to other things; ""end tables placed conveniently""","currently fashionable; ""the in thing to do""; ""large shoulder pads are in"""
of blood,4292189,,a dissolute man in fashionable society
only by,4291764,"exclusive of anyone or anything else; ""she alone believed him""; ""cannot live by bread alone""; ""I'll have this car and this car only""","in reserve; not for immediate use; ""started setting aside money to buy a car""; ""put something by for her old age""; ""has a nest egg tucked away for a rainy day"""
she should,4291020,,
least one,4289544,"something that is of no importance; ""it is the least I can do""; ""that is the least of my concerns""","being a single entity made by combining separate components; ""three chemicals combining into one solution"""
between a,4288301,"in between; ""two houses with a tree between""","the basic unit of electric current adopted under the Systeme International d'Unites; ""a typical household circuit carries 15 to 50 amps"""
leaving the,4287929,the act of departing,
was her,4287807,,
this in,4286270,,"currently fashionable; ""the in thing to do""; ""large shoulder pads are in"""
the probability,4286241,,"the quality of being probable; a probable event or the most probable event; ""for a while mutiny seemed a probability""; ""going by past experience there was a high probability that the visitors were lost"""
the student,4286143,,a learned person (especially in the humanities); someone who by long study has gained mastery in one or more disciplines
world and,4285200,"all of the living human inhabitants of the earth; ""all the world loves a lover""; ""she always used `humankind' because `mankind' seemed to slight the women""",
the garden,4284939,,"the usual or familiar type; ""it is a common or garden sparrow"""
out into,4283362,"outer or outlying; ""the out islands""",
will do,4282952,"the capability of conscious choice and decision and intention; ""the exercise of their volition we construe as revolt""- George Meredith",doctor's degree in osteopathy
living room,4279599,"true to life; lifelike; ""the living image of her mother""","space for movement; ""room to pass""; ""make way for""; ""hardly enough elbow room to turn around"""
into their,4279452,,
could hear,4278974,,"receive a communication from someone; ""We heard nothing from our son for five years"""
which of,4276338,,
control over,4275843,"a relation of constraint of one entity (thing or person or group) by another; ""measures for the control of disease""; ""they instituted controls over drinking on campus""",(cricket) the division of play during which six balls are bowled at the batsman by one player from the other team from the same end of the pitch
from our,4273825,,
the problems,4271972,,
volume of,4271469,"the amount of 3-dimensional space occupied by an object; ""the gas expanded to twice its original volume""",
care for,4271215,"activity involved in maintaining something in good working order; ""he wrote the manual on car care""",
appearance of,4271141,formal attendance (in court or at a hearing) of a party in an action,
on these,4270926,"in operation or operational; ""left the oven on""; ""the switch is in the on position""",
until they,4270427,,
there in,4270311,"a location other than here; that place; ""you can take it from there""","currently fashionable; ""the in thing to do""; ""large shoulder pads are in"""
language of,4268592,"the mental faculty or power of vocal communication; ""language sets homo sapiens apart from all other animals""",
the red,4268212,,"characterized by violence or bloodshed; ""writes of crimson deeds and barbaric days""- Andrea Parke; ""fann'd by Conquest's crimson wing""- Thomas Gray; ""convulsed with red rage""- Hudson Strode"
year of,4268086,"the period of time that it takes for a planet (as, e.g., Earth or Mars) to make a complete revolution around the sun; ""a Martian year takes 687 of our days""",
a social,4267896,"the basic unit of electric current adopted under the Systeme International d'Unites; ""a typical household circuit carries 15 to 50 amps""","marked by friendly companionship with others; ""a social cup of coffee"""
love with,4267260,"a score of zero in tennis or squash; ""it was 40 love""",
represents the,4266579,,
methods of,4266515,,
anything else,4266066,,
the opening,4264825,,"first or beginning; ""the memorable opening bars of Beethoven's Fifth""; ""the play's opening scene"""
came up,4263508,,"open; ""the windows are up"""
a larger,4263478,"the basic unit of electric current adopted under the Systeme International d'Unites; ""a typical household circuit carries 15 to 50 amps""",large or big relative to something else
hope that,4263253,"someone (or something) on which expectations are centered; ""he was their best hope for a victory""",
York Times,4263039,the English royal house (a branch of the Plantagenet line) that reigned from 1461 to 1485; its emblem was a white rose,"a more or less definite period of time now or previously present; ""it was a sign of the times"""
the necessary,4262965,,absolutely essential
only if,4262396,"exclusive of anyone or anything else; ""she alone believed him""; ""cannot live by bread alone""; ""I'll have this car and this car only""",
will see,4261830,"the capability of conscious choice and decision and intention; ""the exercise of their volition we construe as revolt""- George Meredith",the seat within a bishop's diocese where his cathedral is located
all things,4261314,"completely given to or absorbed by; ""became all attention""","any movable possession (especially articles of clothing); ""she packed her things and left"""
he pulled,4260952,a very light colorless element that is one of the six inert gasses; the most difficult gas to liquefy; occurs in economically extractable amounts in certain natural gases (as those found in Texas and Kansas),
easier to,4260412,,
defined by,4258600,"clearly characterized or delimited; ""lost in a maze of words both defined and undefined""; ""each child has clearly defined duties""","in reserve; not for immediate use; ""started setting aside money to buy a car""; ""put something by for her old age""; ""has a nest egg tucked away for a rainy day"""
indicates that,4258582,,
and another,4258037,,
will come,4257236,"the capability of conscious choice and decision and intention; ""the exercise of their volition we construe as revolt""- George Meredith",the thick white fluid containing spermatozoa that is ejaculated by the male genital tract
and me,4255991,,a state in New England
or as,4254098,"a room in a hospital equipped for the performance of surgical operations; ""great care is taken to keep the operating rooms aseptic""",a very poisonous metallic element that has three allotropic forms; arsenic and arsenic compounds are used as herbicides and insecticides and various alloys; found in arsenopyrite and orpiment and realgar
were more,4252754,,"English statesman who opposed Henry VIII's divorce from Catherine of Aragon and was imprisoned and beheaded; recalled for his concept of Utopia, the ideal state"
why not,4250695,"the cause or intention underlying an action or situation, especially in the phrase `the whys and wherefores'","negation of a word or group of words; ""he does not speak French""; ""she is not going""; ""they are not friends""; ""not many""; ""not much""; ""not at all"""
connection with,4249310,"a relation between things or events (as in the case of one causing the other or sharing features with it); ""there was a connection between eating that pickle and having that nightmare""",
long and,4248554,"primarily spatial sense; of relatively great or greater than average spatial extension or extension as specified; ""a long road""; ""a long distance""; ""contained many long words""; ""ten miles long""",
be said,4247192,a light strong brittle grey toxic bivalent metallic element,
my friend,4245813,,"a person you know well and regard with affection and trust; ""he was my best friend at the university"""
he walked,4243452,a very light colorless element that is one of the six inert gasses; the most difficult gas to liquefy; occurs in economically extractable amounts in certain natural gases (as those found in Texas and Kansas),
after he,4243440,"behind or in the rear; ""and Jill came tumbling after""",a very light colorless element that is one of the six inert gasses; the most difficult gas to liquefy; occurs in economically extractable amounts in certain natural gases (as those found in Texas and Kansas)
ten years,4242910,being one more than nine,"the time during which someone's life continues; ""the monarch's last days""; ""in his final years"""
differences between,4242511,,"in between; ""two houses with a tree between"""
an alternative,4234629,an associate degree in nursing,"serving or used in place of another; ""an alternative plan"""
there to,4233411,"a location other than here; that place; ""you can take it from there""",
the conditions,4233008,,"the atmospheric conditions that comprise the state of the atmosphere in terms of temperature and wind and clouds and precipitation; ""they were hoping for good weather""; ""every day we have weather conditions and yesterday was no exception""; ""the conditions were too rainy for playing in the snow"""
he called,4232243,a very light colorless element that is one of the six inert gasses; the most difficult gas to liquefy; occurs in economically extractable amounts in certain natural gases (as those found in Texas and Kansas),
believe in,4232075,"accept as true; take to be true; ""I believed his report""; ""We didn't believe his stories from the War""; ""She believes in spirits""","currently fashionable; ""the in thing to do""; ""large shoulder pads are in"""
in public,4231658,"currently fashionable; ""the in thing to do""; ""large shoulder pads are in""","not private; open to or concerning the people as a whole; ""the public good""; ""public libraries""; ""public funds""; ""public parks""; ""a public scandal""; ""public gardens""; ""performers and members of royal families are public figures"""
mental health,4231192,"affected by a disorder of the mind; ""a mental patient""; ""mental illness""","the general condition of body and mind; ""his delicate health""; ""in poor health"""
hit the,4230702,"a murder carried out by an underworld syndicate; ""it has all the earmarks of a Mafia hit""",
to bed,4230063,,"a piece of furniture that provides a place to sleep; ""he sat on the edge of the bed""; ""the room had only a bed and chair"""
protection of,4228986,"the imposition of duties or quotas on imports in order to protect domestic industry against foreign competition; ""he made trade protection a plank in the party platform""",
indicate that,4228621,"give evidence of; ""The evidence argues for your claim""; ""The results indicate the need for more work""",
give him,4227478,the elasticity of something that can be stretched and returns to its original length,
of individual,4226256,,"characteristic of or meant for a single person or thing; ""an individual serving""; ""single occupancy""; ""a single bed"""
the introduction,4225725,,"the act of beginning something new; ""they looked forward to the debut of their new product line"""
obtained by,4225500,,"in reserve; not for immediate use; ""started setting aside money to buy a car""; ""put something by for her old age""; ""has a nest egg tucked away for a rainy day"""
the steps,4225250,,a flight of stairs or a flight of steps
thinking of,4223169,"the process of using your mind to consider something carefully; ""thinking always made him frown""; ""she paused for thought""",
not worry,4223065,"negation of a word or group of words; ""he does not speak French""; ""she is not going""; ""they are not friends""; ""not many""; ""not much""; ""not at all""","something or someone that causes anxiety; a source of unhappiness; ""New York traffic is a constant concern""; ""it's a major worry"""
a thousand,4222900,"the basic unit of electric current adopted under the Systeme International d'Unites; ""a typical household circuit carries 15 to 50 amps""","denoting a quantity consisting of 1,000 items or units"
and these,4222072,,
be there,4221936,a light strong brittle grey toxic bivalent metallic element,"a location other than here; that place; ""you can take it from there"""
when there,4221190,,"a location other than here; that place; ""you can take it from there"""
the function,4219887,,"a relation such that one thing is dependent on another; ""height is a function of age""; ""price is a function of supply and demand"""
the chapter,4218656,,"any distinct period in history or in a person's life; ""the industrial revolution opened a new chapter in British history""; ""the divorce was an ugly chapter in their relationship"""
OF THE,4218617,,
in France,4218542,"currently fashionable; ""the in thing to do""; ""large shoulder pads are in""",French writer of sophisticated novels and short stories (1844-1924)
knew what,4217859,,
this place,4217733,,"a particular situation; ""If you were in my place what would you do?"""
weight of,4215682,(statistics) a coefficient assigned to elements of a frequency distribution in order to represent their relative importance,
the driver,4215119,,the operator of a motor vehicle
establishment of,4214866,(ecology) the process by which a plant or animal becomes established in a new habitat,
off and,4214506,"not in operation or operational; ""the oven is off""; ""the lights are off""",
the forest,4214017,,the trees and other plants in a large densely wooded area
out at,4213133,"outer or outlying; ""the out islands""",100 at equal 1 kip in Laos
have it,4212975,a person who possesses great material wealth,the branch of engineering that deals with the use of computers and telecommunications to retrieve and store and transmit information
climate change,4211721,"the weather in some location averaged over some long period of time; ""the dank climate of southern Wales""; ""plants from a cold clime travel best in winter""","the result of alteration or modification; ""there were marked changes in the lining of the lungs""; ""there had been no change in the mountains"""
focuses on,4211335,,"in operation or operational; ""left the oven on""; ""the switch is in the on position"""
the board,4210517,,a stout length of sawn timber; made in a wide variety of sizes and used for many purposes
the content,4208534,,"satisfied or showing satisfaction with things as they are; ""a contented smile"""
is found,4208315,,"come upon unexpectedly or after searching; ""found art""; ""the lost-and-found department"""
in charge,4208274,"currently fashionable; ""the in thing to do""; ""large shoulder pads are in""","the quantity of unbalanced electricity in a body (either positive or negative) and construed as an excess or deficiency of electrons; ""the battery needed a fresh charge"""
are of,4208259,a unit of surface area equal to 100 square meters,
to happen,4207302,,"come upon, as if by accident; meet with; ""We find this idea in Plato""; ""I happened upon the most wonderful bakery not very far from here""; ""She chanced upon an interesting book in the bookstore the other day"""
a story,4207217,"the basic unit of electric current adopted under the Systeme International d'Unites; ""a typical household circuit carries 15 to 50 amps""","a structure consisting of a room or set of rooms at a single position along a vertical scale; ""what level is the office on?"""
company 's,4206447,"the state of being with someone; ""he missed their company""; ""he enjoyed the society of his friends""",
movement of,4204254,"an optical illusion of motion produced by viewing a rapid succession of still pictures of a moving object; ""the cinema relies on apparent motion""; ""the succession of flashing lights gave an illusion of movement""",
coming from,4203653,"the act of drawing spatially closer to something; ""the hunter's approach scattered the geese""",
in short,4201344,"currently fashionable; ""the in thing to do""; ""large shoulder pads are in""","(primarily spatial sense) having little length or lacking in length; ""short skirts""; ""short hair""; ""the board was a foot short""; ""a short toss"""
to recognize,4200874,,"detect with the senses; ""The fleeing convicts were picked out of the darkness by the watchful prison guards""; ""I can't make out the faces in this photograph"""
you all,4199561,,"completely given to or absorbed by; ""became all attention"""
the ancient,4196809,,"very old; ""an ancient mariner"""
it made,4195273,the branch of engineering that deals with the use of computers and telecommunications to retrieve and store and transmit information,"(of a bed) having the sheets and blankets set in order; ""a neatly made bed"""
is well,4194522,,"in good health especially after having suffered illness or injury; ""appears to be entirely well""; ""the wound is nearly well""; ""a well man""; ""I think I'm well; at least I feel well"""
approaches to,4194040,,
need not,4193931,"a condition requiring relief; ""she satisfied his need for affection""; ""God has no need of men to accomplish His work""; ""there is a demand for jobs""","negation of a word or group of words; ""he does not speak French""; ""she is not going""; ""they are not friends""; ""not many""; ""not much""; ""not at all"""
to teach,4193866,,an English pirate who operated in the Caribbean and off the Atlantic coast of North America (died in 1718)
see Chapter,4193063,the seat within a bishop's diocese where his cathedral is located,"any distinct period in history or in a person's life; ""the industrial revolution opened a new chapter in British history""; ""the divorce was an ugly chapter in their relationship"""
a car,4192781,"the basic unit of electric current adopted under the Systeme International d'Unites; ""a typical household circuit carries 15 to 50 amps""","a conveyance for passengers or freight on a cable railway; ""they took a cable car to the top of the mountain"""
is another,4191504,,
of good,4190872,,"resulting favorably; ""it's a good thing that I wasn't there""; ""it is good that you stayed""; ""it is well that no one saw you""; ""all's well that ends well"""
have found,4190247,a person who possesses great material wealth,"come upon unexpectedly or after searching; ""found art""; ""the lost-and-found department"""
makes the,4187602,,
the five,4187099,,being one more than four
the pressure,4186911,,"the act of pressing; the exertion of pressure; ""he gave the button a press""; ""he used pressure to stop the bleeding""; ""at the pressing of a button"""
both sides,4186151,,
a sudden,4186056,"the basic unit of electric current adopted under the Systeme International d'Unites; ""a typical household circuit carries 15 to 50 amps""","happening without warning or in a short space of time; ""a sudden storm""; ""a sudden decision""; ""a sudden cure"""
things to,4185316,"any movable possession (especially articles of clothing); ""she packed her things and left""",
those with,4185134,,
whom he,4184878,,a very light colorless element that is one of the six inert gasses; the most difficult gas to liquefy; occurs in economically extractable amounts in certain natural gases (as those found in Texas and Kansas)
understand that,4184748,"know and comprehend the nature or meaning of; ""She did not understand her husband""; ""I understand what she means""",
components of,4184586,,
in on,4183073,"currently fashionable; ""the in thing to do""; ""large shoulder pads are in""","in operation or operational; ""left the oven on""; ""the switch is in the on position"""
the Spirit,4182457,,the vital principle or animating force within living things
a fine,4182181,"the basic unit of electric current adopted under the Systeme International d'Unites; ""a typical household circuit carries 15 to 50 amps""","minutely precise especially in differences in meaning; ""a fine distinction"""
of nature,4181941,,"the complex of emotional and intellectual attributes that determine a person's characteristic actions and reactions; ""it is his nature to help others"""
the relevant,4181908,,"having a bearing on or connection with the subject at issue; ""the scientist corresponds with colleagues in order to learn about matters relevant to her own research"""
that most,4181867,,"used to form the superlative; ""the king cobra is the most dangerous snake"""
he may,4181744,a very light colorless element that is one of the six inert gasses; the most difficult gas to liquefy; occurs in economically extractable amounts in certain natural gases (as those found in Texas and Kansas),thorny Eurasian shrub of small tree having dense clusters of white to scarlet flowers followed by deep red berries; established as an escape in eastern North America
the resulting,4180507,,
control and,4180361,"a relation of constraint of one entity (thing or person or group) by another; ""measures for the control of disease""; ""they instituted controls over drinking on campus""",
this man,4180098,,"an adult person who is male (as opposed to a woman); ""there were two women and six men on the bus"""
that as,4179330,,a very poisonous metallic element that has three allotropic forms; arsenic and arsenic compounds are used as herbicides and insecticides and various alloys; found in arsenopyrite and orpiment and realgar
to express,4178876,,"not tacit or implied; ""her express wish"""
are made,4178500,a unit of surface area equal to 100 square meters,"(of a bed) having the sheets and blankets set in order; ""a neatly made bed"""
the dog,4178311,,"informal term for a man; ""you lucky dog"""
one way,4174155,"being a single entity made by combining separate components; ""three chemicals combining into one solution""","a portion of something divided into shares; ""they split the loot three ways"""
it means,4173784,the branch of engineering that deals with the use of computers and telecommunications to retrieve and store and transmit information,"considerable capital (wealth or income); ""he is a man of means"""
show the,4173729,"the act of publicly exhibiting or entertaining; ""a remarkable show of skill""",
ways in,4173066,structure consisting of a sloping way down to the water from the place where ships are built or repaired,"currently fashionable; ""the in thing to do""; ""large shoulder pads are in"""
Jesus Christ,4172480,a teacher and prophet born in Bethlehem and active in Nazareth; his life and sermons form the basis for Christianity (circa 4 BC - AD 29),a teacher and prophet born in Bethlehem and active in Nazareth; his life and sermons form the basis for Christianity (circa 4 BC - AD 29)
good for,4172056,"resulting favorably; ""it's a good thing that I wasn't there""; ""it is good that you stayed""; ""it is well that no one saw you""; ""all's well that ends well""",
them that,4171476,,
to escape,4171390,,a plant originally cultivated but now growing wild
the teacher,4170898,,a person whose occupation is teaching
nature and,4169095,"the complex of emotional and intellectual attributes that determine a person's characteristic actions and reactions; ""it is his nature to help others""",
one could,4168207,"being a single entity made by combining separate components; ""three chemicals combining into one solution""",
around his,4167562,"in circumference; ""the trunk is ten feet around""; ""the pond is two miles around""",
shown to,4167311,,
after his,4167150,"behind or in the rear; ""and Jill came tumbling after""",
significance of,4165172,"the quality of being significant; ""do not underestimate the significance of nuclear power""",
to whom,4164917,,
more information,4162476,"English statesman who opposed Henry VIII's divorce from Catherine of Aragon and was imprisoned and beheaded; recalled for his concept of Utopia, the ideal state","(communication theory) a numerical measure of the uncertainty of an outcome; ""the signal contained thousands of bits of information"""
not one,4162247,"negation of a word or group of words; ""he does not speak French""; ""she is not going""; ""they are not friends""; ""not many""; ""not much""; ""not at all""","being a single entity made by combining separate components; ""three chemicals combining into one solution"""
my brother,4161294,,"a male with the same parents as someone else; ""my brother still lives with our parents"""
a position,4158722,"the basic unit of electric current adopted under the Systeme International d'Unites; ""a typical household circuit carries 15 to 50 amps""",the act of putting something in a certain place
under this,4158500,"located below or beneath something else; ""nether garments""; ""the under parts of a machine""",
the Japanese,4157642,,"of or relating to or characteristic of Japan or its people or their culture or language; ""the Japanese Emperor""; ""Japanese cars"""
found it,4157174,"come upon unexpectedly or after searching; ""found art""; ""the lost-and-found department""",the branch of engineering that deals with the use of computers and telecommunications to retrieve and store and transmit information
until it,4157045,,the branch of engineering that deals with the use of computers and telecommunications to retrieve and store and transmit information
told the,4156881,,
a patient,4155618,"the basic unit of electric current adopted under the Systeme International d'Unites; ""a typical household circuit carries 15 to 50 amps""","enduring trying circumstances with even temper or characterized by such endurance; ""a patient smile""; ""was patient with the children""; ""an exact and patient scientist""; ""please be patient"""
father and,4155476,the head of an organized crime family,
since he,4155271,,a very light colorless element that is one of the six inert gasses; the most difficult gas to liquefy; occurs in economically extractable amounts in certain natural gases (as those found in Texas and Kansas)
let it,4151555,a serve that strikes the net before falling into the receiver's court; the ball must be served again,the branch of engineering that deals with the use of computers and telecommunications to retrieve and store and transmit information
away and,4150654,"used of an opponent's ground; ""an away game""",
other things,4150149,"not the same one or ones already mentioned or implied; ""today isn't any other day""- the White Queen; ""the construction of highways and other public works""; ""he asked for other employment""; ""any other person would tell the truth""; ""his other books are still in storage""; ""then we looked at the other house""; ""hearing was good in his other ear""; ""the other sex""; ""she lived on the other side of the street from me""; ""went in the other direction""","any movable possession (especially articles of clothing); ""she packed her things and left"""
but even,4147814,"and nothing more; ""I was merely asking""; ""it is simply a matter of time""; ""just a scratch""; ""he was only a child""; ""hopes that last but a moment""","occurring at fixed intervals; ""a regular beat""; ""the even rhythm of his breathing"""
my wife,4147275,,a married woman; a man's partner in marriage
one more,4147067,"being a single entity made by combining separate components; ""three chemicals combining into one solution""","English statesman who opposed Henry VIII's divorce from Catherine of Aragon and was imprisoned and beheaded; recalled for his concept of Utopia, the ideal state"
time is,4145477,"an indefinite period (usually marked by specific attributes or activities); ""the time of year for planting""; ""he was a great actor in his time""",
the underlying,4144902,,"being or involving basic facts or principles; ""the fundamental laws of the universe""; ""a fundamental incompatibility between them""; ""these rudimentary truths""; ""underlying principles"""
something about,4144488,,"in rotation or succession; ""turn about is fair play"""
stage of,4143815,"a specific identifiable position in a continuum or series or especially in a process; ""a remarkable degree of frankness""; ""at what stage are the social sciences?""",
thus the,4143002,an aromatic gum resin obtained from various Arabian or East African trees; formerly valued for worship and for embalming and fumigation,
and self,4142818,,"(used as a combining form) relating to--of or by or to or from or for--the self; ""self-knowledge""; ""self-proclaimed""; ""self-induced"""
were on,4141933,,"in operation or operational; ""left the oven on""; ""the switch is in the on position"""
help to,4141524,"the activity of contributing to the fulfillment of a need or furtherance of an effort or purpose; ""he gave me an assist with the housework""; ""could not walk without assistance""; ""rescue party went to their aid""; ""offered his help in unloading""",
occur in,4140678,"to be found to exist; ""sexism occurs in many workplaces""; ""precious stones occur in a large area in Brazil""","currently fashionable; ""the in thing to do""; ""large shoulder pads are in"""
not work,4138614,"negation of a word or group of words; ""he does not speak French""; ""she is not going""; ""they are not friends""; ""not many""; ""not much""; ""not at all""","(physics) a manifestation of energy; the transfer of energy from one physical system to another expressed as the product of a force and the distance through which it moves a body in the direction of that force; ""work equals force times distance"""
the rule,4137943,,"dominance or power through legal authority; ""France held undisputed dominion over vast areas of Africa""; ""the rule of Caesar"""
the beach,4136610,,an area of sand sloping down to the water of a sea or lake
politics of,4134600,"the activities and affairs involved in managing a state or a government; ""unemployment dominated the politics of the inter-war years""; ""government agencies multiplied beyond the control of representative politics""",
her for,4131094,,
that moment,4129313,,a turning force produced by an object acting at a distance (or a measure of that force)
appeared in,4125862,,"currently fashionable; ""the in thing to do""; ""large shoulder pads are in"""
work to,4125348,"(physics) a manifestation of energy; the transfer of energy from one physical system to another expressed as the product of a force and the distance through which it moves a body in the direction of that force; ""work equals force times distance""",
effects on,4125210,"property of a personal character that is portable but not used in business; ""she left some of her personal effects in the house""; ""I watched over their effects until they returned""","in operation or operational; ""left the oven on""; ""the switch is in the on position"""
of California,4125133,,a state in the western United States on the Pacific; the 3rd largest state; known for earthquakes
for most,4123695,,"used to form the superlative; ""the king cobra is the most dangerous snake"""
a dozen,4123144,"the basic unit of electric current adopted under the Systeme International d'Unites; ""a typical household circuit carries 15 to 50 amps""",denoting a quantity consisting of 12 items or units
they want,4122836,,"the state of needing something that is absent or unavailable; ""there is a serious lack of insight into the problem""; ""water is the critical deficiency in desert regions""; ""for want of a nail the shoe was lost"""
and should,4120481,,
demand for,4119321,"the act of demanding; ""the kidnapper's exorbitant demands for money""",
now he,4118332,"the momentary present; ""Now is a good time to do it""; ""it worked up to right now""",a very light colorless element that is one of the six inert gasses; the most difficult gas to liquefy; occurs in economically extractable amounts in certain natural gases (as those found in Texas and Kansas)
the conversation,4115703,,the use of speech for informal exchange of views or ideas or information etc.
man was,4114400,"an adult person who is male (as opposed to a woman); ""there were two women and six men on the bus""",
was looking,4111540,,"appearing to be as specified; usually used as combining forms; ""left their clothes dirty looking""; ""a most disagreeable looking character""; ""angry-looking""; ""liquid-looking""; ""severe-looking policemen on noble horses""; ""fine-sounding phrases""; ""taken in by high-sounding talk"""
past the,4110163,"earlier than the present time; no longer current; ""time past""; ""his youth is past""; ""this past Thursday""; ""the past year""",
the box,4109137,,evergreen shrubs or small trees
pieces of,4109085,,
for he,4107740,,a very light colorless element that is one of the six inert gasses; the most difficult gas to liquefy; occurs in economically extractable amounts in certain natural gases (as those found in Texas and Kansas)
very little,4107381,"used as intensifiers; `real' is sometimes used informally for `really'; `rattling' is informal; ""she was very gifted""; ""he played very well""; ""a really enjoyable evening""; ""I'm real sorry about it""; ""a rattling good yarn""","(informal) small and of little importance; ""a fiddling sum of money""; ""a footling gesture""; ""our worries are lilliputian compared with those of countries that are at war""; ""a little (or small) matter""; ""a dispute over niggling details""; ""limited to petty enterprises""; ""piffling efforts""; ""giving a police officer a free meal may be against the law, but it seems to be a picayune infraction"""
the details,4105139,,"true confidential information; ""after the trial he gave us the real details"""
took her,4105036,,
to pull,4104291,,"the force used in pulling; ""the pull of the moon""; ""the pull of the current"""
the Roman,4104258,,"of or relating to or derived from Rome (especially ancient Rome); ""Roman architecture""; ""the old Roman wall"""
working in,4103847,"adequate for practical use; especially sufficient in strength or numbers to accomplish something; ""the party has a working majority in the House""; ""a working knowledge of Spanish""","currently fashionable; ""the in thing to do""; ""large shoulder pads are in"""
place where,4101986,"a particular situation; ""If you were in my place what would you do?""",
how she,4099323,,
my way,4097510,,"a portion of something divided into shares; ""they split the loot three ways"""
they 've,4096997,,
the Second,4096749,,"a part or voice or instrument or orchestra section lower in pitch than or subordinate to the first; ""second flute""; ""the second violins"""
process is,4096710,"a particular course of action intended to achieve a result; ""the procedure of obtaining a driver's license""; ""it was a process of trial and error""",
the non,4095995,,"negation of a word or group of words; ""he does not speak French""; ""she is not going""; ""they are not friends""; ""not many""; ""not much""; ""not at all"""
not enough,4094200,"negation of a word or group of words; ""he does not speak French""; ""she is not going""; ""they are not friends""; ""not many""; ""not much""; ""not at all""","sufficient for the purpose; ""an adequate income""; ""the food was adequate""; ""enough food""; ""food enough"""
participation in,4094003,"the act of sharing in the activities of a group; ""the teacher tried to increase his students' engagement in class activities""","currently fashionable; ""the in thing to do""; ""large shoulder pads are in"""
reach the,4092336,the act of physically reaching or thrusting out,
it makes,4091852,the branch of engineering that deals with the use of computers and telecommunications to retrieve and store and transmit information,
upon a,4090532,,"the basic unit of electric current adopted under the Systeme International d'Unites; ""a typical household circuit carries 15 to 50 amps"""
combined with,4090164,made or joined or united into one,
I needed,4089004,"used of a single unit or thing; not two or more; ""`ane' is Scottish""","necessary for relief or supply; ""provided them with all things needful"""
know where,4088829,"the fact of being aware of information that is known to few people; ""he is always in the know""",
staring at,4087748,"(used of eyes) open and fixed as if in fear or wonder; ""staring eyes""",100 at equal 1 kip in Laos
to solve,4085780,,"find the solution to (a problem or question) or understand the meaning of; ""did you solve the problem?""; ""Work out your problems with the boss""; ""this unpleasant situation isn't going to work itself out""; ""did you get it?""; ""Did you get my meaning?""; ""He could not work the math problem"""
he tried,4085570,a very light colorless element that is one of the six inert gasses; the most difficult gas to liquefy; occurs in economically extractable amounts in certain natural gases (as those found in Texas and Kansas),"tested and proved useful or correct; ""a tested method"""
of international,4085083,,"from or between other countries; ""external commerce""; ""international trade""; ""developing nations need outside help"""
for I,4085082,,"used of a single unit or thing; not two or more; ""`ane' is Scottish"""
represent the,4084913,"create an image or likeness of; ""The painter represented his wife as a young girl""",
the battle,4081512,,"an energetic attempt to achieve something; ""getting through the crowd was a real struggle""; ""he fought a battle for recognition"""
something like,4080817,,"resembling or similar; having the same or some of the same characteristics; often used in combination; ""suits of like design""; ""a limited circle of like minds""; ""members of the cat family have like dispositions""; ""as like as two peas in a pod""; ""doglike devotion""; ""a dreamlike quality"""
to examine,4080793,,"observe, check out, and look over carefully or inspect; ""The customs agent examined the baggage""; ""I must see your passport before you can enter the country"""
arms and,4080611,"the official symbols of a family, state, etc.",
you really,4080151,,"in actual fact; ""to be nominally but not actually independent""; ""no one actually saw the shark""; ""large meteorites actually come from the asteroid belt"""
my body,4078622,,"the external structure of a vehicle; ""the body of the car was badly rusted"""
consequence of,4078230,"a phenomenon that follows and is caused by some previous phenomenon; ""the magnetic effect was greater when the rod was lengthwise""; ""his decision had depressing consequences for business""; ""he acted very wise after the event""",
be called,4077405,a light strong brittle grey toxic bivalent metallic element,
men in,4076749,the force of workers available,"currently fashionable; ""the in thing to do""; ""large shoulder pads are in"""
the owner,4075916,,"(law) someone who owns (is legal possessor of) a business; ""he is the owner of a chain of restaurants"""
but by,4074246,"and nothing more; ""I was merely asking""; ""it is simply a matter of time""; ""just a scratch""; ""he was only a child""; ""hopes that last but a moment""","in reserve; not for immediate use; ""started setting aside money to buy a car""; ""put something by for her old age""; ""has a nest egg tucked away for a rainy day"""
considered to,4073881,"carefully weighed; ""a considered opinion""",
determined to,4071750,strongly motivated to succeed,
a business,4068675,"the basic unit of electric current adopted under the Systeme International d'Unites; ""a typical household circuit carries 15 to 50 amps""","the activity of providing goods and services involving financial and commercial and industrial aspects; ""computers are now widely used in business"""
author of,4067317,"someone who originates or causes or initiates something; ""he was the generator of several complaints""",
any one,4065752,"to any degree or extent; ""it isn't any better""","being a single entity made by combining separate components; ""three chemicals combining into one solution"""
assigned to,4064539,"appointed to a post or duty; ""assigned personnel""; ""assigned duties""",
of land,4064527,,United States inventor who incorporated Polaroid film into lenses and invented the one step photographic process (1909-1991)
to hide,4064492,,the dressed skin of an animal (especially a large animal)
my parents,4063061,,
association of,4062969,"the act of consorting with or joining with others; ""you cannot be convicted of criminal guilt by association""",
wanting to,4062277,"nonexistent; ""the thumb is absent""; ""her appetite was lacking""",
the values,4061334,,"beliefs of a person or social group in which they have an emotional investment (either for or against something); ""he has very conservatives values"""
years and,4060725,"the time during which someone's life continues; ""the monarch's last days""; ""in his final years""",
for other,4060479,,"not the same one or ones already mentioned or implied; ""today isn't any other day""- the White Queen; ""the construction of highways and other public works""; ""he asked for other employment""; ""any other person would tell the truth""; ""his other books are still in storage""; ""then we looked at the other house""; ""hearing was good in his other ear""; ""the other sex""; ""she lived on the other side of the street from me""; ""went in the other direction"""
put his,4060353,the option to sell a given stock (or stock index or commodity future) at a given price before a given date,
see Figure,4060076,the seat within a bishop's diocese where his cathedral is located,"a well-known or notable person; ""they studied all the great names in the history of France""; ""she is an important figure in modern music"""
problem is,4059718,"a state of difficulty that needs to be resolved; ""she and her husband are having problems""; ""it is always a job to contact him""; ""urban problems such as traffic congestion and smog""",
lines of,4058561,,
would come,4058440,,the thick white fluid containing spermatozoa that is ejaculated by the male genital tract
went into,4057656,,
exposure to,4057425,"the intensity of light falling on a photographic film or plate; ""he used the wrong exposure""",
stages of,4056951,,
tell the,4055936,a Swiss patriot who lived in the early 14th century and who was renowned for his skill as an archer; according to legend an Austrian governor compelled him to shoot an apple from his son's head with his crossbow (which he did successfully without mishap),
or something,4055857,"a room in a hospital equipped for the performance of surgical operations; ""great care is taken to keep the operating rooms aseptic""",
concluded that,4055510,"having come or been brought to a conclusion; ""the harvesting was complete""; ""the affair is over, ended, finished""; ""the abruptly terminated interview""",
to respond,4054852,,show a response or a reaction to something
that makes,4054033,,
served as,4053788,,a very poisonous metallic element that has three allotropic forms; arsenic and arsenic compounds are used as herbicides and insecticides and various alloys; found in arsenopyrite and orpiment and realgar
is he,4051019,,a very light colorless element that is one of the six inert gasses; the most difficult gas to liquefy; occurs in economically extractable amounts in certain natural gases (as those found in Texas and Kansas)
the existing,4050664,,"presently existing; ""the existing system"""
capacity to,4050043,an electrical phenomenon whereby an electric charge is stored,
a direct,4049304,"the basic unit of electric current adopted under the Systeme International d'Unites; ""a typical household circuit carries 15 to 50 amps""","in a straight unbroken line of descent from parent to child; ""lineal ancestors""; ""lineal heirs""; ""a direct descendant of the king""; ""direct heredity"""
her fingers,4048139,,
you got,4047371,,
believe it,4046436,"accept as true; take to be true; ""I believed his report""; ""We didn't believe his stories from the War""; ""She believes in spirits""",the branch of engineering that deals with the use of computers and telecommunications to retrieve and store and transmit information
her the,4045220,,
she got,4044386,,
is then,4043839,,"that time; that moment; ""we will arrive before then""; ""we were friends from then on"""
most people,4043301,"used to form the superlative; ""the king cobra is the most dangerous snake""","(plural) any group of human beings (men or women or children) collectively; ""old people""; ""there were at least 200 people in the audience"""
from being,4041085,,"the state or fact of existing; ""a point of view gradually coming into being""; ""laws in existence for centuries""; ""he appeared on the face of the earth one day"""
aware that,4040484,"bearing in mind; attentive to; ""ever mindful of her health""; ""mindful of his responsibilities""; ""mindful of these criticisms, I shall attempt to justify my action""",
the inner,4039691,,"innermost or essential; ""the inner logic of Cubism""; ""the internal contradictions of the theory""; ""the intimate structure of matter"""
did I,4039677,,"used of a single unit or thing; not two or more; ""`ane' is Scottish"""
a critical,4037788,"the basic unit of electric current adopted under the Systeme International d'Unites; ""a typical household circuit carries 15 to 50 amps""","of or involving or characteristic of critics or criticism; ""critical acclaim"""
way he,4031917,"a portion of something divided into shares; ""they split the loot three ways""",a very light colorless element that is one of the six inert gasses; the most difficult gas to liquefy; occurs in economically extractable amounts in certain natural gases (as those found in Texas and Kansas)
divided into,4031162,"having a median strip or island between lanes of traffic moving in opposite directions; ""a divided highway""",
be with,4031071,a light strong brittle grey toxic bivalent metallic element,
a non,4029738,"the basic unit of electric current adopted under the Systeme International d'Unites; ""a typical household circuit carries 15 to 50 amps""","negation of a word or group of words; ""he does not speak French""; ""she is not going""; ""they are not friends""; ""not many""; ""not much""; ""not at all"""
the father,4028715,,the head of an organized crime family
of local,4026018,,"relating to or applicable to or concerned with the administration of a city or town or district rather than a larger area; ""local taxes""; ""local authorities"""
a natural,4025799,"the basic unit of electric current adopted under the Systeme International d'Unites; ""a typical household circuit carries 15 to 50 amps""","being talented through inherited qualities; ""a natural leader""; ""a born musician""; ""an innate talent"""
and give,4024153,,the elasticity of something that can be stretched and returns to its original length
head to,4022135,"a user of (usually soft) drugs; ""the office was full of secret heads""",
mode of,4021947,verb inflections that express how the action or state is conceived by the speaker,
good and,4021480,"resulting favorably; ""it's a good thing that I wasn't there""; ""it is good that you stayed""; ""it is well that no one saw you""; ""all's well that ends well""",
a combination,4020138,"the basic unit of electric current adopted under the Systeme International d'Unites; ""a typical household circuit carries 15 to 50 amps""",the act of combining things to form a new whole
the sight,4018809,,"(often followed by `of') a large number or amount or extent; ""a batch of letters""; ""a deal of trouble""; ""a lot of money""; ""he made a mint on the stock market""; ""see the rest of the winners in our huge passel of photos""; ""it must have cost plenty""; ""a slew of journalists""; ""a wad of money"""
came into,4017748,,
the act,4017221,,something that people do or cause to happen
than it,4015966,,the branch of engineering that deals with the use of computers and telecommunications to retrieve and store and transmit information
given a,4015707,"acknowledged as a supposition; ""given the engine's condition, it is a wonder that it started""","the basic unit of electric current adopted under the Systeme International d'Unites; ""a typical household circuit carries 15 to 50 amps"""
though they,4014040,"(postpositive) however; ""it might be unpleasant, though""",
force of,4013615,"one possessing or exercising power or influence or authority; ""the mysterious presence of an evil power""; ""may the force be with you""; ""the forces of evil""",
still be,4012901,"free from noticeable current; ""a still pond""; ""still waters run deep""",a light strong brittle grey toxic bivalent metallic element
design of,4012654,"a decorative or artistic work; ""the coach had a design on the doors""",
claim that,4012615,"demand for something as rightful or due; ""they struck in support of their claim for a shorter work day""",
amounts of,4012209,,
is like,4009346,,"resembling or similar; having the same or some of the same characteristics; often used in combination; ""suits of like design""; ""a limited circle of like minds""; ""members of the cat family have like dispositions""; ""as like as two peas in a pod""; ""doglike devotion""; ""a dreamlike quality"""
bed and,4008842,"a piece of furniture that provides a place to sleep; ""he sat on the edge of the bed""; ""the room had only a bed and chair""",
the Russian,4007866,,"of or pertaining to or characteristic of Russia or its people or culture or language; ""Russian dancing"""
I ask,4007350,"used of a single unit or thing; not two or more; ""`ane' is Scottish""","require or ask for as a price or condition; ""He is asking $200 for the table""; ""The kidnappers are asking a million dollars in return for the release of their hostage"""
a beautiful,4004916,"the basic unit of electric current adopted under the Systeme International d'Unites; ""a typical household circuit carries 15 to 50 amps""","(of weather) highly enjoyable; ""what a beautiful day"""
two days,4004544,"being one more than one; ""he received two messages""","the time during which someone's life continues; ""the monarch's last days""; ""in his final years"""
says that,4004369,,
to define,4003812,,determine the essential quality of
a separate,4003456,"the basic unit of electric current adopted under the Systeme International d'Unites; ""a typical household circuit carries 15 to 50 amps""","separated according to race, sex, class, or religion; ""separate but equal""; ""girls and boys in separate classes"""
he put,4003426,a very light colorless element that is one of the six inert gasses; the most difficult gas to liquefy; occurs in economically extractable amounts in certain natural gases (as those found in Texas and Kansas),the option to sell a given stock (or stock index or commodity future) at a given price before a given date
while she,4003229,"a period of indeterminate length (usually short) marked by some action or condition; ""he was here for a little while""; ""I need to rest for a piece""; ""a spell of good weather""; ""a patch of bad weather""",
or of,4003017,"a room in a hospital equipped for the performance of surgical operations; ""great care is taken to keep the operating rooms aseptic""",
a hard,4002062,"the basic unit of electric current adopted under the Systeme International d'Unites; ""a typical household circuit carries 15 to 50 amps""","dried out; ""hard dry rolls left over from the day before"""
Halseth English,4000777,,"of or relating to or characteristic of England or its culture or people; ""English history""; ""the English landed aristocracy""; ""English literature"""
was gone,3999807,,"well in the past; former; ""bygone days""; ""dreams of foregone times""; ""sweet memories of gone summers""; ""relics of a departed era"""
introduction of,3999430,"the act of beginning something new; ""they looked forward to the debut of their new product line""",
this world,3996668,,"all of the living human inhabitants of the earth; ""all the world loves a lover""; ""she always used `humankind' because `mankind' seemed to slight the women"""
report of,3994623,"the general estimation that the public has for a person; ""he acquired a reputation as an actor before he started writing""; ""he was a person of bad report""",
element of,3991829,a straight line that generates a cylinder or cone,
them a,3991796,,"the basic unit of electric current adopted under the Systeme International d'Unites; ""a typical household circuit carries 15 to 50 amps"""
asked him,3990343,,
no need,3987493,a radioactive transuranic element synthesized by bombarding curium with carbon ions; 7 isotopes are known,"a condition requiring relief; ""she satisfied his need for affection""; ""God has no need of men to accomplish His work""; ""there is a demand for jobs"""
act as,3987207,something that people do or cause to happen,a very poisonous metallic element that has three allotropic forms; arsenic and arsenic compounds are used as herbicides and insecticides and various alloys; found in arsenopyrite and orpiment and realgar
to fall,3986706,,"the time of day immediately following sunset; ""he loved the twilight""; ""they finished before the fall of night"""
ratio of,3985492,"the relation between things (or parts of things) with respect to their comparative quantity, magnitude, or degree; ""an inordinate proportion of the book is given over to quotations""; ""a dry martini has a large proportion of gin""",
to others,3984950,,
could feel,3984882,,"the general atmosphere of a place or situation and the effect that it has on people; ""the feel of the city excited him""; ""a clergyman improved the tone of the meeting""; ""it had the smell of treason"""
an early,3984376,an associate degree in nursing,"very young; ""at an early age"""
and into,3984325,,
in no,3983510,"currently fashionable; ""the in thing to do""; ""large shoulder pads are in""",a radioactive transuranic element synthesized by bombarding curium with carbon ions; 7 isotopes are known
is needed,3983371,,"necessary for relief or supply; ""provided them with all things needful"""
gave the,3982690,,
is generally,3982634,,"usually; as a rule; ""by and large it doesn't rain much here"""
important for,3982365,"of great significance or value; ""important people""; ""the important questions of the day""",
millions of,3981240,,
you said,3981102,,
they came,3980544,,
had had,3977600,,
the temperature,3977265,,the degree of hotness or coldness of a body or environment (corresponding to its molecular activity)
first place,3976255,"serving to begin; ""the beginning canto of the poem""; ""the first verse""","a particular situation; ""If you were in my place what would you do?"""
the so,3972128,,the syllable naming the fifth (dominant) note of any musical scale in solmization
down a,3970078,"shut; ""the shades were down""","the basic unit of electric current adopted under the Systeme International d'Unites; ""a typical household circuit carries 15 to 50 amps"""
and children,3969790,,
be applied,3969089,a light strong brittle grey toxic bivalent metallic element,"concerned with concrete problems or data rather than with fundamental principles; ""applied physics""; ""applied psychology""; ""technical problems in medicine, engineering, economics and other applied disciplines""- Sidney Hook"
to drive,3968190,,"the act of applying force to propel something; ""after reaching the desired velocity the drive is cut off"""
then there,3968087,"that time; that moment; ""we will arrive before then""; ""we were friends from then on""","a location other than here; that place; ""you can take it from there"""
of economic,3967917,,"financially rewarding; ""it was no longer economic to keep the factory open""; ""have to keep prices high enough to make it economic to continue the service"""
figure out,3966998,"a well-known or notable person; ""they studied all the great names in the history of France""; ""she is an important figure in modern music""","outer or outlying; ""the out islands"""
is good,3966161,,"resulting favorably; ""it's a good thing that I wasn't there""; ""it is good that you stayed""; ""it is well that no one saw you""; ""all's well that ends well"""
got up,3965437,,"open; ""the windows are up"""
what can,3963855,,the quantity contained in a can
distinction between,3962886,"high status importance owing to marked superiority; ""a scholar of great eminence""","in between; ""two houses with a tree between"""
the meeting,3962769,,"the social act of assembling for some common purpose; ""his meeting with the salesmen was the high point of his day""; ""the lovers met discreetly for the purposes of sexual congress"""
love to,3961541,"a score of zero in tennis or squash; ""it was 40 love""",
not seen,3960719,"negation of a word or group of words; ""he does not speak French""; ""she is not going""; ""they are not friends""; ""not many""; ""not much""; ""not at all""",
is said,3960202,,
come and,3960165,the thick white fluid containing spermatozoa that is ejaculated by the male genital tract,
and held,3959178,,"occupied or in the control of; often used in combination; ""enemy-held territory"""
his gaze,3957223,,"a long fixed look; ""he fixed his paternal gaze on me"""
component of,3956694,"something determined in relation to something that includes it; ""he wanted to feel a part of something bigger than himself""; ""I read a portion of the manuscript""; ""the smaller component is hard to reach""; ""the animal constituent of plankton""",
rise of,3956664,the act of changing location in an upward direction,
the train,3955837,,"wheelwork consisting of a connected set of rotating gears by which force is transmitted or motion or torque is changed; ""the fool got his tie caught in the geartrain"""
the west,3955181,,situated in or facing or moving toward the west
not being,3954477,"negation of a word or group of words; ""he does not speak French""; ""she is not going""; ""they are not friends""; ""not many""; ""not much""; ""not at all""","the state or fact of existing; ""a point of view gradually coming into being""; ""laws in existence for centuries""; ""he appeared on the face of the earth one day"""
model for,3954195,"a woman who wears clothes to display fashions; ""she was too fat to be a mannequin""",
hands on,3954098,"(with `in') guardianship over; in divorce cases it is the right to house and care for and discipline a child; ""my fate is in your hands""; ""too much power in the president's hands""; ""your guests are now in my custody""; ""the mother was awarded custody of the children""","in operation or operational; ""left the oven on""; ""the switch is in the on position"""
to seek,3953180,,the movement of a read/write head to a specific data track on a disk
identification of,3952023,"the condition of having the identity (of a person or object) established; ""the thief's identification was followed quickly by his arrest""; ""identification of the gun was an important clue""",
turned and,3950141,"in an unpalatable state; ""sour milk""",
to treat,3950044,,an occurrence that causes special pleasure or delight
nothing more,3948238,"a quantity of no importance; ""it looked like nothing I had ever seen before""; ""reduced to nil all the work we had done""; ""we racked up a pathetic goose egg""; ""it was all for naught""; ""I didn't hear zilch about it""","English statesman who opposed Henry VIII's divorce from Catherine of Aragon and was imprisoned and beheaded; recalled for his concept of Utopia, the ideal state"
learn to,3948083,"gain knowledge or skills; ""She learned dancing from her sister""; ""I learned Sanskrit""; ""Children acquire language at an amazing rate""",
end up,3947554,"(football) the person who plays at one end of the line of scrimmage; ""the end managed to hold onto the pass""","open; ""the windows are up"""
class of,3945758,"elegance in dress or behavior; ""she has a lot of class""",
to marry,3944477,,take in marriage
and any,3944079,,"to any degree or extent; ""it isn't any better"""
design and,3943994,"a decorative or artistic work; ""the coach had a design on the doors""",
allow the,3941407,"let have; ""grant permission""; ""Mandela was allowed few visitors in prison""",
the greater,3940835,,"greater in size or importance or degree; ""for the greater good of the community""; ""the greater Antilles"""
out what,3940683,"outer or outlying; ""the out islands""",
making it,3939548,"(usually plural) the components needed for making or doing something; ""the recipe listed all the makings for a chocolate cake""",the branch of engineering that deals with the use of computers and telecommunications to retrieve and store and transmit information
created by,3939206,,"in reserve; not for immediate use; ""started setting aside money to buy a car""; ""put something by for her old age""; ""has a nest egg tucked away for a rainy day"""
having been,3937688,,
use it,3937597,"(economics) the utilization of economic goods to satisfy needs or in manufacturing; ""the consumption of energy has increased steadily""",the branch of engineering that deals with the use of computers and telecommunications to retrieve and store and transmit information
the discussion,3937021,,"an extended communication (often interactive) dealing with some particular topic; ""the book contains an excellent discussion of modal logic""; ""his treatment of the race question is badly biased"""
the east,3935555,,situated in or facing or moving toward the east
was trying,3935475,,"hard to endure; ""fell upon trying times"""
the Royal,3934572,,"belonging to or befitting a supreme ruler; ""golden age of imperial splendor""; ""purple tyrant""; ""regal attire""; ""treated with royal acclaim""; ""the royal carriage of a stag's head"""
requirements of,3934371,,
the passage,3931872,,the passing of a law by a legislative body
two men,3930159,"being one more than one; ""he received two messages""",the force of workers available
who do,3929687,a United Nations agency to coordinate international health activities and to help governments improve health services,doctor's degree in osteopathy
he sat,3929613,a very light colorless element that is one of the six inert gasses; the most difficult gas to liquefy; occurs in economically extractable amounts in certain natural gases (as those found in Texas and Kansas),the seventh and last day of the week; observed as the Sabbath by Jews and some Christians
from what,3926262,,
the definition,3926222,,"clarity of outline; ""exercise had given his muscles superior definition"""
my first,3925890,,"serving to begin; ""the beginning canto of the poem""; ""the first verse"""
there may,3925403,"a location other than here; that place; ""you can take it from there""",thorny Eurasian shrub of small tree having dense clusters of white to scarlet flowers followed by deep red berries; established as an escape in eastern North America
the sum,3925047,,"a quantity of money; ""he borrowed a large sum""; ""the amount he had in cash was insufficient"""
the contract,3923878,,a variety of bridge in which the bidder receives points toward game only for the number of tricks he bid
a powerful,3922679,"the basic unit of electric current adopted under the Systeme International d'Unites; ""a typical household circuit carries 15 to 50 amps""","displaying superhuman strength or power; ""herculean exertions"""
he reached,3922499,a very light colorless element that is one of the six inert gasses; the most difficult gas to liquefy; occurs in economically extractable amounts in certain natural gases (as those found in Texas and Kansas),
to prepare,3922216,,"arrange by systematic planning and united effort; ""machinate a plot""; ""organize a strike""; ""devise a plan to take over the director's office"""
me about,3921114,a state in New England,"in rotation or succession; ""turn about is fair play"""
is because,3920387,,
reduction in,3919421,any process in which electrons are added to an atom or ion (as by removing oxygen or adding hydrogen); always occurs accompanied by oxidation of the reducing agent,"currently fashionable; ""the in thing to do""; ""large shoulder pads are in"""
the bathroom,3916276,,a room (as in a residence) containing a bathtub or shower and usually a washbasin and toilet
the status,3914857,,"a state at a particular time; ""a condition (or state) of disrepair""; ""the current status of the arms negotiations"""
exposed to,3914525,"with no protection or shield; ""the exposed northeast frontier""; ""open to the weather""; ""an open wound""",
condition of,3912686,"a mode of being or form of existence of a person or thing; ""the human condition""",
will need,3911903,"the capability of conscious choice and decision and intention; ""the exercise of their volition we construe as revolt""- George Meredith","a condition requiring relief; ""she satisfied his need for affection""; ""God has no need of men to accomplish His work""; ""there is a demand for jobs"""
the far,3911187,,"being of a considerable distance or length; ""a far trek"""
the few,3910107,,"a quantifier that can be used with count nouns and is often preceded by `a'; a small but indefinite number; ""a few weeks ago""; ""a few more wagons than usual""; ""an invalid's pleasures are few and far between""; ""few roses were still blooming""; ""few women have led troops in battle"""
rule of,3907703,"dominance or power through legal authority; ""France held undisputed dominion over vast areas of Africa""; ""the rule of Caesar""",
afraid of,3905100,"having feelings of aversion or unwillingness; ""afraid of hard work""; ""afraid to show emotion""",
around him,3904774,"in circumference; ""the trunk is ten feet around""; ""the pond is two miles around""",
an object,3904122,an associate degree in nursing,"a tangible and visible entity; an entity that can cast a shadow; ""it was full of rackets, balls and other objects"""
are given,3903848,a unit of surface area equal to 100 square meters,"acknowledged as a supposition; ""given the engine's condition, it is a wonder that it started"""
it appears,3902211,the branch of engineering that deals with the use of computers and telecommunications to retrieve and store and transmit information,
he spoke,3902099,a very light colorless element that is one of the six inert gasses; the most difficult gas to liquefy; occurs in economically extractable amounts in certain natural gases (as those found in Texas and Kansas),one of the crosspieces that form the steps of a ladder
language and,3901873,"the mental faculty or power of vocal communication; ""language sets homo sapiens apart from all other animals""",
the nineteenth,3901110,,coming next after the eighteenth in position
make up,3900277,the act of mixing cards haphazardly,"open; ""the windows are up"""
was given,3899044,,"acknowledged as a supposition; ""given the engine's condition, it is a wonder that it started"""
reported that,3897103,"made known or told about; especially presented in a formal account; ""his reported opinion""; ""the reported findings""",
a light,3896490,"the basic unit of electric current adopted under the Systeme International d'Unites; ""a typical household circuit carries 15 to 50 amps""","easily assimilated in the alimentary canal; not rich or heavily seasoned; ""a light diet"""
were made,3896463,,"(of a bed) having the sheets and blankets set in order; ""a neatly made bed"""
friends and,3896250,,
the flow,3895689,,any uninterrupted stream or discharge
and water,3895223,,binary compound that occurs at room temperature as a clear colorless odorless tasteless liquid; freezes into ice below 0 degrees centigrade and boils above 100 degrees centigrade; widely used as a solvent
feel that,3894902,"the general atmosphere of a place or situation and the effect that it has on people; ""the feel of the city excited him""; ""a clergyman improved the tone of the meeting""; ""it had the smell of treason""",
fail to,3894566,"get worse; ""Her health is declining""",
through which,3892415,"having finished or arrived at completion; ""certain to make history before he's done""; ""it's a done deed""; ""after the treatment, the patient is through except for follow-up""; ""almost through with his studies""",
his neck,3891307,,an opening in a garment for the neck of the wearer; a part of the garment near the wearer's neck
of mind,3890274,,"an important intellectual; ""the great minds of the 17th century"""
freedom of,3889337,the condition of being free; the power to act or speak or think without externally imposed restraints,
already been,3888960,"prior to a specified or implied time; ""she has already graduated""",
the establishment,3886866,,(ecology) the process by which a plant or animal becomes established in a new habitat
and very,3886738,,"used as intensifiers; `real' is sometimes used informally for `really'; `rattling' is informal; ""she was very gifted""; ""he played very well""; ""a really enjoyable evening""; ""I'm real sorry about it""; ""a rattling good yarn"""
point to,3886442,one percent of the total principal of a loan; it is paid at the time the loan is made and is independent of the interest on the loan,
just one,3885870,"used especially of what is legally or ethically right or proper or fitting; ""a just and lasting peace""- A.Lincoln; ""a kind and just man""; ""a just reward""; ""his just inheritance""","being a single entity made by combining separate components; ""three chemicals combining into one solution"""
and time,3885293,,"an indefinite period (usually marked by specific attributes or activities); ""the time of year for planting""; ""he was a great actor in his time"""
as my,3882163,a very poisonous metallic element that has three allotropic forms; arsenic and arsenic compounds are used as herbicides and insecticides and various alloys; found in arsenopyrite and orpiment and realgar,
the Government,3882051,,"the act of governing; exercising authority; ""regulations for the governing of state prisons""; ""he had considerable experience of government"""
the network,3881448,,an open fabric of string or rope or wire woven together at regular intervals
the weight,3880365,,(statistics) a coefficient assigned to elements of a frequency distribution in order to represent their relative importance
her way,3879061,,"a portion of something divided into shares; ""they split the loot three ways"""
and sat,3878970,,the seventh and last day of the week; observed as the Sabbath by Jews and some Christians
in them,3878605,"currently fashionable; ""the in thing to do""; ""large shoulder pads are in""",
the cross,3877591,,annoyed and irritable
State University,3876825,"a state of depression or agitation; ""he was in such a state you just couldn't reason with him""","establishment where a seat of higher learning is housed, including administrative and living quarters as well as facilities for research and teaching"
the requirements,3873596,,
of years,3873313,,"the time during which someone's life continues; ""the monarch's last days""; ""in his final years"""
love of,3873007,"a score of zero in tennis or squash; ""it was 40 love""",
written in,3872937,written as for a film or play or broadcast,"currently fashionable; ""the in thing to do""; ""large shoulder pads are in"""
in question,3871463,"currently fashionable; ""the in thing to do""; ""large shoulder pads are in""","uncertainty about the truth or factuality or existence of something; ""the dubiousness of his claim""; ""there is no question about the validity of the enterprise"""
rates of,3870926,a local tax on property (usually used in the plural),
why he,3870726,"the cause or intention underlying an action or situation, especially in the phrase `the whys and wherefores'",a very light colorless element that is one of the six inert gasses; the most difficult gas to liquefy; occurs in economically extractable amounts in certain natural gases (as those found in Texas and Kansas)
to fill,3869217,,"a quantity sufficient to satisfy; ""he ate his fill of potatoes""; ""she had heard her fill of gossip"""
deep breath,3868953,"with head or back bent low; ""a deep bow""","a slight movement of the air; ""there wasn't a breath of air in the room"""
today 's,3866966,"the day that includes the present moment (as opposed to yesterday or tomorrow); ""Today is beautiful""; ""did you see today's newspaper?""",
costs of,3865135,pecuniary reimbursement to the winning party for the expenses of litigation,
plan to,3864933,"scale drawing of a structure; ""the plans for City Hall were on file""",
to end,3863300,,"(football) the person who plays at one end of the line of scrimmage; ""the end managed to hold onto the pass"""
vision of,3862912,"the formation of a mental image of something that is not perceived as real and is not present to the senses; ""popular imagination created a world of demons""; ""imagination reveals what the world could be""",
to decide,3862842,,"reach, make, or come to a decision about something; ""We finally decided after lengthy deliberations"""
have never,3862744,a person who possesses great material wealth,"not ever; at no time in the past or future; ""I have never been to China""; ""I shall never forget this day""; ""had never seen a circus""; ""never on Sunday""; ""I will never marry you!"""
the choice,3860969,,"of superior grade; ""choice wines""; ""prime beef""; ""prize carnations""; ""quality paper""; ""select peaches"""
room for,3860833,"space for movement; ""room to pass""; ""make way for""; ""hardly enough elbow room to turn around""",
them the,3860525,,
you ever,3858643,,"at any time; ""did you ever smoke?""; ""the best con man of all time"""
feature of,3857107,an article of merchandise that is displayed or advertised more than other articles,
interests of,3857008,,
him out,3856688,,"outer or outlying; ""the out islands"""
key to,3856540,"serving as an essential component; ""a cardinal rule""; ""the central cause of the problem""; ""an example that was fundamental to the argument""; ""computers are fundamental to modern industrial structure""",
was for,3856083,,
contained in,3855882,"gotten under control; ""the oil spill is contained""","currently fashionable; ""the in thing to do""; ""large shoulder pads are in"""
who 'd,3854603,a United Nations agency to coordinate international health activities and to help governments improve health services,
was quite,3854301,,"to the greatest extent; completely; ""you're quite right""; ""she was quite alone""; ""was quite mistaken""; ""quite the opposite""; ""not quite finished""; ""did not quite make it"""
the moon,3853984,,United States religious leader (born in Korea) who founded the Unification Church in 1954; was found guilty of conspiracy to evade taxes (born in 1920)
aimed at,3853701,,100 at equal 1 kip in Laos
among them,3853586,,
center for,3853199,of or belonging to neither the right nor the left politically or intellectually,
and services,3852566,,"performance of duties or provision of space and equipment helpful to others; ""the mayor tried to maintain city services""; ""the medical services are excellent"""
this question,3851652,,"uncertainty about the truth or factuality or existence of something; ""the dubiousness of his claim""; ""there is no question about the validity of the enterprise"""
from those,3851136,,
success of,3850666,"a state of prosperity or fame; ""he is enjoying great success""; ""he does not consider wealth synonymous with success""",
by all,3850151,"in reserve; not for immediate use; ""started setting aside money to buy a car""; ""put something by for her old age""; ""has a nest egg tucked away for a rainy day""","completely given to or absorbed by; ""became all attention"""
the exact,3849703,,"(of ideas, images, representations, expressions) characterized by perfect conformity to fact or truth; strictly correct; ""a precise image""; ""a precise measurement"""
the proper,3848873,,"appropriate for a condition or purpose or occasion or a person's character, needs; ""everything in its proper place""; ""the right man for the job""; ""she is not suitable for the position"""
structure and,3848702,"a thing constructed; a complex entity constructed of many parts; ""the structure consisted of a series of arches""; ""she wore her hair in an amazing construction of whirls and ribbons""",
my family,3847081,,"a person having kinship with another or others; ""he's kin""; ""he's family"""
in there,3846898,"currently fashionable; ""the in thing to do""; ""large shoulder pads are in""","a location other than here; that place; ""you can take it from there"""
the Council,3846271,,"a meeting of people for consultation; ""emergency council"""
early in,3845196,"very young; ""at an early age""","currently fashionable; ""the in thing to do""; ""large shoulder pads are in"""
so what,3844250,the syllable naming the fifth (dominant) note of any musical scale in solmization,
above all,3841882,"appearing earlier in the same text; ""flaws in the above interpretation""","completely given to or absorbed by; ""became all attention"""
give it,3841747,the elasticity of something that can be stretched and returns to its original length,the branch of engineering that deals with the use of computers and telecommunications to retrieve and store and transmit information
I started,3841451,"used of a single unit or thing; not two or more; ""`ane' is Scottish""",
there for,3841133,"a location other than here; that place; ""you can take it from there""",
the benefits,3840898,,
stay in,3839261,"continuing or remaining in a place or state; ""they had a nice stay in Paris""; ""a lengthy hospital stay""; ""a four-month stay in bankruptcy court""","currently fashionable; ""the in thing to do""; ""large shoulder pads are in"""
looked down,3838642,,"shut; ""the shades were down"""
but her,3838376,"and nothing more; ""I was merely asking""; ""it is simply a matter of time""; ""just a scratch""; ""he was only a child""; ""hopes that last but a moment""",
name is,3838290,"a well-known or notable person; ""they studied all the great names in the history of France""; ""she is an important figure in modern music""",
until she,3838225,,
what has,3833673,,
in Section,3832929,"currently fashionable; ""the in thing to do""; ""large shoulder pads are in""",a land unit equal to 1 square mile
in line,3832808,"currently fashionable; ""the in thing to do""; ""large shoulder pads are in""",a single frequency (or very narrow band) of radiation in a spectrum
the internal,3832489,,"inside the country; ""the British Home Office has broader responsibilities than the United States Department of the Interior""; ""the nation's internal politics"""
the East,3832437,,situated in or facing or moving toward the east
a step,3832185,"the basic unit of electric current adopted under the Systeme International d'Unites; ""a typical household circuit carries 15 to 50 amps""","the distance covered by a step; ""he stepped off ten paces from the old tree and began to dig"""
six months,3830988,denoting a quantity consisting of six items or units,
to more,3829205,,"English statesman who opposed Henry VIII's divorce from Catherine of Aragon and was imprisoned and beheaded; recalled for his concept of Utopia, the ideal state"
brought to,3829138,,
let them,3828466,a serve that strikes the net before falling into the receiver's court; the ball must be served again,
him at,3828372,,100 at equal 1 kip in Laos
Holy Spirit,3828145,belonging to or derived from or associated with a divine power,the vital principle or animating force within living things
the days,3827986,,"the time during which someone's life continues; ""the monarch's last days""; ""in his final years"""
he just,3827535,a very light colorless element that is one of the six inert gasses; the most difficult gas to liquefy; occurs in economically extractable amounts in certain natural gases (as those found in Texas and Kansas),"used especially of what is legally or ethically right or proper or fitting; ""a just and lasting peace""- A.Lincoln; ""a kind and just man""; ""a just reward""; ""his just inheritance"""
expressed in,3827095,"communicated in words; ""frequently uttered sentiments""","currently fashionable; ""the in thing to do""; ""large shoulder pads are in"""
an additional,3826026,an associate degree in nursing,"further or added; ""called for additional troops""; ""need extra help""; ""an extra pair of shoes"""
a right,3825522,"the basic unit of electric current adopted under the Systeme International d'Unites; ""a typical household circuit carries 15 to 50 amps""","appropriate for a condition or purpose or occasion or a person's character, needs; ""everything in its proper place""; ""the right man for the job""; ""she is not suitable for the position"""
a one,3823609,"the basic unit of electric current adopted under the Systeme International d'Unites; ""a typical household circuit carries 15 to 50 amps""","being a single entity made by combining separate components; ""three chemicals combining into one solution"""
will find,3821989,"the capability of conscious choice and decision and intention; ""the exercise of their volition we construe as revolt""- George Meredith",the act of discovering something
the chair,3821639,,"the officer who presides at the meetings of an organization; ""address your remarks to the chairperson"""
attempting to,3821149,,
recognition of,3821005,"(biology) the ability of one molecule to attach to another molecule that has a complementary shape; ""molecular recognition drives all of biology, for instance, hormone and receptor or antibody-antigen interactions or the organization of molecules into larger biologically active entities""",
the Jews,3819844,,
to measure,3818916,,"any maneuver made as part of progress toward a goal; ""the situation called for strong measures""; ""the police took steps to reduce crime"""
this day,3817465,,United States writer best known for his autobiographical works (1874-1935)
society of,3816119,"the state of being with someone; ""he missed their company""; ""he enjoyed the society of his friends""",
asked me,3815544,,a state in New England
you find,3815063,,the act of discovering something
chance of,3814949,"an unknown and unpredictable phenomenon that causes an event to result one way rather than another; ""bad luck caused his downfall""; ""we ran into each other by pure chance""",
develop a,3813996,"move into a strategically more advantageous position; ""develop the rook""","the basic unit of electric current adopted under the Systeme International d'Unites; ""a typical household circuit carries 15 to 50 amps"""
students to,3813739,,
as its,3813268,a very poisonous metallic element that has three allotropic forms; arsenic and arsenic compounds are used as herbicides and insecticides and various alloys; found in arsenopyrite and orpiment and realgar,
War II,3812624,"an active struggle between competing entities; ""a price war""; ""a war of wits""; ""diplomatic warfare""","being one more than one; ""he received two messages"""
hair and,3811893,"filamentous hairlike growth on a plant; ""peach fuzz""",
a line,3811506,"the basic unit of electric current adopted under the Systeme International d'Unites; ""a typical household circuit carries 15 to 50 amps""",a single frequency (or very narrow band) of radiation in a spectrum
focusing on,3811247,the act of bringing into focus,"in operation or operational; ""left the oven on""; ""the switch is in the on position"""
would go,3810802,,"functioning correctly and ready for action; ""all systems are go"""
behalf of,3810647,"for someone's benefit (usually expressed as `in behalf' rather than `on behalf' and usually with a possessive); ""in your behalf""; ""campaigning in his own behalf""; ""spoke a good word in his friend's behalf""",
she smiled,3810500,,
carry out,3809473,the act of carrying something,"outer or outlying; ""the out islands"""
a house,3809132,"the basic unit of electric current adopted under the Systeme International d'Unites; ""a typical household circuit carries 15 to 50 amps""","a dwelling that serves as living quarters for one or more families; ""he has a house on Cape Cod""; ""she felt she had to get out of the house"""
we use,3808641,,"(economics) the utilization of economic goods to satisfy needs or in manufacturing; ""the consumption of energy has increased steadily"""
the reasons,3805504,,
realize that,3804905,"make real or concrete; give reality or substance to; ""our ideas must be substantiated into actions""",
to manage,3804134,,"handle effectively; ""The burglar wielded an axe""; ""The young violinist didn't manage her bow very well"""
replaced by,3802878,,"in reserve; not for immediate use; ""started setting aside money to buy a car""; ""put something by for her old age""; ""has a nest egg tucked away for a rainy day"""
the chance,3802628,,"an unknown and unpredictable phenomenon that causes an event to result one way rather than another; ""bad luck caused his downfall""; ""we ran into each other by pure chance"""
a sign,3802620,"the basic unit of electric current adopted under the Systeme International d'Unites; ""a typical household circuit carries 15 to 50 amps""","having an indicated pole (as the distinction between positive and negative electric charges); ""he got the polarity of the battery reversed""; ""charges of opposite sign"""
still a,3799067,"free from noticeable current; ""a still pond""; ""still waters run deep""","the basic unit of electric current adopted under the Systeme International d'Unites; ""a typical household circuit carries 15 to 50 amps"""
and well,3798594,,"in good health especially after having suffered illness or injury; ""appears to be entirely well""; ""the wound is nearly well""; ""a well man""; ""I think I'm well; at least I feel well"""
be expected,3797274,a light strong brittle grey toxic bivalent metallic element,"considered likely or probable to happen or arrive; ""prepared for the expected attack"""
of business,3796718,,"the activity of providing goods and services involving financial and commercial and industrial aspects; ""computers are now widely used in business"""
Human Rights,3796545,"having human form or attributes as opposed to those of animals or divine beings; ""human beings""; ""the human body""; ""human kindness""; ""human frailty""",
emergence of,3796519,the act of coming (or going) out; becoming apparent,
to evaluate,3795329,,"form a critical opinion of; ""I cannot judge some works of modern art""; ""How do you evaluate this grant proposal?""; ""We shouldn't pass judgment on other people"""
I always,3793963,"used of a single unit or thing; not two or more; ""`ane' is Scottish""","at all times; all the time and on every occasion; ""I will always be there to help you""; ""always arrives on time""; ""there is always some pollution in the air""; ""ever hoping to strike it rich""; ""ever busy"""
thought you,3793752,"the process of using your mind to consider something carefully; ""thinking always made him frown""; ""she paused for thought""",
happy to,3792826,"well expressed and to the point; ""a happy turn of phrase""; ""a few well-chosen words""",
the figure,3792713,,"a well-known or notable person; ""they studied all the great names in the history of France""; ""she is an important figure in modern music"""
choose to,3791013,"pick out, select, or choose from a number of alternatives; ""Take any one of these cards""; ""Choose a good husband for your daughter""; ""She selected a pair of shoes from among the dozen the salesgirl had shown her""",
are likely,3790357,a unit of surface area equal to 100 square meters,"has a good chance of being the case or of coming about; ""these services are likely to be available to us all before long""; ""she is likely to forget""; ""a likely place for a restaurant""; ""the broken limb is likely to fall""; ""rain is likely""; ""a likely topic for investigation""; ""likely candidates for the job"""
the private,3789925,,"concerning one person exclusively; ""we all have individual cars""; ""each room has a private bath"""
to life,3789219,,"a living person; ""his heroism saved a life"""
us and,3788814,North American republic containing 50 states - 48 conterminous states in North America plus Alaska in northwest North America and the Hawaiian Islands in the Pacific Ocean; achieved independence in 1776,
a first,3788581,"the basic unit of electric current adopted under the Systeme International d'Unites; ""a typical household circuit carries 15 to 50 amps""","serving to begin; ""the beginning canto of the poem""; ""the first verse"""
because there,3787347,,"a location other than here; that place; ""you can take it from there"""
time she,3787177,"an indefinite period (usually marked by specific attributes or activities); ""the time of year for planting""; ""he was a great actor in his time""",
you with,3786518,,
to win,3786251,,something won (especially money)
and hence,3783433,,"(used to introduce a logical conclusion) from that fact or reason or as a result; ""therefore X must be true""; ""the eggs were fresh and hence satisfactory""; ""we were young and thence optimistic""; ""it is late and thus we must go""; ""the witness is biased and so cannot be trusted"""
they went,3779808,,
it down,3778970,the branch of engineering that deals with the use of computers and telecommunications to retrieve and store and transmit information,"shut; ""the shades were down"""
council of,3777172,"a meeting of people for consultation; ""emergency council""",
for use,3774094,,"(economics) the utilization of economic goods to satisfy needs or in manufacturing; ""the consumption of energy has increased steadily"""
centre of,3773349,"a building dedicated to a particular activity; ""they were raising money to build a new center for research""",
them out,3769608,,"outer or outlying; ""the out islands"""
study in,3768933,"someone who memorizes quickly and easily (as the lines for a part in a play); ""he is a quick study""","currently fashionable; ""the in thing to do""; ""large shoulder pads are in"""
are able,3768467,a unit of surface area equal to 100 square meters,"having a strong healthy body; ""an able seaman""; ""every able-bodied young man served in the army"""
available in,3767951,"not busy; not otherwise committed; ""he was not available for comment""; ""he was available and willing to accompany her""","currently fashionable; ""the in thing to do""; ""large shoulder pads are in"""
waited for,3767288,,
in South,3767189,"currently fashionable; ""the in thing to do""; ""large shoulder pads are in""","situated in or facing or moving toward or coming from the south; ""the south entrance"""
was probably,3766363,,"with considerable certainty; without much doubt; ""He is probably out of the country""; ""in all likelihood we are headed for war"""
but still,3765729,"and nothing more; ""I was merely asking""; ""it is simply a matter of time""; ""just a scratch""; ""he was only a child""; ""hopes that last but a moment""","free from noticeable current; ""a still pond""; ""still waters run deep"""
sat on,3764022,the seventh and last day of the week; observed as the Sabbath by Jews and some Christians,"in operation or operational; ""left the oven on""; ""the switch is in the on position"""
he smiled,3763383,a very light colorless element that is one of the six inert gasses; the most difficult gas to liquefy; occurs in economically extractable amounts in certain natural gases (as those found in Texas and Kansas),
concentration of,3762410,bringing together military forces,
of England,3760919,,a division of the United Kingdom
examination of,3760523,a detailed inspection of your conscience (as done daily by Jesuits),
the defendant,3758389,,a person or institution against whom an action is brought in a court of law; the person being sued or accused
the rise,3758130,,the act of changing location in an upward direction
seen the,3757678,,
opportunities for,3757668,,
to listen,3757149,,"hear with intention; ""Listen to the sound of this cello"""
same thing,3755731,"equal in amount or value; ""like amounts""; ""equivalent amounts""; ""the same amount""; ""gave one six blows and the other a like number""; ""the same number""","a special situation; ""this thing has got to end""; ""it is a remarkable thing"""
images of,3755305,,
in several,3754986,"currently fashionable; ""the in thing to do""; ""large shoulder pads are in""",
flow of,3753571,any uninterrupted stream or discharge,
be one,3752459,a light strong brittle grey toxic bivalent metallic element,"being a single entity made by combining separate components; ""three chemicals combining into one solution"""
hours of,3752305,"an indefinite period of time; ""they talked for hours""",
not remember,3751279,"negation of a word or group of words; ""he does not speak French""; ""she is not going""; ""they are not friends""; ""not many""; ""not much""; ""not at all""","show appreciation to; ""He remembered her in his will"""
women who,3750098,,a United Nations agency to coordinate international health activities and to help governments improve health services
a private,3750026,"the basic unit of electric current adopted under the Systeme International d'Unites; ""a typical household circuit carries 15 to 50 amps""","concerning one person exclusively; ""we all have individual cars""; ""each room has a private bath"""
voice was,3749928,"an advocate who represents someone else's policy or purpose; ""the meeting was attended by spokespersons for all the major organs of government""",
and high,3749810,,(used of the smell of meat) smelling spoiled or tainted
one would,3749693,"being a single entity made by combining separate components; ""three chemicals combining into one solution""",
makes a,3749230,,"the basic unit of electric current adopted under the Systeme International d'Unites; ""a typical household circuit carries 15 to 50 amps"""
shape of,3748861,the state of (good) health (especially in the phrases `in condition' or `in shape' or `out of condition' or `out of shape'),
and Social,3748042,,"marked by friendly companionship with others; ""a social cup of coffee"""
say it,3747123,"the chance to speak; ""let him have his say""",the branch of engineering that deals with the use of computers and telecommunications to retrieve and store and transmit information
the ultimate,3747103,,"being the last or concluding element of a series; ""the ultimate sonata of that opus""; ""a distinction between the verb and noun senses of `conflict' is that in the verb the stress is on the ultimate (or last) syllable"""
location of,3747025,the act of putting something in a certain place,
men of,3746478,the force of workers available,
done in,3746163,"having finished or arrived at completion; ""certain to make history before he's done""; ""it's a done deed""; ""after the treatment, the patient is through except for follow-up""; ""almost through with his studies""","currently fashionable; ""the in thing to do""; ""large shoulder pads are in"""
my name,3744593,,"a well-known or notable person; ""they studied all the great names in the history of France""; ""she is an important figure in modern music"""
hand in,3743798,"a member of the crew of a ship; ""all hands on deck""","currently fashionable; ""the in thing to do""; ""large shoulder pads are in"""
sense that,3743432,"sound practical judgment; ""Common sense is not so common""; ""he hasn't got the sense God gave little green apples""; ""fortunately she had the good sense to run away""",
the well,3742245,,"in good health especially after having suffered illness or injury; ""appears to be entirely well""; ""the wound is nearly well""; ""a well man""; ""I think I'm well; at least I feel well"""
research in,3740221,"a search for knowledge; ""their pottery deserves more research than it has received""","currently fashionable; ""the in thing to do""; ""large shoulder pads are in"""
a further,3740061,"the basic unit of electric current adopted under the Systeme International d'Unites; ""a typical household circuit carries 15 to 50 amps""","more distant in especially degree; ""nothing could be further from the truth""; ""further from our expectations""; ""farther from the truth""; ""farther from our expectations"""
place for,3739213,"a particular situation; ""If you were in my place what would you do?""",
she needed,3738243,,"necessary for relief or supply; ""provided them with all things needful"""
selection of,3736995,a natural process resulting in the evolution of organisms best adapted to the environment,
consisting of,3735194,,
to represent,3733236,,"create an image or likeness of; ""The painter represented his wife as a young girl"""
the outcome,3732652,,"a phenomenon that follows and is caused by some previous phenomenon; ""the magnetic effect was greater when the rod was lengthwise""; ""his decision had depressing consequences for business""; ""he acted very wise after the event"""
whereas the,3732480,,
a party,3731763,"the basic unit of electric current adopted under the Systeme International d'Unites; ""a typical household circuit carries 15 to 50 amps""","a person involved in legal proceedings; ""the party of the first part"""
table and,3730388,"a piece of furniture having a smooth flat top that is usually supported by one or more vertical legs; ""it was a sturdy table""",
will give,3730200,"the capability of conscious choice and decision and intention; ""the exercise of their volition we construe as revolt""- George Meredith",the elasticity of something that can be stretched and returns to its original length
been to,3729919,,
a relatively,3728746,"the basic unit of electric current adopted under the Systeme International d'Unites; ""a typical household circuit carries 15 to 50 amps""","in a relative manner; by comparison to something else; ""the situation is relatively calm now"""
the condition,3726721,,"a mode of being or form of existence of a person or thing; ""the human condition"""
discuss the,3726268,"to consider or examine in speech or writing; ""The author talks about the different aspects of this question""; ""The class discussed Dante's `Inferno'""",
attributed to,3725495,,
are they,3725380,a unit of surface area equal to 100 square meters,
growth and,3723522,"(biology) the process of an individual organism growing organically; a purely biological unfolding of events involved in an organism changing gradually from a simple to a more complex level; ""he proposed an indicator of osseous development in children""",
memory of,3722638,"an electronic memory device; ""a memory and the CPU form the central part of a computer to which peripherals are attached""",
never seen,3721980,"not ever; at no time in the past or future; ""I have never been to China""; ""I shall never forget this day""; ""had never seen a circus""; ""never on Sunday""; ""I will never marry you!""",
she gave,3720485,,
taken from,3719209,"understood in a certain way; made sense of; ""a word taken literally""; ""a smile taken as consent""; ""an open door interpreted as an invitation""",
was taken,3718524,,"understood in a certain way; made sense of; ""a word taken literally""; ""a smile taken as consent""; ""an open door interpreted as an invitation"""
and later,3717626,,"at some eventual time in the future; ""By and by he'll understand""; ""I'll see you later"""
only when,3716146,"exclusive of anyone or anything else; ""she alone believed him""; ""cannot live by bread alone""; ""I'll have this car and this car only""",
years after,3715571,"the time during which someone's life continues; ""the monarch's last days""; ""in his final years""","behind or in the rear; ""and Jill came tumbling after"""
the background,3715355,,"the state of the environment in which a situation exists; ""you can't do that in a university setting"""
why are,3715288,"the cause or intention underlying an action or situation, especially in the phrase `the whys and wherefores'",a unit of surface area equal to 100 square meters
information is,3715271,"(communication theory) a numerical measure of the uncertainty of an outcome; ""the signal contained thousands of bits of information""",
she found,3711600,,"come upon unexpectedly or after searching; ""found art""; ""the lost-and-found department"""
asked the,3709667,,
from them,3709063,,
by that,3708880,"in reserve; not for immediate use; ""started setting aside money to buy a car""; ""put something by for her old age""; ""has a nest egg tucked away for a rainy day""",
represented by,3707653,represented accurately or precisely,"in reserve; not for immediate use; ""started setting aside money to buy a car""; ""put something by for her old age""; ""has a nest egg tucked away for a rainy day"""
his death,3707193,,"the permanent end of all life functions in an organism or part of an organism; ""the animal died a painful death"""
more like,3707089,"English statesman who opposed Henry VIII's divorce from Catherine of Aragon and was imprisoned and beheaded; recalled for his concept of Utopia, the ideal state","resembling or similar; having the same or some of the same characteristics; often used in combination; ""suits of like design""; ""a limited circle of like minds""; ""members of the cat family have like dispositions""; ""as like as two peas in a pod""; ""doglike devotion""; ""a dreamlike quality"""
never have,3705812,"not ever; at no time in the past or future; ""I have never been to China""; ""I shall never forget this day""; ""had never seen a circus""; ""never on Sunday""; ""I will never marry you!""",a person who possesses great material wealth
understanding the,3705362,"characterized by understanding based on comprehension and discernment and empathy; ""an understanding friend""",
the kids,3704903,,
business and,3703072,"the activity of providing goods and services involving financial and commercial and industrial aspects; ""computers are now widely used in business""",
a constant,3702128,"the basic unit of electric current adopted under the Systeme International d'Unites; ""a typical household circuit carries 15 to 50 amps""","unvarying in nature; ""maintained a constant temperature""; ""principles of unvarying validity"""
this period,3702124,,"the monthly discharge of blood from the uterus of nonpregnant women from puberty to menopause; ""the women were sickly and subject to excessive menstruation""; ""a woman does not take the gout unless her menses be stopped""--Hippocrates; ""the semen begins to appear in males and to be emitted at the same time of life that the catamenia begin to flow in females""--Aristotle"
meant that,3701373,,
or for,3700665,"a room in a hospital equipped for the performance of surgical operations; ""great care is taken to keep the operating rooms aseptic""",
to admit,3700229,,"admit into a group or community; ""accept students for graduate study""; ""We'll have to vote on whether or not to admit a new member"""
door to,3700013,"a swinging or sliding barrier that will close the entrance to a room or building or vehicle; ""he knocked on the door""; ""he slammed the door as he left""",
works of,3696638,"everything available; usually preceded by `the'; ""we saw the whole shebang""; ""a hotdog with the works""; ""we took on the whole caboodle""; ""for $10 you get the full treatment""",
are only,3696173,a unit of surface area equal to 100 square meters,"exclusive of anyone or anything else; ""she alone believed him""; ""cannot live by bread alone""; ""I'll have this car and this car only"""
was then,3695545,,"that time; that moment; ""we will arrive before then""; ""we were friends from then on"""
or three,3693813,"a room in a hospital equipped for the performance of surgical operations; ""great care is taken to keep the operating rooms aseptic""",being one more than two
years in,3693499,"the time during which someone's life continues; ""the monarch's last days""; ""in his final years""","currently fashionable; ""the in thing to do""; ""large shoulder pads are in"""
your mind,3692819,,"an important intellectual; ""the great minds of the 17th century"""
a complex,3692390,"the basic unit of electric current adopted under the Systeme International d'Unites; ""a typical household circuit carries 15 to 50 amps""","complicated in structure; consisting of interconnected parts; ""a complex set of variations based on a simple folk melody""; ""a complex mass of diverse laws and customs"""
a serious,3690893,"the basic unit of electric current adopted under the Systeme International d'Unites; ""a typical household circuit carries 15 to 50 amps""","of great consequence; ""marriage is a serious matter"""
given that,3688250,"acknowledged as a supposition; ""given the engine's condition, it is a wonder that it started""",
open and,3688117,"openly straightforward and direct without reserve or secretiveness; ""his candid eyes""; ""an open and trusting nature""; ""a heart-to-heart talk""",
of society,3687972,,"the state of being with someone; ""he missed their company""; ""he enjoyed the society of his friends"""
the entrance,3687715,,"something that provides access (to get in or get out); ""they waited at the entrance to the garden""; ""beggars waited just outside the entryway to the cathedral"""
and never,3685293,,"not ever; at no time in the past or future; ""I have never been to China""; ""I shall never forget this day""; ""had never seen a circus""; ""never on Sunday""; ""I will never marry you!"""
management and,3683589,"the act of managing something; ""he was given overall management of the program""; ""is the direction of the economy a function of government?""",
provisions of,3683516,a stock or supply of foods,
was over,3683482,,(cricket) the division of play during which six balls are bowled at the batsman by one player from the other team from the same end of the pitch
I understand,3683338,"used of a single unit or thing; not two or more; ""`ane' is Scottish""","know and comprehend the nature or meaning of; ""She did not understand her husband""; ""I understand what she means"""
object of,3682559,"a tangible and visible entity; an entity that can cast a shadow; ""it was full of rackets, balls and other objects""",
I take,3681485,"used of a single unit or thing; not two or more; ""`ane' is Scottish""","the income or profit arising from such transactions as the sale of land or other property; ""the average return was about 5%"""
put her,3679873,the option to sell a given stock (or stock index or commodity future) at a given price before a given date,
the play,3678826,,"the removal of constraints; ""he gave free rein to his impulses""; ""they gave full play to the artist's talent"""
more difficult,3676317,"English statesman who opposed Henry VIII's divorce from Catherine of Aragon and was imprisoned and beheaded; recalled for his concept of Utopia, the ideal state","hard to control; ""a difficult child""; ""an unmanageable situation"""
of modern,3674006,,"belonging to the modern era; since the Middle Ages; ""modern art""; ""modern furniture""; ""modern history""; ""totem poles are modern rather than prehistoric"""
had in,3672472,,"currently fashionable; ""the in thing to do""; ""large shoulder pads are in"""
large number,3671914,"generous and understanding and tolerant; ""a heart big enough to hold no grudges""; ""that's very big of you to be so forgiving""; ""a large and generous spirit""; ""a large heart""; ""magnanimous toward his enemies""","a concept of quantity involving zero and units; ""every number has a unique position in the sequence"""
a national,3671834,"the basic unit of electric current adopted under the Systeme International d'Unites; ""a typical household circuit carries 15 to 50 amps""","inside the country; ""the British Home Office has broader responsibilities than the United States Department of the Interior""; ""the nation's internal politics"""
made his,3671550,"(of a bed) having the sheets and blankets set in order; ""a neatly made bed""",
but do,3671377,"and nothing more; ""I was merely asking""; ""it is simply a matter of time""; ""just a scratch""; ""he was only a child""; ""hopes that last but a moment""",doctor's degree in osteopathy
make you,3670551,the act of mixing cards haphazardly,
cup of,3669529,cup-shaped plant organ,
he seemed,3668658,a very light colorless element that is one of the six inert gasses; the most difficult gas to liquefy; occurs in economically extractable amounts in certain natural gases (as those found in Texas and Kansas),
is essential,3667630,,"of the greatest importance; ""the all-important subject of disarmament""; ""crucial information""; ""in chess cool nerves are of the essence"""
the older,3667274,,"advanced in years; (`aged' is pronounced as two syllables); ""aged members of the society""; ""elderly residents could remember the construction of the first skyscraper""; ""senior citizen"""
not too,3665219,"negation of a word or group of words; ""he does not speak French""; ""she is not going""; ""they are not friends""; ""not many""; ""not much""; ""not at all""","to a degree exceeding normal or proper limits; ""too big"""
of non,3664203,,"negation of a word or group of words; ""he does not speak French""; ""she is not going""; ""they are not friends""; ""not many""; ""not much""; ""not at all"""
against him,3663084,,
awareness of,3661427,"having knowledge of; ""he had no awareness of his mistakes""; ""his sudden consciousness of the problem he faced""; ""their intelligence and general knowingness was impressive""",
it became,3661133,the branch of engineering that deals with the use of computers and telecommunications to retrieve and store and transmit information,
conference on,3661066,a discussion among participants who have an agreed (serious) topic,"in operation or operational; ""left the oven on""; ""the switch is in the on position"""
this part,3659856,,"assets belonging to or due to or contributed by an individual person or group; ""he wanted his share in cash"""
recent years,3659039,"new; ""recent graduates""; ""a recent addition to the house""; ""recent buds on the apple trees""","the time during which someone's life continues; ""the monarch's last days""; ""in his final years"""
to attend,3657378,,"give heed (to); ""The children in the audience attended the recital quietly""; ""She hung on his every word""; ""They attended to everything he said"""
in him,3657305,"currently fashionable; ""the in thing to do""; ""large shoulder pads are in""",
to love,3657227,,"a score of zero in tennis or squash; ""it was 40 love"""
obtained from,3657085,,
man with,3656165,"an adult person who is male (as opposed to a woman); ""there were two women and six men on the bus""",
the members,3654401,,
three times,3654344,being one more than two,"a more or less definite period of time now or previously present; ""it was a sign of the times"""
the location,3654331,,the act of putting something in a certain place
me on,3653181,a state in New England,"in operation or operational; ""left the oven on""; ""the switch is in the on position"""
I find,3651319,"used of a single unit or thing; not two or more; ""`ane' is Scottish""",the act of discovering something
overview of,3650585,"a general summary of a subject; ""the treasurer gave a brief overview of the financial consequences""",
the Supreme,3650452,,"greatest or maximal in degree; extreme; ""supreme folly""; ""the supreme confidence of youth""; ""the sublime absurdity of the creative process""; ""His face assumed an expression of sublime conceit"""
it off,3650015,the branch of engineering that deals with the use of computers and telecommunications to retrieve and store and transmit information,"not in operation or operational; ""the oven is off""; ""the lights are off"""
the Greek,3647851,,"of or relating to or characteristic of Greece or the Greeks or the Greek language; ""Greek mythology""; ""a Grecian robe"""
by now,3647379,"in reserve; not for immediate use; ""started setting aside money to buy a car""; ""put something by for her old age""; ""has a nest egg tucked away for a rainy day""","the momentary present; ""Now is a good time to do it""; ""it worked up to right now"""
what happens,3647044,,
of control,3646513,,"a relation of constraint of one entity (thing or person or group) by another; ""measures for the control of disease""; ""they instituted controls over drinking on campus"""
money to,3646439,"wealth reckoned in terms of money; ""all his money is in real estate""",
the needs,3645910,,"in such a manner as could not be otherwise; ""it is necessarily so""; ""we must needs by objective"""
even to,3644830,"occurring at fixed intervals; ""a regular beat""; ""the even rhythm of his breathing""",
of China,3643653,,high quality porcelain originally made only in China
you come,3643545,,the thick white fluid containing spermatozoa that is ejaculated by the male genital tract
the management,3641270,,"the act of managing something; ""he was given overall management of the program""; ""is the direction of the economy a function of government?"""
the mass,3640642,,"formed of separate units gathered into a mass or whole; ""aggregate expenses include expenses of all divisions combined for the entire year""; ""the aggregated amount of indebtedness"""
and local,3639573,,"relating to or applicable to or concerned with the administration of a city or town or district rather than a larger area; ""local taxes""; ""local authorities"""
effectiveness of,3639152,"capacity to produce strong physiological or chemical effects; ""the toxin's potency""; ""the strength of the drinks""",
determination of,3637110,"the act of determining the properties of something, usually by research or calculation; ""the determination of molecular structures""",
if only,3635550,,"exclusive of anyone or anything else; ""she alone believed him""; ""cannot live by bread alone""; ""I'll have this car and this car only"""
your mother,3634533,,"a woman who has given birth to a child (also used as a term of address to your mother); ""the mother of three children"""
and white,3633765,,"(of a surface) not written or printed on; ""blank pages""; ""fill in the blank spaces""; ""a clean page""; ""wide white margins"""
is done,3632681,,"having finished or arrived at completion; ""certain to make history before he's done""; ""it's a done deed""; ""after the treatment, the patient is through except for follow-up""; ""almost through with his studies"""
to where,3632578,,
mass of,3631788,"formed of separate units gathered into a mass or whole; ""aggregate expenses include expenses of all divisions combined for the entire year""; ""the aggregated amount of indebtedness""",
of great,3631579,,"very good; ""he did a bully job""; ""a neat sports car""; ""had a great time at the party""; ""you look simply smashing""; ""we had a grand old time"""
is how,3630557,,
Hong Kong,3629743,,
it over,3629656,the branch of engineering that deals with the use of computers and telecommunications to retrieve and store and transmit information,(cricket) the division of play during which six balls are bowled at the batsman by one player from the other team from the same end of the pitch
benefit of,3627528,financial assistance in time of need,
studies have,3627494,,a person who possesses great material wealth
of State,3625839,,"a state of depression or agitation; ""he was in such a state you just couldn't reason with him"""
people have,3624783,"(plural) any group of human beings (men or women or children) collectively; ""old people""; ""there were at least 200 people in the audience""",a person who possesses great material wealth
had only,3624376,,"exclusive of anyone or anything else; ""she alone believed him""; ""cannot live by bread alone""; ""I'll have this car and this car only"""
in three,3620855,"currently fashionable; ""the in thing to do""; ""large shoulder pads are in""",being one more than two
observed in,3620109,"discovered or determined by scientific observation; ""variation in the ascertained flux depends on a number of factors""; ""the discovered behavior norms""; ""discovered differences in achievement""; ""no explanation for the observed phenomena""","currently fashionable; ""the in thing to do""; ""large shoulder pads are in"""
generation of,3614756,"the normal time between successive generations; ""they had to wait a generation for that prejudice to fade""",
the argument,3614189,,"a course of reasoning aimed at demonstrating a truth or falsehood; the methodical process of logical reasoning; ""I can't follow your line of reasoning"""
size and,3612660,"(used in combination) sized; ""the economy-size package""; ""average-size house""",
become more,3611661,"enter or assume a certain state or condition; ""He became annoyed when he heard the bad news""; ""It must be getting more serious""; ""her face went red with anger""; ""She went into ecstasy""; ""Get going!""","English statesman who opposed Henry VIII's divorce from Catherine of Aragon and was imprisoned and beheaded; recalled for his concept of Utopia, the ideal state"
is therefore,3611230,,"as a consequence; ""he had good reason to be grateful for the opportunities which they had made available to him and which consequently led to the good position he now held"""
the health,3610927,,"the general condition of body and mind; ""his delicate health""; ""in poor health"""
on behalf,3610924,"in operation or operational; ""left the oven on""; ""the switch is in the on position""","for someone's benefit (usually expressed as `in behalf' rather than `on behalf' and usually with a possessive); ""in your behalf""; ""campaigning in his own behalf""; ""spoke a good word in his friend's behalf"""
the latest,3610603,,"up to the immediate present; most recent or most up-to-date; ""the news is up-to-the-minute""; ""the very latest scientific discoveries"""
they both,3609872,,
a broad,3608987,"the basic unit of electric current adopted under the Systeme International d'Unites; ""a typical household circuit carries 15 to 50 amps""","not detailed or specific; ""a broad rule""; ""the broad outlines of the plan""; ""felt an unspecific dread"""
at your,3608138,100 at equal 1 kip in Laos,
do a,3607673,doctor's degree in osteopathy,"the basic unit of electric current adopted under the Systeme International d'Unites; ""a typical household circuit carries 15 to 50 amps"""
to report,3607604,,"the general estimation that the public has for a person; ""he acquired a reputation as an actor before he started writing""; ""he was a person of bad report"""
a political,3605335,"the basic unit of electric current adopted under the Systeme International d'Unites; ""a typical household circuit carries 15 to 50 amps""","involving or characteristic of politics or parties or politicians; ""calling a meeting is a political act in itself""- Daniel Goleman; ""political pressure""; ""a political machine""; ""political office""; ""political policy"""
far away,3604401,"being of a considerable distance or length; ""a far trek""","used of an opponent's ground; ""an away game"""
the biggest,3602446,,
the particular,3601759,,"first and most important; ""his special interest is music""; ""she gets special (or particular) satisfaction from her volunteer work"""
three days,3601574,being one more than two,"the time during which someone's life continues; ""the monarch's last days""; ""in his final years"""
but did,3601437,"and nothing more; ""I was merely asking""; ""it is simply a matter of time""; ""just a scratch""; ""he was only a child""; ""hopes that last but a moment""",
the computer,3600329,,a machine for performing calculations automatically
children with,3599772,,
table of,3599028,"a piece of furniture having a smooth flat top that is usually supported by one or more vertical legs; ""it was a sturdy table""",
on with,3596082,"in operation or operational; ""left the oven on""; ""the switch is in the on position""",
himself in,3595775,,"currently fashionable; ""the in thing to do""; ""large shoulder pads are in"""
to lead,3594909,,an actor who plays a principal role
a sort,3593405,"the basic unit of electric current adopted under the Systeme International d'Unites; ""a typical household circuit carries 15 to 50 amps""","a person of a particular character or nature; ""what sort of person is he?""; ""he's a good sort"""
potential for,3592944,"expected to become or be; in prospect; ""potential clients""",
and control,3592772,,"a relation of constraint of one entity (thing or person or group) by another; ""measures for the control of disease""; ""they instituted controls over drinking on campus"""
things are,3592525,"any movable possession (especially articles of clothing); ""she packed her things and left""",a unit of surface area equal to 100 square meters
probability of,3591994,"the quality of being probable; a probable event or the most probable event; ""for a while mutiny seemed a probability""; ""going by past experience there was a high probability that the visitors were lost""",
to participate,3591328,,"become a participant; be involved in; ""enter a race""; ""enter an agreement""; ""enter a drug treatment program""; ""enter negotiations"""
of making,3591319,,"(usually plural) the components needed for making or doing something; ""the recipe listed all the makings for a chocolate cake"""
the capital,3590830,,"uppercase; ""capital A""; ""great A""; ""many medieval manuscripts are in majuscule script"""
from these,3590791,,
the bridge,3590751,,"something resembling a bridge in form or function; ""his letters provided a bridge across the centuries"""
had told,3589104,,
the consequences,3588689,,
was getting,3588213,,"the act of acquiring something; ""I envied his talent for acquiring""; ""he's much more interested in the getting than in the giving"""
at them,3588108,100 at equal 1 kip in Laos,
a role,3588093,"the basic unit of electric current adopted under the Systeme International d'Unites; ""a typical household circuit carries 15 to 50 amps""","what something is used for; ""the function of an auger is to bore holes""; ""ballet is beautiful but what use is it?"""
did she,3587076,,
yet the,3586512,"to a greater degree or extent; used with comparisons; ""looked sick and felt even worse""; ""an even (or still) more interesting problem""; ""still another problem must be solved""; ""a yet sadder tale""",
problems of,3586473,,
think the,3585612,"an instance of deliberate thinking; ""I need to give it a good think""",
here are,3585605,"the present location; this place; ""where do we go from here?""",a unit of surface area equal to 100 square meters
go through,3584237,"functioning correctly and ready for action; ""all systems are go""","having finished or arrived at completion; ""certain to make history before he's done""; ""it's a done deed""; ""after the treatment, the patient is through except for follow-up""; ""almost through with his studies"""
wondered if,3584003,,
she made,3583599,,"(of a bed) having the sheets and blankets set in order; ""a neatly made bed"""
base of,3582470,"debased; not genuine; ""an attempt to eliminate the base coinage""",
away with,3582240,"used of an opponent's ground; ""an away game""",
right and,3580777,"appropriate for a condition or purpose or occasion or a person's character, needs; ""everything in its proper place""; ""the right man for the job""; ""she is not suitable for the position""",
his friend,3580393,,"a person you know well and regard with affection and trust; ""he was my best friend at the university"""
contributed to,3580026,,
sitting on,3579769,"(of persons) having the torso erect and legs bent with the body supported on the buttocks; ""the seated Madonna""; ""the audience remained seated""","in operation or operational; ""left the oven on""; ""the switch is in the on position"""
via the,3579730,,
why would,3579699,"the cause or intention underlying an action or situation, especially in the phrase `the whys and wherefores'",
while they,3579219,"a period of indeterminate length (usually short) marked by some action or condition; ""he was here for a little while""; ""I need to rest for a piece""; ""a spell of good weather""; ""a patch of bad weather""",
found out,3577347,"come upon unexpectedly or after searching; ""found art""; ""the lost-and-found department""","outer or outlying; ""the out islands"""
his right,3576961,,"appropriate for a condition or purpose or occasion or a person's character, needs; ""everything in its proper place""; ""the right man for the job""; ""she is not suitable for the position"""
eyes of,3575688,"opinion or judgment; ""in the eyes of the law""; ""I was wrong in her eyes""",
face was,3575023,a vertical surface of a building or cliff,
best of,3572961,"(superlative of `good') having the most positive qualities; ""the best film of the year""; ""the best solution""; ""the best time for planting""; ""wore his best suit""",
once a,3572217,"on one occasion; ""once I ran into her""","the basic unit of electric current adopted under the Systeme International d'Unites; ""a typical household circuit carries 15 to 50 amps"""
what kind,3572013,,"tolerant and forgiving under provocation; ""our neighbor was very kind about the window our son broke"""
I look,3571087,"used of a single unit or thing; not two or more; ""`ane' is Scottish""","the general atmosphere of a place or situation and the effect that it has on people; ""the feel of the city excited him""; ""a clergyman improved the tone of the meeting""; ""it had the smell of treason"""
Academy of,3570144,a learned establishment for the advancement of knowledge,
she heard,3570091,,"detected or perceived by the sense of hearing; ""a conversation heard through the wall"""
familiar with,3569998,"having mutual interests or affections; of established friendship; ""on familiar terms""; ""pretending she is on an intimate footing with those she slanders""",
call the,3569954,"a visit in an official or professional capacity; ""the pastor's calls on his parishioners""; ""the salesman's call on a customer""",
they found,3569610,,"come upon unexpectedly or after searching; ""found art""; ""the lost-and-found department"""
belief that,3569282,"a vague idea in which some confidence is placed; ""his impression of her was favorable""; ""what are your feelings about the crisis?""; ""it strengthened my belief in his sincerity""; ""I had a feeling that she was lying""",
can find,3569074,the quantity contained in a can,the act of discovering something
issues of,3568541,,
you going,3568493,,the act of departing
gone to,3568480,"well in the past; former; ""bygone days""; ""dreams of foregone times""; ""sweet memories of gone summers""; ""relics of a departed era""",
the historical,3568437,,"belonging to the past; of what is important or famous in the past; ""historic victories""; ""historical (or historic) times""; ""a historical character"""
need of,3566611,"a condition requiring relief; ""she satisfied his need for affection""; ""God has no need of men to accomplish His work""; ""there is a demand for jobs""",
the art,3566587,,"the products of human creativity; works of art collectively; ""an art exhibition""; ""a collection of fine art"""
around to,3565925,"in circumference; ""the trunk is ten feet around""; ""the pond is two miles around""",
a strange,3565389,"the basic unit of electric current adopted under the Systeme International d'Unites; ""a typical household circuit carries 15 to 50 amps""","relating to or originating in or characteristic of another place or part of the world; ""foreign nations""; ""a foreign accent""; ""on business in a foreign city"""
of about,3565040,,"in rotation or succession; ""turn about is fair play"""
government and,3564896,"the act of governing; exercising authority; ""regulations for the governing of state prisons""; ""he had considerable experience of government""",
the shape,3563813,,the state of (good) health (especially in the phrases `in condition' or `in shape' or `out of condition' or `out of shape')
particularly in,3563723,"uniquely or characteristically; ""these peculiarly cinematic elements""; ""a peculiarly French phenomenon""; ""everyone has a moment in history which belongs particularly to him""- John Knowles","currently fashionable; ""the in thing to do""; ""large shoulder pads are in"""
Soviet Union,3563562,"of or relating to or characteristic of the former Soviet Union or its people; ""Soviet leaders""","being of or having to do with the northern United States and those loyal to the Union during the American Civil War; ""Union soldiers""; ""Federal forces""; ""a Federal infantryman"""
be here,3562273,a light strong brittle grey toxic bivalent metallic element,"the present location; this place; ""where do we go from here?"""
are as,3560914,a unit of surface area equal to 100 square meters,a very poisonous metallic element that has three allotropic forms; arsenic and arsenic compounds are used as herbicides and insecticides and various alloys; found in arsenopyrite and orpiment and realgar
wide range,3560395,"having ample fabric; ""the current taste for wide trousers""; ""a full skirt""","a place for shooting (firing or driving) projectiles of various kinds; ""the army maintains a missile range in the desert""; ""any good golf club will have a range where you can practice"""
causes of,3559951,,
in human,3559255,"currently fashionable; ""the in thing to do""; ""large shoulder pads are in""","having human form or attributes as opposed to those of animals or divine beings; ""human beings""; ""the human body""; ""human kindness""; ""human frailty"""
a decision,3558259,"the basic unit of electric current adopted under the Systeme International d'Unites; ""a typical household circuit carries 15 to 50 amps""","the act of making up your mind about something; ""the burden of decision was his""; ""he drew his conclusions quickly"""
responses to,3558190,,
lives of,3557972,,
to mention,3556720,,"an official recognition of merit; ""although he didn't win the prize he did get special mention"""
that each,3555830,,"to or from every one of two or more (considered individually); ""they received $10 each"""
a country,3555439,"the basic unit of electric current adopted under the Systeme International d'Unites; ""a typical household circuit carries 15 to 50 amps""","the people who live in a nation or country; ""a statement that sums up the nation's mood""; ""the news was announced to the nation""; ""the whole country worshipped him"""
down her,3554605,"shut; ""the shades were down""",
entitled to,3553630,"qualified for by right according to law; ""we are all entitled to equal protection under the law""",
not mind,3552151,"negation of a word or group of words; ""he does not speak French""; ""she is not going""; ""they are not friends""; ""not many""; ""not much""; ""not at all""","an important intellectual; ""the great minds of the 17th century"""
whether they,3550391,,
anyone else,3550379,,
the conclusion,3550337,,"the temporal end; the concluding time; ""the stopping point of each round was signaled by a bell""; ""the market was up at the finish""; ""they were playing better at the close of the season"""
tell us,3549008,a Swiss patriot who lived in the early 14th century and who was renowned for his skill as an archer; according to legend an Austrian governor compelled him to shoot an apple from his son's head with his crossbow (which he did successfully without mishap),North American republic containing 50 states - 48 conterminous states in North America plus Alaska in northwest North America and the Hawaiian Islands in the Pacific Ocean; achieved independence in 1776
he wants,3548982,a very light colorless element that is one of the six inert gasses; the most difficult gas to liquefy; occurs in economically extractable amounts in certain natural gases (as those found in Texas and Kansas),
and forth,3547807,,a river in southern Scotland that flows eastward to the Firth of Forth
war and,3546717,"an active struggle between competing entities; ""a price war""; ""a war of wits""; ""diplomatic warfare""",
power in,3546688,"one possessing or exercising power or influence or authority; ""the mysterious presence of an evil power""; ""may the force be with you""; ""the forces of evil""","currently fashionable; ""the in thing to do""; ""large shoulder pads are in"""
their work,3546159,,"(physics) a manifestation of energy; the transfer of energy from one physical system to another expressed as the product of a force and the distance through which it moves a body in the direction of that force; ""work equals force times distance"""
was really,3545112,,"in actual fact; ""to be nominally but not actually independent""; ""no one actually saw the shark""; ""large meteorites actually come from the asteroid belt"""
and tried,3545005,,"tested and proved useful or correct; ""a tested method"""
of language,3543505,,"the mental faculty or power of vocal communication; ""language sets homo sapiens apart from all other animals"""
influence on,3543097,"one having power to influence another; ""she was the most important influence in my life""; ""he was a bad influence on the children""","in operation or operational; ""left the oven on""; ""the switch is in the on position"""
by my,3542261,"in reserve; not for immediate use; ""started setting aside money to buy a car""; ""put something by for her old age""; ""has a nest egg tucked away for a rainy day""",
address the,3541147,social skill,
with another,3540485,,
half the,3540314,"(of siblings) related through one parent only; ""a half brother""; ""half sister""",
where is,3540310,,
was done,3539769,,"having finished or arrived at completion; ""certain to make history before he's done""; ""it's a done deed""; ""after the treatment, the patient is through except for follow-up""; ""almost through with his studies"""
stated that,3537584,declared as fact; explicitly stated,
they need,3536858,,"a condition requiring relief; ""she satisfied his need for affection""; ""God has no need of men to accomplish His work""; ""there is a demand for jobs"""
the novel,3535832,,"pleasantly new or different; ""common sense of a most refreshing sort"""
bound to,3535608,"held with another element, substance or material in chemical or physical union",
all day,3534912,"completely given to or absorbed by; ""became all attention""",United States writer best known for his autobiographical works (1874-1935)
are shown,3532248,a unit of surface area equal to 100 square meters,
and family,3530572,,"a person having kinship with another or others; ""he's kin""; ""he's family"""
the Gospels,3530444,,"the four books in the New Testament (Matthew, Mark, Luke, and John) that tell the story of Christ's life and teachings"
you make,3529420,,the act of mixing cards haphazardly
population of,3528364,"the act of populating (causing to live in a place); ""he deplored the population of colonies with convicted criminals""",
information to,3528058,"(communication theory) a numerical measure of the uncertainty of an outcome; ""the signal contained thousands of bits of information""",
were used,3526808,,"previously used or owned by another; ""bought a secondhand (or used) car"""
the twentieth,3526612,,coming next after the nineteenth in position
conception of,3526442,the creation of something in the mind,
as opposed,3525893,a very poisonous metallic element that has three allotropic forms; arsenic and arsenic compounds are used as herbicides and insecticides and various alloys; found in arsenopyrite and orpiment and realgar,"being in opposition or having an opponent; ""two bitterly opposed schools of thought"""
for three,3524709,,being one more than two
could make,3523764,,the act of mixing cards haphazardly
the afternoon,3523758,,"the part of the day between noon and evening; ""he spent a quiet afternoon in the park"""
a central,3522921,"the basic unit of electric current adopted under the Systeme International d'Unites; ""a typical household circuit carries 15 to 50 amps""","serving as an essential component; ""a cardinal rule""; ""the central cause of the problem""; ""an example that was fundamental to the argument""; ""computers are fundamental to modern industrial structure"""
the volume,3522764,,"the amount of 3-dimensional space occupied by an object; ""the gas expanded to twice its original volume"""
the lowest,3522510,,"lowest in rank or importance; ""last prize""; ""in last place"""
the feeling,3522368,,"the general atmosphere of a place or situation and the effect that it has on people; ""the feel of the city excited him""; ""a clergyman improved the tone of the meeting""; ""it had the smell of treason"""
I go,3522170,"used of a single unit or thing; not two or more; ""`ane' is Scottish""","functioning correctly and ready for action; ""all systems are go"""
on some,3521989,"in operation or operational; ""left the oven on""; ""the switch is in the on position""","remarkable; ""that was some party""; ""she is some skier"""
to generate,3521061,,"bring into existence; ""The new manager generated a lot of problems""; ""The computer bug generated chaos in the office""; ""The computer generated this image""; ""The earthquake generated a tsunami"""
were able,3520755,,"having a strong healthy body; ""an able seaman""; ""every able-bodied young man served in the army"""
relevant to,3520635,"having a bearing on or connection with the subject at issue; ""the scientist corresponds with colleagues in order to learn about matters relevant to her own research""",
heard of,3520408,"detected or perceived by the sense of hearing; ""a conversation heard through the wall""",
very important,3519834,"used as intensifiers; `real' is sometimes used informally for `really'; `rattling' is informal; ""she was very gifted""; ""he played very well""; ""a really enjoyable evening""; ""I'm real sorry about it""; ""a rattling good yarn""","of great significance or value; ""important people""; ""the important questions of the day"""
not very,3519460,"negation of a word or group of words; ""he does not speak French""; ""she is not going""; ""they are not friends""; ""not many""; ""not much""; ""not at all""","used as intensifiers; `real' is sometimes used informally for `really'; `rattling' is informal; ""she was very gifted""; ""he played very well""; ""a really enjoyable evening""; ""I'm real sorry about it""; ""a rattling good yarn"""
points of,3518354,,
her from,3517745,,
back the,3517170,"a support that you can lean against while sitting; ""the back of the dental chair was adjustable""",
approach is,3516898,"a way of entering or leaving; ""he took a wrong turn on the access to the bridge""",
but are,3516241,"and nothing more; ""I was merely asking""; ""it is simply a matter of time""; ""just a scratch""; ""he was only a child""; ""hopes that last but a moment""",a unit of surface area equal to 100 square meters
considering the,3514379,,
go into,3514185,"functioning correctly and ready for action; ""all systems are go""",
and less,3513224,,"(nonstandard in some uses but often idiomatic with measure phrases) fewer; ""less than three weeks""; ""no less than 50 people attended""; ""in 25 words or less"""
I put,3511907,"used of a single unit or thing; not two or more; ""`ane' is Scottish""",the option to sell a given stock (or stock index or commodity future) at a given price before a given date
mind and,3511487,"an important intellectual; ""the great minds of the 17th century""",
men were,3511391,the force of workers available,
the horse,3510714,,solid-hoofed herbivorous quadruped domesticated since prehistoric times
of living,3510423,,"true to life; lifelike; ""the living image of her mother"""
sitting in,3510283,"(of persons) having the torso erect and legs bent with the body supported on the buttocks; ""the seated Madonna""; ""the audience remained seated""","currently fashionable; ""the in thing to do""; ""large shoulder pads are in"""
was of,3508263,,
a boy,3506762,"the basic unit of electric current adopted under the Systeme International d'Unites; ""a typical household circuit carries 15 to 50 amps""","a youthful male person; ""the baby was a boy""; ""she made the boy brush his teeth every night""; ""most soldiers are only boys in uniform"""
the gate,3506617,,total admission receipts at a sports event
the guy,3506243,,"an informal term for a youth or man; ""a nice guy""; ""the guy's only doing it for some doll""; ""the poor sod couldn't even buy a drink"""
on you,3505720,"in operation or operational; ""left the oven on""; ""the switch is in the on position""",
happen to,3505248,"come upon, as if by accident; meet with; ""We find this idea in Plato""; ""I happened upon the most wonderful bakery not very far from here""; ""She chanced upon an interesting book in the bookstore the other day""",
social media,3504804,"marked by friendly companionship with others; ""a social cup of coffee""",
they say,3503565,,"the chance to speak; ""let him have his say"""
she came,3503501,,
of something,3503375,,
into it,3503276,,the branch of engineering that deals with the use of computers and telecommunications to retrieve and store and transmit information
the woods,3501198,,the trees and other plants in a large densely wooded area
and work,3500689,,"(physics) a manifestation of energy; the transfer of energy from one physical system to another expressed as the product of a force and the distance through which it moves a body in the direction of that force; ""work equals force times distance"""
make them,3499852,the act of mixing cards haphazardly,
Middle East,3499118,"being neither at the beginning nor at the end in a series; ""adolescence is an awkward in-between age""; ""in a mediate position""; ""the middle point on a line""",situated in or facing or moving toward the east
have more,3498118,a person who possesses great material wealth,"English statesman who opposed Henry VIII's divorce from Catherine of Aragon and was imprisoned and beheaded; recalled for his concept of Utopia, the ideal state"
with both,3497548,,
has made,3495953,,"(of a bed) having the sheets and blankets set in order; ""a neatly made bed"""
of individuals,3495809,,
that both,3494302,,
total of,3492105,"constituting the full quantity or extent; complete; ""an entire town devastated by an earthquake""; ""gave full attention""; ""a total failure""",
more time,3492092,"English statesman who opposed Henry VIII's divorce from Catherine of Aragon and was imprisoned and beheaded; recalled for his concept of Utopia, the ideal state","an indefinite period (usually marked by specific attributes or activities); ""the time of year for planting""; ""he was a great actor in his time"""
the reality,3491349,,"the state of being actual or real; ""the reality of his situation slowly dawned on him"""
was with,3490979,,
together and,3490905,"mentally and emotionally stable; ""she's really together""",
sequence of,3490846,"the action of following in order; ""he played the trumps in sequence""",
here 's,3489153,"the present location; this place; ""where do we go from here?""",
the midst,3489068,,"the location of something surrounded by other things; ""in the midst of the crowd"""
now it,3488955,"the momentary present; ""Now is a good time to do it""; ""it worked up to right now""",the branch of engineering that deals with the use of computers and telecommunications to retrieve and store and transmit information
family members,3488763,"a person having kinship with another or others; ""he's kin""; ""he's family""",
to realize,3488449,,"make real or concrete; give reality or substance to; ""our ideas must be substantiated into actions"""
the Western,3487836,,"lying toward or situated in the west; ""our company's western office"""
use to,3486472,"(economics) the utilization of economic goods to satisfy needs or in manufacturing; ""the consumption of energy has increased steadily""",
why you,3484831,"the cause or intention underlying an action or situation, especially in the phrase `the whys and wherefores'",
Republic of,3484634,a political system in which the supreme power lies in a body of citizens who can elect people to represent them,
free to,3484388,"unconstrained or not chemically bound in a molecule or not fixed and capable of relatively unrestricted motion; ""free expansion""; ""free oxygen""; ""a free electron""",
these people,3483555,,"(plural) any group of human beings (men or women or children) collectively; ""old people""; ""there were at least 200 people in the audience"""
the roof,3481778,,a protective covering that covers or forms the top of a building
be better,3478866,a light strong brittle grey toxic bivalent metallic element,"more than half; ""argued for the better part of an hour"""
and public,3478474,,"not private; open to or concerning the people as a whole; ""the public good""; ""public libraries""; ""public funds""; ""public parks""; ""a public scandal""; ""public gardens""; ""performers and members of royal families are public figures"""
up as,3478411,"open; ""the windows are up""",a very poisonous metallic element that has three allotropic forms; arsenic and arsenic compounds are used as herbicides and insecticides and various alloys; found in arsenopyrite and orpiment and realgar
the success,3477685,,"a state of prosperity or fame; ""he is enjoying great success""; ""he does not consider wealth synonymous with success"""
of paper,3476986,,a material made of cellulose pulp derived mainly from wood or rags or certain grasses
was out,3476971,,"outer or outlying; ""the out islands"""
a picture,3476865,"the basic unit of electric current adopted under the Systeme International d'Unites; ""a typical household circuit carries 15 to 50 amps""","a situation treated as an observable object; ""the political picture is favorable""; ""the religious scene in England has changed in the last century"""
down from,3476183,"shut; ""the shades were down""",
some sort,3476129,"remarkable; ""that was some party""; ""she is some skier""","a person of a particular character or nature; ""what sort of person is he?""; ""he's a good sort"""
received a,3475413,"conforming to the established language usage of educated native speakers; ""standard English"" (American); ""received standard English is sometimes called the King's English"" (British)","the basic unit of electric current adopted under the Systeme International d'Unites; ""a typical household circuit carries 15 to 50 amps"""
the force,3475215,,"one possessing or exercising power or influence or authority; ""the mysterious presence of an evil power""; ""may the force be with you""; ""the forces of evil"""
his throat,3475140,,the part of an animal's body that corresponds to a person's throat
but my,3475015,"and nothing more; ""I was merely asking""; ""it is simply a matter of time""; ""just a scratch""; ""he was only a child""; ""hopes that last but a moment""",
and because,3474125,,
to demonstrate,3474029,,"give an exhibition of to an interested audience; ""She shows her dogs frequently""; ""We will demo the new software in Washington"""
the names,3473780,,"verbal abuse; a crude substitute for argument; ""sticks and stones may break my bones but names can never hurt me"""
to test,3473196,,"any standardized procedure for measuring sensitivity or memory or intelligence or aptitude or personality etc; ""the test was standardized on a large sample of students"""
I left,3471081,"used of a single unit or thing; not two or more; ""`ane' is Scottish""",of or belonging to the political or intellectual left
sat in,3469662,the seventh and last day of the week; observed as the Sabbath by Jews and some Christians,"currently fashionable; ""the in thing to do""; ""large shoulder pads are in"""
school and,3469554,"the period of instruction in a school; the time period when school is in session; ""stay after school""; ""he didn't miss a single day of school""; ""when the school day was done we would walk home together""",
a copy,3468822,"the basic unit of electric current adopted under the Systeme International d'Unites; ""a typical household circuit carries 15 to 50 amps""","a thing made to be similar or identical to another thing; ""she made a copy of the designer dress""; ""the clone was a copy of its ancestor"""
the security,3465599,,"defense against financial failure; financial independence; ""his pension gave him security in his old age""; ""insurance provided protection against loss of wages due to illness"""
the camera,3465491,,equipment for taking photographs (usually consisting of a lightproof box with a lens at one end and light-sensitive film at the other)
evidence for,3465415,"your basis for belief or disbelief; knowledge on which to base belief; ""the evidence that smoking causes lung cancer is very compelling""",
a plan,3465149,"the basic unit of electric current adopted under the Systeme International d'Unites; ""a typical household circuit carries 15 to 50 amps""","scale drawing of a structure; ""the plans for City Hall were on file"""
of natural,3465006,,"being talented through inherited qualities; ""a natural leader""; ""a born musician""; ""an innate talent"""
point is,3464883,one percent of the total principal of a loan; it is paid at the time the loan is made and is independent of the interest on the loan,
a regular,3464864,"the basic unit of electric current adopted under the Systeme International d'Unites; ""a typical household circuit carries 15 to 50 amps""","relating to a person who does something regularly; ""a regular customer""; ""a steady drinker"""
time you,3464737,"an indefinite period (usually marked by specific attributes or activities); ""the time of year for planting""; ""he was a great actor in his time""",
four years,3464015,being one more than three,"the time during which someone's life continues; ""the monarch's last days""; ""in his final years"""
in common,3463718,"currently fashionable; ""the in thing to do""; ""large shoulder pads are in""","being or characteristic of or appropriate to everyday language; ""common parlance""; ""a vernacular term""; ""vernacular speakers""; ""the vulgar tongue of the masses""; ""the technical and vulgar names for an animal species"""
country 's,3463638,"the people who live in a nation or country; ""a statement that sums up the nation's mood""; ""the news was announced to the nation""; ""the whole country worshipped him""",
to assist,3463586,,"the activity of contributing to the fulfillment of a need or furtherance of an effort or purpose; ""he gave me an assist with the housework""; ""could not walk without assistance""; ""rescue party went to their aid""; ""offered his help in unloading"""
the facts,3463572,,
in children,3463348,"currently fashionable; ""the in thing to do""; ""large shoulder pads are in""",
pulled out,3462785,,"outer or outlying; ""the out islands"""
man is,3462393,"an adult person who is male (as opposed to a woman); ""there were two women and six men on the bus""",
and through,3462335,,"having finished or arrived at completion; ""certain to make history before he's done""; ""it's a done deed""; ""after the treatment, the patient is through except for follow-up""; ""almost through with his studies"""
ask for,3462222,"require or ask for as a price or condition; ""He is asking $200 for the table""; ""The kidnappers are asking a million dollars in return for the release of their hostage""",
several times,3461964,,"a more or less definite period of time now or previously present; ""it was a sign of the times"""
implications for,3461333,,
the plane,3461222,,"having a surface without slope, tilt in which no part is higher or lower than another; ""a flat desk""; ""acres of level farmland""; ""a plane surface""; ""skirts sewn with fine flat seams"""
anyone who,3461002,,a United Nations agency to coordinate international health activities and to help governments improve health services
let you,3460239,a serve that strikes the net before falling into the receiver's court; the ball must be served again,
the hill,3459493,,risque English comedian (1925-1992)
data and,3459217,"a collection of facts from which conclusions may be drawn; ""statistical data""",
or is,3458946,"a room in a hospital equipped for the performance of surgical operations; ""great care is taken to keep the operating rooms aseptic""",
North America,3458056,"situated in or facing or moving toward or coming from the north; ""artists like north light""; ""the north portico""",North American republic containing 50 states - 48 conterminous states in North America plus Alaska in northwest North America and the Hawaiian Islands in the Pacific Ocean; achieved independence in 1776
a source,3457457,"the basic unit of electric current adopted under the Systeme International d'Unites; ""a typical household circuit carries 15 to 50 amps""","someone who originates or causes or initiates something; ""he was the generator of several complaints"""
me from,3457303,a state in New England,
behavior of,3456205,manner of acting or controlling yourself,
sure to,3455904,"physically secure or dependable; ""a sure footing""; ""was on sure ground""",
for being,3455834,,"the state or fact of existing; ""a point of view gradually coming into being""; ""laws in existence for centuries""; ""he appeared on the face of the earth one day"""
I used,3455322,"used of a single unit or thing; not two or more; ""`ane' is Scottish""","previously used or owned by another; ""bought a secondhand (or used) car"""
a voice,3454966,"the basic unit of electric current adopted under the Systeme International d'Unites; ""a typical household circuit carries 15 to 50 amps""","an advocate who represents someone else's policy or purpose; ""the meeting was attended by spokespersons for all the major organs of government"""
covered with,3454895,"overlaid or spread or topped with or enclosed within something; sometimes used as a combining form; ""women with covered faces""; ""covered wagons""; ""a covered balcony""",
that do,3454787,,doctor's degree in osteopathy
of small,3454754,,"limited or below average in number or quantity or magnitude or extent; ""a little dining room""; ""a little house""; ""a small car""; ""a little (or small) group"""
the operation,3454480,,"a business especially one run on a large scale; ""a large-scale farming operation""; ""a multinational operation""; ""they paid taxes on every stage of the operation""; ""they had to consolidate their operations"""
the capacity,3452333,,an electrical phenomenon whereby an electric charge is stored
begun to,3450614,,
defined in,3449544,"clearly characterized or delimited; ""lost in a maze of words both defined and undefined""; ""each child has clearly defined duties""","currently fashionable; ""the in thing to do""; ""large shoulder pads are in"""
away the,3448438,"used of an opponent's ground; ""an away game""",
world is,3447559,"all of the living human inhabitants of the earth; ""all the world loves a lover""; ""she always used `humankind' because `mankind' seemed to slight the women""",
remove the,3444963,"degree of figurative distance or separation; ""just one remove from madness""; ""it imitates at many removes a Shakespearean tragedy""",
not what,3444583,"negation of a word or group of words; ""he does not speak French""; ""she is not going""; ""they are not friends""; ""not many""; ""not much""; ""not at all""",
takes place,3444441,,"a particular situation; ""If you were in my place what would you do?"""
since they,3444227,,
when his,3443827,,
activity of,3442461,"an organic process that takes place in the body; ""respiratory activity""",
in high,3442437,"currently fashionable; ""the in thing to do""; ""large shoulder pads are in""",(used of the smell of meat) smelling spoiled or tainted
examine the,3441729,"observe, check out, and look over carefully or inspect; ""The customs agent examined the baggage""; ""I must see your passport before you can enter the country""",
the vast,3441341,,"unusually great in size or amount or degree or especially extent or scope; ""huge government spending""; ""huge country estates""; ""huge popular demand for higher education""; ""a huge wave""; ""the Los Angeles aqueduct winds like an immense snake along the base of the mountains""; ""immense numbers of birds""; ""at vast (or immense) expense""; ""the vast reaches of outer space""; ""the vast accumulation of knowledge...which we call civilization""- W.R.Inge"
him up,3439911,,"open; ""the windows are up"""
a review,3439470,"the basic unit of electric current adopted under the Systeme International d'Unites; ""a typical household circuit carries 15 to 50 amps""",(law) a judicial reexamination of the proceedings of a court (especially by an appellate court)
and got,3438214,,
appear in,3438137,"appear as a character on stage or appear in a play, etc.; ""Gielgud appears briefly in this movie""; ""She appeared in `Hamlet' on the London stage""","currently fashionable; ""the in thing to do""; ""large shoulder pads are in"""
next morning,3438065,"immediately following in time or order; ""the following day""; ""next in line""; ""the next president""; ""the next item on the list""","the time period between dawn and noon; ""I spent the morning running errands"""
two weeks,3437709,"being one more than one; ""he received two messages""",
died in,3437393,,"currently fashionable; ""the in thing to do""; ""large shoulder pads are in"""
can tell,3437205,the quantity contained in a can,a Swiss patriot who lived in the early 14th century and who was renowned for his skill as an archer; according to legend an Austrian governor compelled him to shoot an apple from his son's head with his crossbow (which he did successfully without mishap)
an excellent,3436783,an associate degree in nursing,"very good; of the highest quality; ""made an excellent speech""; ""he was a splendid teacher""; ""a first-class mind"""
children in,3436291,,"currently fashionable; ""the in thing to do""; ""large shoulder pads are in"""
question is,3434833,"uncertainty about the truth or factuality or existence of something; ""the dubiousness of his claim""; ""there is no question about the validity of the enterprise""",
of national,3433694,,"inside the country; ""the British Home Office has broader responsibilities than the United States Department of the Interior""; ""the nation's internal politics"""
the single,3433451,,"not married or related to the unmarried state; ""unmarried men and women""; ""unmarried life""; ""sex and the single girl""; ""single parenthood""; ""are you married or single?"""
the dominant,3432232,,"most frequent or common; ""prevailing winds"""
let go,3432093,a serve that strikes the net before falling into the receiver's court; the ball must be served again,"functioning correctly and ready for action; ""all systems are go"""
the Earth,3431723,,"the loose soft material that makes up a large part of the land surface; ""they dug into the earth outside the church"""
in Germany,3431399,"currently fashionable; ""the in thing to do""; ""large shoulder pads are in""",a republic in central Europe; split into East Germany and West Germany after World War II and reunited in 1990
seek to,3430046,the movement of a read/write head to a specific data track on a disk,
land of,3429895,United States inventor who incorporated Polaroid film into lenses and invented the one step photographic process (1909-1991),
faith in,3428674,"loyalty or allegiance to a cause or a person; ""keep the faith""; ""they broke faith with their investors""","currently fashionable; ""the in thing to do""; ""large shoulder pads are in"""
an idea,3428423,an associate degree in nursing,"an approximate calculation of quantity or degree or worth; ""an estimate of what it would cost""; ""a rough idea how long it would take"""
to present,3427347,,"being or existing in a specified place; ""the murderer is present in this room""; ""present at the wedding""; ""present at the creation"""
which could,3427245,,
could tell,3426585,,a Swiss patriot who lived in the early 14th century and who was renowned for his skill as an archer; according to legend an Austrian governor compelled him to shoot an apple from his son's head with his crossbow (which he did successfully without mishap)
he still,3425970,a very light colorless element that is one of the six inert gasses; the most difficult gas to liquefy; occurs in economically extractable amounts in certain natural gases (as those found in Texas and Kansas),"free from noticeable current; ""a still pond""; ""still waters run deep"""
she tried,3425471,,"tested and proved useful or correct; ""a tested method"""
standing in,3425278,"(of persons) on the feet; having the torso in an erect position supported by straight legs; ""standing room only""","currently fashionable; ""the in thing to do""; ""large shoulder pads are in"""
statement of,3423306,a document showing credits and debits,
said she,3422630,,
midst of,3422537,"the location of something surrounded by other things; ""in the midst of the crowd""",
models of,3421904,,
the soil,3421711,,the state of being covered with unclean things
not on,3420542,"negation of a word or group of words; ""he does not speak French""; ""she is not going""; ""they are not friends""; ""not many""; ""not much""; ""not at all""","in operation or operational; ""left the oven on""; ""the switch is in the on position"""
to place,3420530,,"a particular situation; ""If you were in my place what would you do?"""
the park,3420046,,Scottish explorer in Africa (1771-1806)
of education,3418864,,"the result of good upbringing (especially knowledge of correct social behavior); ""a woman of breeding and refinement"""
we go,3417787,,"functioning correctly and ready for action; ""all systems are go"""
looked around,3417630,,"in circumference; ""the trunk is ten feet around""; ""the pond is two miles around"""
to worry,3415996,,"something or someone that causes anxiety; a source of unhappiness; ""New York traffic is a constant concern""; ""it's a major worry"""
we went,3415910,,
the character,3415106,,"good repute; ""he is a man of character"""
tended to,3414655,,
ever since,3413793,"at any time; ""did you ever smoke?""; ""the best con man of all time""",
than they,3413367,,
African American,3412930,"of or relating to the nations of Africa or their peoples; ""African languages""","of or relating to or characteristic of the continents and islands of the Americas; ""the American hemisphere""; ""American flora and fauna"""
his words,3409894,,"language that is spoken or written; ""he has a gift for words""; ""she put her thoughts into words"""
is associated,3409879,,
a message,3409225,"the basic unit of electric current adopted under the Systeme International d'Unites; ""a typical household circuit carries 15 to 50 amps""","a communication (usually brief) that is written or spoken or signaled; ""he sent a three-word message"""
get in,3409012,a return on a shot that seemed impossible to reach and would normally have resulted in a point for the opponent,"currently fashionable; ""the in thing to do""; ""large shoulder pads are in"""
where are,3408168,,a unit of surface area equal to 100 square meters
you doing,3407915,,
set in,3405657,converted to solid form (as concrete),"currently fashionable; ""the in thing to do""; ""large shoulder pads are in"""
the free,3404843,,"unconstrained or not chemically bound in a molecule or not fixed and capable of relatively unrestricted motion; ""free expansion""; ""free oxygen""; ""a free electron"""
laws of,3403901,the first of three divisions of the Hebrew Scriptures comprising the first five books of the Hebrew Bible considered as a unit,
would say,3403432,,"the chance to speak; ""let him have his say"""
a dark,3402896,"the basic unit of electric current adopted under the Systeme International d'Unites; ""a typical household circuit carries 15 to 50 amps""","stemming from evil characteristics or forces; wicked or dishonorable; ""black deeds""; ""a black lie""; ""his black heart has concocted yet another black deed""; ""Darth Vader of the dark side""; ""a dark purpose""; ""dark undercurrents of ethnic hostility""; ""the scheme of some sinister intelligence bent on punishing him""-Thomas Hardy"
no reason,3402252,a radioactive transuranic element synthesized by bombarding curium with carbon ions; 7 isotopes are known,"the state of having good sense and sound judgment; ""his rationality may have been impaired""; ""he had to rely less on reason than on rousing their emotions"""
man to,3399906,"an adult person who is male (as opposed to a woman); ""there were two women and six men on the bus""",
I turned,3399866,"used of a single unit or thing; not two or more; ""`ane' is Scottish""","in an unpalatable state; ""sour milk"""
us a,3399511,North American republic containing 50 states - 48 conterminous states in North America plus Alaska in northwest North America and the Hawaiian Islands in the Pacific Ocean; achieved independence in 1776,"the basic unit of electric current adopted under the Systeme International d'Unites; ""a typical household circuit carries 15 to 50 amps"""
are required,3396237,a unit of surface area equal to 100 square meters,"necessary for relief or supply; ""provided them with all things needful"""
the counter,3394437,,indicating opposition or resistance
you tell,3393357,,a Swiss patriot who lived in the early 14th century and who was renowned for his skill as an archer; according to legend an Austrian governor compelled him to shoot an apple from his son's head with his crossbow (which he did successfully without mishap)
the press,3391961,,"the act of pressing; the exertion of pressure; ""he gave the button a press""; ""he used pressure to stop the bleeding""; ""at the pressing of a button"""
her family,3390859,,"a person having kinship with another or others; ""he's kin""; ""he's family"""
a typical,3389759,"the basic unit of electric current adopted under the Systeme International d'Unites; ""a typical household circuit carries 15 to 50 amps""","conforming to a type; ""the typical (or normal) American""; ""typical teenage behavior"""
region of,3389250,"the approximate amount of something (usually used prepositionally as in `in the region of'); ""it was going to take in the region of two or three months to finish the job""; ""the price is in the neighborhood of $100""",
possession of,3388094,being controlled by passion or the supernatural,
the mountain,3383556,,"(often followed by `of') a large number or amount or extent; ""a batch of letters""; ""a deal of trouble""; ""a lot of money""; ""he made a mint on the stock market""; ""see the rest of the winners in our huge passel of photos""; ""it must have cost plenty""; ""a slew of journalists""; ""a wad of money"""
of four,3383314,,being one more than three
from any,3382939,,"to any degree or extent; ""it isn't any better"""
although he,3381793,,a very light colorless element that is one of the six inert gasses; the most difficult gas to liquefy; occurs in economically extractable amounts in certain natural gases (as those found in Texas and Kansas)
me out,3381656,a state in New England,"outer or outlying; ""the out islands"""
way for,3381299,"a portion of something divided into shares; ""they split the loot three ways""",
in for,3380346,"currently fashionable; ""the in thing to do""; ""large shoulder pads are in""",
come into,3380324,the thick white fluid containing spermatozoa that is ejaculated by the male genital tract,
done to,3379894,"having finished or arrived at completion; ""certain to make history before he's done""; ""it's a done deed""; ""after the treatment, the patient is through except for follow-up""; ""almost through with his studies""",
made for,3379158,"(of a bed) having the sheets and blankets set in order; ""a neatly made bed""",
new and,3379109,"having no previous example or precedent or parallel; ""a time of unexampled prosperity""",
from each,3377385,,"to or from every one of two or more (considered individually); ""they received $10 each"""
had he,3377123,,a very light colorless element that is one of the six inert gasses; the most difficult gas to liquefy; occurs in economically extractable amounts in certain natural gases (as those found in Texas and Kansas)
this volume,3376752,,"the amount of 3-dimensional space occupied by an object; ""the gas expanded to twice its original volume"""
the disease,3376516,,an impairment of health or a condition of abnormal functioning
round the,3376490,"(of sounds) full and rich; ""orotund tones""; ""the rotund and reverberating phrase""; ""pear-shaped vowels""",
the events,3375246,,
in so,3374516,"currently fashionable; ""the in thing to do""; ""large shoulder pads are in""",the syllable naming the fifth (dominant) note of any musical scale in solmization
results from,3374147,,
stood in,3373995,,"currently fashionable; ""the in thing to do""; ""large shoulder pads are in"""
her on,3371505,,"in operation or operational; ""left the oven on""; ""the switch is in the on position"""
production and,3370436,"the quantity of something (as a commodity) that is created (usually within a given period of time); ""production was up in the second quarter""",
and support,3370183,,"the act of bearing the weight of or strengthening; ""he leaned against the wall for support"""
heard a,3369256,"detected or perceived by the sense of hearing; ""a conversation heard through the wall""","the basic unit of electric current adopted under the Systeme International d'Unites; ""a typical household circuit carries 15 to 50 amps"""
the Father,3369211,,the head of an organized crime family
never had,3368816,"not ever; at no time in the past or future; ""I have never been to China""; ""I shall never forget this day""; ""had never seen a circus""; ""never on Sunday""; ""I will never marry you!""",
described by,3366205,"represented in words especially with sharpness and detail; ""the vividly described wars""","in reserve; not for immediate use; ""started setting aside money to buy a car""; ""put something by for her old age""; ""has a nest egg tucked away for a rainy day"""
contribution to,3365632,act of giving in common with others for a common purpose especially to a charity,
is where,3364733,,
while it,3364490,"a period of indeterminate length (usually short) marked by some action or condition; ""he was here for a little while""; ""I need to rest for a piece""; ""a spell of good weather""; ""a patch of bad weather""",the branch of engineering that deals with the use of computers and telecommunications to retrieve and store and transmit information
about me,3363153,"in rotation or succession; ""turn about is fair play""",a state in New England
talked about,3362423,,"in rotation or succession; ""turn about is fair play"""
something of,3362060,,
reduction of,3361969,any process in which electrons are added to an atom or ion (as by removing oxygen or adding hydrogen); always occurs accompanied by oxidation of the reducing agent,
either the,3361874,"after a negative statement used as an intensive meaning something like `likewise' or `also'; ""he isn't stupid, but he isn't exactly a genius either""; ""I don't know either""; ""if you don't order dessert I won't either""",
no time,3361175,a radioactive transuranic element synthesized by bombarding curium with carbon ions; 7 isotopes are known,"an indefinite period (usually marked by specific attributes or activities); ""the time of year for planting""; ""he was a great actor in his time"""
the call,3360455,,"a visit in an official or professional capacity; ""the pastor's calls on his parishioners""; ""the salesman's call on a customer"""
his hair,3360438,,"filamentous hairlike growth on a plant; ""peach fuzz"""
dealt with,3359959,,
the Spanish,3358572,,"of or relating to or characteristic of Spain or the people of Spain; ""Spanish music"""
have shown,3357594,a person who possesses great material wealth,
focus of,3357140,a point of convergence of light (or other radiation) or a point from which it diverges,
a unique,3356275,"the basic unit of electric current adopted under the Systeme International d'Unites; ""a typical household circuit carries 15 to 50 amps""","the single one of its kind; ""a singular example""; ""the unique existing example of Donne's handwriting""; ""a unique copy of an ancient manuscript""; ""certain types of problems have unique solutions"""
a situation,3355431,"the basic unit of electric current adopted under the Systeme International d'Unites; ""a typical household circuit carries 15 to 50 amps""","a condition or position in which you find yourself; ""the unpleasant situation (or position) of having to choose between two evils""; ""found herself in a very fortunate situation"""
were at,3355232,,100 at equal 1 kip in Laos
describes the,3355136,,
frequency of,3354988,the number of observations in a given statistical category,
the memory,3354617,,"an electronic memory device; ""a memory and the CPU form the central part of a computer to which peripherals are attached"""
China 's,3353835,high quality porcelain originally made only in China,
told them,3353619,,
one has,3350891,"being a single entity made by combining separate components; ""three chemicals combining into one solution""",
day in,3350105,United States writer best known for his autobiographical works (1874-1935),"currently fashionable; ""the in thing to do""; ""large shoulder pads are in"""
to further,3349837,,"more distant in especially degree; ""nothing could be further from the truth""; ""further from our expectations""; ""farther from the truth""; ""farther from our expectations"""
make me,3349152,the act of mixing cards haphazardly,a state in New England
matter what,3348073,"that which has mass and occupies space; ""physicists study both the nature of matter and the forces which govern it""",
than you,3348000,,
placed on,3347903,"put in position in relation to other things; ""end tables placed conveniently""","in operation or operational; ""left the oven on""; ""the switch is in the on position"""
be understood,3347537,a light strong brittle grey toxic bivalent metallic element,"fully apprehended as to purport or meaning or explanation; ""the understood conditions of troop withdrawal were clear"""
mind that,3346815,"an important intellectual; ""the great minds of the 17th century""",
into two,3345812,,"being one more than one; ""he received two messages"""
and New,3345059,,"having no previous example or precedent or parallel; ""a time of unexampled prosperity"""
which means,3345053,,"considerable capital (wealth or income); ""he is a man of means"""
was coming,3344394,,"the act of drawing spatially closer to something; ""the hunter's approach scattered the geese"""
learning and,3343408,"the cognitive process of acquiring skill or knowledge; ""the child's acquisition of language""",
to discover,3342860,,"make a discovery, make a new finding; ""Roentgen discovered X-rays""; ""Physicists believe they found a new elementary particle"""
few of,3342587,"a quantifier that can be used with count nouns and is often preceded by `a'; a small but indefinite number; ""a few weeks ago""; ""a few more wagons than usual""; ""an invalid's pleasures are few and far between""; ""few roses were still blooming""; ""few women have led troops in battle""",
and John,3342541,,a prostitute's customer
and three,3342406,,being one more than two
my husband,3339164,,a married man; a woman's partner in marriage
relate to,3337783,"have or establish a relationship to; ""She relates well to her peers""",
directly to,3334711,"without delay or hesitation; with no time intervening; ""he answered immediately""; ""found an answer straightaway""; ""an official accused of dishonesty should be suspended forthwith""; ""Come here now!""",
followed the,3334337,,
in bed,3331854,"currently fashionable; ""the in thing to do""; ""large shoulder pads are in""","a piece of furniture that provides a place to sleep; ""he sat on the edge of the bed""; ""the room had only a bed and chair"""
the policy,3330032,,"a plan of action adopted by an individual or social group; ""it was a policy of retribution""; ""a politician keeps changing his policies"""
I wonder,3329482,"used of a single unit or thing; not two or more; ""`ane' is Scottish""",a state in which you want to learn more about something
build a,3329296,constitution of the human body,"the basic unit of electric current adopted under the Systeme International d'Unites; ""a typical household circuit carries 15 to 50 amps"""
be too,3328665,a light strong brittle grey toxic bivalent metallic element,"to a degree exceeding normal or proper limits; ""too big"""
have gone,3328122,a person who possesses great material wealth,"well in the past; former; ""bygone days""; ""dreams of foregone times""; ""sweet memories of gone summers""; ""relics of a departed era"""
remember the,3328006,"show appreciation to; ""He remembered her in his will""",
before him,3327713,"earlier in time; previously; ""I had known her before""; ""as I said before""; ""he called me the day before but your call had come even earlier""; ""her parents had died four years earlier""; ""I mentioned that problem earlier""",
the love,3327134,,"a score of zero in tennis or squash; ""it was 40 love"""
or on,3326967,"a room in a hospital equipped for the performance of surgical operations; ""great care is taken to keep the operating rooms aseptic""","in operation or operational; ""left the oven on""; ""the switch is in the on position"""
the balance,3326539,,equality between the totals of the credit and debit sides of an account
for now,3325809,,"the momentary present; ""Now is a good time to do it""; ""it worked up to right now"""
had some,3325533,,"remarkable; ""that was some party""; ""she is some skier"""
out as,3325369,"outer or outlying; ""the out islands""",a very poisonous metallic element that has three allotropic forms; arsenic and arsenic compounds are used as herbicides and insecticides and various alloys; found in arsenopyrite and orpiment and realgar
sit down,3324548,"serve in a specific professional capacity; ""the priest sat for confession""; ""she sat on the jury""","shut; ""the shades were down"""
how does,3324070,,
been shown,3324022,,
only two,3324014,"exclusive of anyone or anything else; ""she alone believed him""; ""cannot live by bread alone""; ""I'll have this car and this car only""","being one more than one; ""he received two messages"""
dressed in,3323756,(of lumber or stone) to trim and smooth,"currently fashionable; ""the in thing to do""; ""large shoulder pads are in"""
art of,3322934,"the products of human creativity; works of art collectively; ""an art exhibition""; ""a collection of fine art""",
it by,3321994,the branch of engineering that deals with the use of computers and telecommunications to retrieve and store and transmit information,"in reserve; not for immediate use; ""started setting aside money to buy a car""; ""put something by for her old age""; ""has a nest egg tucked away for a rainy day"""
government of,3321865,"the act of governing; exercising authority; ""regulations for the governing of state prisons""; ""he had considerable experience of government""",
are those,3321569,a unit of surface area equal to 100 square meters,
the means,3320720,,"considerable capital (wealth or income); ""he is a man of means"""
and early,3319672,,"very young; ""at an early age"""
been found,3319605,,"come upon unexpectedly or after searching; ""found art""; ""the lost-and-found department"""
the rain,3319074,,water falling in drops from vapor condensed in the atmosphere
the laws,3319030,,the first of three divisions of the Hebrew Scriptures comprising the first five books of the Hebrew Bible considered as a unit
just before,3318784,"used especially of what is legally or ethically right or proper or fitting; ""a just and lasting peace""- A.Lincoln; ""a kind and just man""; ""a just reward""; ""his just inheritance""","earlier in time; previously; ""I had known her before""; ""as I said before""; ""he called me the day before but your call had come even earlier""; ""her parents had died four years earlier""; ""I mentioned that problem earlier"""
a consequence,3317902,"the basic unit of electric current adopted under the Systeme International d'Unites; ""a typical household circuit carries 15 to 50 amps""","a phenomenon that follows and is caused by some previous phenomenon; ""the magnetic effect was greater when the rod was lengthwise""; ""his decision had depressing consequences for business""; ""he acted very wise after the event"""
and each,3316744,,"to or from every one of two or more (considered individually); ""they received $10 each"""
want me,3315768,"the state of needing something that is absent or unavailable; ""there is a serious lack of insight into the problem""; ""water is the critical deficiency in desert regions""; ""for want of a nail the shoe was lost""",a state in New England
up into,3315665,"open; ""the windows are up""",
with others,3315590,,
provision of,3315221,the activity of supplying or providing something,
the minimum,3314764,,"the least possible; ""needed to enforce minimal standards""; ""her grades were minimal""; ""minimum wage""; ""a minimal charge for the service"""
I began,3314450,"used of a single unit or thing; not two or more; ""`ane' is Scottish""",
start of,3313305,"the time at which something is supposed to begin; ""they got an early start""; ""she knew from the get-go that he was the man for her""",
light and,3312617,"easily assimilated in the alimentary canal; not rich or heavily seasoned; ""a light diet""",
with whom,3311769,,
all he,3311555,"completely given to or absorbed by; ""became all attention""",a very light colorless element that is one of the six inert gasses; the most difficult gas to liquefy; occurs in economically extractable amounts in certain natural gases (as those found in Texas and Kansas)
the rights,3311346,,
that should,3311177,,
my dad,3310862,,an informal term for a father; probably derived from baby talk
give them,3310847,the elasticity of something that can be stretched and returns to its original length,
right hand,3310794,"appropriate for a condition or purpose or occasion or a person's character, needs; ""everything in its proper place""; ""the right man for the job""; ""she is not suitable for the position""","a member of the crew of a ship; ""all hands on deck"""
much less,3310165,"a great amount or extent; ""they did much for humanity""","(nonstandard in some uses but often idiomatic with measure phrases) fewer; ""less than three weeks""; ""no less than 50 people attended""; ""in 25 words or less"""
is seen,3310104,,
the White,3309787,,"(of a surface) not written or printed on; ""blank pages""; ""fill in the blank spaces""; ""a clean page""; ""wide white margins"""
start to,3309386,"the time at which something is supposed to begin; ""they got an early start""; ""she knew from the get-go that he was the man for her""",
held the,3309027,"occupied or in the control of; often used in combination; ""enemy-held territory""",
the critical,3308527,,"of or involving or characteristic of critics or criticism; ""critical acclaim"""
site of,3307862,"a computer connected to the internet that maintains a series of web pages on the World Wide Web; ""the Israeli web site was damaged by hostile hackers""",
being able,3306420,"the state or fact of existing; ""a point of view gradually coming into being""; ""laws in existence for centuries""; ""he appeared on the face of the earth one day""","having a strong healthy body; ""an able seaman""; ""every able-bodied young man served in the army"""
with different,3305993,,"unlike in nature or quality or form or degree; ""took different approaches to the problem""; ""came to a different conclusion""; ""different parts of the country""; ""on different sides of the issue""; ""this meeting was different from the earlier one"""
the authority,3305798,,"official permission or approval; ""authority for the program was renewed several times"""
off her,3304092,"not in operation or operational; ""the oven is off""; ""the lights are off""",
belonging to,3304003,"happiness felt in a secure relationship; ""with his classmates he felt a sense of belonging""",
way the,3303488,"a portion of something divided into shares; ""they split the loot three ways""",
is probably,3301102,,"with considerable certainty; without much doubt; ""He is probably out of the country""; ""in all likelihood we are headed for war"""
was this,3299866,,
of Chicago,3299473,,a gambling card game in which chips are placed on the ace and king and queen and jack of separate suits (taken from a separate deck); a player plays the lowest card of a suit in his hand and successively higher cards are played until the sequence stops; the player who plays a card matching one in the layout wins all the chips on that card
her sister,3299230,,"a female person who is a fellow member of a sorority or labor union or other group; ""none of her sisters would betray her"""
and new,3298973,,"having no previous example or precedent or parallel; ""a time of unexampled prosperity"""
starting to,3298677,"appropriate to the beginning or start of an event; ""the starting point""; ""hands in the starting position""",
get up,3298537,a return on a shot that seemed impossible to reach and would normally have resulted in a point for the opponent,"open; ""the windows are up"""
becomes a,3298379,,"the basic unit of electric current adopted under the Systeme International d'Unites; ""a typical household circuit carries 15 to 50 amps"""
had his,3298334,,
report on,3297538,"the general estimation that the public has for a person; ""he acquired a reputation as an actor before he started writing""; ""he was a person of bad report""","in operation or operational; ""left the oven on""; ""the switch is in the on position"""
one for,3295724,"being a single entity made by combining separate components; ""three chemicals combining into one solution""",
the fall,3294704,,"the time of day immediately following sunset; ""he loved the twilight""; ""they finished before the fall of night"""
when one,3293608,,"being a single entity made by combining separate components; ""three chemicals combining into one solution"""
you take,3293409,,"the income or profit arising from such transactions as the sale of land or other property; ""the average return was about 5%"""
the weather,3293191,,"the atmospheric conditions that comprise the state of the atmosphere in terms of temperature and wind and clouds and precipitation; ""they were hoping for good weather""; ""every day we have weather conditions and yesterday was no exception""; ""the conditions were too rainy for playing in the snow"""
the inside,3292360,,"relating to or being on the side closer to the center or within a defined space; ""he reached into his inside jacket pocket""; ""inside out""; ""an inside pitch is between home plate and the batter"""
me what,3291667,a state in New England,
removal of,3290785,dismissal from office,
considered as,3290740,"carefully weighed; ""a considered opinion""",a very poisonous metallic element that has three allotropic forms; arsenic and arsenic compounds are used as herbicides and insecticides and various alloys; found in arsenopyrite and orpiment and realgar
possible that,3290317,"capable of happening or existing; ""a breakthrough may be possible next year""; ""anything is possible""; ""warned of possible consequences""",
pain and,3289411,"a bothersome annoying person; ""that kid is a terrible pain""",
the circumstances,3289220,,"a person's financial situation (good or bad); ""he found himself in straitened circumstances"""
her up,3288999,,"open; ""the windows are up"""
this and,3288957,,
questions about,3288736,,"in rotation or succession; ""turn about is fair play"""
of production,3287732,,"the quantity of something (as a commodity) that is created (usually within a given period of time); ""production was up in the second quarter"""
with God,3287303,,"a man of such superior qualities that he seems like a deity to other people; ""he was a god among men"""
smiled at,3287184,,100 at equal 1 kip in Laos
higher education,3287142,,"the result of good upbringing (especially knowledge of correct social behavior); ""a woman of breeding and refinement"""
one with,3285844,"being a single entity made by combining separate components; ""three chemicals combining into one solution""",
now you,3284220,"the momentary present; ""Now is a good time to do it""; ""it worked up to right now""",
to handle,3284204,,"the appendage to an object that is designed to be held in order to use or move it; ""he grabbed the hammer by the handle""; ""it was an old briefcase but it still had a good grip"""
having the,3284186,,
just in,3283859,"used especially of what is legally or ethically right or proper or fitting; ""a just and lasting peace""- A.Lincoln; ""a kind and just man""; ""a just reward""; ""his just inheritance""","currently fashionable; ""the in thing to do""; ""large shoulder pads are in"""
have their,3283566,a person who possesses great material wealth,
in detail,3283205,"currently fashionable; ""the in thing to do""; ""large shoulder pads are in""","a small part that can be considered separately from the whole; ""it was perfect in all details"""
more complex,3281659,"English statesman who opposed Henry VIII's divorce from Catherine of Aragon and was imprisoned and beheaded; recalled for his concept of Utopia, the ideal state","complicated in structure; consisting of interconnected parts; ""a complex set of variations based on a simple folk melody""; ""a complex mass of diverse laws and customs"""
the outer,3281574,,"being on or toward the outside of the body; ""the outer ear"""
origin of,3280233,"the source of something's existence or from which it derives or is derived; ""the rumor had its origin in idle gossip""; ""vegetable origins""; ""mineral origin""; ""origin in sensation""",
culture of,3280207,"a highly developed state of perfection; having a flawless or impeccable quality; ""they performed with great polish""; ""I admired the exquisite refinement of his prose""; ""almost an inspiration which gives to all work that finish which is almost art""--Joseph Conrad",
it just,3278598,the branch of engineering that deals with the use of computers and telecommunications to retrieve and store and transmit information,"used especially of what is legally or ethically right or proper or fitting; ""a just and lasting peace""- A.Lincoln; ""a kind and just man""; ""a just reward""; ""his just inheritance"""
in here,3278310,"currently fashionable; ""the in thing to do""; ""large shoulder pads are in""","the present location; this place; ""where do we go from here?"""
the help,3277810,,"the activity of contributing to the fulfillment of a need or furtherance of an effort or purpose; ""he gave me an assist with the housework""; ""could not walk without assistance""; ""rescue party went to their aid""; ""offered his help in unloading"""
acts of,3276560,a New Testament book describing the development of the early church from Christ's Ascension to Paul's sojourn at Rome,
the interest,3276303,,"(law) a right or legal share of something; a financial involvement with something; ""they have interests all over the world""; ""a stake in the company's future"""
of history,3275697,,"the aggregate of past events; ""a critical time in the school's history"""
been an,3275452,,an associate degree in nursing
for in,3273186,,"currently fashionable; ""the in thing to do""; ""large shoulder pads are in"""
of thought,3272378,,"the process of using your mind to consider something carefully; ""thinking always made him frown""; ""she paused for thought"""
to note,3271915,,"a piece of paper money (especially one issued by a central bank); ""he peeled off five one-thousand-zloty notes"""
characteristic of,3271430,"typical or distinctive; ""heard my friend's characteristic laugh""; ""red and gold are the characteristic colors of autumn""; ""stripes characteristic of the zebra""",
get you,3270314,a return on a shot that seemed impossible to reach and would normally have resulted in a point for the opponent,
around a,3269713,"in circumference; ""the trunk is ten feet around""; ""the pond is two miles around""","the basic unit of electric current adopted under the Systeme International d'Unites; ""a typical household circuit carries 15 to 50 amps"""
on any,3269354,"in operation or operational; ""left the oven on""; ""the switch is in the on position""","to any degree or extent; ""it isn't any better"""
the Jewish,3269325,,"of or relating to Jews or their culture or religion; ""He is Jewish""; ""a Jewish wedding"""
to secure,3266925,,"free from fear or doubt; easy in mind; ""he was secure that nothing will be held against him"""
created a,3265952,,"the basic unit of electric current adopted under the Systeme International d'Unites; ""a typical household circuit carries 15 to 50 amps"""
over my,3264988,(cricket) the division of play during which six balls are bowled at the batsman by one player from the other team from the same end of the pitch,
go home,3263824,"functioning correctly and ready for action; ""all systems are go""","relating to or being where one lives or where one's roots are; ""my home town"""
the perfect,3263288,,"being complete of its kind and without defect or blemish; ""a perfect circle""; ""a perfect reproduction""; ""perfect happiness""; ""perfect manners""; ""a perfect specimen""; ""a perfect day"""
watched the,3263141,,
a free,3263013,"the basic unit of electric current adopted under the Systeme International d'Unites; ""a typical household circuit carries 15 to 50 amps""","unconstrained or not chemically bound in a molecule or not fixed and capable of relatively unrestricted motion; ""free expansion""; ""free oxygen""; ""a free electron"""
to investigate,3262929,,"conduct an inquiry or investigation of; ""The district attorney's office investigated reports of possible irregularities""; ""inquire into the disappearance of the rich old lady"""
a perfect,3262874,"the basic unit of electric current adopted under the Systeme International d'Unites; ""a typical household circuit carries 15 to 50 amps""","being complete of its kind and without defect or blemish; ""a perfect circle""; ""a perfect reproduction""; ""perfect happiness""; ""perfect manners""; ""a perfect specimen""; ""a perfect day"""
process and,3262760,"a particular course of action intended to achieve a result; ""the procedure of obtaining a driver's license""; ""it was a process of trial and error""",
the benefit,3262667,,financial assistance in time of need
bring the,3261783,"bring into a different state; ""this may land you in jail""",
have in,3261728,a person who possesses great material wealth,"currently fashionable; ""the in thing to do""; ""large shoulder pads are in"""
implications of,3261058,,
of art,3260210,,"the products of human creativity; works of art collectively; ""an art exhibition""; ""a collection of fine art"""
they said,3260047,,
a table,3259706,"the basic unit of electric current adopted under the Systeme International d'Unites; ""a typical household circuit carries 15 to 50 amps""","a piece of furniture having a smooth flat top that is usually supported by one or more vertical legs; ""it was a sturdy table"""
a product,3258093,"the basic unit of electric current adopted under the Systeme International d'Unites; ""a typical household circuit carries 15 to 50 amps""","a consequence of someone's efforts or of a particular set of circumstances; ""skill is the product of hours of practice""; ""his reaction was the product of hunger and fatigue"""
to enjoy,3258046,,"take delight in; ""he delights in his granddaughter"""
to date,3257480,,"a participant in a date; ""his date never stopped talking"""
a New,3256757,"the basic unit of electric current adopted under the Systeme International d'Unites; ""a typical household circuit carries 15 to 50 amps""","having no previous example or precedent or parallel; ""a time of unexampled prosperity"""
to suggest,3255888,,"make a proposal, declare a plan for something; ""the senator proposed to abolish the sales tax"""
a slight,3255449,"the basic unit of electric current adopted under the Systeme International d'Unites; ""a typical household circuit carries 15 to 50 amps""","(quantifier used with mass nouns) small in quantity or degree; not much or almost none or (with `a') at least some; ""little rain fell in May""; ""gave it little thought""; ""little time is left""; ""we still have little money""; ""a little hope remained""; ""there's slight chance that it will work""; ""there's a slight chance it will work"""
he continued,3254739,a very light colorless element that is one of the six inert gasses; the most difficult gas to liquefy; occurs in economically extractable amounts in certain natural gases (as those found in Texas and Kansas),"without stop or interruption; ""to insure the continued success of the war""; ""the continued existence of nationalism""; ""the continued popularity of Westerns"""
something in,3254131,,"currently fashionable; ""the in thing to do""; ""large shoulder pads are in"""
about them,3252932,"in rotation or succession; ""turn about is fair play""",
as was,3252776,a very poisonous metallic element that has three allotropic forms; arsenic and arsenic compounds are used as herbicides and insecticides and various alloys; found in arsenopyrite and orpiment and realgar,
the trial,3251937,,"(law) the determination of a person's innocence or guilt by due process of law; ""he had a fair trial and the jury found him guilty""; ""most of these complaints are settled before they go to trial"""
the official,3251677,,"having official authority or sanction; ""official permission""; ""an official representative"""
and while,3251617,,"a period of indeterminate length (usually short) marked by some action or condition; ""he was here for a little while""; ""I need to rest for a piece""; ""a spell of good weather""; ""a patch of bad weather"""
with many,3251555,,"a quantifier that can be used with count nouns and is often preceded by `as' or `too' or `so' or `that'; amounting to a large but indefinite number; ""many temptations""; ""the temptations are many""; ""a good many""; ""a great many""; ""many directions""; ""take as many apples as you like""; ""too many clouds to see""; ""never saw so many people"""
to deliver,3251126,,"pass down; ""render a verdict""; ""deliver a judgment"""
a personal,3251031,"the basic unit of electric current adopted under the Systeme International d'Unites; ""a typical household circuit carries 15 to 50 amps""",particular to a given individual
it felt,3249912,the branch of engineering that deals with the use of computers and telecommunications to retrieve and store and transmit information,a fabric made of compressed matted animal fibers
the questions,3249696,,
all their,3249639,"completely given to or absorbed by; ""became all attention""",
my sister,3249566,,"a female person who is a fellow member of a sorority or labor union or other group; ""none of her sisters would betray her"""
go with,3249022,"functioning correctly and ready for action; ""all systems are go""",
the fundamental,3246524,,"serving as an essential component; ""a cardinal rule""; ""the central cause of the problem""; ""an example that was fundamental to the argument""; ""computers are fundamental to modern industrial structure"""
saw him,3246369,a power tool for cutting wood,
it 'll,3246073,the branch of engineering that deals with the use of computers and telecommunications to retrieve and store and transmit information,
glad to,3246037,"feeling happy appreciation; ""glad of the fire's warmth""",
in writing,3245618,"currently fashionable; ""the in thing to do""; ""large shoulder pads are in""","the activity of putting something in written form; ""she did the thinking while he did the writing"""
my son,3245283,,"a male human offspring; ""their son became a famous judge""; ""his boy is taller than he is"""
it again,3244909,the branch of engineering that deals with the use of computers and telecommunications to retrieve and store and transmit information,"anew; ""she tried again""; ""they rehearsed the scene again"""
he started,3244729,a very light colorless element that is one of the six inert gasses; the most difficult gas to liquefy; occurs in economically extractable amounts in certain natural gases (as those found in Texas and Kansas),
additional information,3244229,"further or added; ""called for additional troops""; ""need extra help""; ""an extra pair of shoes""","(communication theory) a numerical measure of the uncertainty of an outcome; ""the signal contained thousands of bits of information"""
all her,3242107,"completely given to or absorbed by; ""became all attention""",
mean to,3241494,(used of sums of money) so small in amount as to deserve contempt,
expansion of,3241013,"a function expressed as a sum or product of terms; ""the expansion of (a+b)^2 is a^2 + 2ab + b^2""",
it not,3240551,the branch of engineering that deals with the use of computers and telecommunications to retrieve and store and transmit information,"negation of a word or group of words; ""he does not speak French""; ""she is not going""; ""they are not friends""; ""not many""; ""not much""; ""not at all"""
way out,3237739,"a portion of something divided into shares; ""they split the loot three ways""","outer or outlying; ""the out islands"""
person to,3237735,"a human body (usually including the clothing); ""a weapon was hidden on his person""",
views of,3237091,,
time as,3236902,"an indefinite period (usually marked by specific attributes or activities); ""the time of year for planting""; ""he was a great actor in his time""",a very poisonous metallic element that has three allotropic forms; arsenic and arsenic compounds are used as herbicides and insecticides and various alloys; found in arsenopyrite and orpiment and realgar
how are,3236397,,a unit of surface area equal to 100 square meters
the victim,3235900,,an unfortunate person who suffers from some adverse circumstance
not allow,3235801,"negation of a word or group of words; ""he does not speak French""; ""she is not going""; ""they are not friends""; ""not many""; ""not much""; ""not at all""","let have; ""grant permission""; ""Mandela was allowed few visitors in prison"""
a baby,3235623,"the basic unit of electric current adopted under the Systeme International d'Unites; ""a typical household circuit carries 15 to 50 amps""","a very young mammal; ""baby rabbits"""
place and,3234929,"a particular situation; ""If you were in my place what would you do?""",
into this,3234905,,
herself to,3234501,,
she must,3234039,,the quality of smelling or tasting old or stale or mouldy
here for,3233192,"the present location; this place; ""where do we go from here?""",
the output,3232671,,"the quantity of something (as a commodity) that is created (usually within a given period of time); ""production was up in the second quarter"""
extension of,3231627,"a mutually agreed delay in the date set for the completion of a job or payment of a debt; ""they applied for an extension of the loan""",
home in,3230697,"relating to or being where one lives or where one's roots are; ""my home town""","currently fashionable; ""the in thing to do""; ""large shoulder pads are in"""
of health,3230358,,"the general condition of body and mind; ""his delicate health""; ""in poor health"""
especially when,3230205,"in a special manner; ""a specially arranged dinner""",
rid of,3229691,"relieve from; ""Rid the house of pests""",
knew she,3226996,,
the changes,3225790,,
returning to,3225764,tending to return to an earlier state,
him into,3223674,,
produce a,3222867,fresh fruits and vegetable grown for the market,"the basic unit of electric current adopted under the Systeme International d'Unites; ""a typical household circuit carries 15 to 50 amps"""
themselves to,3221913,,
right in,3218727,"appropriate for a condition or purpose or occasion or a person's character, needs; ""everything in its proper place""; ""the right man for the job""; ""she is not suitable for the position""","currently fashionable; ""the in thing to do""; ""large shoulder pads are in"""
a lack,3218714,"the basic unit of electric current adopted under the Systeme International d'Unites; ""a typical household circuit carries 15 to 50 amps""","the state of needing something that is absent or unavailable; ""there is a serious lack of insight into the problem""; ""water is the critical deficiency in desert regions""; ""for want of a nail the shoe was lost"""
place the,3218342,"a particular situation; ""If you were in my place what would you do?""",
protect the,3217536,"shield from danger, injury, destruction, or damage; ""Weatherbeater protects your roof from the rain""",
her legs,3217182,,"staying power; ""that old Broadway play really has legs"""
is by,3217180,,"in reserve; not for immediate use; ""started setting aside money to buy a car""; ""put something by for her old age""; ""has a nest egg tucked away for a rainy day"""
until you,3217143,,
black and,3216935,"(of events) having extremely unfortunate or dire consequences; bringing ruin; ""the stock market crashed on Black Friday""; ""a calamitous defeat""; ""the battle was a disastrous end to a disastrous campaign""; ""such doctrines, if true, would be absolutely fatal to my theory""- Charles Darwin; ""it is fatal to enter any war without the will to win it""- Douglas MacArthur; ""a fateful error""",
failure of,3216586,a person with a record of failing; someone who loses consistently,
wife and,3215530,a married woman; a man's partner in marriage,
a glass,3215248,"the basic unit of electric current adopted under the Systeme International d'Unites; ""a typical household circuit carries 15 to 50 amps""",the quantity a glass will hold
the General,3215190,,"applying to all or most members of a category or group; ""the general public""; ""general assistance""; ""a general rule""; ""in general terms""; ""comprehensible to the general reader"""
thing I,3214009,"a special situation; ""this thing has got to end""; ""it is a remarkable thing""","used of a single unit or thing; not two or more; ""`ane' is Scottish"""
this area,3212843,,"a particular environment or walk of life; ""his social sphere is limited""; ""it was a closed area of employment""; ""he's out of my orbit"""
of certain,3212502,,"established irrevocably; ""his fate is sealed"""
be treated,3212245,a light strong brittle grey toxic bivalent metallic element,"made hard or flexible or resilient especially by heat treatment; ""a sword of tempered steel""; ""tempered glass"""
from behind,3211920,,"the fleshy part of the human body that you sit on; ""he deserves a good kick in the butt""; ""are you going to sit on your fanny and do nothing?"""
