text,popularity,meaning1,meaning2
中 的,167117,(bound form) China; Chinese,of; ~'s (possessive particle)
自己 的,155392,oneself; (attributive) one's own,of; ~'s (possessive particle)
的 人,149738,of; ~'s (possessive particle),person; people
这 一,133307,(pronoun) this; these,one
人 的,123089,person; people,of; ~'s (possessive particle)
的 是,115856,of; ~'s (possessive particle),to be (followed by substantives only)
发展 的,107360,development,of; ~'s (possessive particle)
这 是,105459,(pronoun) this; these,to be (followed by substantives only)
的 发展,104799,of; ~'s (possessive particle),development
他 的,103602,"(third-person singular) (since the early 20th century, usu. male) he; him; his",of; ~'s (possessive particle)
各 种,102706,each,seed
上 的,101590,used in 上聲|上声[shang3 sheng1],of; ~'s (possessive particle)
亿 元,89392,100 million,surname Yuan
新 的,87927,abbr. for Xinjiang 新疆[Xin1 jiang1],of; ~'s (possessive particle)
的 问题,86794,of; ~'s (possessive particle),question
企业 的,79125,company; firm; enterprise; corporation,of; ~'s (possessive particle)
过程 中,78800,course of events; process,(bound form) China; Chinese
的 影响,75541,of; ~'s (possessive particle),influence
的 工作,73594,of; ~'s (possessive particle),to work
二 是,71707,two,to be (followed by substantives only)
的 重要,70528,of; ~'s (possessive particle),important; significant; major
的 社会,69245,of; ~'s (possessive particle),society
两 个,69168,two,used in 自個兒|自个儿[zi4 ge3 r5]
是 指,69086,to be (followed by substantives only),finger
重要 的,68757,important; significant; major,of; ~'s (possessive particle)
是 一个,67775,to be (followed by substantives only),a; an; one
不同 的,66769,different,of; ~'s (possessive particle)
经济 增长,66323,economy,to grow; to increase
工作 的,64449,to work,of; ~'s (possessive particle)
性 的,63853,nature,of; ~'s (possessive particle)
是 在,63800,to be (followed by substantives only),to exist; to be alive
的 时候,62785,of; ~'s (possessive particle),time
这样 的,62646,this way; like this; so,of; ~'s (possessive particle)
十 四条,62644,ten,four of a kind
市场 经济,62298,marketplace; market; bazaar,economy
的 基础,61073,of; ~'s (possessive particle),base; foundation; basis
及 其,60782,and,his
我 的,60426,I; me; my,of; ~'s (possessive particle)
方面 的,60091,respect,of; ~'s (possessive particle)
你 的,59578,"you (informal, as opposed to courteous 您[nin2])",of; ~'s (possessive particle)
万 元,59545,used in 万俟[Mo4 qi2],surname Yuan
了 一,59414,(completed action marker),one
的 经济,58985,of; ~'s (possessive particle),economy
他们 的,57886,they; them,of; ~'s (possessive particle)
我们 的,57335,we; us; ourselves; our,of; ~'s (possessive particle)
的 情况,57258,of; ~'s (possessive particle),circumstances; state of affairs; situation
中国 的,56762,China,of; ~'s (possessive particle)
这 种,55645,(pronoun) this; these,seed
年 的,55280,surname Nian,of; ~'s (possessive particle)
之间 的,55027,(after a noun) between; among; amid,of; ~'s (possessive particle)
的 关系,55008,of; ~'s (possessive particle),relation; relationship; connection
亿 美元,54826,100 million,American dollar; US dollar
一 种,54760,one,seed
一 是,54547,one,to be (followed by substantives only)
十 五条,54412,ten,
之 一,53951,"(possessive particle, literary equivalent of 的[de5])",one
社会 保障,53644,society,to ensure
来 说,52284,to come,to persuade
的 研究,51906,of; ~'s (possessive particle),research
的 一个,51113,of; ~'s (possessive particle),a; an; one
社会 的,50615,society,of; ~'s (possessive particle)
情况 下,50545,circumstances; state of affairs; situation,down
的 主要,49663,of; ~'s (possessive particle),main; principal; major; primary
另 一,48828,other,one
的 基本,48403,of; ~'s (possessive particle),basic
问题 的,48374,question,of; ~'s (possessive particle)
三 是,48071,surname San,to be (followed by substantives only)
十 三条,47915,ten,three of a kind (poker)
金融 机构,47586,banking,mechanism
并 不,47574,and,no; not so
信息 化,47542,information; news; message,variant of 花[hua1]
国家 的,47419,country; nation; state,of; ~'s (possessive particle)
经济 社会,47166,economy,society
经济 发展,47018,economy,development
的 作用,47018,of; ~'s (possessive particle),to act on; to affect
中小 企业,46789,,company; firm; enterprise; corporation
各 级,46048,each,level
基础 上,45715,base; foundation; basis,used in 上聲|上声[shang3 sheng1]
特别 是,45229,unusual; special,to be (followed by substantives only)
农民 工,45123,peasant; farmer,work
而 言,45098,and,words
对话 框,44980,to talk (with sb),frame (e.g. door frame)
的 过程,44576,of; ~'s (possessive particle),course of events; process
来 越,44388,to come,generic word for peoples or states of south China or south Asia at different historical periods
三 个,43285,surname San,used in 自個兒|自个儿[zi4 ge3 r5]
和 社会,43264,old variant of 和[he2],society
化 的,42837,variant of 花[hua1],of; ~'s (possessive particle)
党 的,42629,surname Dang,of; ~'s (possessive particle)
来 看,42286,to come,to look after
加 大,42151,Canada (abbr. for 加拿大[Jia1 na2 da4]),big; large; great
公司 的,41640,company; firm; corporation,of; ~'s (possessive particle)
的 一,41611,of; ~'s (possessive particle),one
知识 产权,41520,knowledge,property right
的 方式,41322,of; ~'s (possessive particle),way; method; manner; mode; pattern (of behavior etc)
越 来,40642,generic word for peoples or states of south China or south Asia at different historical periods,to come
之 间,40638,"(possessive particle, literary equivalent of 的[de5])",between
中 医药,40555,(bound form) China; Chinese,medical care and medicines
第 一,40510,"(prefix indicating ordinal number, as in 第六[di4 liu4] ""sixth"")",one
的 新,40438,of; ~'s (possessive particle),abbr. for Xinjiang 新疆[Xin1 jiang1]
十 六条,40209,ten,
经济 学,40033,economy,to learn
到 了,39962,to reach; to arrive,(completed action marker)
的 时间,39704,of; ~'s (possessive particle),(concept of) time
图书 馆,39507,books (in a library or bookstore),variant of 館|馆[guan3]
的 历史,39436,of; ~'s (possessive particle),history
它 的,39321,it,of; ~'s (possessive particle)
各 项,39197,each,surname Xiang
看 到,38946,to look after,to reach; to arrive
进行 了,38910,(of a process etc) to proceed; to be in progress; to be underway,(completed action marker)
年 来,38835,surname Nian,to come
的 政治,38738,of; ~'s (possessive particle),politics
经济 的,37907,economy,of; ~'s (possessive particle)
六 届,37867,six,to arrive at (place or time)
间 的,37322,between,of; ~'s (possessive particle)
也 有,37020,surname Ye,to have; there is
者 的,36968,(after a verb or adjective) one who (is) ...,of; ~'s (possessive particle)
一定 的,36928,surely; certainly; definitely,of; ~'s (possessive particle)
的 要求,36835,of; ~'s (possessive particle),to request
万 人,36593,used in 万俟[Mo4 qi2],person; people
则 是,36444,(literary) (conjunction used to express contrast with a previous clause) but; then,to be (followed by substantives only)
可 持续,36390,(prefix) can; may; able to; -able,to continue; to last; to persist
巿 场,36385,(literary) variant of 韍|韨[fu2],threshing floor
是 一种,36382,to be (followed by substantives only),one kind of; one type of
的 企业,36141,of; ~'s (possessive particle),company; firm; enterprise; corporation
的 话,36101,of; ~'s (possessive particle),dialect
的 方法,35817,of; ~'s (possessive particle),method; way; technique; procedure
一个 人,35677,a; an; one,person; people
国有 企业,35614,nationalized,company; firm; enterprise; corporation
做 好,35325,to make; to produce,good
大 的,35325,big; large; great,of; ~'s (possessive particle)
产业 的,35118,industry,of; ~'s (possessive particle)
管理 的,34788,to supervise,of; ~'s (possessive particle)
个 方面,34737,used in 自個兒|自个儿[zi4 ge3 r5],respect
的 国家,34517,of; ~'s (possessive particle),country; nation; state
文化 的,34481,culture,of; ~'s (possessive particle)
社会 主义,34296,society,-ism
市场 的,34268,marketplace; market; bazaar,of; ~'s (possessive particle)
的 生活,34008,of; ~'s (possessive particle),to live
了 一个,33988,(completed action marker),a; an; one
就 会,33968,(after a suppositional clause) in that case; then,can; to have the skill; to know how to
产品 的,33797,goods,of; ~'s (possessive particle)
第 二,33729,"(prefix indicating ordinal number, as in 第六[di4 liu4] ""sixth"")",two
的 行为,33574,of; ~'s (possessive particle),action; conduct; behavior; activity
一 系列,33495,one,series
的 生产,33398,of; ~'s (possessive particle),to produce; to manufacture
的 目标,33213,of; ~'s (possessive particle),target
二 十,33007,two,ten
关系 的,32960,relation; relationship; connection,of; ~'s (possessive particle)
活动 的,32743,to exercise; to move about; to work out,of; ~'s (possessive particle)
的 能力,32661,of; ~'s (possessive particle),capability
一 九,32553,one,nine
是 对,32546,to be (followed by substantives only),right; correct
了 中国,32499,(completed action marker),China
的 思想,32427,of; ~'s (possessive particle),thought
的 信息,32310,of; ~'s (possessive particle),information; news; message
的 内容,32114,of; ~'s (possessive particle),content; substance; details
存在 的,32011,to exist,of; ~'s (possessive particle)
商业 银行,31798,business,bank
持续 发展,31713,to continue; to last; to persist,development
体制 改革,31647,system,reform
的 金融,31602,of; ~'s (possessive particle),banking
较 大,31562,(bound form) to compare,big; large; great
的 价值,31554,of; ~'s (possessive particle),value; worth
主要 是,31412,main; principal; major; primary,to be (followed by substantives only)
的 结果,31407,of; ~'s (possessive particle),to bear fruit
在 中国,31398,to exist; to be alive,China
个 月,31331,used in 自個兒|自个儿[zi4 ge3 r5],moon
提供 了,31266,to offer,(completed action marker)
充分 发挥,31243,ample,to display
的 文化,30426,of; ~'s (possessive particle),culture
的 管理,30402,of; ~'s (possessive particle),to supervise
中国 经济,30352,China,economy
是 一,30200,to be (followed by substantives only),one
在 这,30177,to exist; to be alive,(pronoun) this; these
的 变化,30061,of; ~'s (possessive particle),(intransitive) to change; to vary
提出 了,30046,to raise (an issue),(completed action marker)
人民 群众,29924,the people,mass
尤其 是,29802,especially; particularly,to be (followed by substantives only)
企业 在,29689,company; firm; enterprise; corporation,to exist; to be alive
安全 生产,29627,safe; secure,to produce; to manufacture
个 百分点,29509,used in 自個兒|自个儿[zi4 ge3 r5],percentage point
面 对,29452,face,right; correct
等 方面,29375,to wait for; to await,respect
而 不是,29149,and,no
各 类,29096,each,kind; type; class; category
的 市场,28952,of; ~'s (possessive particle),marketplace; market; bazaar
显 着,28816,to make visible,variant of 著|着[zhao1]
有 利于,28752,to have; there is,to be beneficial to; to be conducive to
加强 对,28741,to reinforce; to strengthen; to enhance,right; correct
组织 的,28688,to organize,of; ~'s (possessive particle)
服务 的,28643,to serve,of; ~'s (possessive particle)
的 重大,28596,of; ~'s (possessive particle),great
某 些,28552,some,"classifier indicating a small amount or small number greater than 1: some, a few, several"
产生 的,28398,to arise; to come into being; to come about,of; ~'s (possessive particle)
不 可能,28266,no; not so,might (happen)
更 好,28185,to change or replace,good
人民 法院,28125,the people,court of law
几 个,28123,small table,used in 自個兒|自个儿[zi4 ge3 r5]
政府 的,28017,government,of; ~'s (possessive particle)
下 的,28017,down,of; ~'s (possessive particle)
义务 教育,28010,duty; obligation (CL:項|项[xiang4]),to educate
的 需要,27709,of; ~'s (possessive particle),to need; to want; to demand; to require
也 可以,27662,surname Ye,can
中国 人民,27602,China,the people
之 中,27417,"(possessive particle, literary equivalent of 的[de5])",(bound form) China; Chinese
的 利益,27406,of; ~'s (possessive particle),benefit
发 展,27257,to send out,surname Zhan
所有 的,27249,all,of; ~'s (possessive particle)
现 有,27222,to appear,to have; there is
城市 化,27149,city; town,variant of 花[hua1]
单位 的,27042,unit (of measure),of; ~'s (possessive particle)
两 种,26996,two,seed
的 东西,26970,of; ~'s (possessive particle),east and west
的 目的,26942,of; ~'s (possessive particle),purpose; aim; goal; target; objective
中共 中央,26915,"abbr. for 中國共產黨|中国共产党[Zhong1 guo2 Gong4 chan3 dang3], Chinese Communist Party",central
一 年,26881,one,surname Nian
制度 的,26833,"system (e.g. political, adminstrative etc)",of; ~'s (possessive particle)
的 理论,26793,of; ~'s (possessive particle),theory
的 事,26786,of; ~'s (possessive particle),matter
和 发展,26708,old variant of 和[he2],development
社会 责任,26697,society,responsibility; duty; liability
和 其他,26624,old variant of 和[he2],other
都 有,26575,surname Du,to have; there is
的 原因,26464,of; ~'s (possessive particle),cause
地区 的,26453,region; area (informal or geographical term),of; ~'s (possessive particle)
的 政策,26452,of; ~'s (possessive particle),policy
收 人,26341,to receive,person; people
主义 的,26269,-ism,of; ~'s (possessive particle)
的 中国,26226,of; ~'s (possessive particle),China
上市 公司,26224,to hit the market (of a new product),company; firm; corporation
某 种,26138,some,seed
多 的,26058,many; much; more; a lot of,of; ~'s (possessive particle)
全 区,26015,surname Quan,surname Ou
的 同时,25988,of; ~'s (possessive particle),at the same time; simultaneously
来 的,25967,to come,of; ~'s (possessive particle)
意味 着,25966,meaning,variant of 著|着[zhao1]
规定 的,25963,to stipulate; to specify; to prescribe; to fix (a price); to set (a quota),of; ~'s (possessive particle)
发生 的,25801,"to happen; to occur; to take place; to arise (e.g. 發生問題|发生问题[fa1 sheng1 wen4 ti2] ""a problem arises"")",of; ~'s (possessive particle)
大 多数,25749,big; large; great,majority; most
全球 化,25742,the whole world,variant of 花[hua1]
相 比,25737,surname Xiang,Belgium
社会 发展,25689,society,development
制造 业,25607,to manufacture; to make,surname Ye
都 是,25571,surname Du,to be (followed by substantives only)
的 产品,25537,of; ~'s (possessive particle),goods
是 由,25478,to be (followed by substantives only),to follow
年 版,25378,surname Nian,a register
性 和,25368,nature,old variant of 和[he2]
建设 的,25313,to build; to construct; to establish; to develop; to institute,of; ~'s (possessive particle)
十 年,25222,ten,surname Nian
服务 业,25166,to serve,surname Ye
研究 的,25164,research,of; ~'s (possessive particle)
的 事情,25146,of; ~'s (possessive particle),affair; matter; thing; business
由 此,25115,to follow,this; these
教育 的,25076,to educate,of; ~'s (possessive particle)
不 少,25005,no; not so,few
是 以,24988,to be (followed by substantives only),old variant of 以[yi3]
的 需求,24957,of; ~'s (possessive particle),requirement
的 法律,24939,of; ~'s (possessive particle),law
城市 的,24909,city; town,of; ~'s (possessive particle)
相关 的,24899,related,of; ~'s (possessive particle)
有限 公司,24886,limited; finite,company; firm; corporation
的 规定,24815,of; ~'s (possessive particle),to stipulate; to specify; to prescribe; to fix (a price); to set (a quota)
好 地,24798,good,-ly
人力 资源,24761,manpower,see 資源縣|资源县[Zi1 yuan2 Xian4]
市场 化,24753,marketplace; market; bazaar,variant of 花[hua1]
的 城市,24739,of; ~'s (possessive particle),city; town
企业 和,24619,company; firm; enterprise; corporation,old variant of 和[he2]
他 说,24539,"(third-person singular) (since the early 20th century, usu. male) he; him; his",to persuade
的 一种,24479,of; ~'s (possessive particle),one kind of; one type of
货币 政策,24470,currency,policy
的 精神,24466,of; ~'s (possessive particle),spirit
有 一,24405,to have; there is,one
和 完善,24360,old variant of 和[he2],"(of systems, facilities etc) comprehensive"
高等 教育,24320,high-level,to educate
后 的,24320,surname Hou,of; ~'s (possessive particle)
经济 体,24311,economy,used in 體己|体己[ti1 ji5]
是 因为,24280,to be (followed by substantives only),because; owing to; on account of
最大 的,24245,,of; ~'s (possessive particle)
贯彻 落实,24231,to implement,practical
政策 的,24198,policy,of; ~'s (possessive particle)
人民 共和国,24119,the people,republic
的 大,24093,of; ~'s (possessive particle),big; large; great
中国 社会,24053,China,society
等 等,24007,to wait for; to await,to wait for; to await
投资 者,23947,investment,(after a verb or adjective) one who (is) ...
的 地方,23845,of; ~'s (possessive particle),region
二 十条,23844,two,
它 是,23834,it,to be (followed by substantives only)
中 所,23828,(bound form) China; Chinese,actually
做 到,23816,to make; to produce,to reach; to arrive
并 没有,23779,and,haven't
良好 的,23769,good,of; ~'s (possessive particle)
文化 产业,23678,culture,industry
人大 代表,23677,Renmin University of China (abbr. for 中國人民大學|中国人民大学[Zhong1 guo2 Ren2 min2 Da4 xue2]),representative
上 年,23623,used in 上聲|上声[shang3 sheng1],surname Nian
十 七,23622,ten,seven
美国 的,23605,United States; USA; US,of; ~'s (possessive particle)
中华 人民,23595,"Zhonghua, historical and cultural term for China, often used to denote Chinese civilization and identity (as in 中華文化|中华文化[Zhong1 hua2 wen2 hua4] ""Chinese culture"")",the people
的 原则,23565,of; ~'s (possessive particle),principle
是 企业,23527,to be (followed by substantives only),company; firm; enterprise; corporation
形成 了,23415,to form; to take shape,(completed action marker)
主体 的,23347,main part,of; ~'s (possessive particle)
为 主,23248,as (in the capacity of),owner
有限 责任,23244,limited; finite,responsibility; duty; liability
这 两,23158,(pronoun) this; these,two
的 意见,23147,of; ~'s (possessive particle),idea
基础 设施,23109,base; foundation; basis,facilities
生活 的,23088,to live,of; ~'s (possessive particle)
成功 的,22943,to succeed,of; ~'s (possessive particle)
一定 要,22916,surely; certainly; definitely,(bound form) to demand; to coerce
第 三,22911,"(prefix indicating ordinal number, as in 第六[di4 liu4] ""sixth"")",surname San
少数 民族,22905,small number,nationality; ethnic group
的 公司,22774,of; ~'s (possessive particle),company; firm; corporation
会 的,22769,can; to have the skill; to know how to,of; ~'s (possessive particle)
系统 的,22608,system,of; ~'s (possessive particle)
有 的,22601,to have; there is,of; ~'s (possessive particle)
人民 代表,22561,the people,representative
的 比重,22492,of; ~'s (possessive particle),proportion
更多 的,22470,,of; ~'s (possessive particle)
的 通知,22444,of; ~'s (possessive particle),to notify
的 教育,22433,of; ~'s (possessive particle),to educate
特色 社会,22425,a characteristic; a distinctive feature or quality,society
这 次,22379,(pronoun) this; these,next in sequence
近年 来,22372,recent year(s),to come
生产 经营,22353,to produce; to manufacture,to engage in (business etc); to run; to operate
落实 科学,22320,practical,science
资源 的,22308,see 資源縣|资源县[Zi1 yuan2 Xian4],of; ~'s (possessive particle)
日 起,22305,(bound form) sun,to rise
是 什么,22282,to be (followed by substantives only),what?
一 批,22271,one,to ascertain
中国 人,22173,China,person; people
环境 保护,22169,environment,to protect
比 上,22115,Belgium,used in 上聲|上声[shang3 sheng1]
的 具体,22061,of; ~'s (possessive particle),concrete; specific; detailed
强 的,22046,surname Qiang,of; ~'s (possessive particle)
的 组织,21984,of; ~'s (possessive particle),to organize
责任 公司,21915,responsibility; duty; liability,company; firm; corporation
部门 的,21895,department,of; ~'s (possessive particle)
经营 者,21832,to engage in (business etc); to run; to operate,(after a verb or adjective) one who (is) ...
中心 的,21808,center; heart; core,of; ~'s (possessive particle)
更 大,21806,to change or replace,big; large; great
的 技术,21737,of; ~'s (possessive particle),technology; technique; skill
工 作,21736,work,(bound form) worker
有效 的,21700,effective,of; ~'s (possessive particle)
关键 词,21619,crucial point,old variant of 詞|词[ci2]
全 省,21601,surname Quan,to save; to economize; to be frugal
每 个,21581,each,used in 自個兒|自个儿[zi4 ge3 r5]
这 就,21576,(pronoun) this; these,(after a suppositional clause) in that case; then
等 问题,21571,to wait for; to await,question
三 十,21489,surname San,ten
银行 的,21457,bank,of; ~'s (possessive particle)
责任 的,21454,responsibility; duty; liability,of; ~'s (possessive particle)
在 此,21417,to exist; to be alive,this; these
这 就是,21387,(pronoun) this; these,exactly; precisely
科学 发展,21387,science,development
有 一个,21371,to have; there is,a; an; one
代表 的,21366,representative,of; ~'s (possessive particle)
的 领导,21274,of; ~'s (possessive particle),lead
的 角度,21264,of; ~'s (possessive particle),angle
就 可以,21233,(after a suppositional clause) in that case; then,can
社 会,21147,(bound form) society; organization; agency,can; to have the skill; to know how to
也 就是,21015,surname Ye,exactly; precisely
的 不同,20986,of; ~'s (possessive particle),different
的 特点,20977,of; ~'s (possessive particle),characteristic; trait; feature
收入 的,20934,to take in,of; ~'s (possessive particle)
比 上年,20932,Belgium,last year
作者 单位,20898,author; writer,unit (of measure)
的 国际,20890,of; ~'s (possessive particle),international
同比 增长,20880,(statistics) compared with the same period of the previous year; year on year; year over year,to grow; to increase
一 位,20875,one,position
需要 的,20822,to need; to want; to demand; to require,of; ~'s (possessive particle)
的 意义,20806,of; ~'s (possessive particle),sense
竞争 力,20799,to compete,surname Li
形成 的,20760,to form; to take shape,of; ~'s (possessive particle)
工作 中,20740,to work,(bound form) China; Chinese
的 有关,20667,of; ~'s (possessive particle),to have sth to do with
他 在,20611,"(third-person singular) (since the early 20th century, usu. male) he; him; his",to exist; to be alive
国民 经济,20570,nationals,economy
总 量,20554,(bound form) general; overall,to measure
文 化,20543,surname Wen,variant of 花[hua1]
马克思 主义,20538,Marx (name),-ism
相应 的,20532,to correspond,of; ~'s (possessive particle)
提出 的,20528,to raise (an issue),of; ~'s (possessive particle)
设施 建设,20453,facilities,to build; to construct; to establish; to develop; to institute
大 部分,20439,big; large; great,part; portion; piece
领导 干部,20428,lead,cadre
上诉 人,20355,to appeal (a judicial case),person; people
两 国,20352,two,surname Guo
在 北京,20346,to exist; to be alive,"Beijing municipality, capital of the People's Republic of China (short name 京[Jing1])"
人民 政府,20296,the people,government
的 实际,20215,of; ~'s (possessive particle),reality
内 的,20211,inside,of; ~'s (possessive particle)
产业 结构,20205,industry,structure
分 为,20193,to divide; to separate,as (in the capacity of)
生产 的,20187,to produce; to manufacture,of; ~'s (possessive particle)
的 态度,20113,of; ~'s (possessive particle),manner
的 投资,20070,of; ~'s (possessive particle),investment
的 力量,19975,of; ~'s (possessive particle),power; force; strength
经 济,19968,surname Jing,used in place names associated with the Ji River 濟水|济水[Ji3 Shui3]
项目 的,19966,item; project; (sports) event,of; ~'s (possessive particle)
的 价格,19944,of; ~'s (possessive particle),price
几 年,19941,small table,surname Nian
生活 中,19879,to live,(bound form) China; Chinese
领域 的,19872,domain; sphere; field; territory; area,of; ~'s (possessive particle)
的 不,19862,of; ~'s (possessive particle),no; not so
是 中国,19825,to be (followed by substantives only),China
的 知识,19771,of; ~'s (possessive particle),knowledge
人员 的,19729,staff,of; ~'s (possessive particle)
自身 的,19661,itself,of; ~'s (possessive particle)
的 土地,19647,of; ~'s (possessive particle),land
的 概念,19615,of; ~'s (possessive particle),concept
发展 中,19586,development,(bound form) China; Chinese
并 不是,19568,and,no
金融 危机,19566,banking,crisis
价值 的,19553,value; worth,of; ~'s (possessive particle)
世界 上,19536,world,used in 上聲|上声[shang3 sheng1]
传统 的,19514,tradition; traditional,of; ~'s (possessive particle)
四 是,19491,four,to be (followed by substantives only)
增加 值,19488,to raise; to increase,value
学 家,19486,to learn,used in 傢伙|家伙[jia1 huo5] and 傢俱|家俱[jia1 ju4]
法律 法规,19484,law,legislation
也 就,19455,surname Ye,(after a suppositional clause) in that case; then
在 校,19450,to exist; to be alive,to check; to collate; to proofread
的 财政,19397,of; ~'s (possessive particle),public finance; government finance
出现 了,19384,to appear,(completed action marker)
她 的,19376,she,of; ~'s (possessive particle)
对 此,19363,right; correct,this; these
养老 保险,19359,to provide for the elderly (family members),insurance
九 五,19312,nine,five
管理 制度,19206,to supervise,"system (e.g. political, adminstrative etc)"
条件 下,19177,condition; circumstance; term; factor,down
一体 化,19161,an integral whole,variant of 花[hua1]
事实 上,19157,fact,used in 上聲|上声[shang3 sheng1]
制度 和,19156,"system (e.g. political, adminstrative etc)",old variant of 和[he2]
出来 的,19147,to come out,of; ~'s (possessive particle)
技术 的,19141,technology; technique; skill,of; ~'s (possessive particle)
的 经验,19129,of; ~'s (possessive particle),experience
为 中心,19102,as (in the capacity of),center; heart; core
的 核心,19090,of; ~'s (possessive particle),core; nucleus
常委 会,19089,standing committee (abbr. for 常務委員會|常务委员会[chang2 wu4 wei3 yuan2 hui4]),can; to have the skill; to know how to
很 难,19087,very; quite,difficult (to...)
和 政府,19082,old variant of 和[he2],government
在 这个,19033,to exist; to be alive,(pronoun) this
我国 经济,19025,my country; our country,economy
的 关键,19006,of; ~'s (possessive particle),crucial point
两岸 关系,18995,bilateral,relation; relationship; connection
能力 的,18962,capability,of; ~'s (possessive particle)
的 权利,18935,of; ~'s (possessive particle),right (i.e. an entitlement to sth)
的 条件,18860,of; ~'s (possessive particle),condition; circumstance; term; factor
个人 的,18794,an individual; oneself; (attributive) personal; one's own,of; ~'s (possessive particle)
的 第,18758,of; ~'s (possessive particle),"(prefix indicating ordinal number, as in 第六[di4 liu4] ""sixth"")"
的 环境,18744,of; ~'s (possessive particle),environment
必要 的,18738,necessary,of; ~'s (possessive particle)
发展 和,18730,development,old variant of 和[he2]
的 办法,18712,of; ~'s (possessive particle),way of handling sth; means; measure; (practical) solution to a problem
的 观点,18704,of; ~'s (possessive particle),point of view
的 服务,18691,of; ~'s (possessive particle),to serve
监督 管理,18618,to supervise; to oversee; to inspect,to supervise
正确 的,18579,correct; sound; right; proper,of; ~'s (possessive particle)
的 形式,18513,of; ~'s (possessive particle),outer appearance
一 个,18511,one,used in 自個兒|自个儿[zi4 ge3 r5]
但 在,18450,but; yet; however; still,to exist; to be alive
世界 的,18450,world,of; ~'s (possessive particle)
有关 部门,18434,to have sth to do with,department
如果 你,18411,if; in case; in the event that,"you (informal, as opposed to courteous 您[nin2])"
年 以来,18407,surname Nian,since (used after a specified time or event)
的 存在,18403,of; ~'s (possessive particle),to exist
人 在,18371,person; people,to exist; to be alive
生产 和,18349,to produce; to manufacture,old variant of 和[he2]
民族 自治,18333,nationality; ethnic group,autonomy
多 个,18308,many; much; more; a lot of,used in 自個兒|自个儿[zi4 ge3 r5]
信息 的,18271,information; news; message,of; ~'s (possessive particle)
并 在,18223,and,to exist; to be alive
一 方面,18206,one,respect
的 控制,18195,of; ~'s (possessive particle),to control
十 届,18151,ten,to arrive at (place or time)
人力 资本,18126,manpower,capital (economics)
是 我国,18120,to be (followed by substantives only),my country; our country
费 改革,18097,surname Fei,reform
较 高,18085,(bound form) to compare,surname Gao
行为 的,18073,action; conduct; behavior; activity,of; ~'s (possessive particle)
这 一点,18072,(pronoun) this; these,a bit; a little bit
主要 包括,18053,main; principal; major; primary,to comprise
社会 经济,18046,society,economy
的 机会,18000,of; ~'s (possessive particle),opportunity
城镇 化,17967,town,variant of 花[hua1]
经营 管理,17926,to engage in (business etc); to run; to operate,to supervise
和 服务,17906,old variant of 和[he2],to serve
提供 的,17903,to offer,of; ~'s (possessive particle)
金融 市场,17892,banking,marketplace; market; bazaar
企 业,17885,(bound form) to stand on tiptoe and look; to anticipate; to look forward to,surname Ye
分 之,17871,to divide; to separate,"(possessive particle, literary equivalent of 的[de5])"
改革 开放,17865,reform,to bloom
意识 形态,17863,consciousness; awareness,shape
范围 内,17851,range,inside
中国 共产党,17851,China,Communist Party
一 的,17795,one,of; ~'s (possessive particle)
十 二条,17789,ten,
和 地区,17781,old variant of 和[he2],region; area (informal or geographical term)
真正 的,17742,genuine; real; true,of; ~'s (possessive particle)
代表 大会,17703,representative,general assembly
结合 起来,17686,to combine,to stand up; to get up
的 各种,17659,of; ~'s (possessive particle),every kind of; all kinds of; various
规模 以上,17645,scale; scope; extent,that level or higher; that amount or more
有 一定,17612,to have; there is,surely; certainly; definitely
中 国,17611,(bound form) China; Chinese,surname Guo
进行 的,17610,(of a process etc) to proceed; to be in progress; to be underway,of; ~'s (possessive particle)
而 在,17606,and,to exist; to be alive
对 其,17580,right; correct,his
制度 改革,17579,"system (e.g. political, adminstrative etc)",reform
地产 业,17573,real estate; landed estate; landed property,surname Ye
存在 着,17506,to exist,variant of 著|着[zhao1]
人民 的,17495,the people,of; ~'s (possessive particle)
的 中,17488,of; ~'s (possessive particle),(bound form) China; Chinese
对 中国,17481,right; correct,China
巨大 的,17478,huge; immense; enormous; gigantic,of; ~'s (possessive particle)
是 不,17313,to be (followed by substantives only),no; not so
的 制度,17305,of; ~'s (possessive particle),"system (e.g. political, adminstrative etc)"
体系 建设,17289,system,to build; to construct; to establish; to develop; to institute
的 风险,17263,of; ~'s (possessive particle),risk; hazard
产业 化,17260,industry,variant of 花[hua1]
机构 的,17247,mechanism,of; ~'s (possessive particle)
的 分析,17193,of; ~'s (possessive particle),to analyze
这 也是,17159,(pronoun) this; these,
环境 的,17152,environment,of; ~'s (possessive particle)
和 市场,17119,old variant of 和[he2],marketplace; market; bazaar
的 最大,17112,of; ~'s (possessive particle),
最 重要,17111,variant of 最[zui4],important; significant; major
结构 调整,17062,structure,to adjust; to revise; to reorganize
中国 政府,17044,China,government
思想 政治,17041,thought,politics
公共 服务,17026,public; common; communal,to serve
助 于,17021,to help,surname Yu
可以 说,17003,can,to persuade
出 了,16979,to go out; to come out,(completed action marker)
的 各,16969,of; ~'s (possessive particle),each
的 地位,16928,of; ~'s (possessive particle),position
的 全部,16926,of; ~'s (possessive particle),whole; all
利益 的,16907,benefit,of; ~'s (possessive particle)
建立 健全,16900,to establish,robust
他 认为,16895,"(third-person singular) (since the early 20th century, usu. male) he; him; his",to believe; to think; to consider; to feel
是 从,16891,to be (followed by substantives only),variant of 從|从[cong2]
也 没有,16884,surname Ye,haven't
增长 率,16848,to grow; to increase,(bound form) ratio; rate; proportion
的 其他,16845,of; ~'s (possessive particle),other
的 认识,16839,of; ~'s (possessive particle),to know
每 一个,16788,each,a; an; one
随 着,16781,surname Sui,variant of 著|着[zhao1]
服务 体系,16763,to serve,system
人们 的,16727,people,of; ~'s (possessive particle)
建立 了,16709,to establish,(completed action marker)
卫生 院,16707,hygienic; sanitary,courtyard
人类 的,16704,humanity,of; ~'s (possessive particle)
的 成本,16674,of; ~'s (possessive particle),"(manufacturing, production etc) costs"
实现 了,16669,to achieve; to implement; to realize; to bring about,(completed action marker)
自主 创新,16664,to act independently; to be autonomous; to be in control of one's own affairs,to bring forth new ideas; to blaze new trails
房 地产,16624,surname Fang,real estate; landed estate; landed property
有 助,16600,to have; there is,to help
全 年,16593,surname Quan,surname Nian
的 活动,16587,of; ~'s (possessive particle),to exercise; to move about; to work out
很 好,16540,very; quite,good
得到 了,16538,to get; to obtain; to receive,(completed action marker)
条 规定,16526,strip,to stipulate; to specify; to prescribe; to fix (a price); to set (a quota)
的 一些,16510,of; ~'s (possessive particle),some; a few; a little; (following an adjective) slightly ...er
供应 业,16480,"to supply; to provide (goods, services etc)",surname Ye
出版 社,16460,to publish,(bound form) society; organization; agency
的 全面,16445,of; ~'s (possessive particle),all-around
行政 管理,16443,administration,to supervise
是 个,16437,to be (followed by substantives only),used in 自個兒|自个儿[zi4 ge3 r5]
人 都,16408,person; people,surname Du
大 规模,16400,big; large; great,scale; scope; extent
的 战略,16384,of; ~'s (possessive particle),strategy
可能 会,16381,might (happen),can; to have the skill; to know how to
会 有,16353,can; to have the skill; to know how to,to have; there is
样 的,16347,manner,of; ~'s (possessive particle)
直接 投资,16333,direct (opposite: indirect 間接|间接[jian4 jie1]),investment
取得 了,16319,to acquire; to get; to obtain,(completed action marker)
为 基础,16318,as (in the capacity of),base; foundation; basis
意义 上,16287,sense,used in 上聲|上声[shang3 sheng1]
强烈 的,16287,strong; intense,of; ~'s (possessive particle)
的 建设,16285,of; ~'s (possessive particle),to build; to construct; to establish; to develop; to institute
的 相关,16271,of; ~'s (possessive particle),related
快速 发展,16260,fast; high-speed; rapid,development
对 我国,16246,right; correct,my country; our country
制品 业,16246,products,surname Ye
的 世界,16241,of; ~'s (possessive particle),world
产生 了,16232,to arise; to come into being; to come about,(completed action marker)
国 的,16162,surname Guo,of; ~'s (possessive particle)
学校 的,16160,school,of; ~'s (possessive particle)
增长 的,16135,to grow; to increase,of; ~'s (possessive particle)
劳动 合同,16128,work,contract; agreement
医疗 卫生,16122,medical treatment,hygienic; sanitary
的 学术,16104,of; ~'s (possessive particle),learning
更 多,16087,to change or replace,many; much; more; a lot of
研究 所,16074,research,actually
经济 结构,16073,economy,structure
目标 的,16054,target,of; ~'s (possessive particle)
的 积极,16051,of; ~'s (possessive particle),active
中国 特色,16050,China,a characteristic; a distinctive feature or quality
将 会,16033,will,can; to have the skill; to know how to
使用 的,16013,to use,of; ~'s (possessive particle)
宏观 调控,16013,macro-,to regulate
市场 竞争,16010,marketplace; market; bazaar,to compete
可以 看,16010,can,to look after
工作 会议,15958,to work,meeting
经济 活动,15948,economy,to exercise; to move about; to work out
数 人,15919,to count,person; people
四 个,15918,four,used in 自個兒|自个儿[zi4 ge3 r5]
徒刑 或者,15918,prison sentence,or
的 生存,15912,of; ~'s (possessive particle),to exist
在 他,15908,to exist; to be alive,"(third-person singular) (since the early 20th century, usu. male) he; him; his"
投资 的,15895,investment,of; ~'s (possessive particle)
看 来,15883,to look after,to come
而 是,15881,and,to be (followed by substantives only)
三 十条,15869,surname San,
投资 企业,15842,investment,company; firm; enterprise; corporation
服务 和,15834,to serve,old variant of 和[he2]
是 为了,15831,to be (followed by substantives only),for; for the purpose of; in order to
分析 了,15825,to analyze,(completed action marker)
管 理,15812,variant of 管[guan3],texture
万 美元,15796,used in 万俟[Mo4 qi2],American dollar; US dollar
产品 和,15784,goods,old variant of 和[he2]
可能 是,15769,might (happen),to be (followed by substantives only)
文化 建设,15754,culture,to build; to construct; to establish; to develop; to institute
等 的,15729,to wait for; to await,of; ~'s (possessive particle)
历史 的,15729,history,of; ~'s (possessive particle)
了 重要,15722,(completed action marker),important; significant; major
年 第,15720,surname Nian,"(prefix indicating ordinal number, as in 第六[di4 liu4] ""sixth"")"
的 选择,15711,of; ~'s (possessive particle),to select; to pick
万 吨,15696,used in 万俟[Mo4 qi2],ton (loanword)
二 次,15694,two,next in sequence
的 标准,15675,of; ~'s (possessive particle),standard; norm; criterion
是 要,15673,to be (followed by substantives only),(bound form) to demand; to coerce
到 的,15659,to reach; to arrive,of; ~'s (possessive particle)
残疾 人,15636,disabled,person; people
科学 的,15628,science,of; ~'s (possessive particle)
都 在,15626,surname Du,to exist; to be alive
协调 发展,15619,to coordinate,development
改革 的,15608,reform,of; ~'s (possessive particle)
的 经营,15604,of; ~'s (possessive particle),to engage in (business etc); to run; to operate
的 责任,15587,of; ~'s (possessive particle),responsibility; duty; liability
的 心理,15582,of; ~'s (possessive particle),psychology; mentality
程度 上,15571,degree; level; extent,used in 上聲|上声[shang3 sheng1]
档案 馆,15566,file; record; archive,variant of 館|馆[guan3]
员工 的,15566,staff; personnel; employee,of; ~'s (possessive particle)
体系 的,15543,system,of; ~'s (possessive particle)
的 竞争,15521,of; ~'s (possessive particle),to compete
以上 的,15479,that level or higher; that amount or more,of; ~'s (possessive particle)
的 农村,15474,of; ~'s (possessive particle),rural area
是 有,15465,to be (followed by substantives only),to have; there is
多元 化,15452,poly-,variant of 花[hua1]
在 美国,15429,to exist; to be alive,United States; USA; US
带 来,15413,band,to come
的 因素,15412,of; ~'s (possessive particle),element
足够 的,15381,enough; sufficient,of; ~'s (possessive particle)
城乡 居民,15364,city and countryside,resident; inhabitant
发展 方式,15361,development,way; method; manner; mode; pattern (of behavior etc)
力 的,15356,surname Li,of; ~'s (possessive particle)
的 根本,15348,of; ~'s (possessive particle),fundamental
和 管理,15345,old variant of 和[he2],to supervise
地位 的,15344,position,of; ~'s (possessive particle)
为 核心,15339,as (in the capacity of),core; nucleus
增 长,15316,(bound form) to increase; to augment; to add to,long
发展 水平,15304,development,horizontal; level
国家 和,15302,country; nation; state,old variant of 和[he2]
年末 总,15290,end of the year,(bound form) general; overall
进 人,15277,to go forward,person; people
造成 的,15260,to bring about; to create; to cause,of; ~'s (possessive particle)
式 的,15244,type,of; ~'s (possessive particle)
进一步 加强,15227,to go a step further,to reinforce; to strengthen; to enhance
对 自己,15204,right; correct,oneself; (attributive) one's own
发生 了,15202,"to happen; to occur; to take place; to arise (e.g. 發生問題|发生问题[fa1 sheng1 wen4 ti2] ""a problem arises"")",(completed action marker)
时代 的,15200,"Time, US weekly news magazine",of; ~'s (possessive particle)
温 家宝,15196,surname Wen,
的 商业,15186,of; ~'s (possessive particle),business
加 工业,15180,Canada (abbr. for 加拿大[Jia1 na2 da4]),industry
窗 体,15178,old variant of 窗[chuang1],used in 體己|体己[ti1 ji5]
的 科学,15176,of; ~'s (possessive particle),science
文学 的,15172,literature,of; ~'s (possessive particle)
出现 的,15165,to appear,of; ~'s (possessive particle)
民族 地区,15145,nationality; ethnic group,region; area (informal or geographical term)
的 交易,15144,of; ~'s (possessive particle),to deal; to trade; to transact
民法 典,15079,civil law,canon
工业 企业,15078,industry,company; firm; enterprise; corporation
这样 一个,15061,this way; like this; so,a; an; one
还 有,15042,surname Huan,to have; there is
水平 的,15037,horizontal; level,of; ~'s (possessive particle)
的 合理,15035,of; ~'s (possessive particle),rational; reasonable; sensible; fair
的 现象,15025,of; ~'s (possessive particle),phenomenon
就 不,15024,(after a suppositional clause) in that case; then,no; not so
具体 的,15021,concrete; specific; detailed,of; ~'s (possessive particle)
大量 的,15014,great amount,of; ~'s (possessive particle)
在 内,15014,to exist; to be alive,inside
风 廉政,15014,wind,to govern with integrity; clean and honest government
规范 的,15009,norm,of; ~'s (possessive particle)
理论 的,14987,theory,of; ~'s (possessive particle)
在 一个,14983,to exist; to be alive,a; an; one
健康 发展,14973,health,development
无论 是,14972,no matter what or how,to be (followed by substantives only)
财政 一般,14969,public finance; government finance,same
带来 的,14927,to bring,of; ~'s (possessive particle)
负责 人,14890,to be responsible for; to be in charge of; to bear responsibility for,person; people
的 资金,14864,of; ~'s (possessive particle),funds; capital
又 是,14845,(once) again,to be (followed by substantives only)
医疗 保险,14830,medical treatment,insurance
和谐 社会,14827,harmonious,society
问 题,14810,to ask; to inquire,surname Ti
合理 的,14793,rational; reasonable; sensible; fair,of; ~'s (possessive particle)
说 是,14789,to persuade,to be (followed by substantives only)
认 知,14780,to recognize,to know
对 企业,14775,right; correct,company; firm; enterprise; corporation
化 进程,14771,variant of 花[hua1],course of events; process
有 可能,14769,to have; there is,might (happen)
了 他,14764,(completed action marker),"(third-person singular) (since the early 20th century, usu. male) he; him; his"
国内 外,14763,domestic,outside
城镇 居民,14745,town,resident; inhabitant
美元 的,14743,American dollar; US dollar,of; ~'s (possessive particle)
外商 投资,14736,foreign businessman,investment
统一 的,14713,to unify; to integrate,of; ~'s (possessive particle)
起 到,14706,to rise,to reach; to arrive
的 会计,14669,of; ~'s (possessive particle),accountant
基本 情况,14668,basic,circumstances; state of affairs; situation
每个 人,14645,each; every,person; people
生产 总值,14639,to produce; to manufacture,total value
学生 的,14626,student,of; ~'s (possessive particle)
的 支持,14607,of; ~'s (possessive particle),to be in favor of
要 有,14578,(bound form) to demand; to coerce,to have; there is
相 结合,14549,surname Xiang,to combine
一 部,14543,one,ministry
一 次,14517,one,next in sequence
积极 性,14509,active,nature
民营 企业,14495,"privately run (i.e. by a company, not the state)",company; firm; enterprise; corporation
可能 性,14494,might (happen),nature
的 成功,14480,of; ~'s (possessive particle),to succeed
国 际,14455,surname Guo,border
职业 教育,14442,occupation; profession; vocation,to educate
人才 培养,14433,talent,to cultivate
第 一次,14415,"(prefix indicating ordinal number, as in 第六[di4 liu4] ""sixth"")",first
全国 人民,14406,whole nation,the people
的 数据,14402,of; ~'s (possessive particle),data
我 在,14395,I; me; my,to exist; to be alive
固定 资产,14394,to fix,property
的 比例,14376,of; ~'s (possessive particle),proportion
发展 规划,14365,development,to draw up a plan; to map out a program
全国 人大,14357,whole nation,Renmin University of China (abbr. for 中國人民大學|中国人民大学[Zhong1 guo2 Ren2 min2 Da4 xue2])
的 合作,14351,of; ~'s (possessive particle),to cooperate; to collaborate; to work together
新 农村,14348,abbr. for Xinjiang 新疆[Xin1 jiang1],rural area
其 常委,14347,his,standing committee (abbr. for 常務委員會|常务委员会[chang2 wu4 wei3 yuan2 hui4])
更 是,14326,to change or replace,to be (followed by substantives only)
为 企业,14325,as (in the capacity of),company; firm; enterprise; corporation
的 差异,14325,of; ~'s (possessive particle),difference; discrepancy
在 一定,14321,to exist; to be alive,surely; certainly; definitely
我 认为,14304,I; me; my,to believe; to think; to consider; to feel
化 发展,14290,variant of 花[hua1],development
以上 工业,14274,that level or higher; that amount or more,industry
的 收入,14241,of; ~'s (possessive particle),to take in
事业 发展,14210,undertaking,development
增长 速度,14167,to grow; to increase,speed; rate; velocity; (music) tempo
从业 人员,14161,to practice (a trade),staff
形势 下,14147,circumstances,down
时 的,14145,old variant of 時|时[shi2],of; ~'s (possessive particle)
十 年代,14132,ten,a decade of a century (e.g. the Sixties)
了 新,14114,(completed action marker),abbr. for Xinjiang 新疆[Xin1 jiang1]
管理 和,14113,to supervise,old variant of 和[he2]
出 的,14096,to go out; to come out,of; ~'s (possessive particle)
可以 在,14094,can,to exist; to be alive
年 增长,14091,surname Nian,to grow; to increase
作 了,14091,(bound form) worker,(completed action marker)
反 洗钱,14081,contrary,to launder money
的 最,14057,of; ~'s (possessive particle),variant of 最[zui4]
说 的,14055,to persuade,of; ~'s (possessive particle)
我 们,14053,I; me; my,"plural marker for pronouns, and nouns referring to individuals"
的 前提,14001,of; ~'s (possessive particle),premise
主义 市场,13988,-ism,marketplace; market; bazaar
事业 单位,13977,undertaking,unit (of measure)
突 发,13972,to dash,to send out
信息 资源,13971,information; news; message,see 資源縣|资源县[Zi1 yuan2 Xian4]
的 资源,13950,of; ~'s (possessive particle),see 資源縣|资源县[Zi1 yuan2 Xian4]
国 家,13920,surname Guo,used in 傢伙|家伙[jia1 huo5] and 傢俱|家俱[jia1 ju4]
基本 上,13906,basic,used in 上聲|上声[shang3 sheng1]
做 了,13900,to make; to produce,(completed action marker)
群众 的,13899,mass,of; ~'s (possessive particle)
人才 的,13896,talent,of; ~'s (possessive particle)
院 校,13894,courtyard,to check; to collate; to proofread
对象 的,13893,target; object,of; ~'s (possessive particle)
视 为,13890,variant of 視|视[shi4],as (in the capacity of)
的 稳定,13888,of; ~'s (possessive particle),steady
权 的,13879,surname Quan,of; ~'s (possessive particle)
信息 系统,13869,information; news; message,system
高等 学校,13868,high-level,school
减 排,13848,to lower,to arrange in order; to line up
研究 成果,13846,research,result
农村 居民,13835,rural area,resident; inhabitant
的 结论,13834,of; ~'s (possessive particle),conclusion
业 的,13826,surname Ye,of; ~'s (possessive particle)
集中 在,13819,to concentrate,to exist; to be alive
国家 中,13801,country; nation; state,(bound form) China; Chinese
中国 在,13788,China,to exist; to be alive
们 的,13763,"plural marker for pronouns, and nouns referring to individuals",of; ~'s (possessive particle)
我国 的,13743,my country; our country,of; ~'s (possessive particle)
的 所有,13743,of; ~'s (possessive particle),all
的 学生,13743,of; ~'s (possessive particle),student
放 在,13742,to put,to exist; to be alive
的 生命,13741,of; ~'s (possessive particle),life (as the characteristic of living beings)
结构 的,13736,structure,of; ~'s (possessive particle)
但 也,13733,but; yet; however; still,surname Ye
很 大,13722,very; quite,big; large; great
面临 着,13720,to face sth; to be confronted with,variant of 著|着[zhao1]
是 我们,13715,to be (followed by substantives only),we; us; ourselves; our
也 要,13714,surname Ye,(bound form) to demand; to coerce
称 为,13706,to fit; to match; to suit,as (in the capacity of)
我们 在,13692,we; us; ourselves; our,to exist; to be alive
面临 的,13678,to face sth; to be confronted with,of; ~'s (possessive particle)
高 的,13661,surname Gao,of; ~'s (possessive particle)
级 政府,13654,level,government
本 办法,13651,(bound form) root; stem,way of handling sth; means; measure; (practical) solution to a problem
在 这里,13638,to exist; to be alive,variant of 這裡|这里[zhe4 li3]
的 范围,13632,of; ~'s (possessive particle),range
农村 税,13631,rural area,taxes
严重 的,13630,grave; serious; severe; critical,of; ~'s (possessive particle)
不 知道,13630,no; not so,to know; to become aware of
的 一切,13626,of; ~'s (possessive particle),everything
未来 的,13615,future,of; ~'s (possessive particle)
的 任务,13607,of; ~'s (possessive particle),mission; assignment; task; duty; role
保障 制度,13559,to ensure,"system (e.g. political, adminstrative etc)"
型 的,13552,mold,of; ~'s (possessive particle)
也 将,13548,surname Ye,will
公司 在,13546,company; firm; corporation,to exist; to be alive
与 社会,13530,variant of 歟|欤[yu2],society
同时 也,13520,at the same time; simultaneously,surname Ye
好 的,13515,good,of; ~'s (possessive particle)
各 地区,13514,each,region; area (informal or geographical term)
里 的,13512,variant of 裡|里[li3],of; ~'s (possessive particle)
了 对,13511,(completed action marker),right; correct
有 很,13508,to have; there is,very; quite
有关 的,13505,to have sth to do with,of; ~'s (possessive particle)
遇 到,13483,surname Yu,to reach; to arrive
化 建设,13471,variant of 花[hua1],to build; to construct; to establish; to develop; to institute
北京 市,13467,"Beijing municipality, capital of the People's Republic of China (short name 京[Jing1])",market
以下 几,13439,that level or lower,small table
校 学生,13438,to check; to collate; to proofread,student
和 经济,13436,old variant of 和[he2],economy
不 会,13427,no; not so,can; to have the skill; to know how to
工作 人员,13427,to work,staff
而 不,13404,and,no; not so
已 有,13399,already,to have; there is
长期 的,13397,long-term; for a protracted period,of; ~'s (possessive particle)
有 两,13390,to have; there is,two
地 区,13390,-ly,surname Ou
发 公共,13369,to send out,public; common; communal
元 的,13369,surname Yuan,of; ~'s (possessive particle)
改革 和,13356,reform,old variant of 和[he2]
的 功能,13349,of; ~'s (possessive particle),function; capability
及 其他,13343,and,other
百 分,13337,surname Bai,to divide; to separate
大力 发展,13332,energetically; vigorously,development
学 的,13305,to learn,of; ~'s (possessive particle)
了 企业,13288,(completed action marker),company; firm; enterprise; corporation
广东 省,13284,see 廣東省|广东省[Guang3 dong1 Sheng3],to save; to economize; to be frugal
用人 单位,13280,servant,unit (of measure)
他 是,13274,"(third-person singular) (since the early 20th century, usu. male) he; him; his",to be (followed by substantives only)
完成 了,13270,to complete; to accomplish,(completed action marker)
构成 了,13260,to constitute,(completed action marker)
需求 的,13257,requirement,of; ~'s (possessive particle)
是 美国,13253,to be (followed by substantives only),United States; USA; US
十 六,13240,ten,six
社会 福利,13204,society,benefit (provided by an employer or organization)
复杂 的,13199,complicated; complex,of; ~'s (possessive particle)
信息 服务,13179,information; news; message,to serve
我们 可以,13170,we; us; ourselves; our,can
业 发展,13165,surname Ye,development
市场 上,13164,marketplace; market; bazaar,used in 上聲|上声[shang3 sheng1]
高度 重视,13161,height,to attach importance to sth; to value
较 低,13156,(bound form) to compare,low
这个 问题,13148,(pronoun) this,question
有效 地,13117,effective,-ly
交易 的,13115,to deal; to trade; to transact,of; ~'s (possessive particle)
十 五,13111,ten,five
新 能源,13110,abbr. for Xinjiang 新疆[Xin1 jiang1],energy sources; energy
变化 的,13109,(intransitive) to change; to vary,of; ~'s (possessive particle)
在 某,13105,to exist; to be alive,some
增加 了,13099,to raise; to increase,(completed action marker)
之 日,13088,"(possessive particle, literary equivalent of 的[de5])",(bound form) sun
问题 上,13084,question,used in 上聲|上声[shang3 sheng1]
与 发展,13082,variant of 歟|欤[yu2],development
的 指导,13080,of; ~'s (possessive particle),to guide; to direct; to instruct
更 高,13079,to change or replace,surname Gao
还 没有,13077,surname Huan,haven't
不 利于,13073,no; not so,to be beneficial to; to be conducive to
本 刊,13072,(bound form) root; stem,to print
的 增长,13072,of; ~'s (possessive particle),to grow; to increase
国际 市场,13071,international,marketplace; market; bazaar
社会 组织,13063,society,to organize
三 届,13058,surname San,to arrive at (place or time)
集团 公司,13044,group,company; firm; corporation
主管 部门,13038,in charge,department
是 经济,13024,to be (followed by substantives only),economy
人 和,13016,person; people,old variant of 和[he2]
了 自己,13016,(completed action marker),oneself; (attributive) one's own
的 决定,13012,of; ~'s (possessive particle),to decide; to determine; to make up one's mind
总 值,13007,(bound form) general; overall,value
农村 信用,13007,rural area,trustworthiness
建设 和,13007,to build; to construct; to establish; to develop; to institute,old variant of 和[he2]
思想 的,12991,thought,of; ~'s (possessive particle)
余额 万,12991,"balance (of an account, bill etc)",used in 万俟[Mo4 qi2]
不 确定,12975,no; not so,definite
经营 活动,12958,to engage in (business etc); to run; to operate,to exercise; to move about; to work out
资产 的,12953,property,of; ~'s (possessive particle)
发展 过程,12951,development,course of events; process
的 学习,12944,of; ~'s (possessive particle),to learn; to study
的 每,12940,of; ~'s (possessive particle),each
重要 组成,12938,important; significant; major,to form
文件 中华,12923,document,"Zhonghua, historical and cultural term for China, often used to denote Chinese civilization and identity (as in 中華文化|中华文化[Zhong1 hua2 wen2 hua4] ""Chinese culture"")"
在 经济,12922,to exist; to be alive,economy
较 快,12918,(bound form) to compare,rapid
民主 党派,12918,democracy,political party
是 通过,12913,to be (followed by substantives only),to pass through; to get through
的 交流,12889,of; ~'s (possessive particle),to exchange
户 数,12880,a household,to count
的 努力,12865,of; ~'s (possessive particle),to make an effort; to try hard; to strive
要 在,12858,(bound form) to demand; to coerce,to exist; to be alive
中 美,12857,(bound form) China; Chinese,(bound form) the Americas (abbr. for 美洲[Mei3 zhou1])
的 贸易,12839,of; ~'s (possessive particle),(commercial) trade
计划 的,12837,plan,of; ~'s (possessive particle)
时期 的,12818,period,of; ~'s (possessive particle)
固定资产 投资,12809,fixed assets,investment
影响 了,12807,influence,(completed action marker)
领导 下,12798,lead,down
的 真实,12795,of; ~'s (possessive particle),true; real
作出 了,12787,to put out,(completed action marker)
新 形势,12782,abbr. for Xinjiang 新疆[Xin1 jiang1],circumstances
历史 上,12776,history,used in 上聲|上声[shang3 sheng1]
合作 的,12774,to cooperate; to collaborate; to work together,of; ~'s (possessive particle)
可以 通过,12769,can,to pass through; to get through
地 说,12764,-ly,to persuade
的 报告,12758,of; ~'s (possessive particle),to inform
万 亿,12747,used in 万俟[Mo4 qi2],100 million
我 也,12734,I; me; my,surname Ye
的 中心,12721,of; ~'s (possessive particle),center; heart; core
制度 建设,12681,"system (e.g. political, adminstrative etc)",to build; to construct; to establish; to develop; to institute
全球 经济,12679,the whole world,economy
的 局面,12640,of; ~'s (possessive particle),aspect
影响 力,12638,influence,surname Li
财政 政策,12624,public finance; government finance,policy
的 安全,12622,of; ~'s (possessive particle),safe; secure
种 社会,12618,seed,society
科学 技术,12608,science,technology; technique; skill
对 这,12591,right; correct,(pronoun) this; these
研 究,12581,to grind,after all
与 合作,12576,variant of 歟|欤[yu2],to cooperate; to collaborate; to work together
建 设,12572,to establish,to set up; to put in place
的 表现,12570,of; ~'s (possessive particle),to show
本 书,12566,(bound form) root; stem,abbr. for 書經|书经[Shu1 jing1]
新 产品,12554,abbr. for Xinjiang 新疆[Xin1 jiang1],goods
让 我,12553,to yield,I; me; my
成本 的,12548,"(manufacturing, production etc) costs",of; ~'s (possessive particle)
应 有,12542,surname Ying,to have; there is
国有 资产,12542,nationalized,property
做 的,12535,to make; to produce,of; ~'s (possessive particle)
重大 的,12530,great,of; ~'s (possessive particle)
企业 内部,12526,company; firm; enterprise; corporation,interior
能 否,12525,surname Neng,to negate
最 好,12516,variant of 最[zui4],good
年 后,12515,surname Nian,surname Hou
企业 家,12513,company; firm; enterprise; corporation,used in 傢伙|家伙[jia1 huo5] and 傢俱|家俱[jia1 ju4]
我 国,12497,I; me; my,surname Guo
毕业 生,12494,graduation,to grow; to give birth; to produce; to be born
认识 到,12492,to know,to reach; to arrive
政 治,12488,political,to rule
产业 发展,12485,industry,development
四 届,12483,four,to arrive at (place or time)
上 是,12480,used in 上聲|上声[shang3 sheng1],to be (followed by substantives only)
世界 各国,12475,world,each country
卫生 服务,12458,hygienic; sanitary,to serve
的 改革,12445,of; ~'s (possessive particle),reform
的 职业,12428,of; ~'s (possessive particle),occupation; profession; vocation
文章 编号,12418,article,to number; to assign numbers
宏观 经济,12388,macro-,economy
形式 的,12386,outer appearance,of; ~'s (possessive particle)
委 会,12379,surname Wei,can; to have the skill; to know how to
的 商品,12375,of; ~'s (possessive particle),commodity; goods; merchandise
了 我国,12361,(completed action marker),my country; our country
专业 的,12360,specialty,of; ~'s (possessive particle)
文化 遗产,12356,culture,heritage
规 制,12350,variant of 規|规[gui1],system
人口 万,12349,population,used in 万俟[Mo4 qi2]
积极 的,12348,active,of; ~'s (possessive particle)
的 时代,12343,of; ~'s (possessive particle),"Time, US weekly news magazine"
国家 发展,12330,country; nation; state,development
五 年,12327,five,surname Nian
与 中国,12325,variant of 歟|欤[yu2],China
理论 研究,12317,theory,research
促进 经济,12307,to promote (an idea or cause); to advance; boost,economy
的 质量,12307,of; ~'s (possessive particle),(physics) mass
的 劳动,12283,of; ~'s (possessive particle),work
合同 的,12281,contract; agreement,of; ~'s (possessive particle)
是 我,12274,to be (followed by substantives only),I; me; my
业务 的,12272,business,of; ~'s (possessive particle)
条件 的,12266,condition; circumstance; term; factor,of; ~'s (possessive particle)
之 所以,12265,"(possessive particle, literary equivalent of 的[de5])",therefore
区 的,12265,surname Ou,of; ~'s (possessive particle)
专业 化,12260,specialty,variant of 花[hua1]
要 加强,12253,(bound form) to demand; to coerce,to reinforce; to strengthen; to enhance
和 国家,12240,old variant of 和[he2],country; nation; state
运动 的,12228,to move,of; ~'s (possessive particle)
行业 的,12219,trade; profession; industry; business,of; ~'s (possessive particle)
企业 中,12213,company; firm; enterprise; corporation,(bound form) China; Chinese
的 权力,12198,of; ~'s (possessive particle),power
活动 中,12185,to exercise; to move about; to work out,(bound form) China; Chinese
有 什么,12183,to have; there is,what?
极 大,12181,extremely,big; large; great
改革 发展,12177,reform,development
一个 重要,12173,a; an; one,important; significant; major
了 很,12172,(completed action marker),very; quite
这样 做,12170,this way; like this; so,to make; to produce
就 有,12164,(after a suppositional clause) in that case; then,to have; there is
明显 的,12162,clear,of; ~'s (possessive particle)
发展 观,12161,development,surname Guan
的 自由,12150,of; ~'s (possessive particle),freedom; liberty
人大 常委,12149,Renmin University of China (abbr. for 中國人民大學|中国人民大学[Zhong1 guo2 Ren2 min2 Da4 xue2]),standing committee (abbr. for 常務委員會|常务委员会[chang2 wu4 wei3 yuan2 hui4])
实践 中,12147,practice,(bound form) China; Chinese
的 监管,12146,of; ~'s (possessive particle),to oversee
中 有,12146,(bound form) China; Chinese,to have; there is
影响 的,12143,influence,of; ~'s (possessive particle)
问题 和,12137,question,old variant of 和[he2]
为 主要,12124,as (in the capacity of),main; principal; major; primary
高 于,12115,surname Gao,surname Yu
有关 规定,12102,to have sth to do with,to stipulate; to specify; to prescribe; to fix (a price); to set (a quota)
的 有,12094,of; ~'s (possessive particle),to have; there is
十 二,12086,ten,two
法律 规定,12083,law,to stipulate; to specify; to prescribe; to fix (a price); to set (a quota)
两 者,12078,two,(after a verb or adjective) one who (is) ...
和 公共,12074,old variant of 和[he2],public; common; communal
为 代表,12066,as (in the capacity of),representative
之 下,12059,"(possessive particle, literary equivalent of 的[de5])",down
管理 者,12052,to supervise,(after a verb or adjective) one who (is) ...
三 种,12051,surname San,seed
竞争 优势,12049,to compete,superiority
我 觉得,12024,I; me; my,to think that ...; to feel that ...
以外 的,12022,apart from,of; ~'s (possessive particle)
四 十条,12017,four,
的 优势,12005,of; ~'s (possessive particle),superiority
资产 投资,12003,property,investment
社会 管理,12002,society,to supervise
往往 是,11987,usually,to be (followed by substantives only)
创新 的,11986,to bring forth new ideas; to blaze new trails,of; ~'s (possessive particle)
核心 的,11978,core; nucleus,of; ~'s (possessive particle)
低 于,11973,low,surname Yu
的 阶段,11972,of; ~'s (possessive particle),stage
的 方针,11968,of; ~'s (possessive particle),policy
在 这种,11959,to exist; to be alive,this kind of
值 万,11950,value,used in 万俟[Mo4 qi2]
和平 发展,11947,peace,development
这 类,11925,(pronoun) this; these,kind; type; class; category
农村 的,11921,rural area,of; ~'s (possessive particle)
成为 一个,11907,to become; to turn into,a; an; one
仅 是,11899,barely,to be (followed by substantives only)
资本 的,11895,capital (economics),of; ~'s (possessive particle)
但 这,11862,but; yet; however; still,(pronoun) this; these
在 社会,11862,to exist; to be alive,society
三 年,11861,surname San,surname Nian
十 五大,11854,ten,
稳定 的,11840,steady,of; ~'s (possessive particle)
劳动 争议,11836,work,controversy
的 全,11832,of; ~'s (possessive particle),surname Quan
了 一些,11832,(completed action marker),some; a few; a little; (following an adjective) slightly ...er
就 在,11824,(after a suppositional clause) in that case; then,to exist; to be alive
自 己,11818,(bound form) self; oneself,self
的 性质,11808,of; ~'s (possessive particle),nature
有 其,11803,to have; there is,his
和 信息,11796,old variant of 和[he2],information; news; message
的 复杂,11789,of; ~'s (possessive particle),complicated; complex
却 是,11785,old variant of 卻|却[que4],to be (followed by substantives only)
使用 权,11778,to use,surname Quan
程度 的,11777,degree; level; extent,of; ~'s (possessive particle)
文明 的,11766,civilized,of; ~'s (possessive particle)
人 是,11759,person; people,to be (followed by substantives only)
一定 程度,11756,surely; certainly; definitely,degree; level; extent
贸易 的,11752,(commercial) trade,of; ~'s (possessive particle)
产业 增加,11749,industry,to raise; to increase
都 可以,11745,surname Du,can
第 十条,11740,"(prefix indicating ordinal number, as in 第六[di4 liu4] ""sixth"")",
现在 的,11739,now; at present; currently,of; ~'s (possessive particle)
商品 的,11738,commodity; goods; merchandise,of; ~'s (possessive particle)
主要 表现,11737,main; principal; major; primary,to show
表现 为,11733,to show,as (in the capacity of)
危机 的,11732,crisis,of; ~'s (possessive particle)
还 可以,11727,surname Huan,can
上 看,11724,used in 上聲|上声[shang3 sheng1],to look after
市场 和,11722,marketplace; market; bazaar,old variant of 和[he2]
都 不,11718,surname Du,no; not so
从而 使,11715,thus; thereby,to make
省 级,11707,to save; to economize; to be frugal,level
党 组织,11706,surname Dang,to organize
的 贡献,11702,of; ~'s (possessive particle),to contribute
的 和,11700,of; ~'s (possessive particle),old variant of 和[he2]
的 利润,11699,of; ~'s (possessive particle),profits
因为 他,11697,because; owing to; on account of,"(third-person singular) (since the early 20th century, usu. male) he; him; his"
目的 是,11697,purpose; aim; goal; target; objective,to be (followed by substantives only)
产 能,11692,to give birth,surname Neng
的 现实,11689,of; ~'s (possessive particle),reality; actuality
所 需要,11664,actually,to need; to want; to demand; to require
产业 集群,11651,industry,clan
要 把,11635,(bound form) to demand; to coerce,to hold; to grasp
角度 来,11627,angle,to come
与 其他,11625,variant of 歟|欤[yu2],other
不断 地,11615,unceasing,-ly
所谓 的,11614,what is meant by the expression ...; what is referred to as ...,of; ~'s (possessive particle)
上年 增长,11609,last year,to grow; to increase
民族 的,11604,nationality; ethnic group,of; ~'s (possessive particle)
在 我,11602,to exist; to be alive,I; me; my
应该 是,11599,ought to; should; must,to be (followed by substantives only)
不仅 仅,11597,not just; not limited to,barely
进 行,11597,to go forward,(bound form) row; line
居民 消费,11596,resident; inhabitant,"to consume (goods and services, resources etc)"
科技 创新,11594,science and technology,to bring forth new ideas; to blaze new trails
台湾 地区,11593,variant of 臺灣|台湾[Tai2 wan1],region; area (informal or geographical term)
使 其,11590,to make,his
明确 了,11590,clear-cut; definite; explicit,(completed action marker)
交通 运输,11589,to be connected,to transport
学生 数,11579,student,to count
在 其,11571,to exist; to be alive,his
的 许多,11571,of; ~'s (possessive particle),many
在 国际,11567,to exist; to be alive,international
提高 了,11560,to raise,(completed action marker)
单位 和,11559,unit (of measure),old variant of 和[he2]
组成 部分,11557,to form,part; portion; piece
主 要,11554,owner,(bound form) to demand; to coerce
着 的,11552,variant of 著|着[zhao1],of; ~'s (possessive particle)
种 形式,11546,seed,outer appearance
十 一,11541,ten,one
独立 的,11531,independent,of; ~'s (possessive particle)
的 语言,11530,of; ~'s (possessive particle),language
一般 预算,11521,same,budget
某 一,11521,some,one
自治 法,11518,autonomy,variant of 法[fa3]
的 矛盾,11516,of; ~'s (possessive particle),contradiction
现代化 的,11515,modernization,of; ~'s (possessive particle)
法 的,11507,variant of 法[fa3],of; ~'s (possessive particle)
将 其,11505,will,his
常务 委员会,11497,routine,committee; commission
的 效果,11496,of; ~'s (possessive particle),result
的 平均,11495,of; ~'s (possessive particle),average; on average
知识 的,11490,knowledge,of; ~'s (possessive particle)
我 是,11490,I; me; my,to be (followed by substantives only)
加 上,11489,Canada (abbr. for 加拿大[Jia1 na2 da4]),used in 上聲|上声[shang3 sheng1]
财政 收入,11484,public finance; government finance,to take in
对 他,11479,right; correct,"(third-person singular) (since the early 20th century, usu. male) he; him; his"
社会 学,11445,society,to learn
的 有效,11436,of; ~'s (possessive particle),effective
当时 的,11414,then; at that time,of; ~'s (possessive particle)
大 程度,11414,big; large; great,degree; level; extent
价格 的,11399,price,of; ~'s (possessive particle)
意义 的,11383,sense,of; ~'s (possessive particle)
内部 审计,11383,interior,to audit
第 一个,11378,"(prefix indicating ordinal number, as in 第六[di4 liu4] ""sixth"")",a; an; one
法律 制度,11377,law,"system (e.g. political, adminstrative etc)"
很大 的,11377,,of; ~'s (possessive particle)
学 研究,11375,to learn,research
发展 提供,11374,development,to offer
和 技术,11371,old variant of 和[he2],technology; technique; skill
金融 业,11370,banking,surname Ye
创刊 时间,11357,to start publishing; to found a journal,(concept of) time
我们 对,11344,we; us; ourselves; our,right; correct
总 产量,11343,(bound form) general; overall,output
的 小,11340,of; ~'s (possessive particle),small
看 出,11336,to look after,to go out; to come out
别人 的,11335,other people; others; other person,of; ~'s (possessive particle)
伴随 着,11330,to accompany,variant of 著|着[zhao1]
发展 模式,11318,development,mode; pattern; model
是 最,11314,to be (followed by substantives only),variant of 最[zui4]
反映 了,11310,to mirror,(completed action marker)
项 工作,11301,surname Xiang,to work
的 个人,11294,of; ~'s (possessive particle),an individual; oneself; (attributive) personal; one's own
价格 指数,11282,price,"(numerical, statistical) index"
受 教育,11277,to receive,to educate
生产 总,11275,to produce; to manufacture,(bound form) general; overall
的 整体,11275,of; ~'s (possessive particle),whole; entirety
今天 的,11272,today,of; ~'s (possessive particle)
什么 样,11263,what?,manner
公民 的,11260,citizen,of; ~'s (possessive particle)
进 出口,11245,to go forward,an exit
检 查,11241,to check,surname Zha
为 一,11238,as (in the capacity of),one
中国 企业,11235,China,company; firm; enterprise; corporation
多年 的,11233,many years,of; ~'s (possessive particle)
分别 为,11232,to part; to leave each other,as (in the capacity of)
的 身份,11228,of; ~'s (possessive particle),"identity; aspect of one's identity (e.g. mayor, father, permanent resident); role; capacity (as in ""in his capacity as ..."" 以[yi3] + ... + 的身份[de5 shen1 fen4]); status (social, legal etc); position; rank"
农村 金融,11218,rural area,banking
型 肺炎,11208,mold,pneumonia
的 体制,11198,of; ~'s (possessive particle),system
经济 利益,11196,economy,benefit
的 实施,11184,of; ~'s (possessive particle),to implement
的 部分,11183,of; ~'s (possessive particle),part; portion; piece
省 委,11178,to save; to economize; to be frugal,surname Wei
低 保,11177,low,Bulgaria (abbr. for 保加利亞|保加利亚[Bao3 jia1 li4 ya4])
的 好,11162,of; ~'s (possessive particle),good
年 前,11162,surname Nian,front
标准 的,11156,standard; norm; criterion,of; ~'s (possessive particle)
正常 的,11155,normal; regular,of; ~'s (possessive particle)
等 方式,11146,to wait for; to await,way; method; manner; mode; pattern (of behavior etc)
金融 服务,11138,banking,to serve
的 本质,11129,of; ~'s (possessive particle),essence
的 形成,11127,of; ~'s (possessive particle),to form; to take shape
的 公共,11118,of; ~'s (possessive particle),public; common; communal
的 情形,11115,of; ~'s (possessive particle),circumstances; situation; state of affairs
的 一部分,11110,of; ~'s (possessive particle),portion
令 人,11106,used in 脊令[ji2 ling2],person; people
开放 以来,11105,to bloom,since (used after a specified time or event)
在 我们,11104,to exist; to be alive,we; us; ourselves; our
一 东盟,11100,one,ASEAN (abbr. for 東南亞國家聯盟|东南亚国家联盟[Dong1 nan2 ya4 Guo2 jia1 Lian2 meng2])
决定 了,11100,to decide; to determine; to make up one's mind,(completed action marker)
内部 控制,11099,interior,to control
的 文章,11091,of; ~'s (possessive particle),article
台湾 的,11082,variant of 臺灣|台湾[Tai2 wan1],of; ~'s (possessive particle)
规 定,11071,variant of 規|规[gui1],to fix; to set; to make definite
内容 和,11070,content; substance; details,old variant of 和[he2]
和 法律,11059,old variant of 和[he2],law
的 理解,11053,of; ~'s (possessive particle),to comprehend; to understand
获得 了,11053,to obtain; to receive; to get,(completed action marker)
很 重要,11044,very; quite,important; significant; major
的 综合,11043,of; ~'s (possessive particle),comprehensive
特征 的,11019,characteristic,of; ~'s (possessive particle)
承担 的,11017,to undertake,of; ~'s (possessive particle)
能力 和,11015,capability,old variant of 和[he2]
我 说,11007,I; me; my,to persuade
因素 的,11001,element,of; ~'s (possessive particle)
方式 的,11000,way; method; manner; mode; pattern (of behavior etc),of; ~'s (possessive particle)
的 数量,10991,of; ~'s (possessive particle),amount; quantity
那 种,10987,surname Na,seed
以下 简称,10985,that level or lower,to be abbreviated to
时间 的,10985,(concept of) time,of; ~'s (possessive particle)
不 高,10985,no; not so,surname Gao
的 计划,10982,of; ~'s (possessive particle),plan
人民 检察院,10971,the people,prosecutor's office
我们 党,10971,we; us; ourselves; our,surname Dang
情况 的,10964,circumstances; state of affairs; situation,of; ~'s (possessive particle)
实践 活动,10958,practice,to exercise; to move about; to work out
的 特征,10954,of; ~'s (possessive particle),characteristic
很 少,10949,very; quite,few
具有 的,10929,to have; to possess,of; ~'s (possessive particle)
干部 的,10928,cadre,of; ~'s (possessive particle)
风险 的,10928,risk; hazard,of; ~'s (possessive particle)
的 专业,10926,of; ~'s (possessive particle),specialty
的 投入,10924,of; ~'s (possessive particle),to throw into
经济 和,10924,economy,old variant of 和[he2]
法律 援助,10920,law,to help
的 重点,10919,of; ~'s (possessive particle),to recount (e.g. results of election)
两 年,10910,two,surname Nian
的 方向,10909,of; ~'s (possessive particle),direction; orientation
的 现金,10895,of; ~'s (possessive particle),cash
才 是,10893,ability; talent,to be (followed by substantives only)
供应 商,10889,"to supply; to provide (goods, services etc)",Shang Dynasty (c. 1600–1046 BC)
国家 对,10887,country; nation; state,right; correct
此 次,10886,this; these,next in sequence
原 有,10878,surname Yuan,to have; there is
的 消费,10866,of; ~'s (possessive particle),"to consume (goods and services, resources etc)"
简单 的,10866,simple; not complicated,of; ~'s (possessive particle)
他们 在,10864,they; them,to exist; to be alive
一 届,10860,one,to arrive at (place or time)
适当 的,10859,suitable; appropriate,of; ~'s (possessive particle)
十 四,10851,ten,four
多 次,10849,many; much; more; a lot of,next in sequence
以来 的,10845,since (used after a specified time or event),of; ~'s (possessive particle)
建设 中,10843,to build; to construct; to establish; to develop; to institute,(bound form) China; Chinese
农业 生产,10840,agriculture,to produce; to manufacture
管理 人员,10838,to supervise,staff
农 产业,10837,surname Nong,industry
的 创新,10837,of; ~'s (possessive particle),to bring forth new ideas; to blaze new trails
市场 价格,10835,marketplace; market; bazaar,price
各 方,10835,each,surname Fang
金融 体系,10833,banking,system
的 货币,10827,of; ~'s (possessive particle),currency
丰富 的,10816,to enrich,of; ~'s (possessive particle)
服 务,10801,clothes,affair
业务 收入,10799,business,to take in
积极 推进,10799,active,to impel
管理 工作,10797,to supervise,to work
保障 体系,10796,to ensure,system
第 四,10794,"(prefix indicating ordinal number, as in 第六[di4 liu4] ""sixth"")",four
生产 要素,10793,to produce; to manufacture,essential factor
的 联系,10784,of; ~'s (possessive particle),variant of 聯繫|联系[lian2 xi4]
职工 的,10782,employee; staff member; worker,of; ~'s (possessive particle)
建立 起,10781,to establish,to rise
管理 体系,10781,to supervise,system
表现 出,10780,to show,to go out; to come out
一 百,10780,one,surname Bai
在 农村,10774,to exist; to be alive,rural area
一 套,10770,one,to cover
小 企业,10769,small,company; firm; enterprise; corporation
同 日,10767,like,(bound form) sun
此 同时,10759,this; these,at the same time; simultaneously
等 多,10754,to wait for; to await,many; much; more; a lot of
和 生产,10754,old variant of 和[he2],to produce; to manufacture
的 政府,10753,of; ~'s (possessive particle),government
进一步 完善,10750,to go a step further,"(of systems, facilities etc) comprehensive"
的 培养,10741,of; ~'s (possessive particle),to cultivate
居 委,10733,surname Ju,surname Wei
实现 的,10729,to achieve; to implement; to realize; to bring about,of; ~'s (possessive particle)
的 民族,10724,of; ~'s (possessive particle),nationality; ethnic group
四 十,10717,four,ten
另 一个,10716,other,a; an; one
不仅 是,10715,not just; not limited to,to be (followed by substantives only)
汕头 市,10713,see 汕頭市|汕头市[Shan4 tou2 Shi4],market
量 的,10713,to measure,of; ~'s (possessive particle)
设备 制造业,10711,equipment; facilities; installations,manufacturing industry
企业 文化,10710,company; firm; enterprise; corporation,culture
通货 膨胀,10710,currency,to expand
调整 的,10706,to adjust; to revise; to reorganize,of; ~'s (possessive particle)
开展 了,10702,to launch,(completed action marker)
民事 诉讼,10699,civil case,lawsuit
保险 公司,10692,insurance,company; firm; corporation
的 使用,10689,of; ~'s (possessive particle),to use
新 增,10686,abbr. for Xinjiang 新疆[Xin1 jiang1],(bound form) to increase; to augment; to add to
的 传统,10676,of; ~'s (possessive particle),tradition; traditional
注册 会计师,10672,to register,accountant
基金 的,10671,fund,of; ~'s (possessive particle)
而 对,10665,and,right; correct
员 先进,10665,(bound form) person engaged in a certain field of activity,sophisticated; advanced (technology etc)
大学 的,10659,"the Great Learning, one of the Four Books 四書|四书[Si4 shu1] in Confucianism",of; ~'s (possessive particle)
农村 义务,10653,rural area,duty; obligation (CL:項|项[xiang4])
违法 行为,10653,illegal,action; conduct; behavior; activity
和 创新,10650,old variant of 和[he2],to bring forth new ideas; to blaze new trails
岁 的,10649,"variant of 歲|岁[sui4], year",of; ~'s (possessive particle)
服务 质量,10649,to serve,(physics) mass
明确 的,10647,clear-cut; definite; explicit,of; ~'s (possessive particle)
流动 性,10646,to flow; to circulate; to move about; mobile; (of assets) liquid,nature
一 级,10643,one,level
事业 的,10641,undertaking,of; ~'s (possessive particle)
不 包括,10637,no; not so,to comprise
的 心,10635,of; ~'s (possessive particle),heart
我 想,10628,I; me; my,to think (about)
问题 是,10610,question,to be (followed by substantives only)
伟大 的,10605,huge; great; grand; worthy of the greatest admiration; important (contribution etc),of; ~'s (possessive particle)
不得 不,10605,must not,no; not so
经济 组织,10603,economy,to organize
社会 科学,10598,society,science
展 的,10595,surname Zhan,of; ~'s (possessive particle)
国际 经济,10594,international,economy
总体 上,10592,completely,used in 上聲|上声[shang3 sheng1]
如果 说,10587,if; in case; in the event that,to persuade
的 项目,10585,of; ~'s (possessive particle),item; project; (sports) event
循环 经济,10583,to cycle,economy
适用 于,10581,to be applicable,surname Yu
的 差距,10576,of; ~'s (possessive particle),disparity; gap
数字 化,10571,numeral,variant of 花[hua1]
的 提高,10570,of; ~'s (possessive particle),to raise
同样 的,10546,same; equal; similar,of; ~'s (possessive particle)
的 主体,10543,of; ~'s (possessive particle),main part
的 出口,10540,of; ~'s (possessive particle),an exit
农村 经济,10537,rural area,economy
我们 要,10527,we; us; ourselves; our,(bound form) to demand; to coerce
等 因素,10524,to wait for; to await,element
各 部门,10521,each,department
就 要,10519,(after a suppositional clause) in that case; then,(bound form) to demand; to coerce
跨国 公司,10512,transnational,company; firm; corporation
确定 性,10496,definite,nature
总 人口,10491,(bound form) general; overall,population
个 数,10487,used in 自個兒|自个儿[zi4 ge3 r5],to count
是 他,10486,to be (followed by substantives only),"(third-person singular) (since the early 20th century, usu. male) he; him; his"
全 社会,10485,surname Quan,society
获得 的,10476,to obtain; to receive; to get,of; ~'s (possessive particle)
会计 信息,10474,accountant,information; news; message
是 其,10472,to be (followed by substantives only),his
他 们,10464,"(third-person singular) (since the early 20th century, usu. male) he; him; his","plural marker for pronouns, and nouns referring to individuals"
最高 人民,10447,tallest,the people
通过 对,10438,to pass through; to get through,right; correct
问题 进行,10428,question,(of a process etc) to proceed; to be in progress; to be underway
为 主体,10420,as (in the capacity of),main part
抓 住,10419,to grab,to live; to reside; to stay
的 总,10411,of; ~'s (possessive particle),(bound form) general; overall
企业 社会,10409,company; firm; enterprise; corporation,society
在 对,10405,to exist; to be alive,right; correct
农村 建设,10405,rural area,to build; to construct; to establish; to develop; to institute
体现 了,10403,to embody,(completed action marker)
出台 了,10402,"to officially launch (a policy, program etc)",(completed action marker)
的 空间,10391,of; ~'s (possessive particle),space; room
发展 是,10390,development,to be (followed by substantives only)
学习 的,10381,to learn; to study,of; ~'s (possessive particle)
中 央,10380,(bound form) China; Chinese,center
社会 稳定,10369,society,steady
和 产业,10369,old variant of 和[he2],industry
产 出,10368,to give birth,to go out; to come out
针对 性,10368,to target; to focus on; to be aimed at or against; in response to,nature
了 这,10364,(completed action marker),(pronoun) this; these
阶段 的,10356,stage,of; ~'s (possessive particle)
垄断 法,10356,to monopolize,variant of 法[fa3]
西方 国家,10355,the West,country; nation; state
的 业务,10350,of; ~'s (possessive particle),business
五 十,10348,five,ten
是 为,10346,to be (followed by substantives only),as (in the capacity of)
基本 医疗,10340,basic,medical treatment
取得 的,10339,to acquire; to get; to obtain,of; ~'s (possessive particle)
每 一,10332,each,one
报 业,10328,to report; to inform; to announce,surname Ye
中央 政府,10326,central,government
市场 需求,10326,marketplace; market; bazaar,requirement
控制 的,10323,to control,of; ~'s (possessive particle)
中 最,10320,(bound form) China; Chinese,variant of 最[zui4]
会 在,10312,can; to have the skill; to know how to,to exist; to be alive
国际 金融,10311,international,banking
安全 监管,10303,safe; secure,to oversee
给 了,10301,to,(completed action marker)
指 标,10290,finger,mark
发表 了,10289,to issue,(completed action marker)
中华 民族,10267,"Zhonghua, historical and cultural term for China, often used to denote Chinese civilization and identity (as in 中華文化|中华文化[Zhong1 hua2 wen2 hua4] ""Chinese culture"")",nationality; ethnic group
美国 政府,10261,United States; USA; US,government
起来 的,10258,to stand up; to get up,of; ~'s (possessive particle)
金 融,10256,surname Jin,to melt
主要 有,10255,main; principal; major; primary,to have; there is
投标 人,10254,to bid,person; people
的 员工,10254,of; ~'s (possessive particle),staff; personnel; employee
得 出,10237,to obtain,to go out; to come out
的 实践,10209,of; ~'s (possessive particle),practice
也 不,10208,surname Ye,no; not so
要求 的,10203,to request,of; ~'s (possessive particle)
市 场,10203,market,threshing floor
的 这,10202,of; ~'s (possessive particle),(pronoun) this; these
界 的,10189,(bound form) boundary; border,of; ~'s (possessive particle)
并 对,10187,and,right; correct
胡锦涛 总,10179,"Hu Jintao (1942-), General Secretary of the CCP 2002-2012, president of the PRC 2003-2013",(bound form) general; overall
其 对,10177,his,right; correct
所 说,10173,actually,to persuade
的 做法,10173,of; ~'s (possessive particle),way of handling sth
了 我们,10173,(completed action marker),we; us; ourselves; our
基础 性,10169,base; foundation; basis,nature
的 判断,10166,of; ~'s (possessive particle),to judge; to determine; judgment
会 上,10164,can; to have the skill; to know how to,used in 上聲|上声[shang3 sheng1]
十 八,10162,ten,eight
生命 的,10161,life (as the characteristic of living beings),of; ~'s (possessive particle)
他 对,10158,"(third-person singular) (since the early 20th century, usu. male) he; him; his",right; correct
的 地,10155,of; ~'s (possessive particle),-ly
有 权,10153,to have; there is,surname Quan
加强 和,10148,to reinforce; to strengthen; to enhance,old variant of 和[he2]
结 构,10147,(of a plant) to produce (fruit or seeds),variant of 構|构[gou4]
领导 小组,10144,lead,group
现代化 建设,10139,modernization,to build; to construct; to establish; to develop; to institute
基础 的,10134,base; foundation; basis,of; ~'s (possessive particle)
实体 经济,10131,entity,economy
但 我,10129,but; yet; however; still,I; me; my
各 方面,10123,each,respect
的 结构,10116,of; ~'s (possessive particle),structure
财政 部,10115,public finance; government finance,ministry
等 地,10110,to wait for; to await,-ly
是 很,10108,to be (followed by substantives only),very; quite
农 牧,10107,surname Nong,surname Mu
在 不断,10103,to exist; to be alive,unceasing
一 一,10101,one,one
的 作品,10098,of; ~'s (possessive particle),work (of art)
之 处,10096,"(possessive particle, literary equivalent of 的[de5])",to reside
的 最终,10096,of; ~'s (possessive particle),final; ultimate
精神 的,10089,spirit,of; ~'s (possessive particle)
确定 的,10088,definite,of; ~'s (possessive particle)
发展 改革,10083,development,reform
被告 人,10072,(law) the defendant; the accused,person; people
成熟 的,10072,mature; ripe,of; ~'s (possessive particle)
一 步,10064,one,surname Bu
特定 的,10062,special; specific; designated; particular,of; ~'s (possessive particle)
经济 区,10059,economy,surname Ou
特殊 的,10057,special,of; ~'s (possessive particle)
资金 的,10050,funds; capital,of; ~'s (possessive particle)
客户 的,10035,client; customer,of; ~'s (possessive particle)
收入 分配,10030,to take in,to distribute
国际 化,10027,international,variant of 花[hua1]
绝 大,10024,to cut short,big; large; great
人口 的,10023,population,of; ~'s (possessive particle)
优势 的,10019,superiority,of; ~'s (possessive particle)
过去 的,10014,(in the) past; former; previous,of; ~'s (possessive particle)
中 全会,10009,(bound form) China; Chinese,plenary session (at a conference)
作用 的,10009,to act on; to affect,of; ~'s (possessive particle)
现代 性,10004,"Hyundai, South Korean company",nature
党建 工作,10003,,to work
关系 到,10001,relation; relationship; connection,to reach; to arrive
给 我,9998,to,I; me; my
集团 有限,9997,group,limited; finite
七 十,9996,seven,ten
相同 的,9989,identical; same,of; ~'s (possessive particle)
对 社会,9981,right; correct,society
书 的,9976,abbr. for 書經|书经[Shu1 jing1],of; ~'s (possessive particle)
的 资产,9976,of; ~'s (possessive particle),property
经济 运行,9964,economy,(of celestial bodies etc) to move along one's course
具有 一定,9958,to have; to possess,surely; certainly; definitely
离 退休,9958,mythical beast (archaic),to retire (from the workforce); to go into retirement
提 到,9956,used in 提防[di1 fang5] and 提溜[di1 liu5],to reach; to arrive
监督 检,9946,to supervise; to oversee; to inspect,to check
费用 的,9944,cost,of; ~'s (possessive particle)
在 新,9941,to exist; to be alive,abbr. for Xinjiang 新疆[Xin1 jiang1]
多样 化,9940,diverse,variant of 花[hua1]
社会 和谐,9932,society,harmonious
要 注意,9928,(bound form) to demand; to coerce,to take note of; to pay attention to
在 全国,9923,to exist; to be alive,whole nation
一 产业,9923,one,industry
领导 的,9922,lead,of; ~'s (possessive particle)
公安 机关,9921,see 公安縣|公安县[Gong1 an1 Xian4],mechanism; gear
地方 财政,9912,region,public finance; government finance
那 是,9911,surname Na,to be (followed by substantives only)
投资 项目,9907,investment,item; project; (sports) event
新 中国,9906,abbr. for Xinjiang 新疆[Xin1 jiang1],China
服务 中心,9899,to serve,center; heart; core
也 都,9898,surname Ye,surname Du
重大 问题,9897,great,question
政协 工作,9892,CPPCC (Chinese People's Political Consultative Conference),to work
的 状态,9886,of; ~'s (possessive particle),condition; state; state of affairs
既 有,9886,already,to have; there is
社会 中,9885,society,(bound form) China; Chinese
作为 一个,9881,one's conduct,a; an; one
模式 的,9878,mode; pattern; model,of; ~'s (possessive particle)
管理 水平,9854,to supervise,horizontal; level
的 行动,9848,of; ~'s (possessive particle),operation
列表 框,9847,to tabulate; to list,frame (e.g. door frame)
过程 的,9842,course of events; process,of; ~'s (possessive particle)
上 也,9842,used in 上聲|上声[shang3 sheng1],surname Ye
资产 负债,9841,property,to be in debt
的 任何,9840,of; ~'s (possessive particle),any; whatever; whichever
在 实际,9840,to exist; to be alive,reality
它们 的,9839,they; them,of; ~'s (possessive particle)
坚持 以,9833,to persevere with,old variant of 以[yi3]
革命 的,9821,to withdraw the mandate of heaven (and transition to a new dynasty) (original meaning),of; ~'s (possessive particle)
和 供应,9819,old variant of 和[he2],"to supply; to provide (goods, services etc)"
管理 局,9819,to supervise,narrow
质量 的,9809,(physics) mass,of; ~'s (possessive particle)
的 电影,9800,of; ~'s (possessive particle),movie; film
过 的,9795,surname Guo,of; ~'s (possessive particle)
市场 机制,9791,marketplace; market; bazaar,mechanism
的 审计,9781,of; ~'s (possessive particle),to audit
在 不同,9777,to exist; to be alive,different
建立 在,9773,to establish,to exist; to be alive
万 人次,9773,used in 万俟[Mo4 qi2],person-times
加快 推进,9771,to accelerate; to speed up; to hasten,to impel
也 存在,9763,surname Ye,to exist
的 程度,9759,of; ~'s (possessive particle),degree; level; extent
的 地区,9752,of; ~'s (possessive particle),region; area (informal or geographical term)
多 万,9747,many; much; more; a lot of,used in 万俟[Mo4 qi2]
可 以,9744,(prefix) can; may; able to; -able,old variant of 以[yi3]
电影 的,9741,movie; film,of; ~'s (possessive particle)
成员 国,9738,member,surname Guo
资 企业,9736,resources,company; firm; enterprise; corporation
的 激励,9736,of; ~'s (possessive particle),to encourage
体现 在,9733,to embody,to exist; to be alive
的 对象,9731,of; ~'s (possessive particle),target; object
很 快,9726,very; quite,rapid
把 自己,9720,to hold; to grasp,oneself; (attributive) one's own
成 的,9716,surname Cheng,of; ~'s (possessive particle)
工程 建设,9713,engineering,to build; to construct; to establish; to develop; to institute
共和国 民事,9710,republic,civil case
经济 效益,9708,economy,benefit
行政 复议,9708,administration,to reconsider
小康 社会,9704,"Xiaokang, a Confucian near-ideal state of society, second only to Datong 大同[Da4 tong2]",society
学习 实践,9697,to learn; to study,practice
和 金融,9696,old variant of 和[he2],banking
的 决策,9691,of; ~'s (possessive particle),strategic decision
项 目,9688,surname Xiang,eye
这种 情况,9685,this kind of,circumstances; state of affairs; situation
长 三角,9671,long,triangle
这 方面,9669,(pronoun) this; these,respect
加快 发展,9663,to accelerate; to speed up; to hasten,development
发 事件,9663,to send out,incident; event
双方 的,9661,bilateral,of; ~'s (possessive particle)
农村 社会,9659,rural area,society
的 孩子,9659,of; ~'s (possessive particle),child
十 三,9651,ten,surname San
现实 的,9650,reality; actuality,of; ~'s (possessive particle)
人民 警察,9647,the people,police; police officer
的 资本,9645,of; ~'s (possessive particle),capital (economics)
用 的,9643,to use; to make use of; to employ,of; ~'s (possessive particle)
应当 在,9639,should; ought to,to exist; to be alive
的 产业,9637,of; ~'s (possessive particle),industry
的 科技,9635,of; ~'s (possessive particle),science and technology
一 本,9633,one,(bound form) root; stem
的 自然,9627,of; ~'s (possessive particle),nature
七 大,9625,seven,big; large; great
之 上,9622,"(possessive particle, literary equivalent of 的[de5])",used in 上聲|上声[shang3 sheng1]
所 产生,9610,actually,to arise; to come into being; to come about
投资 和,9609,investment,old variant of 和[he2]
较 好,9608,(bound form) to compare,good
有 很多,9606,to have; there is,
的 人员,9602,of; ~'s (possessive particle),staff
人民 银行,9596,the people,bank
就 必须,9584,(after a suppositional clause) in that case; then,to have to
保 障,9581,Bulgaria (abbr. for 保加利亞|保加利亚[Bao3 jia1 li4 ya4]),to block
的 应用,9574,of; ~'s (possessive particle),to put to use; to apply
长 的,9573,long,of; ~'s (possessive particle)
的 共同,9572,of; ~'s (possessive particle),common
本 次,9569,(bound form) root; stem,next in sequence
合适 的,9567,suitable; fitting; appropriate,of; ~'s (possessive particle)
数 个,9565,to count,used in 自個兒|自个儿[zi4 ge3 r5]
一定 会,9563,surely; certainly; definitely,can; to have the skill; to know how to
对 我,9563,right; correct,I; me; my
增 速,9561,(bound form) to increase; to augment; to add to,fast
尽 可能,9560,to the greatest extent,might (happen)
届 全国,9553,to arrive at (place or time),whole nation
的 增加,9549,of; ~'s (possessive particle),to raise; to increase
作品 的,9543,work (of art),of; ~'s (possessive particle)
秩序 的,9543,"order; orderliness (in society, in the classroom, on the roads etc)",of; ~'s (possessive particle)
快 发展,9542,rapid,development
公 司,9540,public,surname Si
转移 支付,9539,to shift; to relocate; to transfer,to pay (money)
在 很,9539,to exist; to be alive,very; quite
技术 和,9538,technology; technique; skill,old variant of 和[he2]
的 压力,9528,of; ~'s (possessive particle),pressure
内容 的,9527,content; substance; details,of; ~'s (possessive particle)
机制 的,9524,mechanism,of; ~'s (possessive particle)
的 行政,9523,of; ~'s (possessive particle),administration
性 问题,9522,nature,question
背景 下,9514,background; backdrop; context,down
最 佳,9512,variant of 最[zui4],surname Jia
最大 化,9505,,variant of 花[hua1]
对方 的,9504,the other person; the other side; the other party,of; ~'s (possessive particle)
的 看法,9503,of; ~'s (possessive particle),way of looking at a thing
是 由于,9501,to be (followed by substantives only),due to
对 美国,9500,right; correct,United States; USA; US
分 析,9500,to divide; to separate,to separate
处 在,9498,to reside,to exist; to be alive
和 文化,9498,old variant of 和[he2],culture
领导 者,9497,lead,(after a verb or adjective) one who (is) ...
这些 都,9494,these,surname Du
在 我国,9493,to exist; to be alive,my country; our country
你 是,9491,"you (informal, as opposed to courteous 您[nin2])",to be (followed by substantives only)
是 社会,9485,to be (followed by substantives only),society
中国 成立,9480,China,to establish
了 的,9472,(completed action marker),of; ~'s (possessive particle)
的 财务,9471,of; ~'s (possessive particle),financial affairs; finance
了 美国,9467,(completed action marker),United States; USA; US
的 不断,9462,of; ~'s (possessive particle),unceasing
值 的,9458,value,of; ~'s (possessive particle)
所说 的,9457,,of; ~'s (possessive particle)
的 故事,9455,of; ~'s (possessive particle),old practice
的 非,9451,of; ~'s (possessive particle),"abbr. for 非洲[Fei1 zhou1], Africa"
管理 部门,9445,to supervise,department
和 企业,9438,old variant of 和[he2],company; firm; enterprise; corporation
两 方面,9435,two,respect
来 实现,9435,to come,to achieve; to implement; to realize; to bring about
理论 体系,9435,theory,system
其中 的,9414,among,of; ~'s (possessive particle)
通过 的,9413,to pass through; to get through,of; ~'s (possessive particle)
财务 报表,9410,financial affairs; finance,forms for reporting statistics
提 出,9400,used in 提防[di1 fang5] and 提溜[di1 liu5],to go out; to come out
是 用,9392,to be (followed by substantives only),to use; to make use of; to employ
有 以下,9388,to have; there is,that level or lower
教育 部,9387,to educate,ministry
一 份,9381,one,"classifier for gifts, newspaper, magazine, papers, reports, contracts etc"
在 台湾,9377,to exist; to be alive,variant of 臺灣|台湾[Tai2 wan1]
广泛 的,9377,wide; broad; extensive; widespread,of; ~'s (possessive particle)
法律 的,9363,law,of; ~'s (possessive particle)
种 方式,9359,seed,way; method; manner; mode; pattern (of behavior etc)
但 他,9359,but; yet; however; still,"(third-person singular) (since the early 20th century, usu. male) he; him; his"
的 税收,9357,of; ~'s (possessive particle),taxation
组织 开展,9352,to organize,to launch
的 建议,9352,of; ~'s (possessive particle),to propose; to suggest; to recommend
年鉴 一,9351,annual report,one
教 育,9348,surname Jiao,to have children
大学 出版,9347,"the Great Learning, one of the Four Books 四書|四书[Si4 shu1] in Confucianism",to publish
是 不是,9344,to be (followed by substantives only),no
人员 数,9341,staff,to count
解决 的,9338,to solve; to resolve; to settle (a problem),of; ~'s (possessive particle)
会计 准则,9336,accountant,norm
的 人生,9335,of; ~'s (possessive particle),life (one's time on earth)
的 监督,9329,of; ~'s (possessive particle),to supervise; to oversee; to inspect
组 织,9328,to form,to weave
等 各,9328,to wait for; to await,each
强大 的,9328,big and strong; formidable; powerful,of; ~'s (possessive particle)
在 一些,9325,to exist; to be alive,some; a few; a little; (following an adjective) slightly ...er
党 中央,9321,surname Dang,central
认为 是,9318,to believe; to think; to consider; to feel,to be (followed by substantives only)
了 许多,9318,(completed action marker),many
有 了,9315,to have; there is,(completed action marker)
著名 的,9314,famous,of; ~'s (possessive particle)
框 中,9313,frame (e.g. door frame),(bound form) China; Chinese
主要 的,9307,main; principal; major; primary,of; ~'s (possessive particle)
保护 和,9307,to protect,old variant of 和[he2]
日 至,9295,(bound form) sun,to arrive
大 国,9291,big; large; great,surname Guo
会 对,9289,can; to have the skill; to know how to,right; correct
的 评价,9281,of; ~'s (possessive particle),to evaluate
的 意思,9280,of; ~'s (possessive particle),idea
处罚 权,9280,to penalize,surname Quan
农林 牧,9275,agriculture and forestry,surname Mu
公司 治理,9275,company; firm; corporation,to govern
等 领域,9270,to wait for; to await,domain; sphere; field; territory; area
经济 法,9266,economy,variant of 法[fa3]
的 家庭,9260,of; ~'s (possessive particle),family; household
层次 的,9257,layer,of; ~'s (possessive particle)
地位 和,9256,position,old variant of 和[he2]
投 人,9254,"to throw (sth in a specific direction: ball, javelin, grenade etc)",person; people
很多 人,9252,,person; people
公共 产品,9252,public; common; communal,goods
和 民族,9244,old variant of 和[he2],nationality; ethnic group
政策 和,9226,policy,old variant of 和[he2]
的 情感,9225,of; ~'s (possessive particle),feeling
制定 了,9225,to draw up; to formulate,(completed action marker)
质量 管理,9219,(physics) mass,to supervise
考虑 到,9217,to think over,to reach; to arrive
利用 的,9217,to exploit,of; ~'s (possessive particle)
类型 的,9214,type; kind; category,of; ~'s (possessive particle)
收益 率,9206,earnings,(bound form) ratio; rate; proportion
一个 国家,9204,a; an; one,country; nation; state
组织 和,9204,to organize,old variant of 和[he2]
一 项,9201,one,surname Xiang
行业 协会,9186,trade; profession; industry; business,an association
和 中国,9185,old variant of 和[he2],China
完整 的,9179,complete,of; ~'s (possessive particle)
年 到,9174,surname Nian,to reach; to arrive
民族 工作,9172,nationality; ethnic group,to work
的 自我,9161,of; ~'s (possessive particle),the self; oneself; self-
的 角色,9160,of; ~'s (possessive particle),role; part (in a play or movie etc)
的 朋友,9153,of; ~'s (possessive particle),friend
的 物质,9148,of; ~'s (possessive particle),matter
情况 进行,9147,circumstances; state of affairs; situation,(of a process etc) to proceed; to be in progress; to be underway
在 一,9146,to exist; to be alive,one
发展 战略,9142,development,strategy
少 的,9139,few,of; ~'s (possessive particle)
请求 方,9137,to request; to ask,surname Fang
更好 地,9130,,-ly
的 水平,9126,of; ~'s (possessive particle),horizontal; level
的 位置,9125,of; ~'s (possessive particle),position
日本 的,9125,Japan,of; ~'s (possessive particle)
政 府,9120,political,seat of government
制度 安排,9115,"system (e.g. political, adminstrative etc)",to arrange
一 些,9114,one,"classifier indicating a small amount or small number greater than 1: some, a few, several"
权 和,9107,surname Quan,old variant of 和[he2]
为 目标,9105,as (in the capacity of),target
深 人,9100,old variant of 深[shen1],person; people
的 进一步,9099,of; ~'s (possessive particle),to go a step further
萨 达,9097,surname Sa,surname Da
的 观念,9096,of; ~'s (possessive particle),notion
大 幅度,9095,big; large; great,width
为 自己,9094,as (in the capacity of),oneself; (attributive) one's own
餐饮 业,9091,food and beverage,surname Ye
过 了,9091,surname Guo,(completed action marker)
床位 数,9085,"bed (in hospital, hotel, train etc)",to count
的 限制,9081,of; ~'s (possessive particle),to restrict
中国 传统,9080,China,tradition; traditional
化 水平,9078,variant of 花[hua1],horizontal; level
标 准,9074,mark,to allow
最好 的,9074,best,of; ~'s (possessive particle)
的 趋势,9068,of; ~'s (possessive particle),trend; tendency
经济 形势,9067,economy,circumstances
人类 社会,9063,humanity,society
生 产,9062,to grow; to give birth; to produce; to be born,to give birth
北 约,9059,north,to weigh in a balance or on a scale
十 九,9056,ten,nine
我们 认为,9056,we; us; ourselves; our,to believe; to think; to consider; to feel
在 上海,9054,to exist; to be alive,Shanghai municipality (short name 滬|沪[Hu4])
的 宏观,9052,of; ~'s (possessive particle),macro-
上 都,9051,used in 上聲|上声[shang3 sheng1],surname Du
普 京,9048,general,surname Jing
责任 审计,9042,responsibility; duty; liability,to audit
等 人,9040,to wait for; to await,person; people
和 投资,9038,old variant of 和[he2],investment
的 那,9036,of; ~'s (possessive particle),surname Na
未 能,9034,not yet,surname Neng
档案 工作,9034,file; record; archive,to work
世界 经济,9024,world,economy
字符 串,9021,character (computing),to string together
共同 的,9020,common,of; ~'s (possessive particle)
人民 出版,9019,the people,to publish
的 这些,9014,of; ~'s (possessive particle),these
年 全国,9013,surname Nian,whole nation
副 主任,9007,secondary,director
的 直接,9007,of; ~'s (possessive particle),direct (opposite: indirect 間接|间接[jian4 jie1])
回 到,8999,Hui ethnic group (Chinese Muslims),to reach; to arrive
可持续 发展,8996,sustainable,development
农 村,8995,surname Nong,village
地 把,8995,-ly,to hold; to grasp
主 义,8991,owner,surname Yi
务 院,8986,affair,courtyard
创造 了,8983,to create,(completed action marker)
孩子 的,8981,child,of; ~'s (possessive particle)
县 级,8977,county,level
不 合理,8977,no; not so,rational; reasonable; sensible; fair
这 也,8976,(pronoun) this; these,surname Ye
年代 初,8975,a decade of a century (e.g. the Sixties),(bound form) at first; initially
的 道路,8973,of; ~'s (possessive particle),road
的 事实,8964,of; ~'s (possessive particle),fact
控制 权,8963,to control,surname Quan
的 最后,8962,of; ~'s (possessive particle),final; last; ultimate
分析 的,8962,to analyze,of; ~'s (possessive particle)
了 更,8961,(completed action marker),to change or replace
而 产生,8958,and,to arise; to come into being; to come about
资源 和,8955,see 資源縣|资源县[Zi1 yuan2 Xian4],old variant of 和[he2]
市场 中,8950,marketplace; market; bazaar,(bound form) China; Chinese
的 了,8944,of; ~'s (possessive particle),(completed action marker)
和 经营,8937,old variant of 和[he2],to engage in (business etc); to run; to operate
的 统一,8936,of; ~'s (possessive particle),to unify; to integrate
共产 主义,8936,(adj.) communist,-ism
的 代表,8934,of; ~'s (possessive particle),representative
只 能,8933,variant of 隻|只[zhi1],surname Neng
促进 了,8932,to promote (an idea or cause); to advance; boost,(completed action marker)
在 企业,8931,to exist; to be alive,company; firm; enterprise; corporation
规范 性,8929,norm,nature
改革 委,8927,reform,surname Wei
个 问题,8927,used in 自個兒|自个儿[zi4 ge3 r5],question
指 企业,8926,finger,company; firm; enterprise; corporation
不断 提高,8922,unceasing,to raise
党 内,8922,surname Dang,inside
的 品牌,8918,of; ~'s (possessive particle),brand; brand name
有 序,8912,to have; there is,(bound form) order; sequence
研究 者,8910,research,(after a verb or adjective) one who (is) ...
有 所,8907,to have; there is,actually
方式 来,8905,way; method; manner; mode; pattern (of behavior etc),to come
的 制约,8905,of; ~'s (possessive particle),to restrict
矿采选 业,8903,,surname Ye
的 想法,8900,of; ~'s (possessive particle),way of thinking; opinion; notion
城市 规划,8900,city; town,to draw up a plan; to map out a program
实施 的,8898,to implement,of; ~'s (possessive particle)
性 是,8893,nature,to be (followed by substantives only)
工 的,8889,work,of; ~'s (possessive particle)
理论 和,8879,theory,old variant of 和[he2]
人 对,8878,person; people,right; correct
的 那样,8873,of; ~'s (possessive particle),that kind
竞争 中,8872,to compete,(bound form) China; Chinese
一个 中国,8870,a; an; one,China
消费 者,8867,"to consume (goods and services, resources etc)",(after a verb or adjective) one who (is) ...
了 我,8860,(completed action marker),I; me; my
决定 的,8860,to decide; to determine; to make up one's mind,of; ~'s (possessive particle)
人 与,8856,person; people,variant of 歟|欤[yu2]
化 程度,8855,variant of 花[hua1],degree; level; extent
学 生,8854,to learn,to grow; to give birth; to produce; to be born
结合 的,8850,to combine,of; ~'s (possessive particle)
二 届,8843,two,to arrive at (place or time)
方法 的,8841,method; way; technique; procedure,of; ~'s (possessive particle)
监督 检查,8840,to supervise; to oversee; to inspect,inspection
进 一,8836,to go forward,one
来 了,8829,to come,(completed action marker)
加强 了,8827,to reinforce; to strengthen; to enhance,(completed action marker)
选择 的,8821,to select; to pick,of; ~'s (possessive particle)
品牌 的,8818,brand; brand name,of; ~'s (possessive particle)
主义 理论,8817,-ism,theory
以上 人民,8815,that level or higher; that amount or more,the people
生态 环境,8811,ecology (the study of interactions between organisms and their environment),environment
解决 问题,8797,to solve; to resolve; to settle (a problem),question
都 没有,8785,surname Du,haven't
是 第,8784,to be (followed by substantives only),"(prefix indicating ordinal number, as in 第六[di4 liu4] ""sixth"")"
的 可,8780,of; ~'s (possessive particle),(prefix) can; may; able to; -able
正 是,8776,first month of the lunar year,to be (followed by substantives only)
一 件,8776,one,item
核心 竞争,8772,core; nucleus,to compete
销售 收入,8769,to sell,to take in
平稳 较,8762,smooth; steady,(bound form) to compare
错误 的,8758,mistaken; false; wrong,of; ~'s (possessive particle)
怎样 的,8757,how,of; ~'s (possessive particle)
那 就是,8755,surname Na,exactly; precisely
在 过去,8750,to exist; to be alive,(in the) past; former; previous
人大 及,8749,Renmin University of China (abbr. for 中國人民大學|中国人民大学[Zhong1 guo2 Ren2 min2 Da4 xue2]),and
恢复 重建,8748,to reinstate,to rebuild; to reconstruct; to reestablish
实际 上,8741,reality,used in 上聲|上声[shang3 sheng1]
本 定价,8741,(bound form) root; stem,to set a price
的 错误,8740,of; ~'s (possessive particle),mistaken; false; wrong
指导 下,8738,to guide; to direct; to instruct,down
表现 在,8736,to show,to exist; to be alive
天津 市,8735,Tianjin municipality (short name 津[Jin1]),market
的 银行,8731,of; ~'s (possessive particle),bank
从 这个,8731,variant of 從|从[cong2],(pronoun) this
更 有,8721,to change or replace,to have; there is
条 件,8719,strip,item
权力 的,8716,power,of; ~'s (possessive particle)
民众 的,8715,the populace; the masses; the common people,of; ~'s (possessive particle)
三 产业,8714,surname San,industry
在 市场,8713,to exist; to be alive,marketplace; market; bazaar
上海 市,8712,Shanghai municipality (short name 滬|沪[Hu4]),market
越 大,8707,generic word for peoples or states of south China or south Asia at different historical periods,big; large; great
权益 的,8699,rights,of; ~'s (possessive particle)
优秀 的,8687,outstanding; excellent,of; ~'s (possessive particle)
的 解释,8684,of; ~'s (possessive particle),explanation
四川 省,8674,see 四川省[Si4 chuan1 Sheng3],to save; to economize; to be frugal
相关 者,8672,related,(after a verb or adjective) one who (is) ...
的 设计,8662,of; ~'s (possessive particle),to design; to plan
的 可能,8652,of; ~'s (possessive particle),might (happen)
合作 医疗,8647,to cooperate; to collaborate; to work together,medical treatment
经营 权,8644,to engage in (business etc); to run; to operate,surname Quan
我 省,8644,I; me; my,to save; to economize; to be frugal
组成 的,8643,to form,of; ~'s (possessive particle)
研究 和,8641,research,old variant of 和[he2]
企业 对,8638,company; firm; enterprise; corporation,right; correct
关 系,8638,surname Guan,to connect
的 定义,8637,of; ~'s (possessive particle),definition
事物 的,8633,thing; object,of; ~'s (possessive particle)
党 和,8630,surname Dang,old variant of 和[he2]
化 和,8628,variant of 花[hua1],old variant of 和[he2]
得到 的,8627,to get; to obtain; to receive,of; ~'s (possessive particle)
经营 企业,8623,to engage in (business etc); to run; to operate,company; firm; enterprise; corporation
的 措施,8621,of; ~'s (possessive particle),measure
笔者 认为,8618,the author; the writer (usu. refers to oneself),to believe; to think; to consider; to feel
家族 企业,8617,family,company; firm; enterprise; corporation
质 检,8617,character,to check
的 人口,8614,of; ~'s (possessive particle),population
提 髙,8611,used in 提防[di1 fang5] and 提溜[di1 liu5],variant of 高[gao1]
试点 工作,8611,test point,to work
就 能,8608,(after a suppositional clause) in that case; then,surname Neng
让 我们,8604,to yield,we; us; ourselves; our
的 感觉,8594,of; ~'s (possessive particle),feeling; impression; sensation
第 十,8594,"(prefix indicating ordinal number, as in 第六[di4 liu4] ""sixth"")",ten
保障 的,8590,to ensure,of; ~'s (possessive particle)
交流 与,8589,to exchange,variant of 歟|欤[yu2]
是 与,8588,to be (followed by substantives only),variant of 歟|欤[yu2]
可能 的,8582,might (happen),of; ~'s (possessive particle)
和 个人,8581,old variant of 和[he2],an individual; oneself; (attributive) personal; one's own
自然 的,8580,nature,of; ~'s (possessive particle)
个 国家,8580,used in 自個兒|自个儿[zi4 ge3 r5],country; nation; state
发展 为,8580,development,as (in the capacity of)
你 就,8575,"you (informal, as opposed to courteous 您[nin2])",(after a suppositional clause) in that case; then
气候 变化,8572,(meteorology) climate,(intransitive) to change; to vary
经营 的,8572,to engage in (business etc); to run; to operate,of; ~'s (possessive particle)
远 远,8560,far,far
本身 的,8559,itself,of; ~'s (possessive particle)
管理 体制,8552,to supervise,system
级 人民,8551,level,the people
产权 的,8546,property right,of; ~'s (possessive particle)
对 公司,8546,right; correct,company; firm; corporation
银行 业,8545,bank,surname Ye
经济 条件,8541,economy,condition; circumstance; term; factor
这 项,8538,(pronoun) this; these,surname Xiang
全 国,8537,surname Quan,surname Guo
技术 人员,8535,technology; technique; skill,staff
资 本,8530,resources,(bound form) root; stem
是 非常,8528,to be (followed by substantives only),very; really
对 经济,8524,right; correct,economy
持 有,8522,to hold,to have; there is
和 工作,8511,old variant of 和[he2],to work
规模 的,8510,scale; scope; extent,of; ~'s (possessive particle)
要 充分,8505,(bound form) to demand; to coerce,ample
有 没有,8502,to have; there is,haven't
他 所,8496,"(third-person singular) (since the early 20th century, usu. male) he; him; his",actually
滥用 职权,8492,to misuse,authority
是 人,8483,to be (followed by substantives only),person; people
区域 内,8483,area,inside
银行 存款,8481,bank,to deposit money (in a bank etc)
的 的,8480,of; ~'s (possessive particle),of; ~'s (possessive particle)
投保 人,8479,to take out insurance,person; people
政治 教育,8475,politics,to educate
失去 了,8475,to lose,(completed action marker)
一样 的,8474,same,of; ~'s (possessive particle)
税 费,8472,taxes,surname Fei
也 可能,8471,surname Ye,might (happen)
一个 新,8471,a; an; one,abbr. for Xinjiang 新疆[Xin1 jiang1]
的 司法,8468,of; ~'s (possessive particle),judicial
制度 化,8466,"system (e.g. political, adminstrative etc)",variant of 花[hua1]
较 多,8463,(bound form) to compare,many; much; more; a lot of
建设 用地,8462,to build; to construct; to establish; to develop; to institute,
资源 管理,8462,see 資源縣|资源县[Zi1 yuan2 Xian4],to supervise
制度 是,8461,"system (e.g. political, adminstrative etc)",to be (followed by substantives only)
素质 的,8460,inner quality,of; ~'s (possessive particle)
就 没有,8458,(after a suppositional clause) in that case; then,haven't
的 形势,8458,of; ~'s (possessive particle),circumstances
积极 作用,8457,active,to act on; to affect
一直 是,8456,straight (in a straight line),to be (followed by substantives only)
这 与,8455,(pronoun) this; these,variant of 歟|欤[yu2]
建设 项目,8451,to build; to construct; to establish; to develop; to institute,item; project; (sports) event
作出 的,8451,to put out,of; ~'s (possessive particle)
不 应,8443,no; not so,surname Ying
流动 人口,8442,to flow; to circulate; to move about; mobile; (of assets) liquid,population
民主 政治,8438,democracy,politics
选 框,8436,to choose,frame (e.g. door frame)
合法 性,8425,lawful,nature
此 时,8424,this; these,old variant of 時|时[shi2]
技 术,8420,skill,method
是 人类,8415,to be (followed by substantives only),humanity
深入 开展,8414,to penetrate deeply,to launch
相对 于,8412,relatively,surname Yu
部门 和,8409,department,old variant of 和[he2]
密集 型,8404,concentrated,mold
后 者,8396,surname Hou,(after a verb or adjective) one who (is) ...
性 地,8396,nature,-ly
外向 型,8396,extroverted (personality),mold
没有 任何,8394,haven't,any; whatever; whichever
一 名,8391,one,name
广播 电视,8390,broadcast,television; TV
支出 的,8385,to spend; to pay out,of; ~'s (possessive particle)
独特 的,8380,unique; distinctive,of; ~'s (possessive particle)
的 人们,8370,of; ~'s (possessive particle),people
了 良好,8365,(completed action marker),good
予 受理,8364,(archaic) I,to accept to hear a case
的 首要,8364,of; ~'s (possessive particle),the most important
国家 机关,8363,country; nation; state,mechanism; gear
海峡 两岸,8351,strait; channel,bilateral
业 监督,8350,surname Ye,to supervise; to oversee; to inspect
的 高度,8349,of; ~'s (possessive particle),height
不 平衡,8343,no; not so,balance
一直 在,8343,straight (in a straight line),to exist; to be alive
和 价值,8342,old variant of 和[he2],value; worth
关注 的,8340,to pay attention to; to follow sth closely; to follow (on social media),of; ~'s (possessive particle)
的 种种,8338,of; ~'s (possessive particle),all kinds of
有 许多,8337,to have; there is,many
的 公民,8332,of; ~'s (possessive particle),citizen
模型 的,8330,model,of; ~'s (possessive particle)
文化 交流,8329,culture,to exchange
的 内在,8327,of; ~'s (possessive particle),inner
使 企业,8327,to make,company; firm; enterprise; corporation
总 收入,8325,(bound form) general; overall,to take in
的 艺术,8324,of; ~'s (possessive particle),art
把 它,8315,to hold; to grasp,it
并 未,8313,and,not yet
一 门,8313,one,surname Men
也 不能,8312,surname Ye,cannot
完成 的,8312,to complete; to accomplish,of; ~'s (possessive particle)
每 个人,8310,each,an individual; oneself; (attributive) personal; one's own
农村 合作,8310,rural area,to cooperate; to collaborate; to work together
的 另,8309,of; ~'s (possessive particle),other
制 度,8307,system,to pass
战略 的,8305,strategy,of; ~'s (possessive particle)
体 的,8304,used in 體己|体己[ti1 ji5],of; ~'s (possessive particle)
贷款 的,8297,a loan,of; ~'s (possessive particle)
共和国 民法,8293,republic,civil law
什么 是,8288,what?,to be (followed by substantives only)
经历 了,8285,to experience; to go through,(completed action marker)
的 特殊,8283,of; ~'s (possessive particle),special
平均 水平,8283,average; on average,horizontal; level
的 突出,8278,of; ~'s (possessive particle),prominent
得 不,8276,to obtain,no; not so
生产 性,8264,to produce; to manufacture,nature
无疑 是,8262,undoubtedly; without doubt; for sure,to be (followed by substantives only)
志愿 者,8260,aspiration,(after a verb or adjective) one who (is) ...
交流 的,8254,to exchange,of; ~'s (possessive particle)
目前 的,8253,at the present time,of; ~'s (possessive particle)
家 的,8249,used in 傢伙|家伙[jia1 huo5] and 傢俱|家俱[jia1 ju4],of; ~'s (possessive particle)
专业 合作,8249,specialty,to cooperate; to collaborate; to work together
由 国家,8246,to follow,country; nation; state
竞争 的,8242,to compete,of; ~'s (possessive particle)
环境 和,8241,environment,old variant of 和[he2]
如果 我们,8237,if; in case; in the event that,we; us; ourselves; our
其他 的,8234,other,of; ~'s (possessive particle)
年 间,8232,surname Nian,between
经济 全球,8232,economy,the whole world
全面 建设,8232,all-around,to build; to construct; to establish; to develop; to institute
的 可能性,8230,of; ~'s (possessive particle),possibility; probability
代 表,8225,to be a substitute for; to act on behalf of; to replace; to substitute,exterior surface
发表 的,8220,to issue,of; ~'s (possessive particle)
各 民族,8217,each,nationality; ethnic group
内部 的,8215,interior,of; ~'s (possessive particle)
的 手段,8213,of; ~'s (possessive particle),method; way; means (of doing sth)
政府 和,8213,government,old variant of 和[he2]
实际 情况,8211,reality,circumstances; state of affairs; situation
在 法律,8210,to exist; to be alive,law
个性 化,8207,individuality,variant of 花[hua1]
思 想,8206,to think,to think (about)
体制 和,8201,system,old variant of 和[he2]
活 动,8193,to live,(of sth) to move
的 教学,8191,of; ~'s (possessive particle),to teach
沉 阳,8186,variant of 沉[chen2],positive (electric.)
经 营,8179,surname Jing,camp
地区 经济,8178,region; area (informal or geographical term),economy
转化 为,8178,to change; to turn; to convert,as (in the capacity of)
工作 报告,8175,to work,to inform
政治 经济,8174,politics,economy
美国 在,8173,United States; USA; US,to exist; to be alive
全 世界,8172,surname Quan,world
带 有,8169,band,to have; there is
教育 学,8168,to educate,to learn
机关 交通,8165,mechanism; gear,to be connected
水 的,8163,surname Shui,of; ~'s (possessive particle)
在 世界,8163,to exist; to be alive,world
司法 机关,8159,judicial,mechanism; gear
大 企业,8156,big; large; great,company; firm; enterprise; corporation
传统 文化,8152,tradition; traditional,culture
的 实现,8141,of; ~'s (possessive particle),to achieve; to implement; to realize; to bring about
的 信心,8136,of; ~'s (possessive particle),confidence
不 存在,8136,no; not so,to exist
地 的,8134,-ly,of; ~'s (possessive particle)
研讨 会,8131,discussion,can; to have the skill; to know how to
对外 开放,8129,external,to bloom
的 就是,8125,of; ~'s (possessive particle),exactly; precisely
因 索,8123,old variant of 因[yin1],surname Suo
的 费用,8119,of; ~'s (possessive particle),cost
能 在,8119,surname Neng,to exist; to be alive
短期 内,8117,short-term,inside
年代 以来,8114,a decade of a century (e.g. the Sixties),since (used after a specified time or event)
可以 将,8112,can,will
之 路,8112,"(possessive particle, literary equivalent of 的[de5])",surname Lu
价 格,8111,(literary) messenger; servant,used in 格登[ge1 deng1]
六 十,8111,six,ten
的 思维,8108,of; ~'s (possessive particle),(line of) thought; thinking
行政 区域,8107,administration,area
的 重要性,8105,of; ~'s (possessive particle),importance
进一步 提高,8104,to go a step further,to raise
者 和,8101,(after a verb or adjective) one who (is) ...,old variant of 和[he2]
五 是,8099,five,to be (followed by substantives only)
中 日,8099,(bound form) China; Chinese,(bound form) sun
非 公有制,8091,"abbr. for 非洲[Fei1 zhou1], Africa",public ownership
的 挑战,8090,of; ~'s (possessive particle),to challenge; to take on a challenge; a challenge
自由 的,8088,freedom; liberty,of; ~'s (possessive particle)
有效 性,8084,effective,nature
油料 产量,8082,oilseed,output
有 过,8080,to have; there is,surname Guo
发展 道路,8070,development,road
产品 成本,8065,goods,"(manufacturing, production etc) costs"
就是 要,8063,exactly; precisely,(bound form) to demand; to coerce
全 过程,8057,surname Quan,course of events; process
山西 省,8053,see 山西省[Shan1 xi1 Sheng3],to save; to economize; to be frugal
方面 是,8050,respect,to be (followed by substantives only)
比较 优势,8038,to compare,superiority
企业 生产,8038,company; firm; enterprise; corporation,to produce; to manufacture
的 出现,8037,of; ~'s (possessive particle),to appear
政府 信息,8028,government,information; news; message
的 保护,8025,of; ~'s (possessive particle),to protect
运行 机制,8019,(of celestial bodies etc) to move along one's course,mechanism
要 做,8017,(bound form) to demand; to coerce,to make; to produce
要 索,8013,(bound form) to demand; to coerce,surname Suo
快速 增长,8009,fast; high-speed; rapid,to grow; to increase
更大 的,8008,,of; ~'s (possessive particle)
在 日本,8007,to exist; to be alive,Japan
年 以后,8003,surname Nian,after
矛盾 和,8003,contradiction,old variant of 和[he2]
决策 的,8002,strategic decision,of; ~'s (possessive particle)
一 国,8001,one,surname Guo
明确 提出,8001,clear-cut; definite; explicit,to raise (an issue)
现实 生活,8000,reality; actuality,to live
教育 和,8000,to educate,old variant of 和[he2]
的 案件,7998,of; ~'s (possessive particle),case
前提 下,7994,premise,down
为 实现,7992,as (in the capacity of),to achieve; to implement; to realize; to bring about
国际 货币,7991,international,currency
与 经济,7991,variant of 歟|欤[yu2],economy
管理 办法,7986,to supervise,way of handling sth; means; measure; (practical) solution to a problem
即 在,7984,namely,to exist; to be alive
的 指示,7983,of; ~'s (possessive particle),to point out
坚定 不,7982,firm,no; not so
信息 技术,7980,information; news; message,technology; technique; skill
中央 财政,7977,central,public finance; government finance
年 为,7976,surname Nian,as (in the capacity of)
破产 财产,7975,to go bankrupt,property
五 十条,7974,five,
关系 和平,7973,relation; relationship; connection,peace
创造 的,7968,to create,of; ~'s (possessive particle)
定 的,7967,to fix; to set; to make definite,of; ~'s (possessive particle)
还 不,7963,surname Huan,no; not so
有 关,7959,to have; there is,surname Guan
有 必要,7959,to have; there is,necessary
与 企业,7958,variant of 歟|欤[yu2],company; firm; enterprise; corporation
警 务,7952,to alert,affair
的 高,7952,of; ~'s (possessive particle),surname Gao
为 例,7949,as (in the capacity of),example
主义 法治,7947,-ism,rule of law
公司 和,7940,company; firm; corporation,old variant of 和[he2]
家宝 总理,7939,,premier
健康 的,7938,health,of; ~'s (possessive particle)
下 发,7936,down,to send out
下 了,7932,down,(completed action marker)
不 受,7931,no; not so,to receive
治理 结构,7928,to govern,structure
没有 什么,7928,haven't,what?
农村 土地,7927,rural area,land
个 阶段,7918,used in 自個兒|自个儿[zi4 ge3 r5],stage
馆 的,7916,variant of 館|馆[guan3],of; ~'s (possessive particle)
信息 公开,7915,information; news; message,open; overt; public
的 能源,7914,of; ~'s (possessive particle),energy sources; energy
开放 的,7913,to bloom,of; ~'s (possessive particle)
而且 在,7912,(not only ...) but also,to exist; to be alive
资料 来源,7911,material,source (of information etc)
长 效,7910,long,variant of 傚|效[xiao4]
计划 生育,7907,plan,to give birth to; to bear
物质 文化,7905,matter,culture
有 一些,7901,to have; there is,some; a few; a little; (following an adjective) slightly ...er
目标 是,7899,target,to be (followed by substantives only)
高新 技术,7896,,technology; technique; skill
行 政,7895,(bound form) row; line,political
成立 了,7895,to establish,(completed action marker)
上 有,7894,used in 上聲|上声[shang3 sheng1],to have; there is
或 其他,7892,maybe,other
的 和谐,7890,of; ~'s (possessive particle),harmonious
已 成为,7890,already,to become; to turn into
是 的,7883,to be (followed by substantives only),of; ~'s (possessive particle)
证券 市场,7876,negotiable security (financial),marketplace; market; bazaar
成 了,7873,surname Cheng,(completed action marker)
主营 业务,7872,,business
和 城市,7872,old variant of 和[he2],city; town
指 在,7870,finger,to exist; to be alive
和 他,7863,old variant of 和[he2],"(third-person singular) (since the early 20th century, usu. male) he; him; his"
可以 看出,7856,can,to make out
两 大,7855,two,big; large; great
反 贫困,7851,contrary,impoverished
重要 因素,7848,important; significant; major,element
九 十,7844,nine,ten
中央 关于,7842,central,pertaining to
的 现代,7841,of; ~'s (possessive particle),"Hyundai, South Korean company"
现 代,7834,to appear,to be a substitute for; to act on behalf of; to replace; to substitute
和 对,7831,old variant of 和[he2],right; correct
数据 的,7828,data,of; ~'s (possessive particle)
的 发生,7824,of; ~'s (possessive particle),"to happen; to occur; to take place; to arise (e.g. 發生問題|发生问题[fa1 sheng1 wen4 ti2] ""a problem arises"")"
有 较,7823,to have; there is,(bound form) to compare
点 的,7821,to touch briefly; to tap,of; ~'s (possessive particle)
万 个,7821,used in 万俟[Mo4 qi2],used in 自個兒|自个儿[zi4 ge3 r5]
更 重要,7821,to change or replace,important; significant; major
技术 创新,7818,technology; technique; skill,to bring forth new ideas; to blaze new trails
基本 的,7818,basic,of; ~'s (possessive particle)
的 认同,7817,of; ~'s (possessive particle),to approve of
存款 余额,7817,to deposit money (in a bank etc),"balance (of an account, bill etc)"
总体 规划,7817,completely,to draw up a plan; to map out a program
的 名字,7816,of; ~'s (possessive particle),name (of a person or thing)
经验 的,7814,experience,of; ~'s (possessive particle)
公允 价值,7808,equitable; fair,value; worth
城乡 二,7806,city and countryside,two
重 要,7805,to repeat,(bound form) to demand; to coerce
企业 经营,7805,company; firm; enterprise; corporation,to engage in (business etc); to run; to operate
他人 的,7802,another person; sb else; other people,of; ~'s (possessive particle)
不 好,7801,no; not so,good
新型 农村,7797,new type; new kind,rural area
前 的,7795,front,of; ~'s (possessive particle)
经济 制度,7793,economy,"system (e.g. political, adminstrative etc)"
制定 的,7791,to draw up; to formulate,of; ~'s (possessive particle)
是 如何,7790,to be (followed by substantives only),how
本 法,7784,(bound form) root; stem,variant of 法[fa3]
和 建设,7783,old variant of 和[he2],to build; to construct; to establish; to develop; to institute
调查 研究,7782,investigation,research
不 开,7779,no; not so,to open (transitive or intransitive)
注册 类型,7774,to register,type; kind; category
的 智慧,7770,of; ~'s (possessive particle),wisdom; intelligence
研究 了,7768,research,(completed action marker)
影 响,7767,picture,echo
仍 是,7763,still; yet,to be (followed by substantives only)
人 不,7761,person; people,no; not so
主要 内容,7760,main; principal; major; primary,content; substance; details
合同 法,7757,contract; agreement,variant of 法[fa3]
统计 年鉴,7755,statistics,annual report
市场 份额,7753,marketplace; market; bazaar,share
工作 机制,7753,to work,mechanism
的 先进,7750,of; ~'s (possessive particle),sophisticated; advanced (technology etc)
院 床位,7745,courtyard,"bed (in hospital, hotel, train etc)"
在 大,7743,to exist; to be alive,big; large; great
台湾 当局,7740,variant of 臺灣|台湾[Tai2 wan1],authorities
的 理性,7739,of; ~'s (possessive particle),reason
收 支,7737,to receive,surname Zhi
现实 主义,7733,reality; actuality,-ism
登记 注册,7730,to register (one's name),to register
二 个,7721,two,used in 自個兒|自个儿[zi4 ge3 r5]
压延 加,7721,,Canada (abbr. for 加拿大[Jia1 na2 da4])
总 产值,7720,(bound form) general; overall,value of output
项目 建设,7716,item; project; (sports) event,to build; to construct; to establish; to develop; to institute
也 能,7711,surname Ye,surname Neng
债权人 会议,7709,creditor,meeting
的 现代化,7707,of; ~'s (possessive particle),modernization
社会 环境,7704,society,environment
的 美国,7703,of; ~'s (possessive particle),United States; USA; US
的 调查,7702,of; ~'s (possessive particle),investigation
地 为,7701,-ly,as (in the capacity of)
电话 用户,7701,telephone,user
总数 的,7697,total,of; ~'s (possessive particle)
是 加强,7697,to be (followed by substantives only),to reinforce; to strengthen; to enhance
收入 和,7695,to take in,old variant of 和[he2]
可以 根据,7692,can,according to
教育 工作,7690,to educate,to work
有 不,7688,to have; there is,no; not so
现金 流量,7686,cash,flow rate; throughput of passengers; volume of traffic
发达 地区,7686,well-developed; flourishing,region; area (informal or geographical term)
一 轮,7683,one,wheel; disk; ring
社区 矫正,7682,community,to correct
公布 的,7680,variant of 公布[gong1 bu4],of; ~'s (possessive particle)
的 巨大,7672,of; ~'s (possessive particle),huge; immense; enormous; gigantic
和 第,7672,old variant of 和[he2],"(prefix indicating ordinal number, as in 第六[di4 liu4] ""sixth"")"
数字 图书,7670,numeral,books (in a library or bookstore)
自然 资源,7670,nature,see 資源縣|资源县[Zi1 yuan2 Xian4]
信息 披露,7670,information; news; message,to reveal
责任 编辑,7669,responsibility; duty; liability,to edit
的 第一,7668,of; ~'s (possessive particle),first
的 总体,7668,of; ~'s (possessive particle),completely
公 共,7668,public,common
报告 的,7666,to inform,of; ~'s (possessive particle)
处理 好,7664,to handle; to deal with,good
全球 金融,7662,the whole world,banking
月 十,7658,moon,ten
致力 于,7658,to devote oneself to; to work toward (often followed by 於|于[yu2]),surname Yu
很 容易,7657,very; quite,easy; straightforward
农业 保险,7656,agriculture,insurance
的 权威,7656,of; ~'s (possessive particle),authority
支付 的,7655,to pay (money),of; ~'s (possessive particle)
消费品 零售,7655,consumer goods,to retail; to sell in small quantities
当 你,7654,(onom.) dong,"you (informal, as opposed to courteous 您[nin2])"
的 调整,7654,of; ~'s (possessive particle),to adjust; to revise; to reorganize
安全 的,7654,safe; secure,of; ~'s (possessive particle)
预算 收入,7651,budget,to take in
失败 的,7651,to be defeated,of; ~'s (possessive particle)
经费 保障,7647,funds,to ensure
还 会,7643,surname Huan,can; to have the skill; to know how to
计算 的,7641,to calculate; to compute,of; ~'s (possessive particle)
统计 数据,7641,statistics,data
设 定,7640,to set up; to put in place,to fix; to set; to make definite
市 政府,7638,market,government
本 地区,7636,(bound form) root; stem,region; area (informal or geographical term)
的 销售,7636,of; ~'s (possessive particle),to sell
旅游 业,7636,trip,surname Ye
积极 开展,7635,active,to launch
信 息,7630,letter,(bound form) breath
对 市场,7630,right; correct,marketplace; market; bazaar
较 强,7630,(bound form) to compare,surname Qiang
深刻 的,7629,profound,of; ~'s (possessive particle)
的 各个,7626,of; ~'s (possessive particle),every
期 撰文,7625,variant of 期[qi1],to write an article
共和国 刑法,7624,republic,criminal law
环境 中,7624,environment,(bound form) China; Chinese
二 者,7623,two,(after a verb or adjective) one who (is) ...
救助 制度,7623,to help sb in trouble,"system (e.g. political, adminstrative etc)"
主要 指标,7621,main; principal; major; primary,(production) target; quota
林业 局,7621,forest industry,narrow
社会 服务,7617,society,to serve
平方 米,7617,"square (as in square foot, square mile, square root)",surname Mi
将 在,7616,will,to exist; to be alive
医药 管理局,7613,medical care and medicines,
外汇 储备,7610,foreign (currency) exchange,to store up
人 所,7608,person; people,actually
科学 性,7606,science,nature
模块 化,7603,module (in software),variant of 花[hua1]
研究 中,7603,research,(bound form) China; Chinese
通 过,7603,to go through,surname Guo
的 文学,7600,of; ~'s (possessive particle),literature
在 工作,7595,to exist; to be alive,to work
加强 与,7595,to reinforce; to strengthen; to enhance,variant of 歟|欤[yu2]
生活 方式,7592,to live,way; method; manner; mode; pattern (of behavior etc)
的 人才,7591,of; ~'s (possessive particle),talent
积极 探索,7590,active,to explore; to probe
执行 情况,7588,to implement,circumstances; state of affairs; situation
大力 推进,7588,energetically; vigorously,to impel
的 贷款,7588,of; ~'s (possessive particle),a loan
是 发展,7587,to be (followed by substantives only),development
人生 的,7585,life (one's time on earth),of; ~'s (possessive particle)
对 农村,7585,right; correct,rural area
索 质,7584,surname Suo,character
所 占,7582,actually,variant of 占[zhan4]
经济 合作,7582,economy,to cooperate; to collaborate; to work together
没 有,7579,(negative prefix for verbs) have not; not,to have; there is
地区 和,7579,region; area (informal or geographical term),old variant of 和[he2]
新闻 出版,7575,news,to publish
有 三,7572,to have; there is,surname San
十二 五,7570,twelve,five
历史 文化,7567,history,culture
出口 的,7562,an exit,of; ~'s (possessive particle)
江苏 省,7561,see 江蘇省|江苏省[Jiang1 su1 Sheng3],to save; to economize; to be frugal
审计 单位,7559,to audit,unit (of measure)
影响 到,7558,influence,to reach; to arrive
的 对,7558,of; ~'s (possessive particle),right; correct
的 意识,7552,of; ~'s (possessive particle),consciousness; awareness
广阔 的,7546,wide,of; ~'s (possessive particle)
农村 劳动力,7544,rural area,labor force
多 种,7544,many; much; more; a lot of,seed
中 国家,7539,(bound form) China; Chinese,country; nation; state
成长 的,7537,to mature,of; ~'s (possessive particle)
市场 营销,7536,marketplace; market; bazaar,marketing
印 巴,7527,surname Yin,"Ba, a state during the Zhou dynasty (in present-day Chongqing and the eastern part of Sichuan)"
会议 的,7527,meeting,of; ~'s (possessive particle)
贷款 余额,7527,a loan,"balance (of an account, bill etc)"
和 改善,7526,old variant of 和[he2],to make better; to improve
第三 产业,7525,,industry
的 道德,7523,of; ~'s (possessive particle),virtue
的 事业,7521,of; ~'s (possessive particle),undertaking
的 主观,7521,of; ~'s (possessive particle),subjective
账户 的,7520,"(bank, computer etc) account",of; ~'s (possessive particle)
提 高,7520,used in 提防[di1 fang5] and 提溜[di1 liu5],surname Gao
经济 体制,7517,economy,system
在 金融,7517,to exist; to be alive,banking
的 前,7515,of; ~'s (possessive particle),front
全面 推进,7514,all-around,to impel
当地 的,7510,local,of; ~'s (possessive particle)
是 现代,7510,to be (followed by substantives only),"Hyundai, South Korean company"
的 收益,7504,of; ~'s (possessive particle),earnings
就是 在,7502,exactly; precisely,to exist; to be alive
的 主张,7500,of; ~'s (possessive particle),to advocate
当代 文学,7498,the present age,literature
的 资料,7495,of; ~'s (possessive particle),material
生 的,7494,to grow; to give birth; to produce; to be born,of; ~'s (possessive particle)
充分 的,7494,ample,of; ~'s (possessive particle)
知识 和,7493,knowledge,old variant of 和[he2]
九 届,7492,nine,to arrive at (place or time)
资 金,7486,resources,surname Jin
有限 的,7477,limited; finite,of; ~'s (possessive particle)
又 有,7476,(once) again,to have; there is
而 这,7476,and,(pronoun) this; these
多 层次,7475,many; much; more; a lot of,layer
政治 的,7475,politics,of; ~'s (possessive particle)
人民 大学,7471,the people,"the Great Learning, one of the Four Books 四書|四书[Si4 shu1] in Confucianism"
一 阶段,7470,one,stage
人民 生活,7470,the people,to live
和 问题,7469,old variant of 和[he2],question
综 治,7467,heddle,to rule
生活 在,7464,to live,to exist; to be alive
座谈 会,7464,to have an informal discussion,can; to have the skill; to know how to
重要 作用,7462,important; significant; major,to act on; to affect
规划 的,7462,to draw up a plan; to map out a program,of; ~'s (possessive particle)
社会 和,7460,society,old variant of 和[he2]
发展 与,7459,development,variant of 歟|欤[yu2]
的 革命,7459,of; ~'s (possessive particle),to withdraw the mandate of heaven (and transition to a new dynasty) (original meaning)
消费 的,7459,"to consume (goods and services, resources etc)",of; ~'s (possessive particle)
条 人民,7458,strip,the people
用 于,7458,to use; to make use of; to employ,surname Yu
廉政 建设,7458,to govern with integrity; clean and honest government,to build; to construct; to establish; to develop; to institute
创新 型,7456,to bring forth new ideas; to blaze new trails,mold
基金 组织,7455,fund,to organize
与 世界,7455,variant of 歟|欤[yu2],world
形势 的,7450,circumstances,of; ~'s (possessive particle)
一 定,7449,one,to fix; to set; to make definite
的 规模,7448,of; ~'s (possessive particle),scale; scope; extent
的 个体,7445,of; ~'s (possessive particle),an individual
的 困难,7442,of; ~'s (possessive particle),difficult
最大 限度,7440,,limit
成为 一,7440,to become; to turn into,one
达到 了,7437,to reach; to achieve; to attain,(completed action marker)
了 世界,7436,(completed action marker),world
已经 成为,7434,already,to become; to turn into
储蓄 存款,7433,to save money (in a bank),to deposit money (in a bank etc)
制 的,7431,system,of; ~'s (possessive particle)
产品 或,7430,goods,maybe
可 再生,7426,(prefix) can; may; able to; -able,to be reborn
事件 的,7426,incident; event,of; ~'s (possessive particle)
的 旅游,7426,of; ~'s (possessive particle),trip
工程 的,7424,engineering,of; ~'s (possessive particle)
在 西方,7423,to exist; to be alive,the West
越 多,7423,generic word for peoples or states of south China or south Asia at different historical periods,many; much; more; a lot of
法律 体系,7422,law,system
服务 型,7421,to serve,mold
改善 民生,7421,to make better; to improve,people's livelihood
做 出,7420,to make; to produce,to go out; to come out
可以 从,7417,can,variant of 從|从[cong2]
显示 出,7417,to show,to go out; to come out
造成 了,7415,to bring about; to create; to cause,(completed action marker)
种 新,7410,seed,abbr. for Xinjiang 新疆[Xin1 jiang1]
站 在,7410,station,to exist; to be alive
主要 体现,7410,main; principal; major; primary,to embody
完善 的,7409,"(of systems, facilities etc) comprehensive",of; ~'s (possessive particle)
都 能,7408,surname Du,surname Neng
五 个,7408,five,used in 自個兒|自个儿[zi4 ge3 r5]
资源 配置,7404,see 資源縣|资源县[Zi1 yuan2 Xian4],to deploy
是 这样,7400,to be (followed by substantives only),this way; like this; so
采取 的,7400,"to adopt or carry out (measures, policies, course of action)",of; ~'s (possessive particle)
的 情绪,7399,of; ~'s (possessive particle),mood
出卖 人,7398,to offer for sale; to sell,person; people
和 政治,7395,old variant of 和[he2],politics
中国 大陆,7395,China,mainland China (reference to the PRC)
是 可以,7392,to be (followed by substantives only),can
的 动力,7392,of; ~'s (possessive particle),motive power
资金 来源,7391,funds; capital,source (of information etc)
面积 平方,7391,"area (of a floor, piece of land etc)","square (as in square foot, square mile, square root)"
与 此,7389,variant of 歟|欤[yu2],this; these
供应 链,7385,"to supply; to provide (goods, services etc)",chain
资本 主义,7383,capital (economics),-ism
企业 提供,7383,company; firm; enterprise; corporation,to offer
民族 国家,7383,nationality; ethnic group,country; nation; state
深圳 市,7381,see 深圳市[Shen1 zhen4 Shi4],market
大家 都,7380,everyone,surname Du
机械 总,7374,machine,(bound form) general; overall
农村 卫生,7372,rural area,hygienic; sanitary
一般 的,7370,same,of; ~'s (possessive particle)
诉讼 法,7369,lawsuit,variant of 法[fa3]
利润 的,7369,profits,of; ~'s (possessive particle)
条 的,7369,strip,of; ~'s (possessive particle)
和 改革,7367,old variant of 和[he2],reform
引起 的,7364,to give rise to; to lead to; to cause; to arouse,of; ~'s (possessive particle)
一致 的,7360,consistent; unanimous; in agreement,of; ~'s (possessive particle)
金融 监管,7359,banking,to oversee
因为 我,7359,because; owing to; on account of,I; me; my
行政 执法,7359,administration,to enforce a law
我国 社会,7359,my country; our country,society
社会 成员,7355,society,member
情 况,7354,(bound form) feelings; emotion; sentiment; passion,moreover
一 文,7352,one,surname Wen
意识 的,7350,consciousness; awareness,of; ~'s (possessive particle)
人们 对,7349,people,right; correct
大 了,7344,big; large; great,(completed action marker)
就业 人员,7340,to get a job,staff
对 台,7339,right; correct,Taiwan (abbr.)
精 神,7338,essence,God
也 不是,7338,surname Ye,no
不 大,7338,no; not so,big; large; great
我 不,7332,I; me; my,no; not so
在 这些,7330,to exist; to be alive,these
许多 人,7330,many,person; people
地 对,7328,-ly,right; correct
如果 是,7326,if; in case; in the event that,to be (followed by substantives only)
公有制 经济,7323,public ownership,economy
公共 财政,7321,public; common; communal,public finance; government finance
和 国际,7321,old variant of 和[he2],international
负债 表,7321,to be in debt,exterior surface
史 研究,7317,surname Shi,research
分 的,7315,to divide; to separate,of; ~'s (possessive particle)
的 方面,7306,of; ~'s (possessive particle),respect
事务 的,7306,"(political, economic etc) affairs",of; ~'s (possessive particle)
的 扩大,7304,of; ~'s (possessive particle),to expand
地球 物理,7301,the earth,physics
民族 文化,7301,nationality; ethnic group,culture
副 部长,7299,secondary,head of a (government etc) department
的 各项,7299,of; ~'s (possessive particle),
长期 以来,7298,long-term; for a protracted period,since (used after a specified time or event)
孩子 们,7296,child,"plural marker for pronouns, and nouns referring to individuals"
次 会议,7292,next in sequence,meeting
社会 公众,7292,society,public
实证 研究,7292,actual proof,research
人民 政,7291,the people,political
两岸 经济,7290,bilateral,economy
的 未来,7290,of; ~'s (possessive particle),future
基层 工会,7289,basic level,labor union; trade union
创意 产业,7285,creative,industry
几 十,7285,small table,ten
因为 他们,7282,because; owing to; on account of,they; them
时间 内,7281,(concept of) time,inside
会议 上,7281,meeting,used in 上聲|上声[shang3 sheng1]
的 速度,7277,of; ~'s (possessive particle),speed; rate; velocity; (music) tempo
最 优,7272,variant of 最[zui4],excellent
时期 内,7272,period,inside
的 信用,7271,of; ~'s (possessive particle),trustworthiness
资 产,7270,resources,to give birth
不 到,7269,no; not so,to reach; to arrive
留 下,7264,old variant of 留[liu2],down
政 策,7262,political,surname Ce
五 届,7253,five,to arrive at (place or time)
更 为,7251,to change or replace,as (in the capacity of)
上 半年,7251,used in 上聲|上声[shang3 sheng1],half a year
多数 人,7250,majority; most,person; people
基本 公共,7248,basic,public; common; communal
哈萨克 斯坦,7246,Kazakh ethnic group,
的 印象,7245,of; ~'s (possessive particle),impression (sth that stays in one's mind)
类 的,7245,kind; type; class; category,of; ~'s (possessive particle)
纳税 人,7240,to pay taxes,person; people
了 大量,7240,(completed action marker),great amount
月 二,7239,moon,two
等 部门,7236,to wait for; to await,department
社会 化,7236,society,variant of 花[hua1]
建设 小康,7234,to build; to construct; to establish; to develop; to institute,"Xiaokang, a Confucian near-ideal state of society, second only to Datong 大同[Da4 tong2]"
的 相互,7234,of; ~'s (possessive particle),each other
生态 文明,7231,ecology (the study of interactions between organisms and their environment),civilized
小 额,7230,small,variant of 額|额[e2]
的 形象,7221,of; ~'s (possessive particle),image
价值 观念,7219,value; worth,notion
进 一步,7218,to go forward,
形 成,7217,to appear,surname Cheng
举办 的,7217,to conduct; to hold (an event),of; ~'s (possessive particle)
也 可,7211,surname Ye,(prefix) can; may; able to; -able
的 经,7209,of; ~'s (possessive particle),surname Jing
成功 地,7208,to succeed,-ly
的 工具,7205,of; ~'s (possessive particle),tool
应 以,7202,surname Ying,old variant of 以[yi3]
社会 团体,7201,society,group
开 了,7198,to open (transitive or intransitive),(completed action marker)
的 群体,7198,of; ~'s (possessive particle),community
同时 又,7196,at the same time; simultaneously,(once) again
项 贷款,7195,surname Xiang,a loan
将 是,7194,will,to be (followed by substantives only)
主义 经济,7194,-ism,economy
转型 的,7193,to undergo fundamental change; to transition; to transform,of; ~'s (possessive particle)
战略 性,7192,strategy,nature
主义 国家,7188,-ism,country; nation; state
机构 和,7187,mechanism,old variant of 和[he2]
非常 重要,7185,very; really,important; significant; major
了 社会,7185,(completed action marker),society
新 时期,7184,abbr. for Xinjiang 新疆[Xin1 jiang1],period
典型 的,7182,model,of; ~'s (possessive particle)
地方 政府,7181,region,government
消费 支出,7180,"to consume (goods and services, resources etc)",to spend; to pay out
年 义务,7179,surname Nian,duty; obligation (CL:項|项[xiang4])
但 由于,7177,but; yet; however; still,due to
对 你,7175,right; correct,"you (informal, as opposed to courteous 您[nin2])"
的 健康,7174,of; ~'s (possessive particle),health
世纪 的,7174,century,of; ~'s (possessive particle)
云南 省,7171,see 雲南省|云南省[Yun2 nan2 Sheng3],to save; to economize; to be frugal
等 工作,7168,to wait for; to await,to work
一个 很,7166,a; an; one,very; quite
举办 了,7163,to conduct; to hold (an event),(completed action marker)
这 场,7163,(pronoun) this; these,threshing floor
也不 是,7162,,to be (followed by substantives only)
的 理想,7159,of; ~'s (possessive particle),an ideal
五 四,7156,five,four
稳定 性,7154,steady,nature
关于 加强,7153,pertaining to,to reinforce; to strengthen; to enhance
的 内部,7152,of; ~'s (possessive particle),interior
学者 的,7150,scholar,of; ~'s (possessive particle)
所 要,7149,actually,(bound form) to demand; to coerce
我们 也,7148,we; us; ourselves; our,surname Ye
服务 水平,7143,to serve,horizontal; level
较 少,7143,(bound form) to compare,few
纯 收入,7139,pure,to take in
工作 和,7138,to work,old variant of 和[he2]
较大 的,7138,comparatively large,of; ~'s (possessive particle)
环节 的,7136,"(zoology) segment (of the body of a worm, centipede etc)",of; ~'s (possessive particle)
分 行,7135,to divide; to separate,(bound form) row; line
教育 发展,7133,to educate,development
公共 政策,7133,public; common; communal,policy
的 民主,7132,of; ~'s (possessive particle),democracy
开发 利用,7132,to exploit (a resource); to open up (for development); to develop,to exploit
的 建立,7129,of; ~'s (possessive particle),to establish
性质 的,7128,nature,of; ~'s (possessive particle)
股份 有限,7126,a share (in a company),limited; finite
应 是,7122,surname Ying,to be (followed by substantives only)
的 产生,7116,of; ~'s (possessive particle),to arise; to come into being; to come about
链 的,7115,chain,of; ~'s (possessive particle)
企 事业,7111,(bound form) to stand on tiptoe and look; to anticipate; to look forward to,undertaking
严格 的,7110,strict; stringent; tight; rigorous,of; ~'s (possessive particle)
不 能,7110,no; not so,surname Neng
政治 上,7110,politics,used in 上聲|上声[shang3 sheng1]
重要 原因,7108,important; significant; major,cause
东方 周刊,7107,the East; the Orient,weekly publication
的 规,7106,of; ~'s (possessive particle),variant of 規|规[gui1]
现代 农业,7106,"Hyundai, South Korean company",agriculture
是 党,7104,to be (followed by substantives only),surname Dang
的 女性,7103,of; ~'s (possessive particle),woman
申请 人民,7102,to apply for sth,the people
在 当前,7101,to exist; to be alive,the present time
特色 的,7099,a characteristic; a distinctive feature or quality,of; ~'s (possessive particle)
普遍 服务,7097,universal,to serve
产业 和,7097,industry,old variant of 和[he2]
在 国家,7097,to exist; to be alive,country; nation; state
二 产业,7095,two,industry
坚实 的,7095,firm and substantial,of; ~'s (possessive particle)
一段 时间,7095,,(concept of) time
之 外,7089,"(possessive particle, literary equivalent of 的[de5])",outside
的 自主,7089,of; ~'s (possessive particle),to act independently; to be autonomous; to be in control of one's own affairs
改革 创新,7088,reform,to bring forth new ideas; to blaze new trails
的 倾向,7086,of; ~'s (possessive particle),trend
不 变,7083,no; not so,to change
嫌疑 人,7080,suspicion,person; people
体制 的,7079,system,of; ~'s (possessive particle)
突出 问题,7079,prominent,question
可靠 的,7078,reliable,of; ~'s (possessive particle)
着 中国,7078,variant of 著|着[zhao1],China
困难 的,7076,difficult,of; ~'s (possessive particle)
代表 性,7076,representative,nature
要 从,7073,(bound form) to demand; to coerce,variant of 從|从[cong2]
越来越 多,7072,more and more,many; much; more; a lot of
或者 说,7065,or,to persuade
党 风,7059,surname Dang,wind
或 服务,7059,maybe,to serve
百 万,7056,surname Bai,used in 万俟[Mo4 qi2]
和 促进,7053,old variant of 和[he2],to promote (an idea or cause); to advance; boost
化 部,7053,variant of 花[hua1],ministry
损失 的,7052,loss,of; ~'s (possessive particle)
处 五,7051,to reside,five
土地 承包,7050,land,to contract
的 含义,7049,of; ~'s (possessive particle),meaning (implicit in a phrase)
才 有,7049,ability; talent,to have; there is
台 商,7047,Taiwan (abbr.),Shang Dynasty (c. 1600–1046 BC)
基金 会,7046,fund,can; to have the skill; to know how to
北京 大学,7046,"Beijing municipality, capital of the People's Republic of China (short name 京[Jing1])","the Great Learning, one of the Four Books 四書|四书[Si4 shu1] in Confucianism"
抓 好,7044,to grab,good
危机 中,7043,crisis,(bound form) China; Chinese
的 著作,7042,of; ~'s (possessive particle),to write
这些 问题,7040,these,question
还 必须,7037,surname Huan,to have to
国务院 银行,7034,(PRC) State Council,bank
月 的,7033,moon,of; ~'s (possessive particle)
的 比较,7029,of; ~'s (possessive particle),to compare
发挥 了,7028,to display,(completed action marker)
你 在,7027,"you (informal, as opposed to courteous 您[nin2])",to exist; to be alive
投 资,7027,"to throw (sth in a specific direction: ball, javelin, grenade etc)",resources
和 新,7027,old variant of 和[he2],abbr. for Xinjiang 新疆[Xin1 jiang1]
收入 差距,7027,to take in,disparity; gap
代表 团,7026,representative,round
企业 管理,7024,company; firm; enterprise; corporation,to supervise
等 一,7022,to wait for; to await,one
国土 资源,7022,country's territory,see 資源縣|资源县[Zi1 yuan2 Xian4]
或 是,7022,maybe,to be (followed by substantives only)
银 行,7020,silver,(bound form) row; line
单位 数,7019,unit (of measure),to count
物 联网,7019,(bound form) thing,to connect (or be connected) to a network; to network
村民 委员会,7018,villager,committee; commission
环境 污染,7017,environment,(lit. and fig.) to pollute; to contaminate
的 损失,7015,of; ~'s (possessive particle),loss
认真 贯彻,7015,conscientious,to implement
独资 公司,7015,wholly-owned (often by foreign company),company; firm; corporation
及 压延,7014,and,
投资 基金,7009,investment,fund
的 大量,7007,of; ~'s (possessive particle),great amount
成为 中国,7005,to become; to turn into,China
之 内,7002,"(possessive particle, literary equivalent of 的[de5])",inside
的 沟通,7001,of; ~'s (possessive particle),to join; to connect; to link up
可以 是,6994,can,to be (followed by substantives only)
本 届,6994,(bound form) root; stem,to arrive at (place or time)
先进 的,6994,sophisticated; advanced (technology etc),of; ~'s (possessive particle)
的 动态,6989,of; ~'s (possessive particle),movement
的 感情,6988,of; ~'s (possessive particle),emotion; sentiment
服务 等,6985,to serve,to wait for; to await
企业 进行,6985,company; firm; enterprise; corporation,(of a process etc) to proceed; to be in progress; to be underway
自治 地方,6984,autonomy,region
的 成果,6982,of; ~'s (possessive particle),result
小学 在,6980,elementary school; primary school,to exist; to be alive
经济 责任,6977,economy,responsibility; duty; liability
世博 会,6976,"abbr. for 世界博覽會|世界博览会[Shi4 jie4 Bo2 lan3 hui4], World Expo",can; to have the skill; to know how to
问题 时,6976,question,old variant of 時|时[shi2]
工业 和,6976,industry,old variant of 和[he2]
九 次,6975,nine,next in sequence
七 条,6974,seven,strip
成为 世界,6974,to become; to turn into,world
转移 的,6973,to shift; to relocate; to transfer,of; ~'s (possessive particle)
告诉 我们,6971,to press charges; to file a complaint,we; us; ourselves; our
教育 培训,6971,to educate,to cultivate
效率 的,6969,efficiency,of; ~'s (possessive particle)
呈现 出,6968,to appear,to go out; to come out
预期 的,6966,to expect,of; ~'s (possessive particle)
地 将,6965,-ly,will
和 提高,6963,old variant of 和[he2],to raise
原因 是,6961,cause,to be (followed by substantives only)
任何 人,6960,any; whatever; whichever,person; people
阐述 了,6959,to expound (a position),(completed action marker)
所 面临,6955,actually,to face sth; to be confronted with
的 这个,6954,of; ~'s (possessive particle),(pronoun) this
地 进行,6952,-ly,(of a process etc) to proceed; to be in progress; to be underway
企业 发展,6950,company; firm; enterprise; corporation,development
没有 人,6948,haven't,person; people
职能 部门,6947,function,department
级 以上,6945,level,that level or higher; that amount or more
是 没有,6945,to be (followed by substantives only),haven't
投入 的,6944,to throw into,of; ~'s (possessive particle)
刑事 诉讼,6944,criminal; penal,lawsuit
上 一,6939,used in 上聲|上声[shang3 sheng1],one
取得 新,6936,to acquire; to get; to obtain,abbr. for Xinjiang 新疆[Xin1 jiang1]
我们 就,6935,we; us; ourselves; our,(after a suppositional clause) in that case; then
和 产品,6934,old variant of 和[he2],goods
的 立场,6934,of; ~'s (possessive particle),position
类似 的,6924,similar; analogous,of; ~'s (possessive particle)
的 现,6924,of; ~'s (possessive particle),to appear
小 的,6924,small,of; ~'s (possessive particle)
中国 文化,6921,China,culture
职业 生涯,6921,occupation; profession; vocation,career
用户 的,6920,user,of; ~'s (possessive particle)
使 我,6915,to make,I; me; my
出 一,6914,to go out; to come out,one
只有 在,6913,only have ...; there is only ...,to exist; to be alive
改变 了,6906,to change,(completed action marker)
和 人民,6904,old variant of 和[he2],the people
也是 一个,6901,,a; an; one
图 层,6898,diagram,to pile on top of one another
中 获得,6897,(bound form) China; Chinese,to obtain; to receive; to get
发达 国家,6897,well-developed; flourishing,country; nation; state
仅仅 是,6897,barely,to be (followed by substantives only)
是 国家,6891,to be (followed by substantives only),country; nation; state
的 理念,6890,of; ~'s (possessive particle),idea
和 方法,6889,old variant of 和[he2],method; way; technique; procedure
各自 的,6886,each,of; ~'s (possessive particle)
所 述,6886,actually,(bound form) to state; to tell; to narrate; to relate
组织 在,6885,to organize,to exist; to be alive
紧 围绕,6885,tight,to revolve around
真实 的,6885,true; real,of; ~'s (possessive particle)
区域 经济,6882,area,economy
了 很多,6881,(completed action marker),
美国 和,6877,United States; USA; US,old variant of 和[he2]
政府 在,6876,government,to exist; to be alive
对外 贸易,6875,external,(commercial) trade
准备 金,6874,preparation,surname Jin
大陆 的,6872,mainland China (reference to the PRC),of; ~'s (possessive particle)
与 人,6871,variant of 歟|欤[yu2],person; people
维护 社会,6870,to defend,society
主要 年份,6866,main; principal; major; primary,particular year
可以 为,6865,can,as (in the capacity of)
已经 有,6859,already,to have; there is
统一 战线,6858,to unify; to integrate,battle line
水 资源,6856,surname Shui,see 資源縣|资源县[Zi1 yuan2 Xian4]
没有 得到,6855,haven't,to get; to obtain; to receive
我们 必须,6852,we; us; ourselves; our,to have to
的 干部,6850,of; ~'s (possessive particle),cadre
结构 性,6850,structure,nature
密切 的,6849,close; intimate,of; ~'s (possessive particle)
的 区域,6847,of; ~'s (possessive particle),area
审计 人员,6847,to audit,staff
分析 和,6846,to analyze,old variant of 和[he2]
如果 没有,6845,if; in case; in the event that,haven't
我 就,6842,I; me; my,(after a suppositional clause) in that case; then
区域 土地,6841,area,land
让 他,6839,to yield,"(third-person singular) (since the early 20th century, usu. male) he; him; his"
的 解决,6838,of; ~'s (possessive particle),to solve; to resolve; to settle (a problem)
农民 的,6837,peasant; farmer,of; ~'s (possessive particle)
较高 的,6832,,of; ~'s (possessive particle)
的 讲话,6832,of; ~'s (possessive particle),a speech
库 区,6832,warehouse,surname Ou
了 较,6831,(completed action marker),(bound form) to compare
三 农,6831,surname San,surname Nong
万千 瓦特,6831,myriad,(loanword) watt
老年 人,6830,elderly,person; people
价值 链,6830,value; worth,chain
真 的,6830,really,of; ~'s (possessive particle)
的 广告,6830,of; ~'s (possessive particle),to advertise
应 在,6824,surname Ying,to exist; to be alive
不 符合,6823,no; not so,in accordance with; to agree with; to conform to; to meet (a requirement)
满意 度,6823,satisfied,to pass
医药 管理,6823,medical care and medicines,to supervise
的 命运,6822,of; ~'s (possessive particle),fate; destiny
相当 于,6819,equivalent to,surname Yu
其他 国家,6816,other,country; nation; state
的 最高,6816,of; ~'s (possessive particle),tallest
前所未有 的,6815,(idiom) unprecedented,of; ~'s (possessive particle)
方 面,6815,surname Fang,face
宣传 教育,6814,to disseminate,to educate
弱势 群体,6813,vulnerable,community
这些 人,6811,these,person; people
效益 的,6811,benefit,of; ~'s (possessive particle)
全国 政协,6809,whole nation,CPPCC (Chinese People's Political Consultative Conference)
实际 的,6809,reality,of; ~'s (possessive particle)
的 就业,6809,of; ~'s (possessive particle),to get a job
技术 水平,6808,technology; technique; skill,horizontal; level
农业 机械,6808,agriculture,machine
设计 的,6805,to design; to plan,of; ~'s (possessive particle)
领导 班子,6804,lead,organized group
的 集中,6803,of; ~'s (possessive particle),to concentrate
广大 人民,6802,(of an area) vast or extensive,the people
能 力,6801,surname Neng,surname Li
多 方面,6799,many; much; more; a lot of,respect
提供 服务,6799,to offer,to serve
建设 工作,6794,to build; to construct; to establish; to develop; to institute,to work
参加 了,6790,to participate,(completed action marker)
年 我国,6790,surname Nian,my country; our country
城市 发展,6788,city; town,development
不可 避免,6788,cannot; should not; must not,to avert
的 模式,6788,of; ~'s (possessive particle),mode; pattern; model
中国 气象,6788,China,meteorological condition; weather
爆炸 物品,6786,explosion,articles; goods
队伍 建设,6785,ranks,to build; to construct; to establish; to develop; to institute
有 学者,6784,to have; there is,scholar
制造 费用,6780,to manufacture; to make,cost
经济 理论,6780,economy,theory
自由 贸易,6779,freedom; liberty,(commercial) trade
在 产品,6776,to exist; to be alive,goods
促 进,6772,(bound form) of short duration; hasty; rapid,to go forward
也 很,6765,surname Ye,very; quite
是 市场,6765,to be (followed by substantives only),marketplace; market; bazaar
预算 的,6763,budget,of; ~'s (possessive particle)
可以 用,6761,can,to use; to make use of; to employ
政府 部门,6760,government,department
研究 院,6760,research,courtyard
总额 的,6756,total (amount or value),of; ~'s (possessive particle)
的 区别,6756,of; ~'s (possessive particle),difference
扎实 推进,6756,strong,to impel
所有者 权益,6755,proprietor,rights
这 两个,6754,(pronoun) this; these,
的 支出,6749,of; ~'s (possessive particle),to spend; to pay out
不断 的,6749,unceasing,of; ~'s (possessive particle)
是 世界,6748,to be (followed by substantives only),world
的 单位,6746,of; ~'s (possessive particle),unit (of measure)
使 他,6743,to make,"(third-person singular) (since the early 20th century, usu. male) he; him; his"
本 单位,6742,(bound form) root; stem,unit (of measure)
理性 的,6740,reason,of; ~'s (possessive particle)
经济 研究,6740,economy,research
的 工资,6736,of; ~'s (possessive particle),wages; pay
持续 性,6731,to continue; to last; to persist,nature
通过 了,6729,to pass through; to get through,(completed action marker)
在 政治,6728,to exist; to be alive,politics
小说 的,6727,novel,of; ~'s (possessive particle)
用 来,6727,to use; to make use of; to employ,to come
扩大 内需,6727,to expand,domestic demand
税务 局,6726,taxation services,narrow
年 中国,6726,surname Nian,China
技术 产业,6726,technology; technique; skill,industry
的 关注,6726,of; ~'s (possessive particle),to pay attention to; to follow sth closely; to follow (on social media)
也 必须,6725,surname Ye,to have to
可行 的,6724,feasible,of; ~'s (possessive particle)
等 国,6723,to wait for; to await,surname Guo
七 届,6723,seven,to arrive at (place or time)
年代 末,6723,a decade of a century (e.g. the Sixties),variant of 麼|么[me5]
现代 的,6722,"Hyundai, South Korean company",of; ~'s (possessive particle)
委员会 个,6722,committee; commission,used in 自個兒|自个儿[zi4 ge3 r5]
不过 是,6721,only,to be (followed by substantives only)
好 了,6720,good,(completed action marker)
早 在,6718,early,to exist; to be alive
的 供给,6718,of; ~'s (possessive particle),to furnish
性 文件,6716,nature,document
的 多,6713,of; ~'s (possessive particle),many; much; more; a lot of
监 局,6713,to supervise,narrow
的 进步,6713,of; ~'s (possessive particle),progress; improvement
创新 能力,6712,to bring forth new ideas; to blaze new trails,capability
经济 平稳,6710,economy,smooth; steady
众多 的,6710,numerous,of; ~'s (possessive particle)
充分 利用,6709,ample,to exploit
的 一般,6704,of; ~'s (possessive particle),same
拥有 的,6703,to have; to possess; to own,of; ~'s (possessive particle)
优惠 政策,6700,privilege,policy
科技 进步,6699,science and technology,progress; improvement
科技 部,6699,science and technology,ministry
专利 权,6698,patent,surname Quan
年 至,6698,surname Nian,to arrive
移 地,6693,to move,-ly
时间 和,6692,(concept of) time,old variant of 和[he2]
两 次,6690,two,next in sequence
的 融资,6687,of; ~'s (possessive particle),financing
产 品,6686,to give birth,(bound form) article; commodity; product; goods
社会 保险,6686,society,insurance
的 批判,6678,of; ~'s (possessive particle),to criticize
责任 追究,6676,responsibility; duty; liability,to investigate
在 为,6675,to exist; to be alive,as (in the capacity of)
万 平方米,6674,used in 万俟[Mo4 qi2],square meter
的 必要,6674,of; ~'s (possessive particle),necessary
乡镇 企业,6673,townships and towns (collective term for the two principal township-level administrative divisions),company; firm; enterprise; corporation
很 强,6670,very; quite,surname Qiang
任务 的,6670,mission; assignment; task; duty; role,of; ~'s (possessive particle)
使 他们,6668,to make,they; them
使 之,6668,to make,"(possessive particle, literary equivalent of 的[de5])"
生 活,6668,to grow; to give birth; to produce; to be born,to live
年末 金融,6666,end of the year,banking
功能 的,6665,function; capability,of; ~'s (possessive particle)
生产 者,6664,to produce; to manufacture,(after a verb or adjective) one who (is) ...
组 委,6662,to form,surname Wei
社会 科学院,6661,society,academy of sciences
水 行政,6658,surname Shui,administration
目前 我国,6656,at the present time,my country; our country
生活 保障,6656,to live,to ensure
医疗 保障,6655,medical treatment,to ensure
语言 的,6653,language,of; ~'s (possessive particle)
司法 鉴定,6652,judicial,"to examine sth to determine its authenticity, quality, value etc; to appraise; to evaluate; to authenticate"
迅速 发展,6651,rapid,development
的 行业,6651,of; ~'s (possessive particle),trade; profession; industry; business
很 可能,6651,very; quite,might (happen)
是 不可,6650,to be (followed by substantives only),cannot; should not; must not
理解 为,6647,to comprehend; to understand,as (in the capacity of)
总 书记,6646,(bound form) general; overall,secretary (chief official of a branch of a socialist or communist party)
同时 也是,6646,at the same time; simultaneously,
起 的,6643,to rise,of; ~'s (possessive particle)
第二 次,6638,second,next in sequence
其中 包括,6633,among,to comprise
重庆 市,6632,Chongqing municipality (short name 渝[Yu2]),market
编辑 部,6632,to edit,ministry
发现 了,6632,to notice; to become aware of,(completed action marker)
风险 投资,6630,risk; hazard,investment
的 计算,6629,of; ~'s (possessive particle),to calculate; to compute
人民 公社,6628,the people,commune
电子 商务,6628,electronic,commercial affairs
这 部分,6626,(pronoun) this; these,part; portion; piece
的 内涵,6626,of; ~'s (possessive particle),meaningful content
的 灵魂,6624,of; ~'s (possessive particle),soul
会 和,6623,can; to have the skill; to know how to,old variant of 和[he2]
的 例子,6621,of; ~'s (possessive particle),case
普通 中学,6620,common,middle school
了 在,6620,(completed action marker),to exist; to be alive
一条 为了,6620,,for; for the purpose of; in order to
给 你,6619,to,"you (informal, as opposed to courteous 您[nin2])"
发挥 着,6619,to display,variant of 著|着[zhao1]
任何 一个,6619,any; whatever; whichever,a; an; one
为 重点,6614,as (in the capacity of),to recount (e.g. results of election)
增值 税,6610,to appreciate (financially),taxes
因为 它,6610,because; owing to; on account of,it
行政 机关,6609,administration,mechanism; gear
单纯 的,6607,simple,of; ~'s (possessive particle)
的 客户,6606,of; ~'s (possessive particle),client; customer
的 背景,6603,of; ~'s (possessive particle),background; backdrop; context
六 条,6602,six,strip
经济 危机,6601,economy,crisis
为 的,6600,as (in the capacity of),of; ~'s (possessive particle)
新 一,6597,abbr. for Xinjiang 新疆[Xin1 jiang1],one
还 要,6596,surname Huan,(bound form) to demand; to coerce
仍然 是,6596,still; as before; yet,to be (followed by substantives only)
和 非,6595,old variant of 和[he2],"abbr. for 非洲[Fei1 zhou1], Africa"
一 歩,6594,one,old variant of 步[bu4]
在 全球,6594,to exist; to be alive,the whole world
的 距离,6593,of; ~'s (possessive particle),distance
相对 较,6593,relatively,(bound form) to compare
战争 的,6591,war; conflict,of; ~'s (possessive particle)
年末 单位,6591,end of the year,unit (of measure)
的 状况,6588,of; ~'s (possessive particle),condition; state; situation
规定 了,6588,to stipulate; to specify; to prescribe; to fix (a price); to set (a quota),(completed action marker)
的 热情,6581,of; ~'s (possessive particle),cordial
现 阶段,6581,to appear,stage
高 层次,6579,surname Gao,layer
直辖市 人民,6575,"municipality, namely: Beijing 北京, Tianjin 天津, Shanghai 上海 and Chongqing 重慶|重庆, the first level administrative subdivision",the people
煤矿 安全,6574,coal mine,safe; secure
层面 的,6573,aspect; facet,of; ~'s (possessive particle)
中国 是,6572,China,to be (followed by substantives only)
一 时期,6571,one,period
的 长期,6569,of; ~'s (possessive particle),long-term; for a protracted period
关于 进一步,6567,pertaining to,to go a step further
特有 的,6567,specific (to),of; ~'s (possessive particle)
要 的,6564,(bound form) to demand; to coerce,of; ~'s (possessive particle)
和 执行,6564,old variant of 和[he2],to implement
三峡 库,6561,"Three Gorges on the Chang Jiang or Yangtze, namely: Qutang Gorge 瞿塘峽|瞿塘峡[Qu2 tang2 Xia2], Wuxia Gorge 巫峽|巫峡[Wu1 Xia2] and Xiling Gorge 西陵峽|西陵峡[Xi1 ling2 Xia2]",warehouse
解决 了,6561,to solve; to resolve; to settle (a problem),(completed action marker)
不断 增强,6561,unceasing,to increase
一 问题,6560,one,question
这 时,6558,(pronoun) this; these,old variant of 時|时[shi2]
各 单位,6557,each,unit (of measure)
管理 学,6545,to supervise,to learn
大 发展,6544,big; large; great,development
企业 集团,6544,company; firm; enterprise; corporation,group
的 讨论,6544,of; ~'s (possessive particle),to discuss; to talk over
文化 和,6541,culture,old variant of 和[he2]
多年 来,6539,many years,to come
年 开始,6539,surname Nian,to begin; to start
承包 经营,6537,to contract,to engage in (business etc); to run; to operate
年轻 的,6536,young,of; ~'s (possessive particle)
对 他们,6534,right; correct,they; them
在 公司,6533,to exist; to be alive,company; firm; corporation
权利 的,6532,right (i.e. an entitlement to sth),of; ~'s (possessive particle)
客观 上,6532,objective,used in 上聲|上声[shang3 sheng1]
在 自己,6527,to exist; to be alive,oneself; (attributive) one's own
的 成就,6526,of; ~'s (possessive particle),accomplishment
消费 量,6526,"to consume (goods and services, resources etc)",to measure
预算 支出,6522,budget,to spend; to pay out
创造 出,6521,to create,to go out; to come out
不 平等,6521,no; not so,equal
顾客 的,6521,customer; client,of; ~'s (possessive particle)
四条 行政,6520,four of a kind,administration
探讨 了,6518,to investigate,(completed action marker)
事故 技术,6518,accident,technology; technique; skill
资 源,6513,resources,root
思想 和,6512,thought,old variant of 和[he2]
了 一种,6511,(completed action marker),one kind of; one type of
年 下,6510,surname Nian,down
秘书 长,6510,secretary,long
需 要,6509,to require,(bound form) to demand; to coerce
进行 研究,6508,(of a process etc) to proceed; to be in progress; to be underway,research
体 制,6507,used in 體己|体己[ti1 ji5],system
业 金融,6505,surname Ye,banking
单位 犯罪,6502,unit (of measure),to commit a crime
出版 的,6501,to publish,of; ~'s (possessive particle)
形象 的,6498,image,of; ~'s (possessive particle)
毫 无,6497,hair,used in 南無|南无[na1 mo2]
第 五,6495,"(prefix indicating ordinal number, as in 第六[di4 liu4] ""sixth"")",five
设备 的,6494,equipment; facilities; installations,of; ~'s (possessive particle)
他 就,6493,"(third-person singular) (since the early 20th century, usu. male) he; him; his",(after a suppositional clause) in that case; then
征地 农民,6492,to requisition land,peasant; farmer
年代 中期,6486,a decade of a century (e.g. the Sixties),middle (of a period of time)
产权 战略,6485,property right,strategy
政府 对,6484,government,right; correct
国有 经济,6483,nationalized,economy
的 处理,6482,of; ~'s (possessive particle),to handle; to deal with
使 我们,6479,to make,we; us; ourselves; our
的 程序,6478,of; ~'s (possessive particle),procedures
不 再,6475,no; not so,again; once more; re-
标志 着,6475,sign; mark; symbol; logo,variant of 著|着[zhao1]
二 元,6474,two,surname Yuan
的 转变,6471,of; ~'s (possessive particle),to change
访 华,6470,(bound form) to seek by inquiry,abbr. for China
质量 和,6469,(physics) mass,old variant of 和[he2]
党 政,6468,surname Dang,political
让 人,6468,to yield,person; people
农业 产业,6467,agriculture,industry
这个 意义,6467,(pronoun) this,sense
政治 局,6467,politics,narrow
扩大 了,6466,to expand,(completed action marker)
情况 行政,6465,circumstances; state of affairs; situation,administration
显然 是,6461,clearly; evidently; obviously,to be (followed by substantives only)
目标 和,6460,target,old variant of 和[he2]
不 确定性,6460,no; not so,determinacy
学术 研究,6457,learning,research
价值 取向,6455,value; worth,orientation
了 中,6454,(completed action marker),(bound form) China; Chinese
了 重大,6452,(completed action marker),great
本 条例,6450,(bound form) root; stem,regulations; rules; code of conduct; ordinances; statutes
运营 商,6450,to be in operation,Shang Dynasty (c. 1600–1046 BC)
利用 外资,6450,to exploit,foreign investment; foreign capital
收养 性,6449,"to take in and care for (an elderly person, a dog etc)",nature
了 市场,6449,(completed action marker),marketplace; market; bazaar
为 他,6446,as (in the capacity of),"(third-person singular) (since the early 20th century, usu. male) he; him; his"
资本 市场,6446,capital (economics),marketplace; market; bazaar
九 六,6445,nine,six
产权 制度,6442,property right,"system (e.g. political, adminstrative etc)"
的 平台,6442,of; ~'s (possessive particle),platform
县 乡,6441,county,country or countryside
产权 法,6437,property right,variant of 法[fa3]
收入 万,6437,to take in,used in 万俟[Mo4 qi2]
地区 生产,6435,region; area (informal or geographical term),to produce; to manufacture
他 自己,6434,"(third-person singular) (since the early 20th century, usu. male) he; him; his",oneself; (attributive) one's own
人 民,6433,person; people,surname Min
的 反应,6432,of; ~'s (possessive particle),to react
成员 的,6432,member,of; ~'s (possessive particle)
保障 和,6431,to ensure,old variant of 和[he2]
看 作,6431,to look after,(bound form) worker
工作 任务,6429,to work,mission; assignment; task; duty; role
不 需要,6428,no; not so,to need; to want; to demand; to require
财务 收,6427,financial affairs; finance,to receive
的 电子,6423,of; ~'s (possessive particle),electronic
文明 建设,6422,civilized,to build; to construct; to establish; to develop; to institute
土地 面积,6421,land,"area (of a floor, piece of land etc)"
共同 发展,6420,common,development
发行 的,6415,to publish; to issue; to release; to distribute,of; ~'s (possessive particle)
次 现代化,6415,next in sequence,modernization
的 开发,6414,of; ~'s (possessive particle),to exploit (a resource); to open up (for development); to develop
于 中国,6411,surname Yu,China
在 许多,6407,to exist; to be alive,many
把 他,6406,to hold; to grasp,"(third-person singular) (since the early 20th century, usu. male) he; him; his"
是 你,6406,to be (followed by substantives only),"you (informal, as opposed to courteous 您[nin2])"
村 委,6405,village,surname Wei
的 国有,6404,of; ~'s (possessive particle),nationalized
立法 的,6401,to enact laws; to legislate,of; ~'s (possessive particle)
收入 水平,6399,to take in,horizontal; level
和 保障,6399,old variant of 和[he2],to ensure
他们 对,6399,they; them,right; correct
主义 者,6398,-ism,(after a verb or adjective) one who (is) ...
采取 了,6397,"to adopt or carry out (measures, policies, course of action)",(completed action marker)
的 一面,6396,of; ~'s (possessive particle),one side
在 与,6395,to exist; to be alive,variant of 歟|欤[yu2]
的 兴趣,6394,of; ~'s (possessive particle),interest (desire to know about sth)
的 统计,6394,of; ~'s (possessive particle),statistics
合作 关系,6392,to cooperate; to collaborate; to work together,relation; relationship; connection
的 大型,6391,of; ~'s (possessive particle),large
也 对,6391,surname Ye,right; correct
人民 调解,6391,the people,to mediate
历史 和,6390,history,old variant of 和[he2]
经济 环境,6389,economy,environment
被 认为,6389,quilt,to believe; to think; to consider; to feel
的 描述,6389,of; ~'s (possessive particle),to describe
的 优秀,6388,of; ~'s (possessive particle),outstanding; excellent
还 需要,6386,surname Huan,to need; to want; to demand; to require
因 此,6386,old variant of 因[yin1],this; these
是 人们,6384,to be (followed by substantives only),people
狠 抓,6383,ruthless; fierce; ferocious,to grab
国内 生产,6382,domestic,to produce; to manufacture
世 界,6381,surname Shi,(bound form) boundary; border
消费者 的,6380,consumer,of; ~'s (possessive particle)
期 的,6380,variant of 期[qi1],of; ~'s (possessive particle)
学习 型,6377,to learn; to study,mold
我 会,6377,I; me; my,can; to have the skill; to know how to
的 系统,6376,of; ~'s (possessive particle),system
物 的,6375,(bound form) thing,of; ~'s (possessive particle)
方 式,6375,surname Fang,type
的 执行,6371,of; ~'s (possessive particle),to implement
月 至,6370,moon,to arrive
需 的,6370,to require,of; ~'s (possessive particle)
国有 及,6370,nationalized,and
支出 万,6369,to spend; to pay out,used in 万俟[Mo4 qi2]
交易 成本,6369,to deal; to trade; to transact,"(manufacturing, production etc) costs"
综合 性,6367,comprehensive,nature
大 对,6365,big; large; great,right; correct
家庭 的,6365,family; household,of; ~'s (possessive particle)
新 技术,6363,abbr. for Xinjiang 新疆[Xin1 jiang1],technology; technique; skill
程 中,6363,surname Cheng,(bound form) China; Chinese
遭 到,6361,to suffer; to meet with (usu. misfortune),to reach; to arrive
的 发,6360,of; ~'s (possessive particle),to send out
新兴 产业,6360,see 新興縣|新兴县[Xin1 xing1 Xian4],industry
工商 联,6356,industry and commerce,(bound form) to ally oneself with; to unite; to combine; to join
要 进一步,6354,(bound form) to demand; to coerce,to go a step further
强制 性,6354,to force; to compel; to coerce,nature
经济 工作,6352,economy,to work
书 中,6351,abbr. for 書經|书经[Shu1 jing1],(bound form) China; Chinese
在 第,6350,to exist; to be alive,"(prefix indicating ordinal number, as in 第六[di4 liu4] ""sixth"")"
至 关,6347,to arrive,surname Guan
差异 性,6346,difference; discrepancy,nature
过 多,6344,surname Guo,many; much; more; a lot of
实 践,6343,real,to fulfill (a promise)
一个 企业,6343,a; an; one,company; firm; enterprise; corporation
额 贷款,6338,variant of 額|额[e2],a loan
的 和平,6338,of; ~'s (possessive particle),peace
你 要,6336,"you (informal, as opposed to courteous 您[nin2])",(bound form) to demand; to coerce
管理 信息,6335,to supervise,information; news; message
年 同期,6335,surname Nian,the corresponding time period (in a different year etc)
九 条,6334,nine,strip
涉及 的,6333,to involve; to relate to; to concern; to touch upon,of; ~'s (possessive particle)
在 具体,6333,to exist; to be alive,concrete; specific; detailed
研究 中心,6332,research,center; heart; core
然后 单,6330,then; after that; afterwards,surname Shan
改革 与,6328,reform,variant of 歟|欤[yu2]
基 础,6327,(bound form) base; foundation,foundation
的 两,6325,of; ~'s (possessive particle),two
审计 的,6325,to audit,of; ~'s (possessive particle)
产品 质量,6325,goods,(physics) mass
对 中,6320,right; correct,(bound form) China; Chinese
学术 界,6319,learning,(bound form) boundary; border
对 人,6319,right; correct,person; people
监管 的,6316,to oversee,of; ~'s (possessive particle)
额 万,6316,variant of 額|额[e2],used in 万俟[Mo4 qi2]
告诉 我,6315,to press charges; to file a complaint,I; me; my
方面 也,6314,respect,surname Ye
意 见,6313,(bound form) idea; thought; meaning; sense,to see
特殊 性,6309,special,nature
实力 的,6307,strength,of; ~'s (possessive particle)
虽然 在,6305,although; even though (often used correlatively with 可是[ke3 shi4] or 但是[dan4 shi4] etc),to exist; to be alive
经济 关系,6303,economy,relation; relationship; connection
和 有关,6303,old variant of 和[he2],to have sth to do with
群体 的,6300,community,of; ~'s (possessive particle)
各 族,6300,each,race
罗 尔,6298,surname Luo,variant of 爾|尔[er3]
地 反映,6297,-ly,to mirror
要 求,6296,(bound form) to demand; to coerce,to seek
根本 上,6296,fundamental,used in 上聲|上声[shang3 sheng1]
发生 在,6294,"to happen; to occur; to take place; to arise (e.g. 發生問題|发生问题[fa1 sheng1 wen4 ti2] ""a problem arises"")",to exist; to be alive
的 以,6293,of; ~'s (possessive particle),old variant of 以[yi3]
另 一种,6291,other,one kind of; one type of
被 审计,6288,quilt,to audit
项目 管理,6288,item; project; (sports) event,to supervise
地 发挥,6287,-ly,to display
带来 了,6287,to bring,(completed action marker)
导致 了,6287,to lead to; to create; to cause; to bring about,(completed action marker)
集体 合同,6286,collective (decision),contract; agreement
财务 管理,6286,financial affairs; finance,to supervise
在 这样,6284,to exist; to be alive,this way; like this; so
民族 主义,6284,nationality; ethnic group,-ism
的 心灵,6283,of; ~'s (possessive particle),bright
的 斗争,6282,of; ~'s (possessive particle),a struggle
编辑部 电话,6280,,telephone
质 的,6279,character,of; ~'s (possessive particle)
的 良好,6279,of; ~'s (possessive particle),good
保持 了,6279,to keep,(completed action marker)
提供 者,6275,to offer,(after a verb or adjective) one who (is) ...
的 宣传,6275,of; ~'s (possessive particle),to disseminate
人员 和,6275,staff,old variant of 和[he2]
有力 地,6274,powerful,-ly
之 类,6273,"(possessive particle, literary equivalent of 的[de5])",kind; type; class; category
都 必须,6266,surname Du,to have to
水平 和,6266,horizontal; level,old variant of 和[he2]
年 是,6265,surname Nian,to be (followed by substantives only)
企业 改革,6263,company; firm; enterprise; corporation,reform
年 起,6263,surname Nian,to rise
很 高,6262,very; quite,surname Gao
国务院 专利,6262,(PRC) State Council,patent
中 存在,6261,(bound form) China; Chinese,to exist
导致 的,6260,to lead to; to create; to cause; to bring about,of; ~'s (possessive particle)
被 称为,6259,quilt,"to be called; to be known as; to call it ""..."""
乡村 从业,6258,rustic,to practice (a trade)
了 几,6257,(completed action marker),small table
这 对,6256,(pronoun) this; these,right; correct
总 动力,6255,(bound form) general; overall,motive power
旅游 产品,6254,trip,goods
即使 在,6254,even if; even though,to exist; to be alive
其他 企业,6253,other,company; firm; enterprise; corporation
均 增长,6252,(bound form) equal; uniform; even,to grow; to increase
组织 机构,6250,to organize,mechanism
许可 法,6250,to allow,variant of 法[fa3]
新兴 市场,6249,see 新興縣|新兴县[Xin1 xing1 Xian4],marketplace; market; bazaar
的 文,6246,of; ~'s (possessive particle),surname Wen
一个 社会,6243,a; an; one,society
为 其,6243,as (in the capacity of),his
这里 的,6242,variant of 這裡|这里[zhe4 li3],of; ~'s (possessive particle)
实质 性,6241,substance,nature
国务院 关于,6241,(PRC) State Council,pertaining to
出 入境,6236,to go out; to come out,to enter a country
增长 方式,6236,to grow; to increase,way; method; manner; mode; pattern (of behavior etc)
文化 是,6236,culture,to be (followed by substantives only)
工 委,6236,work,surname Wei
是 中,6235,to be (followed by substantives only),(bound form) China; Chinese
的 年,6234,of; ~'s (possessive particle),surname Nian
以 及,6232,old variant of 以[yi3],and
服务 工作,6231,to serve,to work
出现 在,6231,to appear,to exist; to be alive
着 经济,6230,variant of 著|着[zhao1],economy
项目 和,6230,item; project; (sports) event,old variant of 和[he2]
只有 这样,6229,only have ...; there is only ...,this way; like this; so
的 机构,6228,of; ~'s (possessive particle),mechanism
单位 从业,6223,unit (of measure),to practice (a trade)
的 心态,6222,of; ~'s (possessive particle),attitude (of the heart)
的 动机,6221,of; ~'s (possessive particle),motive; motivation
人 人,6220,person; people,person; people
生产 企业,6214,to produce; to manufacture,company; firm; enterprise; corporation
很 有,6214,very; quite,to have; there is
的 力度,6213,of; ~'s (possessive particle),strength
老龄 化,6212,old age,variant of 花[hua1]
在 他们,6212,to exist; to be alive,they; them
社会 矛盾,6212,society,contradiction
其他 人,6208,other,person; people
年 平均,6207,surname Nian,average; on average
居民 收入,6207,resident; inhabitant,to take in
内 资,6206,inside,resources
信息 产业,6204,information; news; message,industry
基本 养老,6202,basic,to provide for the elderly (family members)
建立 的,6200,to establish,of; ~'s (possessive particle)
这 些,6199,(pronoun) this; these,"classifier indicating a small amount or small number greater than 1: some, a few, several"
的 客观,6198,of; ~'s (possessive particle),objective
你 可以,6198,"you (informal, as opposed to courteous 您[nin2])",can
环 境,6198,surname Huan,border
却 没有,6195,old variant of 卻|却[que4],haven't
让 他们,6193,to yield,they; them
和 解决,6192,old variant of 和[he2],to solve; to resolve; to settle (a problem)
和 政策,6190,old variant of 和[he2],policy
有 一天,6188,to have; there is,
的 协调,6187,of; ~'s (possessive particle),to coordinate
对 本,6187,right; correct,(bound form) root; stem
首 次,6187,head,next in sequence
我 看,6187,I; me; my,to look after
以后 的,6186,after,of; ~'s (possessive particle)
了 他们,6186,(completed action marker),they; them
贸易 壁垒,6185,(commercial) trade,rampart
发展 起来,6185,development,to stand up; to get up
研究 表明,6185,research,to make clear
合法 权益,6181,lawful,rights
发展 经济,6174,development,economy
有些 人,6173,some,person; people
全面 的,6172,all-around,of; ~'s (possessive particle)
城乡 规划,6170,city and countryside,to draw up a plan; to map out a program
的 网络,6170,of; ~'s (possessive particle),network
专业 技术,6170,specialty,technology; technique; skill
的 转型,6168,of; ~'s (possessive particle),to undergo fundamental change; to transition; to transform
家 企业,6168,used in 傢伙|家伙[jia1 huo5] and 傢俱|家俱[jia1 ju4],company; firm; enterprise; corporation
的 农业,6167,of; ~'s (possessive particle),agriculture
给 他,6167,to,"(third-person singular) (since the early 20th century, usu. male) he; him; his"
建设 等,6163,to build; to construct; to establish; to develop; to institute,to wait for; to await
社会 生活,6163,society,to live
的 名义,6159,of; ~'s (possessive particle),name
的 营销,6157,of; ~'s (possessive particle),marketing
要素 的,6155,essential factor,of; ~'s (possessive particle)
生存 和,6153,to exist,old variant of 和[he2]
必须 在,6153,to have to,to exist; to be alive
关 重要,6152,surname Guan,important; significant; major
上 了,6152,used in 上聲|上声[shang3 sheng1],(completed action marker)
的 重,6149,of; ~'s (possessive particle),to repeat
在 上,6148,to exist; to be alive,used in 上聲|上声[shang3 sheng1]
主要 原因,6148,main; principal; major; primary,cause
了 从,6147,(completed action marker),variant of 從|从[cong2]
必须 坚持,6145,to have to,to persevere with
从 中国,6144,variant of 從|从[cong2],China
国家 有关,6143,country; nation; state,to have sth to do with
他们 是,6142,they; them,to be (followed by substantives only)
人均 纯,6142,per capita; averaged per person,pure
台湾 问题,6140,variant of 臺灣|台湾[Tai2 wan1],question
的 深入,6139,of; ~'s (possessive particle),to penetrate deeply
政府 投资,6138,government,investment
居民 的,6138,resident; inhabitant,of; ~'s (possessive particle)
生活 水平,6138,to live,horizontal; level
的 双重,6137,of; ~'s (possessive particle),double
的 小说,6136,of; ~'s (possessive particle),novel
都 应该,6135,surname Du,ought to; should; must
贝 马,6134,surname Bei,surname Ma
占 全国,6134,variant of 占[zhan4],whole nation
如 表,6133,as,exterior surface
生产 成本,6133,to produce; to manufacture,"(manufacturing, production etc) costs"
我国 在,6133,my country; our country,to exist; to be alive
开放 和,6132,to bloom,old variant of 和[he2]
这 一切,6132,(pronoun) this; these,everything
龙头 企业,6128,faucet; tap,company; firm; enterprise; corporation
不 稳定,6127,no; not so,steady
国内 市场,6126,domestic,marketplace; market; bazaar
指 的,6124,finger,of; ~'s (possessive particle)
如何 在,6121,how,to exist; to be alive
们 在,6121,"plural marker for pronouns, and nouns referring to individuals",to exist; to be alive
不 同,6121,no; not so,like
应当 按照,6118,should; ought to,according to; in accordance with; on the basis of
经理 人,6117,manager,person; people
农 业,6115,surname Nong,surname Ye
开发 的,6115,to exploit (a resource); to open up (for development); to develop,of; ~'s (possessive particle)
具有 重要,6115,to have; to possess,important; significant; major
在 文化,6112,to exist; to be alive,culture
犯罪 嫌疑,6112,to commit a crime,suspicion
历史 性,6112,history,nature
的 逻辑,6111,of; ~'s (possessive particle),(loanword) logic
的 学,6111,of; ~'s (possessive particle),to learn
和 利用,6109,old variant of 和[he2],to exploit
经济 业务,6109,economy,business
者 在,6107,(after a verb or adjective) one who (is) ...,to exist; to be alive
一些 国家,6106,some; a few; a little; (following an adjective) slightly ...er,country; nation; state
上 最,6106,used in 上聲|上声[shang3 sheng1],variant of 最[zui4]
检察 官,6104,to inspect,surname Guan
的 分配,6102,of; ~'s (possessive particle),to distribute
的 培训,6100,of; ~'s (possessive particle),to cultivate
民主 的,6098,democracy,of; ~'s (possessive particle)
不 一样,6095,no; not so,same
文化 创意,6092,culture,creative
我 对,6092,I; me; my,right; correct
甚至 是,6092,even; so much so that,to be (followed by substantives only)
在 的,6090,to exist; to be alive,of; ~'s (possessive particle)
单 位,6090,surname Shan,position
财政 部门,6089,public finance; government finance,department
被 称,6087,quilt,to fit; to match; to suit
财务 报告,6086,financial affairs; finance,to inform
的 对外,6085,of; ~'s (possessive particle),external
来自 于,6084,to come from (a place),surname Yu
我 知道,6084,I; me; my,to know; to become aware of
就是 对,6083,exactly; precisely,right; correct
风险 管理,6081,risk; hazard,to supervise
建设 社会,6080,to build; to construct; to establish; to develop; to institute,society
生命 周期,6080,life (as the characteristic of living beings),period
医药 工作,6079,medical care and medicines,to work
的 多元,6079,of; ~'s (possessive particle),poly-
中 也,6078,(bound form) China; Chinese,surname Ye
也 使,6078,surname Ye,to make
的 身体,6077,of; ~'s (possessive particle),the body
受到 了,6076,"to receive (praise, an education, punishment etc); to be ...ed (praised, educated, punished etc)",(completed action marker)
危 机,6075,surname Wei,surname Ji
的 事物,6074,of; ~'s (possessive particle),thing; object
实际 工作,6073,reality,to work
地 向,6073,-ly,surname Xiang
方法 和,6072,method; way; technique; procedure,old variant of 和[he2]
所 具有,6071,actually,to have; to possess
主要 集中,6069,main; principal; major; primary,to concentrate
申请 人,6068,to apply for sth,person; people
师范 大学,6067,teacher-training,"the Great Learning, one of the Four Books 四書|四书[Si4 shu1] in Confucianism"
率 达,6065,(bound form) ratio; rate; proportion,surname Da
珠 三角,6064,bead,triangle
必要 性,6064,necessary,nature
神 的,6063,God,of; ~'s (possessive particle)
对 我们,6062,right; correct,we; us; ourselves; our
大型 企业,6061,large,company; firm; enterprise; corporation
这 部,6057,(pronoun) this; these,ministry
发展 到,6056,development,to reach; to arrive
红 十字,6056,surname Hong,cross road
福建 省,6056,see 福建省[Fu2 jian4 Sheng3],to save; to economize; to be frugal
国际 贸易,6055,international,(commercial) trade
又 要,6055,(once) again,(bound form) to demand; to coerce
揭示 了,6051,to reveal; to elucidate; to set forth; to articulate,(completed action marker)
非 公,6050,"abbr. for 非洲[Fei1 zhou1], Africa",public
独立 性,6049,independent,nature
的 信,6048,of; ~'s (possessive particle),letter
种 不同,6047,seed,different
为 中国,6047,as (in the capacity of),China
限度 地,6047,limit,-ly
地方 立法,6047,region,to enact laws; to legislate
加害 人,6045,to injure,person; people
企业 所得税,6045,company; firm; enterprise; corporation,income tax
分配 的,6044,to distribute,of; ~'s (possessive particle)
的 感受,6042,of; ~'s (possessive particle),to sense
的 全国,6041,of; ~'s (possessive particle),whole nation
投资 额,6040,investment,variant of 額|额[e2]
城市 和,6037,city; town,old variant of 和[he2]
参与 的,6033,to participate (in sth),of; ~'s (possessive particle)
本 研究,6033,(bound form) root; stem,research
的 外,6032,of; ~'s (possessive particle),outside
公民 社会,6031,citizen,society
结构 和,6031,structure,old variant of 和[he2]
变成 了,6031,to change into,(completed action marker)
观念 和,6026,notion,old variant of 和[he2]
青海 省,6024,see 青海省[Qing1 hai3 Sheng3],to save; to economize; to be frugal
心理 学,6024,psychology; mentality,to learn
的 巿,6022,of; ~'s (possessive particle),(literary) variant of 韍|韨[fu2]
有 机会,6021,to have; there is,opportunity
发展 了,6020,development,(completed action marker)
的 依赖,6019,of; ~'s (possessive particle),to depend on; to be dependent on
乡村 户,6018,rustic,a household
改 革,6013,to change,animal hide
覆盖 面,6013,to cover,face
刊 记者,6012,to print,reporter; journalist
为 导向,6012,as (in the capacity of),to be oriented towards
市场 主体,6012,marketplace; market; bazaar,main part
较 小,6011,(bound form) to compare,small
的 实证,6011,of; ~'s (possessive particle),actual proof
要 解决,6010,(bound form) to demand; to coerce,to solve; to resolve; to settle (a problem)
的 在,6010,of; ~'s (possessive particle),to exist; to be alive
金 的,6009,surname Jin,of; ~'s (possessive particle)
为 主题,6008,as (in the capacity of),theme
快 的,6008,rapid,of; ~'s (possessive particle)
的 成绩,6006,of; ~'s (possessive particle),achievement
和 生活,6005,old variant of 和[he2],to live
届 五,6004,to arrive at (place or time),five
理论 与,6003,theory,variant of 歟|欤[yu2]
的 理由,6003,of; ~'s (possessive particle),reason
我们 都,6002,we; us; ourselves; our,surname Du
着 社会,6002,variant of 著|着[zhao1],society
巴 以,6001,"Ba, a state during the Zhou dynasty (in present-day Chongqing and the eastern part of Sichuan)",old variant of 以[yi3]
发现 的,6001,to notice; to become aware of,of; ~'s (possessive particle)
或者 是,6000,or,to be (followed by substantives only)
应收 账款,6000,(of a sum of money etc) receivable,money in an account
平方 公里,5999,"square (as in square foot, square mile, square root)",kilometer
的 职责,5998,of; ~'s (possessive particle),duty
评价 指标,5998,to evaluate,(production) target; quota
你 有,5997,"you (informal, as opposed to courteous 您[nin2])",to have; there is
忽视 了,5996,to neglect; to overlook; to disregard; to ignore,(completed action marker)
的 时,5996,of; ~'s (possessive particle),old variant of 時|时[shi2]
的 预算,5996,of; ~'s (possessive particle),budget
竞争 情报,5993,to compete,information; intelligence
系列 的,5992,series,of; ~'s (possessive particle)
问 责,5991,to ask; to inquire,duty
理想 的,5991,an ideal,of; ~'s (possessive particle)
代理 人,5991,to act on behalf of sb in a responsible position,person; people
性 单位,5990,nature,unit (of measure)
的 领域,5988,of; ~'s (possessive particle),domain; sphere; field; territory; area
贸易 区,5988,(commercial) trade,surname Ou
生产 能力,5987,to produce; to manufacture,capability
的 市,5987,of; ~'s (possessive particle),market
支配 收入,5986,to control,to take in
的 产物,5985,of; ~'s (possessive particle),product
并 于,5985,and,surname Yu
日常 生活,5984,day-to-day; daily; everyday,to live
审计 项目,5983,to audit,item; project; (sports) event
山东 省,5983,see 山東省|山东省[Shan1 dong1 Sheng3],to save; to economize; to be frugal
中国 化,5982,China,variant of 花[hua1]
儿童 的,5981,child,of; ~'s (possessive particle)
的 提出,5980,of; ~'s (possessive particle),to raise (an issue)
传 统,5980,to pass on,to gather
满意 的,5979,satisfied,of; ~'s (possessive particle)
电子 信息,5979,electronic,information; news; message
的 合法,5978,of; ~'s (possessive particle),lawful
的 决议,5978,of; ~'s (possessive particle),a resolution
行政 法,5978,administration,variant of 法[fa3]
保护 的,5977,to protect,of; ~'s (possessive particle)
它 在,5976,it,to exist; to be alive
工业 总,5976,industry,(bound form) general; overall
使 中国,5975,to make,China
指标 的,5974,(production) target; quota,of; ~'s (possessive particle)
旅游 资源,5972,trip,see 資源縣|资源县[Zi1 yuan2 Xian4]
此 类,5972,this; these,kind; type; class; category
的 伟大,5969,of; ~'s (possessive particle),huge; great; grand; worthy of the greatest admiration; important (contribution etc)
乡镇 卫生,5968,townships and towns (collective term for the two principal township-level administrative divisions),hygienic; sanitary
规 范,5964,variant of 規|规[gui1],pattern
力量 的,5962,power; force; strength,of; ~'s (possessive particle)
职工 代表,5961,employee; staff member; worker,representative
女性 的,5961,woman,of; ~'s (possessive particle)
年 在,5958,surname Nian,to exist; to be alive
以 提高,5957,old variant of 以[yi3],to raise
反 垄断,5956,contrary,to monopolize
应该 说,5956,ought to; should; must,to persuade
前 款,5954,front,section
经济 建设,5953,economy,to build; to construct; to establish; to develop; to institute
的 投,5953,of; ~'s (possessive particle),"to throw (sth in a specific direction: ball, javelin, grenade etc)"
政治 工作,5952,politics,to work
国务院 药品,5950,(PRC) State Council,medicaments
的 声音,5949,of; ~'s (possessive particle),sound; voice
国家 级,5949,country; nation; state,level
居民 家庭,5947,resident; inhabitant,family; household
这个 世界,5946,(pronoun) this,world
以及 其他,5945,and; as well as,other
的 意志,5944,of; ~'s (possessive particle),will; willpower; determination
的 教师,5943,of; ~'s (possessive particle),teacher
三 人,5940,surname San,person; people
应当 是,5940,should; ought to,to be (followed by substantives only)
调 整,5938,to transfer,(bound form) whole; complete; entire; (before a measure word) whole; (before or after number + measure word) exactly
民主 管理,5934,democracy,to supervise
也 会,5934,surname Ye,can; to have the skill; to know how to
等 活动,5933,to wait for; to await,to exercise; to move about; to work out
东部 地区,5932,the east,region; area (informal or geographical term)
的 与,5930,of; ~'s (possessive particle),variant of 歟|欤[yu2]
六 十条,5926,six,
资产 评估,5923,property,to evaluate
是 把,5923,to be (followed by substantives only),to hold; to grasp
的 十,5922,of; ~'s (possessive particle),ten
资料 的,5922,material,of; ~'s (possessive particle)
为 经济,5920,as (in the capacity of),economy
理论 上,5920,theory,used in 上聲|上声[shang3 sheng1]
了 农村,5917,(completed action marker),rural area
开始 了,5916,to begin; to start,(completed action marker)
人民 政协,5916,the people,CPPCC (Chinese People's Political Consultative Conference)
在 你,5913,to exist; to be alive,"you (informal, as opposed to courteous 您[nin2])"
吸引 力,5910,to attract; to appeal to; to fascinate,surname Li
的 主,5910,of; ~'s (possessive particle),owner
中 去,5910,(bound form) China; Chinese,to go
组织 建设,5910,to organize,to build; to construct; to establish; to develop; to institute
的 居民,5910,of; ~'s (possessive particle),resident; inhabitant
了 这个,5909,(completed action marker),(pronoun) this
八 条,5909,eight,strip
列 入,5909,to arrange,to enter; to go into
实践 科学,5907,practice,science
间 存在,5907,between,to exist
房地产 开发,5906,real estate,to exploit (a resource); to open up (for development); to develop
即使 是,5904,even if; even though,to be (followed by substantives only)
年 年底,5903,surname Nian,the end of the year
型 企业,5901,mold,company; firm; enterprise; corporation
其 在,5901,his,to exist; to be alive
西方 的,5899,the West,of; ~'s (possessive particle)
投资 粮食,5897,investment,foodstuff
通则 第,5897,general rule,"(prefix indicating ordinal number, as in 第六[di4 liu4] ""sixth"")"
组织 结构,5896,to organize,structure
这 在,5896,(pronoun) this; these,to exist; to be alive
北 京,5895,north,surname Jing
统计 指标,5894,statistics,(production) target; quota
的 必然,5894,of; ~'s (possessive particle),inevitable
首先 是,5893,first of all; in the first place,to be (followed by substantives only)
重要 思想,5892,important; significant; major,thought
一 大,5890,one,big; large; great
产 业,5889,to give birth,surname Ye
就 是,5888,(after a suppositional clause) in that case; then,to be (followed by substantives only)
有 多少,5888,to have; there is,number; amount
岗 职工,5888,variant of 岡|冈 [gang1],employee; staff member; worker
总 户,5886,(bound form) general; overall,a household
当事人 的,5886,persons involved or implicated; party (to an affair),of; ~'s (possessive particle)
才 会,5885,ability; talent,can; to have the skill; to know how to
国家 安全,5885,country; nation; state,safe; secure
方案 的,5883,plan,of; ~'s (possessive particle)
民族 平等,5882,nationality; ethnic group,equal
中国 农村,5882,China,rural area
进行 分析,5882,(of a process etc) to proceed; to be in progress; to be underway,to analyze
相 适应,5881,surname Xiang,to adapt
是 建立,5881,to be (followed by substantives only),to establish
的 改变,5881,of; ~'s (possessive particle),to change
企业 要,5880,company; firm; enterprise; corporation,(bound form) to demand; to coerce
的 工业,5880,of; ~'s (possessive particle),industry
实 现,5879,real,to appear
的 粮食,5879,of; ~'s (possessive particle),foodstuff
和 资本,5879,old variant of 和[he2],capital (economics)
以 人,5878,old variant of 以[yi3],person; people
注意 的,5876,to take note of; to pay attention to,of; ~'s (possessive particle)
他 也,5875,"(third-person singular) (since the early 20th century, usu. male) he; him; his",surname Ye
这样 一,5875,this way; like this; so,one
政策 措施,5874,policy,measure
住房 保障,5872,housing,to ensure
鼓励 和,5872,to encourage,old variant of 和[he2]
环境 影响,5871,environment,influence
在 该,5869,to exist; to be alive,should
和 组织,5869,old variant of 和[he2],to organize
人 际,5868,person; people,border
的 思考,5868,of; ~'s (possessive particle),to reflect on
这 本,5867,(pronoun) this; these,(bound form) root; stem
民用 爆炸,5867,(for) civilian use,explosion
的 这种,5865,of; ~'s (possessive particle),this kind of
了 以,5863,(completed action marker),old variant of 以[yi3]
证券 公司,5860,negotiable security (financial),company; firm; corporation
公司 上海,5858,company; firm; corporation,Shanghai municipality (short name 滬|沪[Hu4])
国务院 办公,5858,(PRC) State Council,to handle official business (usu. in an office); to do (office) work
行动 的,5856,operation,of; ~'s (possessive particle)
共处 五,5856,to coexist,five
不 多,5855,no; not so,many; much; more; a lot of
高度 的,5853,height,of; ~'s (possessive particle)
公布 自,5852,variant of 公布[gong1 bu4],(bound form) self; oneself
用户 户,5848,user,a household
中 来,5848,(bound form) China; Chinese,to come
绩效 的,5846,performance,of; ~'s (possessive particle)
责任 制,5846,responsibility; duty; liability,system
会计 核算,5845,accountant,to calculate
对 这些,5845,right; correct,these
的 运动,5844,of; ~'s (possessive particle),to move
着 我国,5841,variant of 著|着[zhao1],my country; our country
的 帮助,5841,of; ~'s (possessive particle),assistance; aid
他 还,5840,"(third-person singular) (since the early 20th century, usu. male) he; him; his",surname Huan
教育 资源,5839,to educate,see 資源縣|资源县[Zi1 yuan2 Xian4]
的 说法,5838,of; ~'s (possessive particle),to expound Buddhist teachings
级 卫生,5838,level,hygienic; sanitary
结构 中,5837,structure,(bound form) China; Chinese
一 开始,5837,one,to begin; to start
养老 金,5836,to provide for the elderly (family members),surname Jin
和 环境,5836,old variant of 和[he2],environment
廉 租,5836,old variant of 廉[lian2],to hire
当 我们,5834,(onom.) dong,we; us; ourselves; our
中 西部,5833,(bound form) China; Chinese,western part
第二 产业,5832,second,industry
倍 以下,5832,"(two, three etc) -fold",that level or lower
为 两,5831,as (in the capacity of),two
政府 管理,5831,government,to supervise
的 预测,5830,of; ~'s (possessive particle),to forecast
许可 决定,5829,to allow,to decide; to determine; to make up one's mind
有 不同,5828,to have; there is,different
委员会 的,5827,committee; commission,of; ~'s (possessive particle)
的 债务,5826,of; ~'s (possessive particle),debt
的 完善,5826,of; ~'s (possessive particle),"(of systems, facilities etc) comprehensive"
要 以,5825,(bound form) to demand; to coerce,old variant of 以[yi3]
联系 的,5825,variant of 聯繫|联系[lian2 xi4],of; ~'s (possessive particle)
按照 国家,5822,according to; in accordance with; on the basis of,country; nation; state
机 构,5822,surname Ji,variant of 構|构[gou4]
能 够,5821,surname Neng,enough (sufficient)
抗震 救灾,5818,anti-seismic measures,to relieve disaster
的 建筑,5818,of; ~'s (possessive particle),to construct
近 几,5815,near,small table
政府 工作,5815,government,to work
党 史,5814,surname Dang,surname Shi
的 主流,5814,of; ~'s (possessive particle),main stream (of a river)
审计 工作,5813,to audit,to work
血吸虫 病,5813,schistosoma,illness
同 时,5812,like,old variant of 時|时[shi2]
对 这个,5812,right; correct,(pronoun) this
制 片,5812,system,disk
的 爱,5811,of; ~'s (possessive particle),to love; to be fond of; to like
事 业,5805,matter,surname Ye
小 城镇,5804,small,town
和 竞争,5802,old variant of 和[he2],to compete
要 按照,5802,(bound form) to demand; to coerce,according to; in accordance with; on the basis of
包括 了,5801,to comprise,(completed action marker)
贡献 率,5800,to contribute,(bound form) ratio; rate; proportion
在内 的,5800,(included) in it,of; ~'s (possessive particle)
的 新型,5799,of; ~'s (possessive particle),new type; new kind
和 中,5798,old variant of 和[he2],(bound form) China; Chinese
条 保险,5797,strip,insurance
是 根据,5796,to be (followed by substantives only),according to
保障 性,5795,to ensure,nature
法 是,5794,variant of 法[fa3],to be (followed by substantives only)
采用 的,5794,to adopt,of; ~'s (possessive particle)
更好 的,5794,,of; ~'s (possessive particle)
在 香港,5794,to exist; to be alive,"Hong Kong, special administrative region (SAR) of the PRC (short name 港[Gang3])"
和 地方,5793,old variant of 和[he2],region
实践 教学,5793,practice,to teach
在 生产,5791,to exist; to be alive,to produce; to manufacture
的 出版,5791,of; ~'s (possessive particle),to publish
因为 在,5790,because; owing to; on account of,to exist; to be alive
货币 的,5790,currency,of; ~'s (possessive particle)
进步 的,5786,progress; improvement,of; ~'s (possessive particle)
的 焦点,5782,of; ~'s (possessive particle),(lit. and fig.) focal point; focus
倾向 于,5782,trend,surname Yu
党员 干部,5779,party member,cadre
已 在,5778,already,to exist; to be alive
的 充分,5778,of; ~'s (possessive particle),ample
一 类,5777,one,kind; type; class; category
在 国内,5777,to exist; to be alive,domestic
湖北 省,5776,see 湖北省[Hu2 bei3 Sheng3],to save; to economize; to be frugal
的 人类,5776,of; ~'s (possessive particle),humanity
在 以,5775,to exist; to be alive,old variant of 以[yi3]
非 公有,5774,"abbr. for 非洲[Fei1 zhou1], Africa",publicly owned
很好 的,5774,,of; ~'s (possessive particle)
居民 储蓄,5772,resident; inhabitant,to save money (in a bank)
特点 的,5772,characteristic; trait; feature,of; ~'s (possessive particle)
危险 的,5771,danger,of; ~'s (possessive particle)
唯 一,5771,only,one
法律 规范,5769,law,norm
帝国 主义,5768,empire,-ism
人民 解放军,5767,the people,People's Liberation Army (PRC armed forces) (abbr. for 中國人民解放軍|中国人民解放军[Zhong1 guo2 Ren2 min2 Jie3 fang4 jun1])
管理 条例,5767,to supervise,regulations; rules; code of conduct; ordinances; statutes
原则 是,5766,principle,to be (followed by substantives only)
实践 的,5764,practice,of; ~'s (possessive particle)
我 自己,5763,I; me; my,oneself; (attributive) one's own
其 所,5763,his,actually
阶段 性,5763,stage,nature
新 局面,5762,abbr. for Xinjiang 新疆[Xin1 jiang1],aspect
必 将,5760,certainly,will
的 研发,5760,of; ~'s (possessive particle),research and development
贯彻 执行,5760,to implement,to implement
的 农民,5759,of; ~'s (possessive particle),peasant; farmer
严格 执行,5757,strict; stringent; tight; rigorous,to implement
化 经营,5757,variant of 花[hua1],to engage in (business etc); to run; to operate
届 通过,5755,to arrive at (place or time),to pass through; to get through
的 义务,5755,of; ~'s (possessive particle),duty; obligation (CL:項|项[xiang4])
因 为,5755,old variant of 因[yin1],as (in the capacity of)
不 相同,5753,no; not so,identical; same
的 变动,5752,of; ~'s (possessive particle),to change
发 挥,5750,to send out,to wave
利益 相关,5750,benefit,related
率 为,5748,(bound form) ratio; rate; proportion,as (in the capacity of)
上 说,5748,used in 上聲|上声[shang3 sheng1],to persuade
农村 地区,5747,rural area,region; area (informal or geographical term)
的 依据,5747,of; ~'s (possessive particle),according to
城镇 固定,5746,town,to fix
而 不能,5746,and,cannot
防 控,5745,to protect,to control
的 主题,5744,of; ~'s (possessive particle),theme
总 是,5739,(bound form) general; overall,to be (followed by substantives only)
被 人,5738,quilt,person; people
原来 的,5738,original; former,of; ~'s (possessive particle)
认同 的,5736,to approve of,of; ~'s (possessive particle)
哈 贝,5733,"abbr. for 哈薩克斯坦|哈萨克斯坦[Ha1 sa4 ke4 si1 tan3], Kazakhstan",surname Bei
监察 部,5731,to supervise,ministry
集团 的,5728,group,of; ~'s (possessive particle)
许可 证,5728,to allow,to admonish
美 国,5727,(bound form) the Americas (abbr. for 美洲[Mei3 zhou1]),surname Guo
的 指标,5726,of; ~'s (possessive particle),(production) target; quota
民营 化,5725,"privately run (i.e. by a company, not the state)",variant of 花[hua1]
批准 的,5724,to approve; to ratify,of; ~'s (possessive particle)
医药 事业,5724,medical care and medicines,undertaking
哈 马,5723,"abbr. for 哈薩克斯坦|哈萨克斯坦[Ha1 sa4 ke4 si1 tan3], Kazakhstan",surname Ma
级 公安,5723,level,see 公安縣|公安县[Gong1 an1 Xian4]
具有 较,5722,to have; to possess,(bound form) to compare
发展 新,5722,development,abbr. for Xinjiang 新疆[Xin1 jiang1]
发展 规律,5720,development,rule (e.g. of science)
所 带,5720,actually,band
可能 导致,5720,might (happen),to lead to; to create; to cause; to bring about
办公 厅,5719,to handle official business (usu. in an office); to do (office) work,(reception) hall
日 在,5717,(bound form) sun,to exist; to be alive
发展 社会,5715,development,society
能源 消费,5714,energy sources; energy,"to consume (goods and services, resources etc)"
人口 和,5714,population,old variant of 和[he2]
但 从,5714,but; yet; however; still,variant of 從|从[cong2]
的 人民,5713,of; ~'s (possessive particle),the people
证监 会,5713,,can; to have the skill; to know how to
的 习惯,5711,of; ~'s (possessive particle),habit
天 的,5711,day,of; ~'s (possessive particle)
结果 的,5710,to bear fruit,of; ~'s (possessive particle)
配置 的,5709,to deploy,of; ~'s (possessive particle)
完 成,5709,to finish,surname Cheng
但是 在,5706,but; however,to exist; to be alive
价 值,5705,(literary) messenger; servant,value
下 半年,5705,down,half a year
投资 收益,5704,investment,earnings
区域 的,5702,area,of; ~'s (possessive particle)
年 增加,5702,surname Nian,to raise; to increase
才 能够,5701,ability; talent,to be capable of
完全 可以,5700,complete; whole,can
女 职工,5700,female,employee; staff member; worker
会 导致,5696,can; to have the skill; to know how to,to lead to; to create; to cause; to bring about
万 户,5696,used in 万俟[Mo4 qi2],a household
国外 的,5691,abroad,of; ~'s (possessive particle)
利润 总额,5691,profits,total (amount or value)
来 讲,5688,to come,to speak
额 的,5685,variant of 額|额[e2],of; ~'s (possessive particle)
调 查,5685,to transfer,surname Zha
福利 收养,5683,benefit (provided by an employer or organization),"to take in and care for (an elderly person, a dog etc)"
均等 化,5683,equal; impartial; fair,variant of 花[hua1]
软 实力,5683,soft,strength
规模 杀伤,5681,scale; scope; extent,to kill or injure
方式 进行,5677,way; method; manner; mode; pattern (of behavior etc),(of a process etc) to proceed; to be in progress; to be underway
伦理 学,5676,ethics,to learn
股东 的,5675,shareholder,of; ~'s (possessive particle)
工会 组织,5675,labor union; trade union,to organize
贸易 顺差,5674,(commercial) trade,(trade or budget) surplus
利益 关系,5674,benefit,relation; relationship; connection
的 人力,5673,of; ~'s (possessive particle),manpower
也 不会,5673,surname Ye,improbable
销售 的,5671,to sell,of; ~'s (possessive particle)
唯一 的,5670,only; sole,of; ~'s (possessive particle)
使 自己,5669,to make,oneself; (attributive) one's own
结果 是,5668,to bear fruit,to be (followed by substantives only)
问题 研究,5666,question,research
管理 学院,5665,to supervise,college
稳定 和,5662,steady,old variant of 和[he2]
产品 销售,5660,goods,to sell
碳 排放,5660,carbon (chemistry),to arrange in order
司法 制度,5659,judicial,"system (e.g. political, adminstrative etc)"
奠定 了,5657,to establish,(completed action marker)
和 研究,5654,old variant of 和[he2],research
部 的,5654,ministry,of; ~'s (possessive particle)
发展 趋势,5653,development,trend; tendency
基层 组织,5653,basic level,to organize
对 农民,5652,right; correct,peasant; farmer
是 比较,5652,to be (followed by substantives only),to compare
的 今天,5649,of; ~'s (possessive particle),today
二 百,5648,two,surname Bai
相 对于,5647,surname Xiang,regarding; as far as (sth) is concerned; with regard to
总理 温,5647,premier,surname Wen
直接 的,5647,direct (opposite: indirect 間接|间接[jian4 jie1]),of; ~'s (possessive particle)
与 之,5646,variant of 歟|欤[yu2],"(possessive particle, literary equivalent of 的[de5])"
就 业,5645,(after a suppositional clause) in that case; then,surname Ye
为 我国,5644,as (in the capacity of),my country; our country
产权 交易,5643,property right,to deal; to trade; to transact
到 一,5643,to reach; to arrive,one
财 政,5642,money,political
起 了,5641,to rise,(completed action marker)
义务 机关,5640,duty; obligation (CL:項|项[xiang4]),mechanism; gear
以 保证,5639,old variant of 以[yi3],guarantee
社会 公平,5639,society,fair
越 高,5638,generic word for peoples or states of south China or south Asia at different historical periods,surname Gao
对 金融,5638,right; correct,banking
省 政府,5637,to save; to economize; to be frugal,government
与 管理,5637,variant of 歟|欤[yu2],to supervise
企业 是,5636,company; firm; enterprise; corporation,to be (followed by substantives only)
技术 进步,5635,technology; technique; skill,progress; improvement
的 为,5635,of; ~'s (possessive particle),as (in the capacity of)
一个 有,5635,a; an; one,to have; there is
有 一种,5634,to have; there is,one kind of; one type of
在 这一,5632,to exist; to be alive,
种 观点,5632,seed,point of view
可 分为,5632,(prefix) can; may; able to; -able,to divide sth into (parts); to subdivide
中小 企,5629,,(bound form) to stand on tiptoe and look; to anticipate; to look forward to
集体 企业,5629,collective (decision),company; firm; enterprise; corporation
占 全,5629,variant of 占[zhan4],surname Quan
的 困境,5628,of; ~'s (possessive particle),predicament; plight
社会 事业,5628,society,undertaking
的 职工,5627,of; ~'s (possessive particle),employee; staff member; worker
让 自己,5624,to yield,oneself; (attributive) one's own
世界 贸易,5623,world,(commercial) trade
方式 和,5623,way; method; manner; mode; pattern (of behavior etc),old variant of 和[he2]
运作 的,5623,to operate,of; ~'s (possessive particle)
服务 平台,5622,to serve,platform
粮食 流通,5620,foodstuff,to circulate; to distribute
己 的,5620,self,of; ~'s (possessive particle)
方向 发展,5620,direction; orientation,development
切实 加强,5619,feasible,to reinforce; to strengthen; to enhance
按 登记,5619,to press,to register (one's name)
保险 基金,5619,insurance,fund
紧密 结合,5618,inseparably close,to combine
企业 个,5616,company; firm; enterprise; corporation,used in 自個兒|自个儿[zi4 ge3 r5]
度 的,5616,to pass,of; ~'s (possessive particle)
条 公安,5614,strip,see 公安縣|公安县[Gong1 an1 Xian4]
人 员,5614,person; people,(bound form) person engaged in a certain field of activity
失业 保险,5612,unemployment,insurance
的 途径,5611,of; ~'s (possessive particle),way; means; channel
学习 和,5610,to learn; to study,old variant of 和[he2]
接受 的,5608,"to accept (a suggestion, punishment, bribe etc); to acquiesce",of; ~'s (possessive particle)
人均 可,5606,per capita; averaged per person,(prefix) can; may; able to; -able
管理 是,5605,to supervise,to be (followed by substantives only)
群体 性,5603,community,nature
的 制造,5603,of; ~'s (possessive particle),to manufacture; to make
社会 公共,5602,society,public; common; communal
的 合同,5602,of; ~'s (possessive particle),contract; agreement
的 关联,5600,of; ~'s (possessive particle),to be related; to be connected
营业 收入,5597,to do business,to take in
也 为,5596,surname Ye,as (in the capacity of)
平等 的,5596,equal,of; ~'s (possessive particle)
八 十,5595,eight,ten
他们 也,5594,they; them,surname Ye
支持 下,5593,to be in favor of,down
反 补贴,5593,contrary,to subsidize
的 进,5590,of; ~'s (possessive particle),to go forward
创业 的,5590,to begin an undertaking; to start an enterprise,of; ~'s (possessive particle)
这 样,5589,(pronoun) this; these,manner
商 的,5589,Shang Dynasty (c. 1600–1046 BC),of; ~'s (possessive particle)
不 一定,5586,no; not so,surely; certainly; definitely
规律 的,5585,rule (e.g. of science),of; ~'s (possessive particle)
院 长,5583,courtyard,long
任 务,5583,surname Ren,affair
金融 资产,5580,banking,property
邮 编,5579,post (office),to weave
若干 意见,5578,a certain number or amount,idea
会 出现,5577,can; to have the skill; to know how to,to appear
来源 于,5575,source (of information etc),surname Yu
湖南 省,5574,see 湖南省[Hu2 nan2 Sheng3],to save; to economize; to be frugal
在 不,5573,to exist; to be alive,no; not so
引导 和,5573,to guide,old variant of 和[he2]
有 相当,5569,to have; there is,equivalent to
保障 普通,5569,to ensure,common
的 特,5569,of; ~'s (possessive particle),special
和 维护,5565,old variant of 和[he2],to defend
比较 文学,5565,to compare,literature
如果 一个,5564,if; in case; in the event that,a; an; one
严峻 的,5561,grim,of; ~'s (possessive particle)
其 他,5560,his,"(third-person singular) (since the early 20th century, usu. male) he; him; his"
有力 的,5559,powerful,of; ~'s (possessive particle)
电气 机械,5557,electricity,machine
中国 证监,5554,China,
效 机制,5553,variant of 傚|效[xiao4],mechanism
观念 的,5551,notion,of; ~'s (possessive particle)
人 就,5550,person; people,(after a suppositional clause) in that case; then
的 宗教,5550,of; ~'s (possessive particle),religion
根本 利益,5548,fundamental,benefit
管理 费用,5546,to supervise,cost
发展 空间,5546,development,space; room
和 业务,5545,old variant of 和[he2],business
类 总,5545,kind; type; class; category,(bound form) general; overall
由 中国,5544,to follow,China
增 量,5544,(bound form) to increase; to augment; to add to,to measure
以 实现,5543,old variant of 以[yi3],to achieve; to implement; to realize; to bring about
这 个,5542,(pronoun) this; these,used in 自個兒|自个儿[zi4 ge3 r5]
第 三方,5540,"(prefix indicating ordinal number, as in 第六[di4 liu4] ""sixth"")",
居民 人均,5540,resident; inhabitant,per capita; averaged per person
的 绝对,5538,of; ~'s (possessive particle),absolute; unconditional
得 更,5538,to obtain,to change or replace
管理 机构,5538,to supervise,mechanism
会 使,5537,can; to have the skill; to know how to,to make
管理 机制,5537,to supervise,mechanism
在 本,5537,to exist; to be alive,(bound form) root; stem
和谐 发展,5536,harmonious,development
重 的,5534,to repeat,of; ~'s (possessive particle)
自治区 人民,5534,"autonomous region – a provincial-level administrative division of China with self-governance for ethnic minorities (five in total: Guangxi, Inner Mongolia, Ningxia, Xinjiang and Tibet)",the people
拆迁 人,5531,to demolish a building and relocate the inhabitants,person; people
在 实践,5529,to exist; to be alive,practice
财务 会计,5528,financial affairs; finance,accountant
住 在,5527,to live; to reside; to stay,to exist; to be alive
激烈 的,5526,(of competition or fighting) intense,of; ~'s (possessive particle)
统计 局,5526,statistics,narrow
从 根本,5526,variant of 從|从[cong2],fundamental
行 的,5524,(bound form) row; line,of; ~'s (possessive particle)
你 会,5523,"you (informal, as opposed to courteous 您[nin2])",can; to have the skill; to know how to
是 一些,5520,to be (followed by substantives only),some; a few; a little; (following an adjective) slightly ...er
一 支,5519,one,surname Zhi
的 了解,5519,of; ~'s (possessive particle),to understand; to know about
全 球,5516,surname Quan,ball used for playing games (variant of 球[qiu2])
等 内容,5515,to wait for; to await,content; substance; details
发展 循环,5514,development,to cycle
工业 生产,5513,industry,to produce; to manufacture
要 对,5511,(bound form) to demand; to coerce,right; correct
哲学 的,5509,philosophy,of; ~'s (possessive particle)
就是 一个,5508,exactly; precisely,a; an; one
始终 坚持,5507,from beginning to end,to persevere with
化 服务,5507,variant of 花[hua1],to serve
移动 电话,5506,to move,telephone
经营 性,5505,to engage in (business etc); to run; to operate,nature
关键 在于,5505,crucial point,to rest with; to lie in; to be due to (a certain attribute)
论 的,5504,"abbr. for 論語|论语[Lun2 yu3], The Analects (of Confucius)",of; ~'s (possessive particle)
教育 事业,5501,to educate,undertaking
方式 转变,5501,way; method; manner; mode; pattern (of behavior etc),to change
这样 就,5500,this way; like this; so,(after a suppositional clause) in that case; then
产业 基地,5500,industry,al-Qaeda
率 达到,5498,(bound form) ratio; rate; proportion,to reach; to achieve; to attain
引起 了,5498,to give rise to; to lead to; to cause; to arouse,(completed action marker)
化 改革,5497,variant of 花[hua1],reform
资源 环境,5497,see 資源縣|资源县[Zi1 yuan2 Xian4],environment
部分 的,5496,part; portion; piece,of; ~'s (possessive particle)
的 实验,5496,of; ~'s (possessive particle),experiment
改革 中,5496,reform,(bound form) China; Chinese
所 提供,5495,actually,to offer
在 华,5495,to exist; to be alive,abbr. for China
对 传统,5494,right; correct,tradition; traditional
了 巨大,5492,(completed action marker),huge; immense; enormous; gigantic
大力 支持,5492,energetically; vigorously,to be in favor of
体系 中,5490,system,(bound form) China; Chinese
的 分类,5487,of; ~'s (possessive particle),to classify
语 境,5487,dialect,border
上 存在,5487,used in 上聲|上声[shang3 sheng1],to exist
社会 上,5486,society,used in 上聲|上声[shang3 sheng1]
的 哲学,5486,of; ~'s (possessive particle),philosophy
种 是,5484,seed,to be (followed by substantives only)
会 产生,5484,can; to have the skill; to know how to,to arise; to come into being; to come about
范围 的,5483,range,of; ~'s (possessive particle)
总 需求,5482,(bound form) general; overall,requirement
太 多,5479,highest,many; much; more; a lot of
专业 性,5478,specialty,nature
巩固 和,5474,to consolidate; to strengthen,old variant of 和[he2]
人民 陪审,5473,the people,
的 相对,5472,of; ~'s (possessive particle),relatively
的 原始,5472,of; ~'s (possessive particle),first
的 独立,5471,of; ~'s (possessive particle),independent
充分 考虑,5471,ample,to think over
下拉 列表,5470,,to tabulate; to list
应对 国际,5470,to answer; to reply,international
最低 生活,5469,,to live
掌握 的,5469,to grasp (often fig.),of; ~'s (possessive particle)
经济学 的,5468,economics (as a field of study),of; ~'s (possessive particle)
民政 部,5466,civil administration,ministry
根本 原因,5466,fundamental,cause
如 果,5465,as,fruit
是 十分,5464,to be (followed by substantives only),very
学者 们,5463,scholar,"plural marker for pronouns, and nouns referring to individuals"
黑色 金属,5463,black,metal
发展 中国,5462,development,China
集中 于,5462,to concentrate,surname Yu
监管 部门,5462,to oversee,department
为 依据,5460,as (in the capacity of),according to
财务 状况,5460,financial affairs; finance,condition; state; situation
日 的,5459,(bound form) sun,of; ~'s (possessive particle)
余 人,5458,surname Yu,person; people
能源 的,5456,energy sources; energy,of; ~'s (possessive particle)
这个 人,5456,(pronoun) this,person; people
与 现实,5454,variant of 歟|欤[yu2],reality; actuality
全 党,5450,surname Quan,surname Dang
如果 有,5449,if; in case; in the event that,to have; there is
全 方位,5449,surname Quan,direction
服务 机构,5448,to serve,mechanism
是 将,5446,to be (followed by substantives only),will
国防 动员,5445,national defense,to mobilize
当 作,5445,(onom.) dong,(bound form) worker
摇 摇,5445,surname Yao,surname Yao
经济 指标,5444,economy,(production) target; quota
积累 了,5443,to accumulate,(completed action marker)
研究 会,5442,research,can; to have the skill; to know how to
方式 是,5440,way; method; manner; mode; pattern (of behavior etc),to be (followed by substantives only)
所需 的,5440,necessary (for),of; ~'s (possessive particle)
的 城镇,5439,of; ~'s (possessive particle),town
率 的,5439,(bound form) ratio; rate; proportion,of; ~'s (possessive particle)
推动 了,5438,to push (e.g. for acceptance of a plan); to promote; to give impetus to,(completed action marker)
让 你,5435,to yield,"you (informal, as opposed to courteous 您[nin2])"
职工 基本,5435,employee; staff member; worker,basic
投资 完成,5433,investment,to complete; to accomplish
的 货物,5432,of; ~'s (possessive particle),goods
考古 学,5432,archaeology,to learn
政治 协商,5432,politics,to consult with
的 材料,5431,of; ~'s (possessive particle),(raw) material
得 多,5431,to obtain,many; much; more; a lot of
中央 银行,5427,central,bank
在 那里,5426,to exist; to be alive,there; that place
罚款 决定,5426,to fine,to decide; to determine; to make up one's mind
环境 下,5426,environment,down
的 全球,5423,of; ~'s (possessive particle),the whole world
转变 经济,5422,to change,economy
既 要,5421,already,(bound form) to demand; to coerce
解放 思想,5420,to liberate,thought
国 经贸,5419,surname Guo,economy and trade (abbr. for 經濟貿易|经济贸易[jing1 ji4 mao4 yi4])
的 也,5419,of; ~'s (possessive particle),surname Ye
安定 团结,5419,stable; calm; settled,to unite
一个 非常,5417,a; an; one,very; really
影响 下,5416,influence,down
的 财产,5416,of; ~'s (possessive particle),property
技术 标准,5412,technology; technique; skill,standard; norm; criterion
个 省,5411,used in 自個兒|自个儿[zi4 ge3 r5],to save; to economize; to be frugal
学 习,5410,to learn,surname Xi
所 的,5410,actually,of; ~'s (possessive particle)
中介 机构,5406,to act as intermediary,mechanism
社 的,5406,(bound form) society; organization; agency,of; ~'s (possessive particle)
朝 核,5404,abbr. for 朝鮮|朝鲜[Chao2 xian3] Korea,pit
在 各,5404,to exist; to be alive,each
具备 的,5403,to possess,of; ~'s (possessive particle)
和 各,5403,old variant of 和[he2],each
研究 领域,5402,research,domain; sphere; field; territory; area
作 用,5401,(bound form) worker,to use; to make use of; to employ
物流 企业,5400,distribution (business),company; firm; enterprise; corporation
被 上诉,5399,quilt,to appeal (a judicial case)
基本 原则,5399,basic,principle
部 门,5399,ministry,surname Men
项 制度,5398,surname Xiang,"system (e.g. political, adminstrative etc)"
这 对于,5397,(pronoun) this; these,regarding; as far as (sth) is concerned; with regard to
和 处理,5397,old variant of 和[he2],to handle; to deal with
的 或,5396,of; ~'s (possessive particle),maybe
的 福利,5396,of; ~'s (possessive particle),benefit (provided by an employer or organization)
改革 试点,5395,reform,test point
可 能,5393,(prefix) can; may; able to; -able,surname Neng
程序 和,5392,procedures,old variant of 和[he2]
但 却,5392,but; yet; however; still,old variant of 卻|却[que4]
一 人,5392,one,person; people
一 篇,5391,one,sheet
进一步 扩大,5390,to go a step further,to expand
度 和,5388,to pass,old variant of 和[he2]
文化 传统,5388,culture,tradition; traditional
的 基层,5387,of; ~'s (possessive particle),basic level
离 不,5387,mythical beast (archaic),no; not so
也 正,5386,surname Ye,first month of the lunar year
建设 为,5384,to build; to construct; to establish; to develop; to institute,as (in the capacity of)
我 要,5384,I; me; my,(bound form) to demand; to coerce
的 案例,5384,of; ~'s (possessive particle),"case (of fraud, hepatitis, international cooperation etc); instance; example"
信息 安全,5384,information; news; message,safe; secure
会 成为,5384,can; to have the skill; to know how to,to become; to turn into
积极 推动,5381,active,to push (e.g. for acceptance of a plan); to promote; to give impetus to
以上 地方,5381,that level or higher; that amount or more,region
的 回答,5381,of; ~'s (possessive particle),to reply; to answer
旅游 的,5381,trip,of; ~'s (possessive particle)
该 地区,5381,should,region; area (informal or geographical term)
矛盾 的,5380,contradiction,of; ~'s (possessive particle)
现有 的,5379,currently existing,of; ~'s (possessive particle)
渔 业,5379,fisherman,surname Ye
提高 企业,5379,to raise,company; firm; enterprise; corporation
产品 生产,5377,goods,to produce; to manufacture
人大 工作,5377,Renmin University of China (abbr. for 中國人民大學|中国人民大学[Zhong1 guo2 Ren2 min2 Da4 xue2]),to work
民主 化,5377,democracy,variant of 花[hua1]
届 精神,5375,to arrive at (place or time),spirit
研究 人员,5374,research,staff
审判 权,5373,a trial,surname Quan
的 策略,5373,of; ~'s (possessive particle),strategy; tactics
有 意识,5373,to have; there is,consciousness; awareness
可以 使,5371,can,to make
沙拉 夫,5371,(loanword) salad,husband
大 城市,5371,big; large; great,city; town
的 信任,5370,of; ~'s (possessive particle),to trust
的 发挥,5368,of; ~'s (possessive particle),to display
股份 合作,5366,a share (in a company),to cooperate; to collaborate; to work together
西部 地区,5364,western part,region; area (informal or geographical term)
和 实践,5363,old variant of 和[he2],practice
划分 为,5362,to divide up,as (in the capacity of)
也是 一,5362,,one
增 大,5361,(bound form) to increase; to augment; to add to,big; large; great
区 建设,5361,surname Ou,to build; to construct; to establish; to develop; to institute
恐怖 主义,5361,terrible,-ism
资金 和,5361,funds; capital,old variant of 和[he2]
发展 情况,5358,development,circumstances; state of affairs; situation
成立 后,5355,to establish,surname Hou
水 产品,5354,surname Shui,goods
当今 世界,5354,the present time,world
的 冲突,5353,of; ~'s (possessive particle),conflict
有机 结合,5353,organic,to combine
香港 的,5352,"Hong Kong, special administrative region (SAR) of the PRC (short name 港[Gang3])",of; ~'s (possessive particle)
过 程,5352,surname Guo,surname Cheng
他们 所,5352,they; them,actually
实质 上,5349,substance,used in 上聲|上声[shang3 sheng1]
的 外交,5346,of; ~'s (possessive particle),diplomacy
相关 政策,5344,related,policy
突出 的,5344,prominent,of; ~'s (possessive particle)
的 那个,5344,of; ~'s (possessive particle),that one
必然 会,5342,inevitable,can; to have the skill; to know how to
方 的,5341,surname Fang,of; ~'s (possessive particle)
为主 的,5341,to rely mainly on,of; ~'s (possessive particle)
的 话语,5341,of; ~'s (possessive particle),words
和 支持,5340,old variant of 和[he2],to be in favor of
此 基础,5340,this; these,base; foundation; basis
情况 和,5340,circumstances; state of affairs; situation,old variant of 和[he2]
正确 处理,5339,correct; sound; right; proper,to handle; to deal with
而 形成,5339,and,to form; to take shape
经济 技术,5338,economy,technology; technique; skill
主义 现代化,5338,-ism,modernization
西藏 自治区,5337,see 西藏自治區|西藏自治区[Xi1 zang4 Zi4 zhi4 qu1],"autonomous region – a provincial-level administrative division of China with self-governance for ethnic minorities (five in total: Guangxi, Inner Mongolia, Ningxia, Xinjiang and Tibet)"
上 发表,5336,used in 上聲|上声[shang3 sheng1],to issue
在 学校,5336,to exist; to be alive,school
所 处,5336,actually,to reside
审判 长,5336,a trial,long
引发 了,5335,to lead to,(completed action marker)
也 同样,5335,surname Ye,same; equal; similar
积极 参与,5334,active,to participate (in sth)
资 委,5331,resources,surname Wei
保护 主义,5330,to protect,-ism
我们 把,5329,we; us; ourselves; our,to hold; to grasp
的 三,5329,of; ~'s (possessive particle),surname San
的 界定,5328,of; ~'s (possessive particle),definition
性 与,5327,nature,variant of 歟|欤[yu2]
观 的,5327,surname Guan,of; ~'s (possessive particle)
个 城市,5327,used in 自個兒|自个儿[zi4 ge3 r5],city; town
是 他们,5326,to be (followed by substantives only),they; them
并 通过,5326,and,to pass through; to get through
把 这,5326,to hold; to grasp,(pronoun) this; these
曾 在,5325,surname Zeng,to exist; to be alive
长 兼,5324,long,double
原则 的,5324,principle,of; ~'s (possessive particle)
为 此,5324,as (in the capacity of),this; these
就 越,5324,(after a suppositional clause) in that case; then,generic word for peoples or states of south China or south Asia at different historical periods
包 括,5323,surname Bao,(bound form) to tie up; to tighten up
种 类型,5320,seed,type; kind; category
在 建,5320,to exist; to be alive,to establish
高效 的,5319,efficient,of; ~'s (possessive particle)
主义 民主,5319,-ism,democracy
民间 组织,5319,among the people,to organize
对 的,5317,right; correct,of; ~'s (possessive particle)
特色 社会主义,5316,a characteristic; a distinctive feature or quality,socialism
以下 几个,5315,that level or lower,a few
法院 院,5313,court of law,courtyard
房地产 市场,5313,real estate,marketplace; market; bazaar
服务 外包,5312,to serve,outsourcing
预算 管理,5312,budget,to supervise
注意 到,5310,to take note of; to pay attention to,to reach; to arrive
不仅 在,5309,not just; not limited to,to exist; to be alive
最 主要,5308,variant of 最[zui4],main; principal; major; primary
企业 技术,5306,company; firm; enterprise; corporation,technology; technique; skill
民族 团结,5305,nationality; ethnic group,to unite
工伤 保险,5304,work-related injury; industrial injury,insurance
一般 都,5302,same,surname Du
吊销 许可,5300,to suspend (an agreement),to allow
第一 产业,5300,first,industry
外 在,5299,outside,to exist; to be alive
的 引导,5297,of; ~'s (possessive particle),to guide
重点 是,5297,to recount (e.g. results of election),to be (followed by substantives only)
的 评估,5296,of; ~'s (possessive particle),to evaluate
利益 集团,5296,benefit,group
的 持续,5295,of; ~'s (possessive particle),to continue; to last; to persist
运行 的,5294,(of celestial bodies etc) to move along one's course,of; ~'s (possessive particle)
时效 期间,5293,timeliness,period of time
开 来,5292,to open (transitive or intransitive),to come
乡村 人口,5292,rustic,population
建立 和,5291,to establish,old variant of 和[he2]
高新 区,5290,,surname Ou
粮食 生产,5289,foodstuff,to produce; to manufacture
有 个,5288,to have; there is,used in 自個兒|自个儿[zi4 ge3 r5]
的 诉讼,5287,of; ~'s (possessive particle),lawsuit
收 入,5286,to receive,to enter; to go into
了 由,5286,(completed action marker),to follow
重 大,5286,to repeat,big; large; great
自然 科学,5286,nature,science
成为 了,5286,to become; to turn into,(completed action marker)
出 一个,5280,to go out; to come out,a; an; one
提升 了,5279,to promote (to a higher-ranking position),(completed action marker)
会议 通过,5279,meeting,to pass through; to get through
的 参与,5278,of; ~'s (possessive particle),to participate (in sth)
产业 转移,5278,industry,to shift; to relocate; to transfer
不 太,5277,no; not so,highest
银行 和,5276,bank,old variant of 和[he2]
深入 贯彻,5276,to penetrate deeply,to implement
务 的,5275,affair,of; ~'s (possessive particle)
多样 的,5275,diverse,of; ~'s (possessive particle)
的 交通,5272,of; ~'s (possessive particle),to be connected
万 亩,5271,used in 万俟[Mo4 qi2],old variant of 畝|亩[mu3]
史 的,5271,surname Shi,of; ~'s (possessive particle)
的 权益,5270,of; ~'s (possessive particle),rights
解决 方案,5270,to solve; to resolve; to settle (a problem),plan
锦 涛,5269,brocade,big wave
投资 人,5269,investment,person; people
成本 和,5268,"(manufacturing, production etc) costs",old variant of 和[he2]
服务 能力,5268,to serve,capability
而且 还,5267,(not only ...) but also,surname Huan
生产 过程,5267,to produce; to manufacture,course of events; process
的 信贷,5267,of; ~'s (possessive particle),credit
外 的,5265,outside,of; ~'s (possessive particle)
研究 与,5265,research,variant of 歟|欤[yu2]
我们 将,5264,we; us; ourselves; our,will
深远 的,5264,far-reaching,of; ~'s (possessive particle)
不 完善,5263,no; not so,"(of systems, facilities etc) comprehensive"
提 供,5262,used in 提防[di1 fang5] and 提溜[di1 liu5],to provide; to supply
平均 工资,5262,average; on average,wages; pay
会 被,5262,can; to have the skill; to know how to,quilt
权 重,5261,surname Quan,to repeat
保 增长,5260,Bulgaria (abbr. for 保加利亞|保加利亚[Bao3 jia1 li4 ya4]),to grow; to increase
无 核,5259,used in 南無|南无[na1 mo2],pit
在 现实,5259,to exist; to be alive,reality; actuality
重要 讲话,5258,important; significant; major,a speech
普遍 的,5258,universal,of; ~'s (possessive particle)
构成 的,5257,to constitute,of; ~'s (possessive particle)
日 中华,5256,(bound form) sun,"Zhonghua, historical and cultural term for China, often used to denote Chinese civilization and identity (as in 中華文化|中华文化[Zhong1 hua2 wen2 hua4] ""Chinese culture"")"
不 应该,5255,no; not so,ought to; should; must
商品 和,5254,commodity; goods; merchandise,old variant of 和[he2]
特别 行政区,5253,unusual; special,administrative district
性 研究,5252,nature,research
措施 的,5252,measure,of; ~'s (possessive particle)
来 进行,5249,to come,(of a process etc) to proceed; to be in progress; to be underway
万 千瓦,5248,used in 万俟[Mo4 qi2],kilowatt
地 位,5247,-ly,position
开始 的,5247,to begin; to start,of; ~'s (possessive particle)
去 了,5247,to go,(completed action marker)
结 合,5245,(of a plant) to produce (fruit or seeds),100 ml
英国 的,5244,United Kingdom (UK); Britain,of; ~'s (possessive particle)
更高 的,5244,,of; ~'s (possessive particle)
的 职能,5241,of; ~'s (possessive particle),function
现代 社会,5241,"Hyundai, South Korean company",society
主要 经济,5239,main; principal; major; primary,economy
网络 的,5237,network,of; ~'s (possessive particle)
直接 影响,5236,direct (opposite: indirect 間接|间接[jian4 jie1]),influence
的 外部,5236,of; ~'s (possessive particle),the outside; (attributive) external
阶级 的,5235,(social) class,of; ~'s (possessive particle)
实现 经济,5235,to achieve; to implement; to realize; to bring about,economy
合作 协议,5234,to cooperate; to collaborate; to work together,agreement
有 针对,5233,to have; there is,to target; to focus on; to be aimed at or against; in response to
在 英国,5232,to exist; to be alive,United Kingdom (UK); Britain
为 社会,5231,as (in the capacity of),society
参加 的,5231,to participate,of; ~'s (possessive particle)
有 计划,5231,to have; there is,plan
财政 预算,5229,public finance; government finance,budget
竟 争,5229,unexpectedly,to strive for
扩大 到,5228,to expand,to reach; to arrive
作 是,5227,(bound form) worker,to be (followed by substantives only)
年 一,5227,surname Nian,one
稳步 推进,5227,steadily,to impel
增加 的,5226,to raise; to increase,of; ~'s (possessive particle)
的 那些,5226,of; ~'s (possessive particle),those
安全 管理,5225,safe; secure,to supervise
个 项目,5224,used in 自個兒|自个儿[zi4 ge3 r5],item; project; (sports) event
二 年,5221,two,surname Nian
如果 不,5221,if; in case; in the event that,no; not so
企业 战略,5221,company; firm; enterprise; corporation,strategy
中 产生,5219,(bound form) China; Chinese,to arise; to come into being; to come about
出 版,5219,to go out; to come out,a register
卫生 体制,5217,hygienic; sanitary,system
的 书,5217,of; ~'s (possessive particle),abbr. for 書經|书经[Shu1 jing1]
营利 组织,5216,for profit,to organize
电话 年末,5216,telephone,end of the year
政协 委员,5216,CPPCC (Chinese People's Political Consultative Conference),committee member
克 思,5215,"abbr. for 克羅地亞|克罗地亚[Ke4 luo2 di4 ya4], Croatia",to think
批 转,5215,to ascertain,see 轉文|转文[zhuai3 wen2]
发展 阶段,5215,development,stage
卫生 部,5214,hygienic; sanitary,ministry
首先 要,5213,first of all; in the first place,(bound form) to demand; to coerce
第 六条,5213,"(prefix indicating ordinal number, as in 第六[di4 liu4] ""sixth"")",
十分 重要,5212,very,important; significant; major
有关 法律,5211,to have sth to do with,law
一 季度,5211,one,quarter of a year
意见 的,5211,idea,of; ~'s (possessive particle)
国 人大,5210,surname Guo,Renmin University of China (abbr. for 中國人民大學|中国人民大学[Zhong1 guo2 Ren2 min2 Da4 xue2])
中国 革命,5210,China,to withdraw the mandate of heaven (and transition to a new dynasty) (original meaning)
显示 了,5210,to show,(completed action marker)
群 众,5210,variant of 群[qun2],"abbr. for 眾議院|众议院[Zhong4 yi4 yuan4], House of Representatives"
的 人物,5210,of; ~'s (possessive particle),person; personage; figure (esp. sb of importance)
机构 改革,5209,mechanism,reform
他 有,5209,"(third-person singular) (since the early 20th century, usu. male) he; him; his",to have; there is
发展 需要,5209,development,to need; to want; to demand; to require
并 以,5209,and,old variant of 以[yi3]
纯粹 的,5208,pure,of; ~'s (possessive particle)
以下 的,5207,that level or lower,of; ~'s (possessive particle)
产业 升级,5207,industry,to go up by one grade; to be promoted
的 文献,5206,of; ~'s (possessive particle),reference material (used in scholarly study)
我 很,5205,I; me; my,very; quite
和 行为,5204,old variant of 和[he2],action; conduct; behavior; activity
是 政府,5204,to be (followed by substantives only),government
年末 用户,5203,end of the year,user
进入 了,5202,to enter,(completed action marker)
副 主席,5201,secondary,chairperson
斗争 的,5200,a struggle,of; ~'s (possessive particle)
地方 的,5199,region,of; ~'s (possessive particle)
正 处于,5198,first month of the lunar year,"to be in (some state, position, or condition)"
中国 与,5197,China,variant of 歟|欤[yu2]
性 强,5196,nature,surname Qiang
了 传统,5196,(completed action marker),tradition; traditional
是 多,5196,to be (followed by substantives only),many; much; more; a lot of
概念 的,5196,concept,of; ~'s (possessive particle)
组织 工作,5195,to organize,to work
最高 的,5194,tallest,of; ~'s (possessive particle)
总 投资,5194,(bound form) general; overall,investment
本质 上,5192,essence,used in 上聲|上声[shang3 sheng1]
标准 和,5191,standard; norm; criterion,old variant of 和[he2]
第 二审,5190,"(prefix indicating ordinal number, as in 第六[di4 liu4] ""sixth"")",(law) second instance; second trial
作品 中,5189,work (of art),(bound form) China; Chinese
收购 价,5189,to purchase or acquire in bulk or at an official level (esp. by a state or organization),(literary) messenger; servant
按 规定,5189,to press,to stipulate; to specify; to prescribe; to fix (a price); to set (a quota)
南京 市,5188,see 南京市[Nan2 jing1 Shi4],market
劳动 的,5187,work,of; ~'s (possessive particle)
的 成长,5185,of; ~'s (possessive particle),to mature
国家 财政,5184,country; nation; state,public finance; government finance
和 有效,5184,old variant of 和[he2],effective
深 层次,5183,old variant of 深[shen1],layer
本 企业,5183,(bound form) root; stem,company; firm; enterprise; corporation
密 钥,5183,surname Mi,key
国际 社会,5182,international,society
六 大,5182,six,big; large; great
主体 性,5182,main part,nature
的 制定,5182,of; ~'s (possessive particle),to draw up; to formulate
志愿 服务,5181,aspiration,to serve
邮政 业,5179,postal service,surname Ye
债券 的,5178,bond,of; ~'s (possessive particle)
在 短期,5178,to exist; to be alive,short-term
从事 的,5178,to go for,of; ~'s (possessive particle)
知情 权,5177,to know the facts,surname Quan
废弃 物,5176,to discard,(bound form) thing
原 因,5176,surname Yuan,old variant of 因[yin1]
有利 的,5176,advantageous; favorable,of; ~'s (possessive particle)
什 么,5175,what,exclamatory final particle
交易 所,5175,to deal; to trade; to transact,actually
个人 都,5175,an individual; oneself; (attributive) personal; one's own,surname Du
零售 总额,5173,to retail; to sell in small quantities,total (amount or value)
的 唯一,5173,of; ~'s (possessive particle),only; sole
的 眼光,5171,of; ~'s (possessive particle),gaze
工会 的,5171,labor union; trade union,of; ~'s (possessive particle)
能 不能,5171,surname Neng,cannot
开发 区,5169,to exploit (a resource); to open up (for development); to develop,surname Ou
社会 消费品,5169,society,consumer goods
一体 的,5167,an integral whole,of; ~'s (possessive particle)
会 影响,5164,can; to have the skill; to know how to,influence
的 迅速,5162,of; ~'s (possessive particle),rapid
艺术 的,5162,art,of; ~'s (possessive particle)
的 事项,5160,of; ~'s (possessive particle),matter
种 程度,5160,seed,degree; level; extent
忽略 了,5158,to neglect; to overlook; to ignore,(completed action marker)
矿物 制品,5156,mineral,products
移动 通信,5156,to move,"to correspond (by letter, email etc)"
制度 变迁,5156,"system (e.g. political, adminstrative etc)",changes
而 导致,5156,and,to lead to; to create; to cause; to bring about
法制 办,5155,legal system and institutions,"to take care of (a matter); to deal with (a task, procedure etc); to organize (an event)"
甘 宁,5154,surname Gan,old variant of 寧|宁[ning4]
存在 于,5153,to exist,surname Yu
我 军,5153,I; me; my,(bound form) army
我 相信,5152,I; me; my,to believe; to be convinced; to accept as true
人 有,5152,person; people,to have; there is
从 不同,5151,variant of 從|从[cong2],different
发展 研究,5150,development,research
性 收入,5149,nature,to take in
海洋 局,5148,ocean,narrow
医疗 机构,5147,medical treatment,mechanism
净 资产,5147,variant of 淨|净[jing4],property
研究 报告,5145,research,to inform
的 创造,5145,of; ~'s (possessive particle),to create
的 结,5144,of; ~'s (possessive particle),(of a plant) to produce (fruit or seeds)
为 我,5144,as (in the capacity of),I; me; my
反 腐败,5143,contrary,corruption
合 作,5143,100 ml,(bound form) worker
也许 是,5143,perhaps; maybe,to be (followed by substantives only)
预算 执行,5141,budget,to implement
最 基本,5139,variant of 最[zui4],basic
分子 的,5138,variant of 分子[fen4 zi3],of; ~'s (possessive particle)
人 之,5137,person; people,"(possessive particle, literary equivalent of 的[de5])"
系 统,5136,to connect,to gather
调控 的,5136,to regulate,of; ~'s (possessive particle)
产业 链,5136,industry,chain
的 效率,5135,of; ~'s (possessive particle),efficiency
有 条件,5135,to have; there is,condition; circumstance; term; factor
走 上,5135,to walk,used in 上聲|上声[shang3 sheng1]
分类 号,5135,to classify,(bound form) to wail; to howl
会计师 事务所,5134,accountant,business office; firm
企业 所,5134,company; firm; enterprise; corporation,actually
宁夏 回族,5133,see 寧夏回族自治區|宁夏回族自治区[Ning2 xia4 Hui2 zu2 Zi4 zhi4 qu1],Hui ethnic group (Chinese Muslims)
综合 治理,5132,comprehensive,to govern
或者 吊销,5132,or,to suspend (an agreement)
经济 是,5131,economy,to be (followed by substantives only)
地 解决,5130,-ly,to solve; to resolve; to settle (a problem)
过 大,5130,surname Guo,big; large; great
极 大地,5130,extremely,earth
充分 认识,5129,ample,to know
但 它,5129,but; yet; however; still,it
的 冲击,5129,of; ~'s (possessive particle),variant of 衝擊|冲击[chong1 ji1]
地 认识,5128,-ly,to know
平台 的,5128,platform,of; ~'s (possessive particle)
经济 衰退,5127,economy,to decline
加工 贸易,5126,to process,(commercial) trade
的 强烈,5126,of; ~'s (possessive particle),strong; intense
据 统计,5124,variant of 據|据[ju4],statistics
主要 负责,5124,main; principal; major; primary,to be responsible for; to be in charge of; to bear responsibility for
颁布 的,5124,to issue,of; ~'s (possessive particle)
的 本,5123,of; ~'s (possessive particle),(bound form) root; stem
和 省,5122,old variant of 和[he2],to save; to economize; to be frugal
的 时期,5119,of; ~'s (possessive particle),period
不 健全,5118,no; not so,robust
主义 哲学,5118,-ism,philosophy
参考 咨询,5117,consultation,variant of 諮詢|咨询[zi1 xun2]
对 学生,5117,right; correct,student
基 本,5116,(bound form) base; foundation,(bound form) root; stem
核心 是,5116,core; nucleus,to be (followed by substantives only)
出发 点,5116,to set off,to touch briefly; to tap
机关 的,5113,mechanism; gear,of; ~'s (possessive particle)
和 高,5112,old variant of 和[he2],surname Gao
的 流动,5111,of; ~'s (possessive particle),to flow; to circulate; to move about; mobile; (of assets) liquid
当前 的,5109,the present time,of; ~'s (possessive particle)
自己 在,5108,oneself; (attributive) one's own,to exist; to be alive
战争 中,5107,war; conflict,(bound form) China; Chinese
可以 有,5106,can,to have; there is
降低 了,5105,to reduce; to lower; to bring down,(completed action marker)
在 信息,5105,to exist; to be alive,information; news; message
既 可以,5104,already,can
发展 速度,5102,development,speed; rate; velocity; (music) tempo
商务 部,5102,commercial affairs,ministry
的 信念,5101,of; ~'s (possessive particle),faith
在 学习,5101,to exist; to be alive,to learn; to study
才能 使,5101,talent,to make
那样 的,5101,that kind,of; ~'s (possessive particle)
定罪 处罚,5099,to convict (sb of a crime),to penalize
的 低,5098,of; ~'s (possessive particle),low
主要 由,5098,main; principal; major; primary,to follow
行政 审批,5098,administration,to examine and approve
美国 人,5097,United States; USA; US,person; people
方法 来,5097,method; way; technique; procedure,to come
关于 印发,5097,pertaining to,to publish
的 道理,5096,of; ~'s (possessive particle),reason
中央 企业,5096,central,company; firm; enterprise; corporation
在 未来,5094,to exist; to be alive,future
了 一定,5094,(completed action marker),surely; certainly; definitely
数量 的,5094,amount; quantity,of; ~'s (possessive particle)
与 西方,5093,variant of 歟|欤[yu2],the West
信用 社,5092,trustworthiness,(bound form) society; organization; agency
的 垄断,5091,of; ~'s (possessive particle),to monopolize
工作 取得,5090,to work,to acquire; to get; to obtain
管理 中,5089,to supervise,(bound form) China; Chinese
供给 的,5089,to furnish,of; ~'s (possessive particle)
土地 的,5088,land,of; ~'s (possessive particle)
的 愿望,5087,of; ~'s (possessive particle),desire
年轻 人,5087,young,person; people
的 重视,5085,of; ~'s (possessive particle),to attach importance to sth; to value
能够 在,5084,to be capable of,to exist; to be alive
公共 部门,5084,public; common; communal,department
的 财富,5084,of; ~'s (possessive particle),wealth
中 被,5084,(bound form) China; Chinese,quilt
经 办,5083,surname Jing,"to take care of (a matter); to deal with (a task, procedure etc); to organize (an event)"
而 有,5083,and,to have; there is
的 最低,5081,of; ~'s (possessive particle),
制度 性,5081,"system (e.g. political, adminstrative etc)",nature
维护 国家,5081,to defend,country; nation; state
线 的,5080,variant of 線|线[xian4],of; ~'s (possessive particle)
文化 事业,5080,culture,undertaking
的 上,5080,of; ~'s (possessive particle),used in 上聲|上声[shang3 sheng1]
民航 总,5079,civil aviation,(bound form) general; overall
积极 地,5079,active,-ly
的 规律,5078,of; ~'s (possessive particle),rule (e.g. of science)
是否 有,5076,whether (or not),to have; there is
的 痛苦,5075,of; ~'s (possessive particle),pain
经济 上,5075,economy,used in 上聲|上声[shang3 sheng1]
和 思想,5074,old variant of 和[he2],thought
技能 的,5073,technical ability,of; ~'s (possessive particle)
这 家,5073,(pronoun) this; these,used in 傢伙|家伙[jia1 huo5] and 傢俱|家俱[jia1 ju4]
的 儿子,5071,of; ~'s (possessive particle),son
的 个性,5070,of; ~'s (possessive particle),individuality
国有 控股,5069,nationalized,to own a controlling number of shares in a company
农民 专业,5069,peasant; farmer,specialty
现象 的,5068,phenomenon,of; ~'s (possessive particle)
中国 哲学,5068,China,philosophy
牧 渔,5067,surname Mu,fisherman
生活 质量,5067,to live,(physics) mass
公共 事务,5065,public; common; communal,"(political, economic etc) affairs"
比 较,5064,Belgium,(bound form) to compare
证券 交易,5064,negotiable security (financial),to deal; to trade; to transact
目 标,5064,eye,mark
又 在,5064,(once) again,to exist; to be alive
时 间,5064,old variant of 時|时[shi2],between
更加 注重,5064,more (than sth else),to pay attention to
股票 的,5063,share certificate,of; ~'s (possessive particle)
利 班,5062,surname Li,surname Ban
企业 融资,5061,company; firm; enterprise; corporation,financing
根本 性,5059,fundamental,nature
全国 各,5057,whole nation,each
高校 图书,5056,universities and colleges,books (in a library or bookstore)
增加 到,5055,to raise; to increase,to reach; to arrive
族 人民,5055,race,the people
对 台湾,5053,right; correct,variant of 臺灣|台湾[Tai2 wan1]
的 一项,5053,of; ~'s (possessive particle),
不 规范,5053,no; not so,norm
国务院 法制,5053,(PRC) State Council,legal system and institutions
发展 变化,5051,development,(intransitive) to change; to vary
对 农业,5051,right; correct,agriculture
都 对,5050,surname Du,right; correct
委员 会,5048,committee member,can; to have the skill; to know how to
元 以上,5047,surname Yuan,that level or higher; that amount or more
化 过程,5046,variant of 花[hua1],course of events; process
价值观 的,5045,value system; personal or cultural values,of; ~'s (possessive particle)
进程 中,5045,course of events; process,(bound form) China; Chinese
私营 企业,5044,privately-owned,company; firm; enterprise; corporation
万 平方,5043,used in 万俟[Mo4 qi2],"square (as in square foot, square mile, square root)"
年代 的,5043,a decade of a century (e.g. the Sixties),of; ~'s (possessive particle)
就 在于,5043,(after a suppositional clause) in that case; then,to rest with; to lie in; to be due to (a certain attribute)
的 危险,5043,of; ~'s (possessive particle),danger
不 愿意,5043,no; not so,to wish
剩余 价值,5042,to remain; to be left over,value; worth
力 和,5041,surname Li,old variant of 和[he2]
企业 应,5040,company; firm; enterprise; corporation,surname Ying
今后 的,5040,hereafter,of; ~'s (possessive particle)
失业 率,5038,unemployment,(bound form) ratio; rate; proportion
四 年,5038,four,surname Nian
数据 显示,5037,data,to show
四条 第,5037,four of a kind,"(prefix indicating ordinal number, as in 第六[di4 liu4] ""sixth"")"
原始 凭证,5037,first,proof
超过 了,5035,to surpass,(completed action marker)
宽松 的,5035,spacious; roomy; uncrowded,of; ~'s (possessive particle)
对 审计,5033,right; correct,to audit
一 期,5031,one,variant of 期[qi1]
中国 对,5031,China,right; correct
基础 教育,5030,base; foundation; basis,to educate
八 次,5030,eight,next in sequence
原因 在于,5029,cause,to rest with; to lie in; to be due to (a certain attribute)
预 售,5028,to advance,(bound form) to sell; to retail
等 重大,5027,to wait for; to await,great
建 立,5027,to establish,surname Li
批发 和,5026,wholesale,old variant of 和[he2]
的 发现,5026,of; ~'s (possessive particle),to notice; to become aware of
的 高低,5026,of; ~'s (possessive particle),height; level; (music) pitch
万 余,5026,used in 万俟[Mo4 qi2],surname Yu
高 技术,5025,surname Gao,technology; technique; skill
贸 易,5025,commerce,surname Yi
所 形成,5025,actually,to form; to take shape
百万 元,5024,million,surname Yuan
刑事 政策,5024,criminal; penal,policy
两岸 经贸,5022,bilateral,economy and trade (abbr. for 經濟貿易|经济贸易[jing1 ji4 mao4 yi4])
中心 城市,5022,center; heart; core,city; town
熟悉 的,5022,to be familiar with; to know well,of; ~'s (possessive particle)
一些 问题,5020,some; a few; a little; (following an adjective) slightly ...er,question
亿 人,5019,100 million,person; people
所以 我,5018,therefore,I; me; my
的 共识,5018,of; ~'s (possessive particle),common understanding; consensus
中国 政治,5016,China,politics
的 合,5015,of; ~'s (possessive particle),100 ml
制度 等,5015,"system (e.g. political, adminstrative etc)",to wait for; to await
按时 足,5014,on time,excessive
社会 各,5013,society,each
财政 支出,5012,public finance; government finance,to spend; to pay out
本 级,5011,(bound form) root; stem,level
不 愿,5009,no; not so,honest and prudent
唯物 主义,5009,materialistic,-ism
是 文化,5007,to be (followed by substantives only),culture
管理 层,5007,to supervise,to pile on top of one another
金融 风险,5006,banking,risk; hazard
必要 时,5006,necessary,old variant of 時|时[shi2]
就业 的,5006,to get a job,of; ~'s (possessive particle)
进行 比较,5006,(of a process etc) to proceed; to be in progress; to be underway,to compare
您 的,5006,"you (courteous, as opposed to informal 你[ni3])",of; ~'s (possessive particle)
创造 条件,5005,to create,condition; circumstance; term; factor
人 才,5005,person; people,ability; talent
因此 而,5005,thus; consequently; as a result,and
计划 经济,5002,plan,economy
市 的,5001,market,of; ~'s (possessive particle)
监督 员,5001,to supervise; to oversee; to inspect,(bound form) person engaged in a certain field of activity
领域 和,4999,domain; sphere; field; territory; area,old variant of 和[he2]
并 不能,4996,and,cannot
自己 是,4995,oneself; (attributive) one's own,to be (followed by substantives only)
但 是,4995,but; yet; however; still,to be (followed by substantives only)
到 现在,4994,to reach; to arrive,now; at present; currently
目的 的,4994,purpose; aim; goal; target; objective,of; ~'s (possessive particle)
就是 一,4992,exactly; precisely,one
根据 中央,4992,according to,central
进 入,4991,to go forward,to enter; to go into
可以 把,4990,can,to hold; to grasp
便 是,4990,plain,to be (followed by substantives only)
的 规范,4990,of; ~'s (possessive particle),norm
式 发展,4990,type,development
方针 政策,4988,policy,policy
一些 人,4988,some; a few; a little; (following an adjective) slightly ...er,person; people
的 快速,4987,of; ~'s (possessive particle),fast; high-speed; rapid
馆 员,4986,variant of 館|馆[guan3],(bound form) person engaged in a certain field of activity
复议 机关,4986,to reconsider,mechanism; gear
印度 的,4986,India,of; ~'s (possessive particle)
是 提高,4986,to be (followed by substantives only),to raise
的 大小,4985,of; ~'s (possessive particle),large and small
成本 计算,4984,"(manufacturing, production etc) costs",to calculate; to compute
都 需要,4984,surname Du,to need; to want; to demand; to require
经验 和,4984,experience,old variant of 和[he2]
达 到,4982,surname Da,to reach; to arrive
对 该,4982,right; correct,should
科 学,4979,branch of study,to learn
和谐 稳定,4979,harmonious,steady
复杂 性,4977,complicated; complex,nature
相当 大,4977,equivalent to,big; large; great
乡镇 政府,4977,townships and towns (collective term for the two principal township-level administrative divisions),government
的 机制,4976,of; ~'s (possessive particle),mechanism
复议 申请,4976,to reconsider,to apply for sth
对 员工,4975,right; correct,staff; personnel; employee
的 准备,4974,of; ~'s (possessive particle),preparation
还 包括,4974,surname Huan,to comprise
年 中,4974,surname Nian,(bound form) China; Chinese
这 位,4973,(pronoun) this; these,position
的 申请,4972,of; ~'s (possessive particle),to apply for sth
管理 系统,4970,to supervise,system
医药 卫生,4970,medical care and medicines,hygienic; sanitary
增长 点,4970,to grow; to increase,to touch briefly; to tap
和 使用,4969,old variant of 和[he2],to use
心理 健康,4967,psychology; mentality,health
到底 是,4967,finally,to be (followed by substantives only)
内蒙古 自治区,4967,see 內蒙古自治區|内蒙古自治区[Nei4 meng3 gu3 Zi4 zhi4 qu1],"autonomous region – a provincial-level administrative division of China with self-governance for ethnic minorities (five in total: Guangxi, Inner Mongolia, Ningxia, Xinjiang and Tibet)"
的 报道,4966,of; ~'s (possessive particle),to report (news)
开 放,4966,to open (transitive or intransitive),to put
国家 在,4965,country; nation; state,to exist; to be alive
但 其,4963,but; yet; however; still,his
逐步 形成,4963,progressively,to form; to take shape
的 生,4963,of; ~'s (possessive particle),to grow; to give birth; to produce; to be born
处理 的,4962,to handle; to deal with,of; ~'s (possessive particle)
我国 农村,4960,my country; our country,rural area
实践 证明,4960,practice,proof
逐步 建立,4960,progressively,to establish
经济 中,4959,economy,(bound form) China; Chinese
和 理论,4959,old variant of 和[he2],theory
困难 和,4958,difficult,old variant of 和[he2]
而 中国,4957,and,China
企业 与,4957,company; firm; enterprise; corporation,variant of 歟|欤[yu2]
一 书,4956,one,abbr. for 書經|书经[Shu1 jing1]
国际 政治,4955,international,politics
的 若干,4955,of; ~'s (possessive particle),a certain number or amount
深入 研究,4955,to penetrate deeply,research
一个 问题,4954,a; an; one,question
角度 看,4953,angle,to look after
就是 我们,4951,exactly; precisely,we; us; ourselves; our
的 轨道,4950,of; ~'s (possessive particle),track (for trains etc)
公共 文化,4949,public; common; communal,culture
的 论文,4948,of; ~'s (possessive particle),paper
文化 产品,4946,culture,goods
规定 第,4945,to stipulate; to specify; to prescribe; to fix (a price); to set (a quota),"(prefix indicating ordinal number, as in 第六[di4 liu4] ""sixth"")"
规划 和,4945,to draw up a plan; to map out a program,old variant of 和[he2]
谈 到,4944,surname Tan,to reach; to arrive
劳动 密集,4944,work,concentrated
思想 观念,4944,thought,notion
的 深,4943,of; ~'s (possessive particle),old variant of 深[shen1]
的 工程,4943,of; ~'s (possessive particle),engineering
去 的,4941,to go,of; ~'s (possessive particle)
强 有力,4941,surname Qiang,powerful
还 应,4941,surname Huan,surname Ying
目 的,4940,eye,of; ~'s (possessive particle)
管理 能力,4938,to supervise,capability
相关 部门,4938,related,department
主义 市,4938,-ism,market
城 市,4937,city walls,market
自主 知识,4936,to act independently; to be autonomous; to be in control of one's own affairs,knowledge
的 促进,4936,of; ~'s (possessive particle),to promote (an idea or cause); to advance; boost
关系 中,4935,relation; relationship; connection,(bound form) China; Chinese
行政 许可,4934,administration,to allow
民政 工作,4934,civil administration,to work
控制 在,4933,to control,to exist; to be alive
这 主要,4932,(pronoun) this; these,main; principal; major; primary
的 学校,4932,of; ~'s (possessive particle),school
的 正确,4932,of; ~'s (possessive particle),correct; sound; right; proper
了 国家,4931,(completed action marker),country; nation; state
中 出现,4931,(bound form) China; Chinese,to appear
领 导,4930,neck,to transmit
的 中小,4930,of; ~'s (possessive particle),
会计 的,4929,accountant,of; ~'s (possessive particle)
罪 的,4929,guilt,of; ~'s (possessive particle)
了 农民,4929,(completed action marker),peasant; farmer
与 城市,4928,variant of 歟|欤[yu2],city; town
研究 制定,4928,research,to draw up; to formulate
的 真正,4926,of; ~'s (possessive particle),genuine; real; true
的 多样,4926,of; ~'s (possessive particle),diverse
行 为,4926,(bound form) row; line,as (in the capacity of)
写 的,4925,to write,of; ~'s (possessive particle)
发展 成为,4925,development,to become; to turn into
是 完全,4924,to be (followed by substantives only),complete; whole
令 第,4923,used in 脊令[ji2 ling2],"(prefix indicating ordinal number, as in 第六[di4 liu4] ""sixth"")"
经济 发,4923,economy,to send out
工业 总产值,4922,industry,gross product
部分 是,4921,part; portion; piece,to be (followed by substantives only)
各国 的,4919,each country,of; ~'s (possessive particle)
人 为本,4919,person; people,
计算 公式,4918,to calculate; to compute,formula
法制 建设,4918,legal system and institutions,to build; to construct; to establish; to develop; to institute
执行 的,4917,to implement,of; ~'s (possessive particle)
国际 收支,4916,international,cash flow
实际上 是,4915,in fact,to be (followed by substantives only)
的 波动,4915,of; ~'s (possessive particle),to undulate
二 期,4915,two,variant of 期[qi1]
以前 的,4913,before,of; ~'s (possessive particle)
知识 分子,4913,knowledge,variant of 分子[fen4 zi3]
强化 了,4913,to strengthen,(completed action marker)
多 家,4913,many; much; more; a lot of,used in 傢伙|家伙[jia1 huo5] and 傢俱|家俱[jia1 ju4]
文化 等,4912,culture,to wait for; to await
冶炼 及,4911,to smelt metal,and
有 这样,4910,to have; there is,this way; like this; so
报告 中,4909,to inform,(bound form) China; Chinese
选择 了,4909,to select; to pick,(completed action marker)
在 现代,4909,to exist; to be alive,"Hyundai, South Korean company"
的 部门,4907,of; ~'s (possessive particle),department
对 非,4907,right; correct,"abbr. for 非洲[Fei1 zhou1], Africa"
了 该,4906,(completed action marker),should
必须 从,4904,to have to,variant of 從|从[cong2]
这 几,4904,(pronoun) this; these,small table
企业 会计,4903,company; firm; enterprise; corporation,accountant
中 长期,4903,(bound form) China; Chinese,long-term; for a protracted period
专门 的,4903,specialized; dedicated (to a particular field or purpose),of; ~'s (possessive particle)
农村 最低,4902,rural area,
都 存在,4901,surname Du,to exist
低 收入,4900,low,to take in
的 落实,4900,of; ~'s (possessive particle),practical
基本 建设,4899,basic,to build; to construct; to establish; to develop; to institute
经常 性,4898,frequently; constantly; regularly; often,nature
准 入,4895,to allow,to enter; to go into
年 以前,4895,surname Nian,before
其实 是,4894,actually; in fact; really,to be (followed by substantives only)
价值 和,4894,value; worth,old variant of 和[he2]
审 人民,4893,to examine,the people
人 也,4893,person; people,surname Ye
因果 关系,4890,karma,relation; relationship; connection
在 整个,4889,to exist; to be alive,whole
的 补充,4889,of; ~'s (possessive particle),to replenish
物 权,4889,(bound form) thing,surname Quan
成立 的,4889,to establish,of; ~'s (possessive particle)
的 规划,4888,of; ~'s (possessive particle),to draw up a plan; to map out a program
中 对,4888,(bound form) China; Chinese,right; correct
变化 和,4888,(intransitive) to change; to vary,old variant of 和[he2]
政策 是,4888,policy,to be (followed by substantives only)
为 国家,4887,as (in the capacity of),country; nation; state
替代 的,4887,to substitute for,of; ~'s (possessive particle)
宁 边区,4887,old variant of 寧|宁[ning4],border area
决定 着,4887,to decide; to determine; to make up one's mind,variant of 著|着[zhao1]
社会 关系,4887,society,relation; relationship; connection
和 民主,4886,old variant of 和[he2],democracy
在 做,4886,to exist; to be alive,to make; to produce
举行 了,4886,"to hold (a meeting, ceremony etc)",(completed action marker)
方 法,4885,surname Fang,variant of 法[fa3]
安全 监察,4885,safe; secure,to supervise
存 在,4884,to exist,to exist; to be alive
格 尔,4883,used in 格登[ge1 deng1],variant of 爾|尔[er3]
讲 的,4883,to speak,of; ~'s (possessive particle)
你 对,4883,"you (informal, as opposed to courteous 您[nin2])",right; correct
原子能 机构,4882,atomic energy,mechanism
和谐 的,4881,harmonious,of; ~'s (possessive particle)
性 事件,4881,nature,incident; event
市场 环境,4880,marketplace; market; bazaar,environment
作 的,4880,(bound form) worker,of; ~'s (possessive particle)
和 销售,4879,old variant of 和[he2],to sell
合伙 企业,4878,to act jointly; to form a partnership,company; firm; enterprise; corporation
重点 项目,4878,to recount (e.g. results of election),item; project; (sports) event
两个 方面,4877,,respect
富 差距,4877,surname Fu,disparity; gap
准 人,4875,to allow,person; people
操作 性,4875,to work,nature
专业 合作社,4875,specialty,cooperative
因为 这,4875,because; owing to; on account of,(pronoun) this; these
人们 在,4875,people,to exist; to be alive
数字 档案,4874,numeral,file; record; archive
精神 和,4873,spirit,old variant of 和[he2]
方法 是,4873,method; way; technique; procedure,to be (followed by substantives only)
安 全,4872,surname An,surname Quan
种 情况,4872,seed,circumstances; state of affairs; situation
就是 说,4869,exactly; precisely,to persuade
的 难度,4868,of; ~'s (possessive particle),degree of difficulty
的 文明,4868,of; ~'s (possessive particle),civilized
感受 到,4868,to sense,to reach; to arrive
的 缺点,4867,of; ~'s (possessive particle),weak point
研究 方法,4867,research,method; way; technique; procedure
保险 的,4867,insurance,of; ~'s (possessive particle)
活力 的,4867,energy,of; ~'s (possessive particle)
覆盖 城乡,4867,to cover,city and countryside
检 总,4866,to check,(bound form) general; overall
要 继续,4866,(bound form) to demand; to coerce,to continue; to proceed with; to go on with
金融 创新,4865,banking,to bring forth new ideas; to blaze new trails
总 的,4864,(bound form) general; overall,of; ~'s (possessive particle)
品 的,4862,(bound form) article; commodity; product; goods,of; ~'s (possessive particle)
的 协议,4862,of; ~'s (possessive particle),agreement
本地 电话,4862,local,telephone
和 实际,4862,old variant of 和[he2],reality
政治 理论,4861,politics,theory
在 国外,4861,to exist; to be alive,abroad
而且 是,4861,(not only ...) but also,to be (followed by substantives only)
完善 和,4861,"(of systems, facilities etc) comprehensive",old variant of 和[he2]
之后 的,4861,after; behind,of; ~'s (possessive particle)
稳定 发展,4859,steady,development
支持 力度,4858,to be in favor of,strength
个体 的,4858,an individual,of; ~'s (possessive particle)
作 为,4858,(bound form) worker,as (in the capacity of)
种 文化,4858,seed,culture
源 于,4857,root,surname Yu
程序 的,4857,procedures,of; ~'s (possessive particle)
的 话题,4857,of; ~'s (possessive particle),subject (of a talk or conversation)
故 事,4856,happening,matter
任何 一,4856,any; whatever; whichever,one
企业 单位,4856,company; firm; enterprise; corporation,unit (of measure)
的 具有,4855,of; ~'s (possessive particle),to have; to possess
中 小学,4854,(bound form) China; Chinese,elementary school; primary school
极大 的,4853,enormous; great,of; ~'s (possessive particle)
肯定 的,4853,to be certain; to be positive,of; ~'s (possessive particle)
协议 的,4852,agreement,of; ~'s (possessive particle)
可行 性,4852,feasible,nature
的 反,4852,of; ~'s (possessive particle),contrary
建筑 面积,4852,to construct,"area (of a floor, piece of land etc)"
转变 为,4852,to change,as (in the capacity of)
科技 成果,4850,science and technology,result
创业 者,4849,to begin an undertaking; to start an enterprise,(after a verb or adjective) one who (is) ...
写 了,4848,to write,(completed action marker)
地产 管理,4847,real estate; landed estate; landed property,to supervise
行政 主管,4847,administration,in charge
的 军事,4847,of; ~'s (possessive particle),military affairs; (attributive) military
的 工,4845,of; ~'s (possessive particle),work
统筹 城乡,4845,an overall plan,city and countryside
的 胜利,4845,of; ~'s (possessive particle),victory
在 当时,4845,to exist; to be alive,then; at that time
系统 中,4845,system,(bound form) China; Chinese
的 制,4843,of; ~'s (possessive particle),system
要 想,4843,(bound form) to demand; to coerce,to think (about)
经济 增,4842,economy,(bound form) to increase; to augment; to add to
会议 在,4842,meeting,to exist; to be alive
体制 机制,4840,system,mechanism
不 容易,4840,no; not so,easy; straightforward
食品 安全,4840,foodstuff; food; provisions,safe; secure
下 进行,4839,down,(of a process etc) to proceed; to be in progress; to be underway
技能 培训,4839,technical ability,to cultivate
党 在,4838,surname Dang,to exist; to be alive
的 两个,4838,of; ~'s (possessive particle),
成果 的,4838,result,of; ~'s (possessive particle)
联合 会,4838,to combine,can; to have the skill; to know how to
公益 性,4837,public good; public welfare; public interest,nature
冶 的,4837,to smelt,of; ~'s (possessive particle)
必须 对,4836,to have to,right; correct
一个 时期,4835,a; an; one,period
项 重要,4834,surname Xiang,important; significant; major
的 观察,4832,of; ~'s (possessive particle),to observe; to watch; to survey
世界 第,4831,world,"(prefix indicating ordinal number, as in 第六[di4 liu4] ""sixth"")"
的 性格,4830,of; ~'s (possessive particle),nature
潜在 的,4830,hidden,of; ~'s (possessive particle)
还 将,4830,surname Huan,will
农村 公路,4829,rural area,highway
犯罪 的,4828,to commit a crime,of; ~'s (possessive particle)
时 所,4827,old variant of 時|时[shi2],actually
技术 研究,4827,technology; technique; skill,research
已 是,4827,already,to be (followed by substantives only)
文学 研究,4827,literature,research
体 系,4826,used in 體己|体己[ti1 ji5],to connect
的 统治,4826,of; ~'s (possessive particle),to rule (a country)
国际 上,4825,international,used in 上聲|上声[shang3 sheng1]
所 涉及,4823,actually,to involve; to relate to; to concern; to touch upon
十 三次,4822,ten,third
一个 民族,4822,a; an; one,nationality; ethnic group
管理 理论,4821,to supervise,theory
十 多,4821,ten,many; much; more; a lot of
二 月,4820,two,moon
财政 资金,4820,public finance; government finance,funds; capital
认 为,4819,to recognize,as (in the capacity of)
转型 升级,4818,to undergo fundamental change; to transition; to transform,to go up by one grade; to be promoted
主 体,4817,owner,used in 體己|体己[ti1 ji5]
的 汽车,4817,of; ~'s (possessive particle),car
合理 性,4813,rational; reasonable; sensible; fair,nature
和 我,4813,old variant of 和[he2],I; me; my
特征 是,4813,characteristic,to be (followed by substantives only)
普遍 性,4812,universal,nature
的 人格,4811,of; ~'s (possessive particle),personality
主义 新,4811,-ism,abbr. for Xinjiang 新疆[Xin1 jiang1]
了 研究,4811,(completed action marker),research
颁布 了,4810,to issue,(completed action marker)
多 了,4810,many; much; more; a lot of,(completed action marker)
事项 的,4809,matter,of; ~'s (possessive particle)
的 经历,4808,of; ~'s (possessive particle),to experience; to go through
可能 发生,4805,might (happen),"to happen; to occur; to take place; to arise (e.g. 發生問題|发生问题[fa1 sheng1 wen4 ti2] ""a problem arises"")"
型 经济,4804,mold,economy
个 世纪,4804,used in 自個兒|自个儿[zi4 ge3 r5],century
理 论,4803,texture,"abbr. for 論語|论语[Lun2 yu3], The Analects (of Confucius)"
规模 化,4802,scale; scope; extent,variant of 花[hua1]
提高 到,4802,to raise,to reach; to arrive
补偿 机制,4800,to compensate,mechanism
完美 的,4800,perfect,of; ~'s (possessive particle)
组织 成员,4799,to organize,member
港澳台 商,4799,"Hong Kong 香港, Macao 澳門|澳门 and Taiwan 臺灣|台湾[Tai2 wan1]",Shang Dynasty (c. 1600–1046 BC)
恰恰 是,4799,exactly; just; precisely,to be (followed by substantives only)
同样 是,4798,same; equal; similar,to be (followed by substantives only)
的 一致,4798,of; ~'s (possessive particle),consistent; unanimous; in agreement
签订 了,4797,to agree to and sign (a treaty etc),(completed action marker)
乡镇 机构,4795,townships and towns (collective term for the two principal township-level administrative divisions),mechanism
民族 问题,4795,nationality; ethnic group,question
着 一,4793,variant of 著|着[zhao1],one
发生 变化,4790,"to happen; to occur; to take place; to arise (e.g. 發生問題|发生问题[fa1 sheng1 wen4 ti2] ""a problem arises"")",(intransitive) to change; to vary
的 执政,4790,of; ~'s (possessive particle),to hold power
必须 要,4790,to have to,(bound form) to demand; to coerce
发展 状况,4789,development,condition; state; situation
特点 是,4789,characteristic; trait; feature,to be (followed by substantives only)
区域 自治,4787,area,autonomy
一个 是,4786,a; an; one,to be (followed by substantives only)
的 支撑,4784,of; ~'s (possessive particle),to prop up
对 整个,4783,right; correct,whole
在 全,4782,to exist; to be alive,surname Quan
是 被,4781,to be (followed by substantives only),quilt
说明 了,4781,to explain,(completed action marker)
移送 司法,4781,"to transfer (a case, a person, files etc)",judicial
对外 投资,4779,external,investment
贸易 保护,4779,(commercial) trade,to protect
是 使,4778,to be (followed by substantives only),to make
与 台湾,4778,variant of 歟|欤[yu2],variant of 臺灣|台湾[Tai2 wan1]
贡献 的,4777,to contribute,of; ~'s (possessive particle)
该 公司,4776,should,company; firm; corporation
共产党 的,4776,Communist Party,of; ~'s (possessive particle)
一 般,4776,one,sort
交流 合作,4775,to exchange,to cooperate; to collaborate; to work together
协会 的,4775,an association,of; ~'s (possessive particle)
几乎 没有,4772,almost; nearly; practically,haven't
基金 管理,4772,fund,to supervise
的 业绩,4770,of; ~'s (possessive particle),achievement; accomplishment
成 为,4770,surname Cheng,as (in the capacity of)
职业 道德,4769,occupation; profession; vocation,virtue
国 经济,4769,surname Guo,economy
及 以上,4769,and,that level or higher; that amount or more
处罚 款,4769,to penalize,section
不断 提升,4765,unceasing,to promote (to a higher-ranking position)
大学 学报,4763,"the Great Learning, one of the Four Books 四書|四书[Si4 shu1] in Confucianism",a scholarly journal
构建 和谐,4763,to construct (sth abstract),harmonious
找到 了,4762,to find,(completed action marker)
认 识,4761,to recognize,to know
具备 了,4761,to possess,(completed action marker)
航空 公司,4760,aviation,company; firm; corporation
的 数字,4760,of; ~'s (possessive particle),numeral
将 对,4759,will,right; correct
学校 教育,4759,school,to educate
流 人,4757,to flow,person; people
管理 业,4755,to supervise,surname Ye
实证 分析,4753,actual proof,to analyze
必须 把,4752,to have to,to hold; to grasp
的 专门,4752,of; ~'s (possessive particle),specialized; dedicated (to a particular field or purpose)
观 活动,4752,surname Guan,to exercise; to move about; to work out
复 函,4749,to go and return,envelope
牧 渔业,4748,surname Mu,fishing industry
的 优点,4748,of; ~'s (possessive particle),merit
反映 企业,4747,to mirror,company; firm; enterprise; corporation
电子 政务,4746,electronic,government affairs
扶贫 开发,4744,assistance to the poor,to exploit (a resource); to open up (for development); to develop
科学 化,4744,science,variant of 花[hua1]
企业 可以,4742,company; firm; enterprise; corporation,can
职工 群众,4742,employee; staff member; worker,mass
贫困 地区,4741,impoverished,region; area (informal or geographical term)
是 研究,4740,to be (followed by substantives only),research
教师 的,4740,teacher,of; ~'s (possessive particle)
常见 的,4740,commonly seen,of; ~'s (possessive particle)
日报 报,4739,daily newspaper,to report; to inform; to announce
他 把,4738,"(third-person singular) (since the early 20th century, usu. male) he; him; his",to hold; to grasp
市场 交易,4738,marketplace; market; bazaar,to deal; to trade; to transact
比例 的,4737,proportion,of; ~'s (possessive particle)
从 这,4736,variant of 從|从[cong2],(pronoun) this; these
的 某,4736,of; ~'s (possessive particle),some
管理 模式,4736,to supervise,mode; pattern; model
产权 保护,4736,property right,to protect
教育 改革,4736,to educate,reform
讨论 的,4736,to discuss; to talk over,of; ~'s (possessive particle)
也 与,4736,surname Ye,variant of 歟|欤[yu2]
方面 来,4736,respect,to come
设备 制造,4735,equipment; facilities; installations,to manufacture; to make
德 曼,4735,Germany,handsome
专项 检查,4734,special,inspection
的 大学,4732,of; ~'s (possessive particle),"the Great Learning, one of the Four Books 四書|四书[Si4 shu1] in Confucianism"
银行 在,4732,bank,to exist; to be alive
绩效 考核,4730,performance,to examine
她 说,4730,she,to persuade
起 来,4729,to rise,to come
与 美国,4729,variant of 歟|欤[yu2],United States; USA; US
创 新,4728,variant of 創|创[chuang4],abbr. for Xinjiang 新疆[Xin1 jiang1]
董事 长,4727,board member,long
你 能,4727,"you (informal, as opposed to courteous 您[nin2])",surname Neng
奥 组,4727,(bound form) Austria (abbr. for 奧地利|奥地利[Ao4 di4 li4]),to form
旅游 企业,4726,trip,company; firm; enterprise; corporation
排放 量,4726,to arrange in order,to measure
了 一条,4726,(completed action marker),
一些 地方,4726,some; a few; a little; (following an adjective) slightly ...er,region
作为 一种,4725,one's conduct,one kind of; one type of
在 进行,4725,to exist; to be alive,(of a process etc) to proceed; to be in progress; to be underway
结束 后,4725,to end; to finish; to conclude,surname Hou
投 融资,4725,"to throw (sth in a specific direction: ball, javelin, grenade etc)",financing
科 技,4724,branch of study,skill
任务 和,4722,mission; assignment; task; duty; role,old variant of 和[he2]
的 父母,4721,of; ~'s (possessive particle),father and mother; parents
的 同志,4719,of; ~'s (possessive particle),comrade
中 具有,4718,(bound form) China; Chinese,to have; to possess
的 谈判,4717,of; ~'s (possessive particle),to negotiate
和 消费,4717,old variant of 和[he2],"to consume (goods and services, resources etc)"
这 件,4717,(pronoun) this; these,item
经济 转型,4716,economy,to undergo fundamental change; to transition; to transform
国际 组织,4715,international,to organize
摆 在,4715,to arrange,to exist; to be alive
介绍 了,4714,to introduce (sb to sb),(completed action marker)
回族 自治区,4714,Hui ethnic group (Chinese Muslims),"autonomous region – a provincial-level administrative division of China with self-governance for ethnic minorities (five in total: Guangxi, Inner Mongolia, Ningxia, Xinjiang and Tibet)"
年 以上,4713,surname Nian,that level or higher; that amount or more
完全 的,4712,complete; whole,of; ~'s (possessive particle)
与 国际,4711,variant of 歟|欤[yu2],international
最低 收购,4711,,to purchase or acquire in bulk or at an official level (esp. by a state or organization)
所 规定,4710,actually,to stipulate; to specify; to prescribe; to fix (a price); to set (a quota)
法国 的,4710,France,of; ~'s (possessive particle)
身份 的,4709,"identity; aspect of one's identity (e.g. mayor, father, permanent resident); role; capacity (as in ""in his capacity as ..."" 以[yi3] + ... + 的身份[de5 shen1 fen4]); status (social, legal etc); position; rank",of; ~'s (possessive particle)
共和国 公司,4709,republic,company; firm; corporation
法院 在,4709,court of law,to exist; to be alive
组织 中,4709,to organize,(bound form) China; Chinese
而 进行,4708,and,(of a process etc) to proceed; to be in progress; to be underway
的 争论,4707,of; ~'s (possessive particle),to argue
工作 经验,4706,to work,experience
工业 经济,4706,industry,economy
国 政府,4706,surname Guo,government
上升 的,4704,to rise,of; ~'s (possessive particle)
年 美国,4703,surname Nian,United States; USA; US
的 创作,4703,of; ~'s (possessive particle),to create; to produce; to write
地 看,4701,-ly,to look after
也 包括,4701,surname Ye,to comprise
相对 的,4701,relatively,of; ~'s (possessive particle)
的 普遍,4699,of; ~'s (possessive particle),universal
可以 向,4699,can,surname Xiang
经济 改革,4699,economy,reform
的 长,4697,of; ~'s (possessive particle),long
变 成,4696,to change,surname Cheng
