text,popularity,meaning1,meaning2
di un,16459110,"used to indicate possession, after the thing owned and before the owner; of; ’s","apocopic form of uno: a, an"
che non,13413859,what; which,not
e la,13171239,"The fifth letter of the Italian alphabet, called e and written in the Latin script.",the
per la,12914168,for,the
la sua,12565523,the,feminine singular of suo
che si,11701960,what; which,"oneself, himself, herself, itself, themselves"
il suo,11662711,the,"his, her, its"
di una,11646542,"used to indicate possession, after the thing owned and before the owner; of; ’s",feminine singular of uno
con la,11573024,"with, together",the
non è,10218500,not,"Used to disambiguate words ending in a stressed ⟨-e⟩, regardless of its pronunciation"
in cui,10206753,in,"prepositional of che: whom, which"
e di,10108333,"The fifth letter of the Italian alphabet, called e and written in the Latin script.","used to indicate possession, after the thing owned and before the owner; of; ’s"
e il,10030429,"The fifth letter of the Italian alphabet, called e and written in the Latin script.",the
che la,9746751,what; which,the
per il,9224429,for,the
in un,9198430,in,"apocopic form of uno: a, an"
che il,8902993,what; which,the
di cui,8300092,"used to indicate possession, after the thing owned and before the owner; of; ’s","prepositional of che: whom, which"
e non,8237225,"The fifth letter of the Italian alphabet, called e and written in the Latin script.",not
con il,8201314,"with, together",the
non si,7904786,not,"oneself, himself, herself, itself, themselves"
e le,7237477,"The fifth letter of the Italian alphabet, called e and written in the Latin script.",the
con un,6780012,"with, together","apocopic form of uno: a, an"
quello che,6236669,"that, those",what; which
e si,6217094,"The fifth letter of the Italian alphabet, called e and written in the Latin script.","oneself, himself, herself, itself, themselves"
ma non,6195281,"but, however",not
in una,6072263,in,feminine singular of uno
e che,5865718,"The fifth letter of the Italian alphabet, called e and written in the Latin script.",what; which
un po,5684826,"apocopic form of uno: a, an",Po (a river in Italy)
da un,5642554,from (all senses),"apocopic form of uno: a, an"
i suoi,5439700,"The ninth letter of the Italian alphabet, called i and written in the Latin script.",masculine plural of suo
e i,5411856,"The fifth letter of the Italian alphabet, called e and written in the Latin script.","The ninth letter of the Italian alphabet, called i and written in the Latin script."
a un,5358832,"The first letter of the Italian alphabet, called a and written in the Latin script.","apocopic form of uno: a, an"
e l',5296131,"The fifth letter of the Italian alphabet, called e and written in the Latin script.","apocopic form of il/lo, la: the"
per l',5250218,for,"apocopic form of il/lo, la: the"
con le,5199569,"with, together",the
si è,5174782,"oneself, himself, herself, itself, themselves","Used to disambiguate words ending in a stressed ⟨-e⟩, regardless of its pronunciation"
ciò che,5134031,this,what; which
è un,5128159,"Used to disambiguate words ending in a stressed ⟨-e⟩, regardless of its pronunciation","apocopic form of uno: a, an"
è stato,4949561,"Used to disambiguate words ending in a stressed ⟨-e⟩, regardless of its pronunciation","state (physical property of matter as solid, liquid, gas or plasma)"
se non,4942480,abbreviation of sudest; southeast,not
che è,4774931,what; which,"Used to disambiguate words ending in a stressed ⟨-e⟩, regardless of its pronunciation"
tutte le,4770699,feminine plural of tutto,the
si era,4761140,"oneself, himself, herself, itself, themselves","age, epoch, period"
che le,4710539,what; which,the
che l',4704168,what; which,"apocopic form of il/lo, la: the"
tutti i,4684065,"all; everybody, everyone","The ninth letter of the Italian alphabet, called i and written in the Latin script."
non era,4634759,not,"age, epoch, period"
il mio,4609723,the,my; of mine (used attributively)
per un,4609537,for,"apocopic form of uno: a, an"
per le,4585015,for,the
gli occhi,4579590,"form of the article i (“the”) used before a vowel, impure s, gn, pn, ps, sc, x, y, and z, and also with the plural noun dei (“gods”); the",plural of occhio
la mia,4533851,the,feminine singular of mio
per i,4418124,for,"The ninth letter of the Italian alphabet, called i and written in the Latin script."
anche se,4401265,"also, too, as well, besides",abbreviation of sudest; southeast
con l',4390699,"with, together","apocopic form of il/lo, la: the"
in modo,4386374,in,"manner, way"
le sue,4297729,the,plural of sua
che mi,4266331,what; which,clitic accusative of io. me
con una,4092558,"with, together",feminine singular of uno
con i,4061308,"with, together","The ninth letter of the Italian alphabet, called i and written in the Latin script."
è il,4049663,"Used to disambiguate words ending in a stressed ⟨-e⟩, regardless of its pronunciation",the
in questo,4021694,in,"this, these"
e poi,4020141,"The fifth letter of the Italian alphabet, called e and written in the Latin script.",then
della sua,3930448,"contraction of di la; of the, from the",feminine singular of suo
come se,3761166,how,abbreviation of sudest; southeast
di essere,3743615,"used to indicate possession, after the thing owned and before the owner; of; ’s",Used as a copula. to be
e a,3718164,"The fifth letter of the Italian alphabet, called e and written in the Latin script.","The first letter of the Italian alphabet, called a and written in the Latin script."
è la,3699606,"Used to disambiguate words ending in a stressed ⟨-e⟩, regardless of its pronunciation",the
che gli,3674976,what; which,"form of the article i (“the”) used before a vowel, impure s, gn, pn, ps, sc, x, y, and z, and also with the plural noun dei (“gods”); the"
da una,3633136,from (all senses),feminine singular of uno
che aveva,3626063,what; which,third-person singular imperfect indicative of avere
da parte,3610518,from (all senses),part
non mi,3579075,not,clitic accusative of io. me
prima di,3568268,feminine singular of primo,"used to indicate possession, after the thing owned and before the owner; of; ’s"
e per,3511471,"The fifth letter of the Italian alphabet, called e and written in the Latin script.",for
può essere,3492396,third-person singular present indicative of potere,Used as a copula. to be
è una,3478135,"Used to disambiguate words ending in a stressed ⟨-e⟩, regardless of its pronunciation",feminine singular of uno
una volta,3470593,feminine singular of uno,"time, instance, occasion"
a una,3448909,"The first letter of the Italian alphabet, called a and written in the Latin script.",feminine singular of uno
di non,3421630,"used to indicate possession, after the thing owned and before the owner; of; ’s",not
e gli,3377675,"The fifth letter of the Italian alphabet, called e and written in the Latin script.","form of the article i (“the”) used before a vowel, impure s, gn, pn, ps, sc, x, y, and z, and also with the plural noun dei (“gods”); the"
come un,3349428,how,"apocopic form of uno: a, an"
che ha,3343230,what; which,third-person singular present indicative of avere and (obsolete) havere
tra le,3330404,between,the
del suo,3328463,"contraction of di + il; some, of the, from the","his, her, its"
la testa,3327957,the,head
un altro,3323607,"apocopic form of uno: a, an","other, another, more, further, else"
non sono,3313844,not,"first-person singular present indicative of essere: (I) am, I'm"
fino a,3302755,"till, until, as far as","The first letter of the Italian alphabet, called a and written in the Latin script."
che lo,3256607,what; which,"the form of il that is used before the so-called impure consonants, that is, s+consonant (impure s), gn, pn, ps, x, y, or z, and before i+vocal, bd, cn, ct, dm, ft, mn, pt, tm and also ts; before a vowel it becomes l'; the"
e in,3253846,"The fifth letter of the Italian alphabet, called e and written in the Latin script.",in
che era,3230398,what; which,"age, epoch, period"
di nuovo,3206914,"used to indicate possession, after the thing owned and before the owner; of; ’s",new
la prima,3145492,the,feminine singular of primo
che i,3072518,what; which,"The ninth letter of the Italian alphabet, called i and written in the Latin script."
o di,3003402,"The thirteenth letter of the Italian alphabet, called o and written in the Latin script.","used to indicate possession, after the thing owned and before the owner; of; ’s"
e lo,2974704,"The fifth letter of the Italian alphabet, called e and written in the Latin script.","the form of il that is used before the so-called impure consonants, that is, s+consonant (impure s), gn, pn, ps, x, y, or z, and before i+vocal, bd, cn, ct, dm, ft, mn, pt, tm and also ts; before a vowel it becomes l'; the"
è stata,2958174,"Used to disambiguate words ending in a stressed ⟨-e⟩, regardless of its pronunciation",feminine singular of stato
non lo,2952383,not,"the form of il that is used before the so-called impure consonants, that is, s+consonant (impure s), gn, pn, ps, x, y, or z, and before i+vocal, bd, cn, ct, dm, ft, mn, pt, tm and also ts; before a vowel it becomes l'; the"
a casa,2946815,"The first letter of the Italian alphabet, called a and written in the Latin script.",house
caso di,2943284,"chance, fate","used to indicate possession, after the thing owned and before the owner; of; ’s"
e della,2905678,"The fifth letter of the Italian alphabet, called e and written in the Latin script.","contraction of di la; of the, from the"
tutto il,2889797,all,the
non ci,2883791,not,The name of the Latin script letter C/c.; cee
non aveva,2852288,not,third-person singular imperfect indicative of avere
e mi,2847106,"The fifth letter of the Italian alphabet, called e and written in the Latin script.",clitic accusative of io. me
e con,2816705,"The fifth letter of the Italian alphabet, called e and written in the Latin script.","with, together"
che ci,2796656,what; which,The name of the Latin script letter C/c.; cee
che cosa,2767209,what; which,"thing, matter"
gli altri,2757537,"form of the article i (“the”) used before a vowel, impure s, gn, pn, ps, sc, x, y, and z, and also with the plural noun dei (“gods”); the","someone else, another"
tra i,2756170,between,"The ninth letter of the Italian alphabet, called i and written in the Latin script."
di lavoro,2726575,"used to indicate possession, after the thing owned and before the owner; of; ’s",work (all senses)
e del,2714805,"The fifth letter of the Italian alphabet, called e and written in the Latin script.","contraction of di + il; some, of the, from the"
in quel,2683036,in,"apocopic form of quello, used before a consonant (except impure s, gn, pn, ps, x, z)"
di più,2677792,"used to indicate possession, after the thing owned and before the owner; of; ’s",comparative degree of molto; more
le mani,2656704,the,plural of mano
in quanto,2655575,in,"how much, how many, however much, however many"
e un,2654821,"The fifth letter of the Italian alphabet, called e and written in the Latin script.","apocopic form of uno: a, an"
la vita,2644477,the,life
se ne,2614740,abbreviation of sudest; southeast,abbreviation of nordest; northeast
tutta la,2604347,feminine singular of tutto,the
fatto che,2594565,"done, made",what; which
si può,2592261,"oneself, himself, herself, itself, themselves",third-person singular present indicative of potere
un uomo,2589377,"apocopic form of uno: a, an","person, man (human being)"
non ha,2565725,not,third-person singular present indicative of avere and (obsolete) havere
più di,2540791,comparative degree of molto; more,"used to indicate possession, after the thing owned and before the owner; of; ’s"
grado di,2532961,degree,"used to indicate possession, after the thing owned and before the owner; of; ’s"
non può,2524476,not,third-person singular present indicative of potere
mi ha,2499987,clitic accusative of io. me,third-person singular present indicative of avere and (obsolete) havere
di questo,2494612,"used to indicate possession, after the thing owned and before the owner; of; ’s","this, these"
era un,2489687,"age, epoch, period","apocopic form of uno: a, an"
alla fine,2486275,"contraction of a + la; to the, at the",thin
la mano,2485728,the,hand
che in,2484113,what; which,in
bisogno di,2482252,need,"used to indicate possession, after the thing owned and before the owner; of; ’s"
l' uomo,2479661,"apocopic form of il/lo, la: the","person, man (human being)"
era stato,2476518,"age, epoch, period","state (physical property of matter as solid, liquid, gas or plasma)"
lo stesso,2469671,"the form of il that is used before the so-called impure consonants, that is, s+consonant (impure s), gn, pn, ps, x, y, or z, and before i+vocal, bd, cn, ct, dm, ft, mn, pt, tm and also ts; before a vowel it becomes l'; the","same, equal"
nel caso,2451457,contraction of in il; in the,"chance, fate"
uno dei,2447906,one,"contraction of di + i; of the, from the"
di lui,2440305,"used to indicate possession, after the thing owned and before the owner; of; ’s",he
la loro,2436032,the,"they, them"
cui si,2391301,"prepositional of che: whom, which","oneself, himself, herself, itself, themselves"
ci sono,2358022,The name of the Latin script letter C/c.; cee,"first-person singular present indicative of essere: (I) am, I'm"
ma anche,2352861,"but, however","also, too, as well, besides"
il quale,2344305,the,what?
al suo,2296029,"contraction of a + il, literally “to the, at the”","his, her, its"
in particolare,2275462,in,"particular, private, personal (antonym of general)"
nella sua,2264773,contraction of in la; in the,feminine singular of suo
e delle,2240014,"The fifth letter of the Italian alphabet, called e and written in the Latin script.","contraction of di le; of the, from the"
a me,2220302,"The first letter of the Italian alphabet, called a and written in the Latin script.",me
se la,2220106,abbreviation of sudest; southeast,the
lo sguardo,2217734,"the form of il that is used before the so-called impure consonants, that is, s+consonant (impure s), gn, pn, ps, x, y, or z, and before i+vocal, bd, cn, ct, dm, ft, mn, pt, tm and also ts; before a vowel it becomes l'; the","glance, look (action of looking)"
ed è,2206439,"alternative form of e for euphony, especially before /e/ or /ɛ/; and","Used to disambiguate words ending in a stressed ⟨-e⟩, regardless of its pronunciation"
di me,2202110,"used to indicate possession, after the thing owned and before the owner; of; ’s",me
si tratta,2199494,"oneself, himself, herself, itself, themselves",act of pulling
ai sensi,2194233,"contraction of a i; to the, at the",plural of senso
il primo,2187109,the,first
in grado,2182129,in,degree
non solo,2142066,not,"alone, by oneself, unattended, unaccompanied, lonely, lone, lonesome"
deve essere,2135134,third-person singular present indicative of dovere,Used as a copula. to be
il tempo,2127453,the,time
come una,2112969,how,feminine singular of uno
punto di,2096136,"point (all senses), jot, iota","used to indicate possession, after the thing owned and before the owner; of; ’s"
la porta,2093504,the,gate
tutti gli,2085331,"all; everybody, everyone","form of the article i (“the”) used before a vowel, impure s, gn, pn, ps, sc, x, y, and z, and also with the plural noun dei (“gods”); the"
per quanto,2084573,for,"how much, how many, however much, however many"
ad un,2076849,initialism of amministratore delegato (“CEO”),"apocopic form of uno: a, an"
perché non,2074882,"because, why",not
non ho,2048776,not,first-person singular present indicative of avere and (obsolete) havere
che sono,2046788,what; which,"first-person singular present indicative of essere: (I) am, I'm"
di fronte,2043932,"used to indicate possession, after the thing owned and before the owner; of; ’s","forehead, brow"
le cose,2029962,the,plural of cosa
per una,2024324,for,feminine singular of uno
e dei,2022795,"The fifth letter of the Italian alphabet, called e and written in the Latin script.","contraction of di + i; of the, from the"
e se,2019477,"The fifth letter of the Italian alphabet, called e and written in the Latin script.",abbreviation of sudest; southeast
e una,2012643,"The fifth letter of the Italian alphabet, called e and written in the Latin script.",feminine singular of uno
con gli,2007677,"with, together","form of the article i (“the”) used before a vowel, impure s, gn, pn, ps, sc, x, y, and z, and also with the plural noun dei (“gods”); the"
nel suo,1987232,contraction of in il; in the,"his, her, its"
il loro,1972664,the,"they, them"
i miei,1951733,"The ninth letter of the Italian alphabet, called i and written in the Latin script.",masculine plural of mio
cura di,1941965,care,"used to indicate possession, after the thing owned and before the owner; of; ’s"
la stessa,1934037,the,feminine singular of stesso
di lei,1931711,"used to indicate possession, after the thing owned and before the owner; of; ’s",she
l' altro,1920785,"apocopic form of il/lo, la: the","other, another, more, further, else"
in ogni,1908196,in,"each, every"
i due,1896295,"The ninth letter of the Italian alphabet, called i and written in the Latin script.",two
se il,1882035,abbreviation of sudest; southeast,the
parte del,1873198,part,"contraction of di + il; some, of the, from the"
il fatto,1862976,the,"done, made"
per questo,1858357,for,"this, these"
qualcosa di,1855981,something,"used to indicate possession, after the thing owned and before the owner; of; ’s"
quello di,1845006,"that, those","used to indicate possession, after the thing owned and before the owner; of; ’s"
su un,1835195,"up, upstairs","apocopic form of uno: a, an"
a cura,1830193,"The first letter of the Italian alphabet, called a and written in the Latin script.",care
nei confronti,1827377,contraction of in i; in the,plural of confronto
una delle,1823159,feminine singular of uno,"contraction of di le; of the, from the"
verso il,1822720,verse,the
io non,1819471,I (the first-person singular nominative pronoun),not
possibilità di,1818938,possibility,"used to indicate possession, after the thing owned and before the owner; of; ’s"
sempre più,1806609,always,comparative degree of molto; more
come la,1797846,how,the
come il,1797084,how,the
dei suoi,1792959,"contraction of di + i; of the, from the",masculine plural of suo
il tuo,1792678,the,your (informal)
che ti,1791378,what; which,The name of the Latin script letter T/t.; tee
ma la,1788320,"but, however",the
a lui,1783369,"The first letter of the Italian alphabet, called a and written in the Latin script.",he
e io,1781669,"The fifth letter of the Italian alphabet, called e and written in the Latin script.",I (the first-person singular nominative pronoun)
è che,1780613,"Used to disambiguate words ending in a stressed ⟨-e⟩, regardless of its pronunciation",what; which
dopo la,1774750,later,the
parte di,1771500,part,"used to indicate possession, after the thing owned and before the owner; of; ’s"
il nostro,1770075,the,our
il mondo,1768746,the,world
che per,1768516,what; which,for
come si,1759354,how,"oneself, himself, herself, itself, themselves"
che sia,1758793,what; which,inflection of essere:
verso la,1749270,verse,the
una cosa,1746360,feminine singular of uno,"thing, matter"
alla sua,1740332,"contraction of a + la; to the, at the",feminine singular of suo
per cui,1738391,for,"prepositional of che: whom, which"
a questo,1724556,"The first letter of the Italian alphabet, called a and written in the Latin script.","this, these"
prima che,1724167,feminine singular of primo,what; which
anche in,1720141,"also, too, as well, besides",in
cui al,1718106,"prepositional of che: whom, which","contraction of a + il, literally “to the, at the”"
l' art,1710410,"apocopic form of il/lo, la: the",
la tua,1709860,the,feminine singular of tuo
era una,1702787,"age, epoch, period",feminine singular of uno
anche il,1681987,"also, too, as well, besides",the
a fare,1677921,"The first letter of the Italian alphabet, called a and written in the Latin script.",to do
la nostra,1676991,the,feminine singular of nostro
quando si,1674826,when,"oneself, himself, herself, itself, themselves"
che hanno,1672931,what; which,third-person plural present indicative of avere and (obsolete) havere
di questa,1662849,"used to indicate possession, after the thing owned and before the owner; of; ’s",feminine singular of questo
ma il,1661521,"but, however",the
in realtà,1660865,in,reality
in caso,1657512,in,"chance, fate"
quel momento,1651563,"apocopic form of quello, used before a consonant (except impure s, gn, pn, ps, x, z)",moment
l' aveva,1647466,"apocopic form of il/lo, la: the",third-person singular imperfect indicative of avere
del mondo,1638315,"contraction of di + il; some, of the, from the",world
di fare,1638119,"used to indicate possession, after the thing owned and before the owner; of; ’s",to do
anche la,1633606,"also, too, as well, besides",the
per gli,1632531,for,"form of the article i (“the”) used before a vowel, impure s, gn, pn, ps, sc, x, y, and z, and also with the plural noun dei (“gods”); the"
era stata,1628233,"age, epoch, period",feminine singular of stato
di quella,1624153,"used to indicate possession, after the thing owned and before the owner; of; ’s",feminine singular of quello
per me,1620810,for,me
a cui,1619420,"The first letter of the Italian alphabet, called a and written in the Latin script.","prepositional of che: whom, which"
l' ho,1617605,"apocopic form of il/lo, la: the",first-person singular present indicative of avere and (obsolete) havere
ad esempio,1614817,initialism of amministratore delegato (“CEO”),example
con cui,1614234,"with, together","prepositional of che: whom, which"
su di,1612626,"up, upstairs","used to indicate possession, after the thing owned and before the owner; of; ’s"
che ne,1605428,what; which,abbreviation of nordest; northeast
una donna,1600091,feminine singular of uno,woman
che un,1599146,what; which,"apocopic form of uno: a, an"
per esempio,1593421,for,example
la propria,1590625,the,feminine singular of proprio
un certo,1588792,"apocopic form of uno: a, an","certain, sure"
possono essere,1588695,third-person plural present indicative of potere,Used as a copula. to be
ad una,1584004,initialism of amministratore delegato (“CEO”),feminine singular of uno
del tutto,1583690,"contraction of di + il; some, of the, from the",all
a quella,1582785,"The first letter of the Italian alphabet, called a and written in the Latin script.",feminine singular of quello
i loro,1582423,"The ninth letter of the Italian alphabet, called i and written in the Latin script.","they, them"
a quel,1580987,"The first letter of the Italian alphabet, called a and written in the Latin script.","apocopic form of quello, used before a consonant (except impure s, gn, pn, ps, x, z)"
di quanto,1578609,"used to indicate possession, after the thing owned and before the owner; of; ’s","how much, how many, however much, however many"
la voce,1573125,the,voice
che a,1572143,what; which,"The first letter of the Italian alphabet, called a and written in the Latin script."
non ti,1562791,not,The name of the Latin script letter T/t.; tee
le parole,1561845,the,plural of parola (“words”)
non so,1559196,not,first-person singular present indicative of sapere (“to know”)
di tutti,1556256,"used to indicate possession, after the thing owned and before the owner; of; ’s","all; everybody, everyone"
il giorno,1554269,the,day
è l',1551173,"Used to disambiguate words ending in a stressed ⟨-e⟩, regardless of its pronunciation","apocopic form of il/lo, la: the"
sarebbe stato,1548848,third-person singular conditional of essere,"state (physical property of matter as solid, liquid, gas or plasma)"
quella di,1544694,feminine singular of quello,"used to indicate possession, after the thing owned and before the owner; of; ’s"
la quale,1540129,the,what?
era il,1538977,"age, epoch, period",the
in questa,1530227,in,feminine singular of questo
è in,1526268,"Used to disambiguate words ending in a stressed ⟨-e⟩, regardless of its pronunciation",in
in materia,1523912,in,"matter, substance, material, stuff"
detto che,1515728,past participle of dire,what; which
della vita,1507526,"contraction of di la; of the, from the",life
se si,1502780,abbreviation of sudest; southeast,"oneself, himself, herself, itself, themselves"
volta che,1501958,"time, instance, occasion",what; which
e alla,1501007,"The fifth letter of the Italian alphabet, called e and written in the Latin script.","contraction of a + la; to the, at the"
mi sono,1497037,clitic accusative of io. me,"first-person singular present indicative of essere: (I) am, I'm"
una mano,1485563,feminine singular of uno,hand
in Italia,1483898,in,Italy (a country in Southern Europe)
il diritto,1478375,the,"straight, direct"
ha detto,1477185,third-person singular present indicative of avere and (obsolete) havere,past participle of dire
sotto il,1476430,"under, beneath, underneath",the
al di,1473077,"contraction of a + il, literally “to the, at the”","used to indicate possession, after the thing owned and before the owner; of; ’s"
a quello,1467175,"The first letter of the Italian alphabet, called a and written in the Latin script.","that, those"
e da,1463855,"The fifth letter of the Italian alphabet, called e and written in the Latin script.",from (all senses)
di loro,1461373,"used to indicate possession, after the thing owned and before the owner; of; ’s","they, them"
cui il,1456765,"prepositional of che: whom, which",the
e quindi,1456179,"The fifth letter of the Italian alphabet, called e and written in the Latin script.","therefore, hence, thus"
della legge,1451421,"contraction of di la; of the, from the",law
dire che,1445445,to utter (produce (speech or other sounds) with one's voice),what; which
modo di,1440437,"manner, way","used to indicate possession, after the thing owned and before the owner; of; ’s"
la possibilità,1437709,the,possibility
di ogni,1433268,"used to indicate possession, after the thing owned and before the owner; of; ’s","each, every"
diritto di,1432226,"straight, direct","used to indicate possession, after the thing owned and before the owner; of; ’s"
il più,1426254,the,comparative degree of molto; more
a volte,1421889,"The first letter of the Italian alphabet, called a and written in the Latin script.",plural of volta
davanti a,1420641,at the front; in front,"The first letter of the Italian alphabet, called a and written in the Latin script."
che tu,1420570,what; which,you (singular); thou
per non,1417649,for,not
la donna,1416728,the,woman
anche per,1415095,"also, too, as well, besides",for
il giudice,1414384,the,"judge, magistrate"
di aver,1410053,"used to indicate possession, after the thing owned and before the owner; of; ’s",apocopic form of avere
quelli che,1399529,masculine plural of quello,what; which
tipo di,1396293,"standard, model, average, stock","used to indicate possession, after the thing owned and before the owner; of; ’s"
un paio,1392919,"apocopic form of uno: a, an",pair
dopo aver,1392031,later,apocopic form of avere
tratta di,1381634,act of pulling,"used to indicate possession, after the thing owned and before the owner; of; ’s"
prima volta,1381364,feminine singular of primo,"time, instance, occasion"
ha fatto,1378967,third-person singular present indicative of avere and (obsolete) havere,"done, made"
di tutto,1376969,"used to indicate possession, after the thing owned and before the owner; of; ’s",all
di vista,1371914,"used to indicate possession, after the thing owned and before the owner; of; ’s",feminine singular of visto
del diritto,1371051,"contraction of di + il; some, of the, from the","straight, direct"
i capelli,1369317,"The ninth letter of the Italian alphabet, called i and written in the Latin script.",plural of capello (“single hair”); head hair
e al,1369284,"The fifth letter of the Italian alphabet, called e and written in the Latin script.","contraction of a + il, literally “to the, at the”"
ci si,1367337,The name of the Latin script letter C/c.; cee,"oneself, himself, herself, itself, themselves"
fine di,1364135,thin,"used to indicate possession, after the thing owned and before the owner; of; ’s"
le loro,1362565,the,"they, them"
ma che,1361647,"but, however",what; which
sono stati,1360026,"first-person singular present indicative of essere: (I) am, I'm",plural of stato
non poteva,1348768,not,third-person singular imperfect indicative of potere
a tutti,1348074,"The first letter of the Italian alphabet, called a and written in the Latin script.","all; everybody, everyone"
tutto ciò,1346269,all,this
ma è,1341940,"but, however","Used to disambiguate words ending in a stressed ⟨-e⟩, regardless of its pronunciation"
e anche,1333892,"The fifth letter of the Italian alphabet, called e and written in the Latin script.","also, too, as well, besides"
su una,1332188,"up, upstairs",feminine singular of uno
che io,1331704,what; which,I (the first-person singular nominative pronoun)
quando il,1326211,when,the
che ho,1325569,what; which,first-person singular present indicative of avere and (obsolete) havere
le mie,1316768,the,feminine plural of mio
parte della,1315036,part,"contraction of di la; of the, from the"
ai fini,1314197,"contraction of a i; to the, at the","plural of fine (“end, conclusion”)"
di vita,1314055,"used to indicate possession, after the thing owned and before the owner; of; ’s",life
era la,1313924,"age, epoch, period",the
in piedi,1312105,in,plural of piede
la cosa,1311953,the,"thing, matter"
è possibile,1311071,"Used to disambiguate words ending in a stressed ⟨-e⟩, regardless of its pronunciation",possible
gli uomini,1308760,"form of the article i (“the”) used before a vowel, impure s, gn, pn, ps, sc, x, y, and z, and also with the plural noun dei (“gods”); the",plural of uomo
un attimo,1307426,"apocopic form of uno: a, an","moment, instant, second"
questo è,1307315,"this, these","Used to disambiguate words ending in a stressed ⟨-e⟩, regardless of its pronunciation"
in fondo,1303293,in,deep
di uno,1302859,"used to indicate possession, after the thing owned and before the owner; of; ’s",one
stato di,1301790,"state (physical property of matter as solid, liquid, gas or plasma)","used to indicate possession, after the thing owned and before the owner; of; ’s"
di quel,1297713,"used to indicate possession, after the thing owned and before the owner; of; ’s","apocopic form of quello, used before a consonant (except impure s, gn, pn, ps, x, z)"
il nome,1297429,the,name
forma di,1296394,form,"used to indicate possession, after the thing owned and before the owner; of; ’s"
i quali,1295526,"The ninth letter of the Italian alphabet, called i and written in the Latin script.",plural of quale
in base,1288064,in,"base, alkaline"
mio padre,1285334,my; of mine (used attributively),father
paio di,1283413,pair,"used to indicate possession, after the thing owned and before the owner; of; ’s"
non ne,1282367,not,abbreviation of nordest; northeast
presenza di,1277761,presence,"used to indicate possession, after the thing owned and before the owner; of; ’s"
e così,1276053,"The fifth letter of the Italian alphabet, called e and written in the Latin script.",so
il proprio,1275771,the,"one's, one's own, her (own), its (own), their (own)"
nel corso,1274999,contraction of in il; in the,"course (of a river, of a university, etc.)"
quando la,1272336,when,the
più che,1263965,comparative degree of molto; more,what; which
di avere,1259583,"used to indicate possession, after the thing owned and before the owner; of; ’s",to have
le braccia,1259158,the,plural of braccio (“arm”)
in relazione,1258499,in,connection
un giorno,1255511,"apocopic form of uno: a, an",day
tra il,1252678,between,the
cui la,1251798,"prepositional of che: whom, which",the
si sarebbe,1250945,"oneself, himself, herself, itself, themselves",third-person singular conditional of essere
con me,1249435,"with, together",me
dello Stato,1248512,"contraction of di lo; of the, from the","state (physical property of matter as solid, liquid, gas or plasma)"
sono state,1240729,"first-person singular present indicative of essere: (I) am, I'm",alternative form of estate
il cuore,1240687,the,heart
cosa che,1238761,"thing, matter",what; which
a che,1237901,"The first letter of the Italian alphabet, called a and written in the Latin script.",what; which
o meno,1225470,"The thirteenth letter of the Italian alphabet, called o and written in the Latin script.",less
lo so,1223814,"the form of il that is used before the so-called impure consonants, that is, s+consonant (impure s), gn, pn, ps, x, y, or z, and before i+vocal, bd, cn, ct, dm, ft, mn, pt, tm and also ts; before a vowel it becomes l'; the",first-person singular present indicative of sapere (“to know”)
quella che,1222230,feminine singular of quello,what; which
una persona,1214852,feminine singular of uno,"person, pl people, persons"
si sono,1209803,"oneself, himself, herself, itself, themselves","first-person singular present indicative of essere: (I) am, I'm"
della mia,1208798,"contraction of di la; of the, from the",feminine singular of mio
il momento,1208540,the,moment
le persone,1204052,the,plural of persona
quel che,1193519,"apocopic form of quello, used before a consonant (except impure s, gn, pn, ps, x, z)",what; which
con lui,1192978,"with, together",he
in quella,1192353,in,feminine singular of quello
solo per,1191269,"alone, by oneself, unattended, unaccompanied, lonely, lone, lonesome",for
fino al,1190797,"till, until, as far as","contraction of a + il, literally “to the, at the”"
del lavoro,1188822,"contraction of di + il; some, of the, from the",work (all senses)
che lei,1186591,what; which,she
è più,1185219,"Used to disambiguate words ending in a stressed ⟨-e⟩, regardless of its pronunciation",comparative degree of molto; more
la verità,1182563,the,truth
la morte,1178835,the,death
serie di,1177425,series,"used to indicate possession, after the thing owned and before the owner; of; ’s"
aveva fatto,1175502,third-person singular imperfect indicative of avere,"done, made"
numero di,1171670,number,"used to indicate possession, after the thing owned and before the owner; of; ’s"
una parte,1169915,feminine singular of uno,part
per lo,1169268,for,"the form of il that is used before the so-called impure consonants, that is, s+consonant (impure s), gn, pn, ps, x, y, or z, and before i+vocal, bd, cn, ct, dm, ft, mn, pt, tm and also ts; before a vowel it becomes l'; the"
a lungo,1165620,"The first letter of the Italian alphabet, called a and written in the Latin script.",long
e nel,1165421,"The fifth letter of the Italian alphabet, called e and written in the Latin script.",contraction of in il; in the
materia di,1165083,"matter, substance, material, stuff","used to indicate possession, after the thing owned and before the owner; of; ’s"
un momento,1164119,"apocopic form of uno: a, an",moment
avrebbe potuto,1163276,third-person singular conditional of avere,past participle of potere
non avrebbe,1163064,not,third-person singular conditional of avere
che se,1157332,what; which,abbreviation of sudest; southeast
così come,1155078,so,how
di noi,1154701,"used to indicate possession, after the thing owned and before the owner; of; ’s",we; us
non sia,1153966,not,inflection of essere:
anche a,1152540,"also, too, as well, besides","The first letter of the Italian alphabet, called a and written in the Latin script."
a lei,1145372,"The first letter of the Italian alphabet, called a and written in the Latin script.",she
è vero,1141435,"Used to disambiguate words ending in a stressed ⟨-e⟩, regardless of its pronunciation",true
di quello,1140296,"used to indicate possession, after the thing owned and before the owner; of; ’s","that, those"
mia madre,1139764,feminine singular of mio,mother
un sorriso,1139335,"apocopic form of uno: a, an",smile
il corpo,1138298,the,body (the physical structure of a human or animal)
contro il,1134686,against,the
andare a,1132583,to go,"The first letter of the Italian alphabet, called a and written in the Latin script."
si trova,1127938,"oneself, himself, herself, itself, themselves",inflection of trovare:
al momento,1126094,"contraction of a + il, literally “to the, at the”",moment
l' idea,1123713,"apocopic form of il/lo, la: the",idea
delle sue,1123206,"contraction of di le; of the, from the",plural of sua
credo che,1121565,creed,what; which
non l',1121138,not,"apocopic form of il/lo, la: the"
la storia,1119650,the,history
sotto la,1118282,"under, beneath, underneath",the
in casa,1117083,in,house
il problema,1114740,the,problem
in tal,1111677,in,apocopic form of tale
non posso,1110962,not,first-person singular present indicative of potere
l' ha,1107446,"apocopic form of il/lo, la: the",third-person singular present indicative of avere and (obsolete) havere
non vi,1107399,not,"second-person personal plural object pronoun: you, to you"
a causa,1104640,"The first letter of the Italian alphabet, called a and written in the Latin script.",cause
a dire,1104545,"The first letter of the Italian alphabet, called a and written in the Latin script.",to utter (produce (speech or other sounds) with one's voice)
si erano,1104167,"oneself, himself, herself, itself, themselves",third-person plural imperfect indicative of essere
in maniera,1104073,in,"manner, way"
che lui,1102742,what; which,he
al fine,1102321,"contraction of a + il, literally “to the, at the”",thin
di questi,1101659,"used to indicate possession, after the thing owned and before the owner; of; ’s",masculine plural of questo
cercando di,1100947,gerund of cercare,"used to indicate possession, after the thing owned and before the owner; of; ’s"
che una,1097135,what; which,feminine singular of uno
la strada,1097095,the,"road, way, street"
l' altra,1096480,"apocopic form of il/lo, la: the",feminine singular of altro
e lui,1096370,"The fifth letter of the Italian alphabet, called e and written in the Latin script.",he
durante la,1091716,during,the
e quando,1091618,"The fifth letter of the Italian alphabet, called e and written in the Latin script.",when
che fosse,1091551,what; which,third-person singular imperfect subjunctive of essere
di chi,1090527,"used to indicate possession, after the thing owned and before the owner; of; ’s","who, whom; whoever"
è di,1089548,"Used to disambiguate words ending in a stressed ⟨-e⟩, regardless of its pronunciation","used to indicate possession, after the thing owned and before the owner; of; ’s"
se l',1086595,abbreviation of sudest; southeast,"apocopic form of il/lo, la: the"
capacità di,1084860,"capacity (to do something), ability, skill","used to indicate possession, after the thing owned and before the owner; of; ’s"
poi si,1081065,then,"oneself, himself, herself, itself, themselves"
coloro che,1080179,they,what; which
di sé,1077701,"used to indicate possession, after the thing owned and before the owner; of; ’s","oneself, himself, herself"
che vi,1075613,what; which,"second-person personal plural object pronoun: you, to you"
per lui,1074407,for,he
una serie,1070833,feminine singular of uno,series
le due,1067926,the,two
a partire,1066356,"The first letter of the Italian alphabet, called a and written in the Latin script.",to depart; to leave; to set forth
il capo,1065019,the,"boss, chief, leader"
maggior parte,1064766,apocopic form of maggiore,part
i nostri,1064482,"The ninth letter of the Italian alphabet, called i and written in the Latin script.",masculine plural of nostro
fra le,1063002,between,the
in seguito,1057962,in,past participle of seguire
molto più,1057310,"much, very much, a lot (with verbs)",comparative degree of molto; more
il resto,1056176,the,"rest, remainder, balance"
non gli,1053827,not,"form of the article i (“the”) used before a vowel, impure s, gn, pn, ps, sc, x, y, and z, and also with the plural noun dei (“gods”); the"
dopo il,1053649,later,the
ed il,1052280,"alternative form of e for euphony, especially before /e/ or /ɛ/; and",the
e lei,1050436,"The fifth letter of the Italian alphabet, called e and written in the Latin script.",she
la parte,1049520,the,part
non le,1049137,not,the
il termine,1047970,the,"end, close"
senso di,1046456,sense,"used to indicate possession, after the thing owned and before the owner; of; ’s"
in mano,1041158,in,hand
una nuova,1040890,feminine singular of uno,news
la legge,1039799,the,law
contro la,1037619,against,the
il caso,1034629,the,"chance, fate"
o la,1033466,"The thirteenth letter of the Italian alphabet, called o and written in the Latin script.",the
la notte,1032864,the,night
con lo,1032463,"with, together","the form of il that is used before the so-called impure consonants, that is, s+consonant (impure s), gn, pn, ps, x, y, or z, and before i+vocal, bd, cn, ct, dm, ft, mn, pt, tm and also ts; before a vowel it becomes l'; the"
in mezzo,1030350,in,"half, middle"
ed era,1026907,"alternative form of e for euphony, especially before /e/ or /ɛ/; and","age, epoch, period"
l' unica,1026317,"apocopic form of il/lo, la: the",only thing
per essere,1021815,for,Used as a copula. to be
suo padre,1021567,"his, her, its",father
verso di,1020214,verse,"used to indicate possession, after the thing owned and before the owner; of; ’s"
se fosse,1019065,abbreviation of sudest; southeast,third-person singular imperfect subjunctive of essere
ma in,1017526,"but, however",in
e come,1014740,"The fifth letter of the Italian alphabet, called e and written in the Latin script.",how
il lavoro,1011041,the,work (all senses)
sulla base,1009918,"plant of the genus Sulla, particularly Sulla coronaria.","base, alkaline"
del mio,996540,"contraction of di + il; some, of the, from the",my; of mine (used attributively)
la gente,996044,the,noble
è sempre,995799,"Used to disambiguate words ending in a stressed ⟨-e⟩, regardless of its pronunciation",always
suoi occhi,994276,masculine plural of suo,plural of occhio
di Dio,992888,"used to indicate possession, after the thing owned and before the owner; of; ’s","god, deity"
lei non,992301,she,not
il numero,989233,the,number
del codice,988587,"contraction of di + il; some, of the, from the",code (all meanings)
di quelle,986386,"used to indicate possession, after the thing owned and before the owner; of; ’s",feminine plural of quello
un nuovo,984644,"apocopic form of uno: a, an",new
le altre,984118,the,feminine plural of altro
al comma,982489,"contraction of a + il, literally “to the, at the”","subsection, subparagraph"
lui non,980775,he,not
non fosse,980695,not,third-person singular imperfect subjunctive of essere
qualcosa che,978731,something,what; which
sua vita,975992,feminine singular of suo,life
la situazione,974478,the,"situation, position, condition, circumstances"
in vigore,971119,in,"vigour, stamina, strength"
da cui,970748,from (all senses),"prepositional of che: whom, which"
è così,970173,"Used to disambiguate words ending in a stressed ⟨-e⟩, regardless of its pronunciation",so
che avrebbe,970016,what; which,third-person singular conditional of avere
o in,968973,"The thirteenth letter of the Italian alphabet, called o and written in the Latin script.",in
si fa,967761,"oneself, himself, herself, itself, themselves",third-person singular present indicative of fare
solo un,965824,"alone, by oneself, unattended, unaccompanied, lonely, lone, lonesome","apocopic form of uno: a, an"
a terra,964973,"The first letter of the Italian alphabet, called a and written in the Latin script.",ground
a livello,963821,"The first letter of the Italian alphabet, called a and written in the Latin script.",level
dalla legge,963812,"contraction of da + la, literally “from the”",law
in qualche,963400,in,few
era in,959980,"age, epoch, period",in
e più,955689,"The fifth letter of the Italian alphabet, called e and written in the Latin script.",comparative degree of molto; more
tra la,954725,between,the
è quello,954546,"Used to disambiguate words ending in a stressed ⟨-e⟩, regardless of its pronunciation","that, those"
momento in,954410,moment,in
allo stesso,952706,"contraction of a + lo, literally “to the, at the”","same, equal"
a loro,951688,"The first letter of the Italian alphabet, called a and written in the Latin script.","they, them"
di fatto,947799,"used to indicate possession, after the thing owned and before the owner; of; ’s","done, made"
la casa,947736,the,house
la cui,945937,the,"prepositional of che: whom, which"
non la,945755,not,the
e questo,945706,"The fifth letter of the Italian alphabet, called e and written in the Latin script.","this, these"
a non,944600,"The first letter of the Italian alphabet, called a and written in the Latin script.",not
le aveva,943574,the,third-person singular imperfect indicative of avere
a quanto,943288,"The first letter of the Italian alphabet, called a and written in the Latin script.","how much, how many, however much, however many"
questo caso,943171,"this, these","chance, fate"
ogni caso,943001,"each, every","chance, fate"
è molto,941030,"Used to disambiguate words ending in a stressed ⟨-e⟩, regardless of its pronunciation","much, very much, a lot (with verbs)"
dalla sua,940020,"contraction of da + la, literally “from the”",feminine singular of suo
se lo,939075,abbreviation of sudest; southeast,"the form of il that is used before the so-called impure consonants, that is, s+consonant (impure s), gn, pn, ps, x, y, or z, and before i+vocal, bd, cn, ct, dm, ft, mn, pt, tm and also ts; before a vowel it becomes l'; the"
non sarebbe,938550,not,third-person singular conditional of essere
della società,937732,"contraction of di la; of the, from the","society, community"
le spalle,937265,the,plural of spalla
le donne,936035,the,plural of donna
modo che,934811,"manner, way",what; which
da lui,929090,from (all senses),he
la luce,927106,the,light (visible electromagnetic wave; electrical device providing light)
gli aveva,926006,"form of the article i (“the”) used before a vowel, impure s, gn, pn, ps, sc, x, y, and z, and also with the plural noun dei (“gods”); the",third-person singular imperfect indicative of avere
del tempo,923379,"contraction of di + il; some, of the, from the",time
avrebbe dovuto,922879,third-person singular conditional of avere,past participle of dovere
devono essere,920144,third-person plural present indicative of dovere,Used as a copula. to be
altro che,917716,"other, another, more, further, else",what; which
e l,917018,"The fifth letter of the Italian alphabet, called e and written in the Latin script.","The tenth letter of the Italian alphabet, called elle and written in the Latin script."
le parti,916214,the,plural of parte
di casa,915150,"used to indicate possession, after the thing owned and before the owner; of; ’s",house
della città,914534,"contraction of di la; of the, from the","town, city"
di tale,914395,"used to indicate possession, after the thing owned and before the owner; of; ’s",such
da quando,913168,from (all senses),when
ai suoi,913122,"contraction of a i; to the, at the",masculine plural of suo
sorta di,912721,"sort, type, kind","used to indicate possession, after the thing owned and before the owner; of; ’s"
che di,912436,what; which,"used to indicate possession, after the thing owned and before the owner; of; ’s"
di là,912202,"used to indicate possession, after the thing owned and before the owner; of; ’s",there
del contratto,911144,"contraction of di + il; some, of the, from the",past participle of contrarre
una certa,910910,feminine singular of uno,feminine singular of certo
a sua,910399,"The first letter of the Italian alphabet, called a and written in the Latin script.",feminine singular of suo
sua madre,909716,feminine singular of suo,mother
le disposizioni,909345,the,plural of disposizione
nello stesso,907805,contraction of in lo; in the,"same, equal"
la ragazza,907499,the,"girl, young woman"
l' amore,906271,"apocopic form of il/lo, la: the",love
un tempo,905858,"apocopic form of uno: a, an",time
del presente,905689,"contraction of di + il; some, of the, from the",present (appearing)
su cui,905042,"up, upstairs","prepositional of che: whom, which"
conto che,903737,calculation,what; which
durante il,903598,during,the
si alzò,903094,"oneself, himself, herself, itself, themselves",third-person singular past historic of alzare
l' unico,902620,"apocopic form of il/lo, la: the","only, sole, one, single"
secondo la,902184,second,the
di te,901066,"used to indicate possession, after the thing owned and before the owner; of; ’s","you, thee"
la presenza,899241,the,presence
del genere,899226,"contraction of di + il; some, of the, from the",kind
tempo di,897715,time,"used to indicate possession, after the thing owned and before the owner; of; ’s"
e ci,896362,"The fifth letter of the Italian alphabet, called e and written in the Latin script.",The name of the Latin script letter C/c.; cee
il viso,895295,the,face (all senses)
lo aveva,894743,"the form of il that is used before the so-called impure consonants, that is, s+consonant (impure s), gn, pn, ps, x, y, or z, and before i+vocal, bd, cn, ct, dm, ft, mn, pt, tm and also ts; before a vowel it becomes l'; the",third-person singular imperfect indicative of avere
in via,893552,in,"street, path"
parte dei,892653,part,"contraction of di + i; of the, from the"
visto che,892593,past participle of vedere,what; which
verso l',892528,verse,"apocopic form of il/lo, la: the"
fino alla,891897,"till, until, as far as","contraction of a + la; to the, at the"
voglia di,890822,"wish, will, desire, longing","used to indicate possession, after the thing owned and before the owner; of; ’s"
o il,890568,"The thirteenth letter of the Italian alphabet, called o and written in the Latin script.",the
l' ultima,890226,"apocopic form of il/lo, la: the",feminine singular of ultimo
dello stesso,889503,"contraction of di lo; of the, from the","same, equal"
so che,889255,first-person singular present indicative of sapere (“to know”),what; which
meno di,888866,less,"used to indicate possession, after the thing owned and before the owner; of; ’s"
a meno,888844,"The first letter of the Italian alphabet, called a and written in the Latin script.",less
idea di,888803,idea,"used to indicate possession, after the thing owned and before the owner; of; ’s"
l' aria,887349,"apocopic form of il/lo, la: the",air
cominciò a,886960,third-person singular past historic of cominciare,"The first letter of the Italian alphabet, called a and written in the Latin script."
come l',885042,how,"apocopic form of il/lo, la: the"
rispetto a,882642,"respect, deference","The first letter of the Italian alphabet, called a and written in the Latin script."
specie di,882272,"especially, particularly","used to indicate possession, after the thing owned and before the owner; of; ’s"
che nel,881294,what; which,contraction of in il; in the
persone che,881040,plural of persona,what; which
del decreto,880531,"contraction of di + il; some, of the, from the",decree
attraverso la,879170,through,the
o per,878978,"The thirteenth letter of the Italian alphabet, called o and written in the Latin script.",for
di due,878194,"used to indicate possession, after the thing owned and before the owner; of; ’s",two
in termini,877955,in,plural of termine
ancora più,877319,still,comparative degree of molto; more
d' accordo,875545,apocopic form of di: of,"accord, agreement, bond"
of the,875360,,misspelling of tè
tutto questo,874463,all,"this, these"
più in,873505,comparative degree of molto; more,in
la parola,873357,the,word (distinct unit of language)
New York,873067,,York (a city in England)
la signora,872098,the,female equivalent of signore
accanto a,871836,nearby,"The first letter of the Italian alphabet, called a and written in the Latin script."
le dita,870658,the,plural of dito (“finger”)
in giro,868449,in,"turn, twist, rotation, revolution"
se stesso,868230,abbreviation of sudest; southeast,"same, equal"
il padre,867364,the,father
degli altri,866908,"contraction of di gli; of the, from the","someone else, another"
io sono,866691,I (the first-person singular nominative pronoun),"first-person singular present indicative of essere: (I) am, I'm"
il valore,865575,the,"as much as, as many as"
cui è,864745,"prepositional of che: whom, which","Used to disambiguate words ending in a stressed ⟨-e⟩, regardless of its pronunciation"
tra gli,864090,between,"form of the article i (“the”) used before a vowel, impure s, gn, pn, ps, sc, x, y, and z, and also with the plural noun dei (“gods”); the"
in uno,863804,in,one
ha un,863108,third-person singular present indicative of avere and (obsolete) havere,"apocopic form of uno: a, an"
di queste,861243,"used to indicate possession, after the thing owned and before the owner; of; ’s",feminine plural of questo
se è,856995,abbreviation of sudest; southeast,"Used to disambiguate words ending in a stressed ⟨-e⟩, regardless of its pronunciation"
di tempo,855571,"used to indicate possession, after the thing owned and before the owner; of; ’s",time
ogni volta,854981,"each, every","time, instance, occasion"
ho detto,854660,first-person singular present indicative of avere and (obsolete) havere,past participle of dire
le labbra,853900,the,plural of labbro
la maggior,853535,the,apocopic form of maggiore
processo di,853181,"trial, action, lawsuit, suit, proceedings","used to indicate possession, after the thing owned and before the owner; of; ’s"
tutto quello,852854,all,"that, those"
fra i,851382,between,"The ninth letter of the Italian alphabet, called i and written in the Latin script."
il potere,850166,the,"can, could; to be able to"
il sistema,849206,the,system
lui e,847910,he,"The fifth letter of the Italian alphabet, called e and written in the Latin script."
me ne,847631,me,abbreviation of nordest; northeast
di persone,846599,"used to indicate possession, after the thing owned and before the owner; of; ’s",plural of persona
del giudice,845642,"contraction of di + il; some, of the, from the","judge, magistrate"
anche di,844705,"also, too, as well, besides","used to indicate possession, after the thing owned and before the owner; of; ’s"
dal suo,843085,contraction of da + il; from the,"his, her, its"
della loro,842964,"contraction of di la; of the, from the","they, them"
in parte,842749,in,part
al centro,842720,"contraction of a + il, literally “to the, at the”","centre, center"
la città,842385,the,"town, city"
da quella,841035,from (all senses),feminine singular of quello
sono i,840650,"first-person singular present indicative of essere: (I) am, I'm","The ninth letter of the Italian alphabet, called i and written in the Latin script."
con lei,839764,"with, together",she
sono le,838989,"first-person singular present indicative of essere: (I) am, I'm",the
ma se,838117,"but, however",abbreviation of sudest; southeast
o a,837455,"The thirteenth letter of the Italian alphabet, called o and written in the Latin script.","The first letter of the Italian alphabet, called a and written in the Latin script."
la bocca,837310,the,mouth (all senses)
che li,835766,what; which,them (masculine)
e sono,835210,"The fifth letter of the Italian alphabet, called e and written in the Latin script.","first-person singular present indicative of essere: (I) am, I'm"
che stava,834209,what; which,third-person singular imperfect indicative of stare
perché la,834187,"because, why",the
stato un,833860,"state (physical property of matter as solid, liquid, gas or plasma)","apocopic form of uno: a, an"
la madre,829550,the,mother
negli occhi,828399,contraction of in gli; in the,plural of occhio
si veda,828083,"oneself, himself, herself, itself, themselves",inflection of vedere:
cui non,828024,"prepositional of che: whom, which",not
a norma,827260,"The first letter of the Italian alphabet, called a and written in the Latin script.","rule, norm, regulation"
il modo,826957,the,"manner, way"
aveva detto,825526,third-person singular imperfect indicative of avere,past participle of dire
è solo,825342,"Used to disambiguate words ending in a stressed ⟨-e⟩, regardless of its pronunciation","alone, by oneself, unattended, unaccompanied, lonely, lone, lonesome"
uno di,824485,one,"used to indicate possession, after the thing owned and before the owner; of; ’s"
non hanno,823911,not,third-person plural present indicative of avere and (obsolete) havere
un piccolo,822041,"apocopic form of uno: a, an",small
che avevano,821469,what; which,third-person plural imperfect indicative of avere
ma si,821391,"but, however","oneself, himself, herself, itself, themselves"
ma per,820646,"but, however",for
nei suoi,819608,contraction of in i; in the,masculine plural of suo
di diritto,818812,"used to indicate possession, after the thing owned and before the owner; of; ’s","straight, direct"
un bel,818257,"apocopic form of uno: a, an",preconsonantal masculine singular form of bello
mentre il,816711,while; as (during the same time that),the
il cui,815973,the,"prepositional of che: whom, which"
cui l',815789,"prepositional of che: whom, which","apocopic form of il/lo, la: the"
in effetti,815603,in,plural of effetto
la più,814360,the,comparative degree of molto; more
va bene,814168,third-person singular present indicative of andare,"upper-class, posh, high"
necessità di,814089,"necessity, need","used to indicate possession, after the thing owned and before the owner; of; ’s"
in silenzio,813193,in,silence!; shut up!; stop talking!; hush!
dove si,812858,where,"oneself, himself, herself, itself, themselves"
riusciva a,811081,third-person singular imperfect indicative of riuscire,"The first letter of the Italian alphabet, called a and written in the Latin script."
la seconda,811058,the,feminine singular of secondo
in mente,810961,in,mind
ancora una,810948,still,feminine singular of uno
dopo l',809753,later,"apocopic form of il/lo, la: the"
la natura,808881,the,nature
la forza,808575,the,force
anche i,808160,"also, too, as well, besides","The ninth letter of the Italian alphabet, called i and written in the Latin script."
casa di,806389,house,"used to indicate possession, after the thing owned and before the owner; of; ’s"
caso in,805605,"chance, fate",in
una sorta,805269,feminine singular of uno,"sort, type, kind"
ho fatto,804902,first-person singular present indicative of avere and (obsolete) havere,"done, made"
un anno,803821,"apocopic form of uno: a, an",year (all senses)
a te,802061,"The first letter of the Italian alphabet, called a and written in the Latin script.","you, thee"
data di,799602,date (“calendar date”),"used to indicate possession, after the thing owned and before the owner; of; ’s"
attività di,798678,"activity, operation","used to indicate possession, after the thing owned and before the owner; of; ’s"
sarebbe stata,798631,third-person singular conditional of essere,feminine singular of stato
cose che,797201,plural of cosa,what; which
da fare,796749,from (all senses),to do
dopo un,796633,later,"apocopic form of uno: a, an"
e senza,795163,"The fifth letter of the Italian alphabet, called e and written in the Latin script.",without
di solito,793835,"used to indicate possession, after the thing owned and before the owner; of; ’s","usual, habitual, customary, same old"
per l,790879,for,"The tenth letter of the Italian alphabet, called elle and written in the Latin script."
in tutto,790777,in,all
questa è,790675,feminine singular of questo,"Used to disambiguate words ending in a stressed ⟨-e⟩, regardless of its pronunciation"
la Corte,790289,the,courtyard
si sentiva,790085,"oneself, himself, herself, itself, themselves",third-person singular imperfect indicative of sentire
il signor,790024,the,Mr; Form of signore when used before a person's name
non erano,788774,not,third-person plural imperfect indicative of essere
sistema di,788219,system,"used to indicate possession, after the thing owned and before the owner; of; ’s"
al mondo,788143,"contraction of a + il, literally “to the, at the”",world
anche un,788079,"also, too, as well, besides","apocopic form of uno: a, an"
per lei,787995,for,she
era ancora,787602,"age, epoch, period",still
capace di,786421,"large, capacious","used to indicate possession, after the thing owned and before the owner; of; ’s"
vi è,784774,"second-person personal plural object pronoun: you, to you","Used to disambiguate words ending in a stressed ⟨-e⟩, regardless of its pronunciation"
a far,784313,"The first letter of the Italian alphabet, called a and written in the Latin script.",apocopic form of fare
mentre la,782883,while; as (during the same time that),the
a parlare,781240,"The first letter of the Italian alphabet, called a and written in the Latin script.","to talk, to speak"
del sistema,780237,"contraction of di + il; some, of the, from the",system
l' acqua,779739,"apocopic form of il/lo, la: the",water
alla porta,779530,"contraction of a + la; to the, at the",gate
a chi,778403,"The first letter of the Italian alphabet, called a and written in the Latin script.","who, whom; whoever"
il principio,778375,the,"beginning, start, inception"
i bambini,778348,"The ninth letter of the Italian alphabet, called i and written in the Latin script.",plural of bambino
che può,778019,what; which,third-person singular present indicative of potere
mancanza di,778012,"lack, shortage, deficiency, want","used to indicate possession, after the thing owned and before the owner; of; ’s"
dei diritti,777744,"contraction of di + i; of the, from the",masculine plural of diritto
lei si,777566,she,"oneself, himself, herself, itself, themselves"
i primi,777156,"The ninth letter of the Italian alphabet, called i and written in the Latin script.",masculine plural of primo
sono in,776243,"first-person singular present indicative of essere: (I) am, I'm",in
il sole,775651,the,sun
perché il,775626,"because, why",the
non voglio,774902,not,first-person singular present indicative of volere
del processo,774749,"contraction of di + il; some, of the, from the","trial, action, lawsuit, suit, proceedings"
a essere,774643,"The first letter of the Italian alphabet, called a and written in the Latin script.",Used as a copula. to be
alla luce,774462,"contraction of a + la; to the, at the",light (visible electromagnetic wave; electrical device providing light)
cerca di,772758,search,"used to indicate possession, after the thing owned and before the owner; of; ’s"
a sé,771750,"The first letter of the Italian alphabet, called a and written in the Latin script.","oneself, himself, herself"
per cento,770227,for,"hundred, one hundred"
e degli,769832,"The fifth letter of the Italian alphabet, called e and written in the Latin script.","contraction of di gli; of the, from the"
ti ho,768596,The name of the Latin script letter T/t.; tee,first-person singular present indicative of avere and (obsolete) havere
uomo che,766891,"person, man (human being)",what; which
di andare,766637,"used to indicate possession, after the thing owned and before the owner; of; ’s",to go
base di,766255,"base, alkaline","used to indicate possession, after the thing owned and before the owner; of; ’s"
non essere,765794,not,Used as a copula. to be
un grande,764751,"apocopic form of uno: a, an",of greater physical dimensions or numerosity
il secondo,764686,the,second
per te,764618,for,"you, thee"
del resto,763839,"contraction of di + il; some, of the, from the","rest, remainder, balance"
gruppo di,762810,"group, cluster, party, team, covey","used to indicate possession, after the thing owned and before the owner; of; ’s"
e nella,762479,"The fifth letter of the Italian alphabet, called e and written in the Latin script.",contraction of in la; in the
in generale,762420,in,general
è necessario,761944,"Used to disambiguate words ending in a stressed ⟨-e⟩, regardless of its pronunciation",necessary
si voltò,761648,"oneself, himself, herself, itself, themselves",third-person singular past historic of voltare
fronte a,761631,"forehead, brow","The first letter of the Italian alphabet, called a and written in the Latin script."
più tardi,760988,comparative degree of molto; more,late
una grande,760736,feminine singular of uno,of greater physical dimensions or numerosity
di tutte,759524,"used to indicate possession, after the thing owned and before the owner; of; ’s",feminine plural of tutto
dopo che,758204,later,what; which
al quale,757515,"contraction of a + il, literally “to the, at the”",what?
oggetto di,756707,object,"used to indicate possession, after the thing owned and before the owner; of; ’s"
non possono,756513,not,third-person plural present indicative of potere
degli anni,756471,"contraction of di gli; of the, from the",plural of anno
questo punto,756351,"this, these","point (all senses), jot, iota"
sapeva che,755684,third-person singular imperfect indicative of sapere,what; which
per fare,754950,for,to do
negli anni,754511,contraction of in gli; in the,plural of anno
lui si,754480,he,"oneself, himself, herself, itself, themselves"
chi è,753140,"who, whom; whoever","Used to disambiguate words ending in a stressed ⟨-e⟩, regardless of its pronunciation"
più grande,752973,comparative degree of molto; more,of greater physical dimensions or numerosity
niente di,751143,nothing,"used to indicate possession, after the thing owned and before the owner; of; ’s"
che da,750548,what; which,from (all senses)
dei due,750430,"contraction of di + i; of the, from the",two
e aveva,749760,"The fifth letter of the Italian alphabet, called e and written in the Latin script.",third-person singular imperfect indicative of avere
in fretta,749314,in,"hurry, haste, rush"
per tutti,749303,for,"all; everybody, everyone"
le nostre,748297,the,feminine plural of nostro
tema di,747575,"theme, subject","used to indicate possession, after the thing owned and before the owner; of; ’s"
è ancora,746786,"Used to disambiguate words ending in a stressed ⟨-e⟩, regardless of its pronunciation",still
quale si,746504,what?,"oneself, himself, herself, itself, themselves"
che sarebbe,745308,what; which,third-person singular conditional of essere
le quali,744647,the,plural of quale
fatto di,744073,"done, made","used to indicate possession, after the thing owned and before the owner; of; ’s"
nel senso,743966,contraction of in il; in the,sense
per qualche,741411,for,few
mi aveva,739955,clitic accusative of io. me,third-person singular imperfect indicative of avere
del nostro,739848,"contraction of di + il; some, of the, from the",our
di ciò,738859,"used to indicate possession, after the thing owned and before the owner; of; ’s",this
a noi,738468,"The first letter of the Italian alphabet, called a and written in the Latin script.",we; us
principio di,738150,"beginning, start, inception","used to indicate possession, after the thing owned and before the owner; of; ’s"
prima della,738036,feminine singular of primo,"contraction of di la; of the, from the"
si fosse,738003,"oneself, himself, herself, itself, themselves",third-person singular imperfect subjunctive of essere
questo non,737272,"this, these",not
e tu,736331,"The fifth letter of the Italian alphabet, called e and written in the Latin script.",you (singular); thou
nel mondo,735075,contraction of in il; in the,world
il processo,733185,the,"trial, action, lawsuit, suit, proceedings"
periodo di,733052,"period, time, span, run","used to indicate possession, after the thing owned and before the owner; of; ’s"
tu non,732821,you (singular); thou,not
mia vita,732526,feminine singular of mio,life
da solo,732316,from (all senses),"alone, by oneself, unattended, unaccompanied, lonely, lone, lonesome"
i tuoi,731364,"The ninth letter of the Italian alphabet, called i and written in the Latin script.",masculine plural of tuo
e alle,731270,"The fifth letter of the Italian alphabet, called e and written in the Latin script.","contraction of a le; to the, at the"
essere un,731075,Used as a copula. to be,"apocopic form of uno: a, an"
di sicurezza,730673,"used to indicate possession, after the thing owned and before the owner; of; ’s","safety, security"
un modo,730521,"apocopic form of uno: a, an","manner, way"
della nostra,730430,"contraction of di la; of the, from the",feminine singular of nostro
si deve,729708,"oneself, himself, herself, itself, themselves",third-person singular present indicative of dovere
in senso,729582,in,sense
una specie,727957,feminine singular of uno,"especially, particularly"
in tema,727628,in,"theme, subject"
tra loro,727589,between,"they, them"
un punto,727543,"apocopic form of uno: a, an","point (all senses), jot, iota"
anche le,726307,"also, too, as well, besides",the
se le,726015,abbreviation of sudest; southeast,the
una vita,725762,feminine singular of uno,life
a questa,725617,"The first letter of the Italian alphabet, called a and written in the Latin script.",feminine singular of questo
anche l',724481,"also, too, as well, besides","apocopic form of il/lo, la: the"
a prendere,723141,"The first letter of the Italian alphabet, called a and written in the Latin script.","to take, hold, pick up, get"
dato che,723087,past participle of dare,what; which
il rapporto,722810,the,"report, statement, account"
modalità di,722528,"method, way, manner","used to indicate possession, after the thing owned and before the owner; of; ’s"
solo una,722489,"alone, by oneself, unattended, unaccompanied, lonely, lone, lonesome",feminine singular of uno
e dal,721309,"The fifth letter of the Italian alphabet, called e and written in the Latin script.",contraction of da + il; from the
tra l',720982,between,"apocopic form of il/lo, la: the"
si fermò,719658,"oneself, himself, herself, itself, themselves",third-person singular past historic of fermare
intenzione di,718845,"intention, intent, purpose, mind, wish","used to indicate possession, after the thing owned and before the owner; of; ’s"
nome di,717822,name,"used to indicate possession, after the thing owned and before the owner; of; ’s"
sul suo,716874,contraction of su + il: on the,"his, her, its"
il controllo,716418,the,"check, control, verification, examination, inspection"
ex art,714718,"Ellipsis of ex-fidanzato, ex-fidanzata, ex-marito, ex-moglie, ex-coniuge: anybody the subject has been formerly married or betrothed to.",
alle sue,712054,"contraction of a le; to the, at the",plural of sua
nel tempo,711498,contraction of in il; in the,time
attraverso il,710460,through,the
che erano,710149,what; which,third-person plural imperfect indicative of essere
il che,709722,the,what; which
solo in,709305,"alone, by oneself, unattended, unaccompanied, lonely, lone, lonesome",in
della Repubblica,709228,"contraction of di la; of the, from the",republic
a letto,708580,"The first letter of the Italian alphabet, called a and written in the Latin script.",bed
fosse stato,708542,third-person singular imperfect subjunctive of essere,"state (physical property of matter as solid, liquid, gas or plasma)"
era già,708300,"age, epoch, period","already, yet"
più a,708246,comparative degree of molto; more,"The first letter of the Italian alphabet, called a and written in the Latin script."
o un,707624,"The thirteenth letter of the Italian alphabet, called o and written in the Latin script.","apocopic form of uno: a, an"
Stati Uniti,706971,plural of stato,masculine plural of unito
e dalla,705456,"The fifth letter of the Italian alphabet, called e and written in the Latin script.","contraction of da + la, literally “from the”"
si mise,705427,"oneself, himself, herself, itself, themselves",third-person singular past historic of mettere
la sera,705417,the,evening
mi è,705327,clitic accusative of io. me,"Used to disambiguate words ending in a stressed ⟨-e⟩, regardless of its pronunciation"
con te,704599,"with, together","you, thee"
la domanda,703257,the,question
ma era,703218,"but, however","age, epoch, period"
la risposta,702656,the,"answer, reply, response, feedback"
d' un,702127,apocopic form of di: of,"apocopic form of uno: a, an"
il punto,701431,the,"point (all senses), jot, iota"
davanti al,701153,at the front; in front,"contraction of a + il, literally “to the, at the”"
aveva mai,699893,third-person singular imperfect indicative of avere,never
una sola,699865,feminine singular of uno,feminine singular of solo
si avvicinò,699459,"oneself, himself, herself, itself, themselves",third-person singular past historic of avvicinare
al mio,699403,"contraction of a + il, literally “to the, at the”",my; of mine (used attributively)
le gambe,699330,the,plural of gamba
dei beni,699007,"contraction of di + i; of the, from the",plural of bene
di tipo,698865,"used to indicate possession, after the thing owned and before the owner; of; ’s","standard, model, average, stock"
momento di,698607,moment,"used to indicate possession, after the thing owned and before the owner; of; ’s"
un lato,698463,"apocopic form of uno: a, an",side
e ne,698411,"The fifth letter of the Italian alphabet, called e and written in the Latin script.",abbreviation of nordest; northeast
la persona,697585,the,"person, pl people, persons"
di controllo,696625,"used to indicate possession, after the thing owned and before the owner; of; ’s","check, control, verification, examination, inspection"
e allora,696483,"The fifth letter of the Italian alphabet, called e and written in the Latin script.",then (at that time)
è per,696106,"Used to disambiguate words ending in a stressed ⟨-e⟩, regardless of its pronunciation",for
si trovava,695934,"oneself, himself, herself, itself, themselves",third-person singular imperfect indicative of trovare
un sistema,695873,"apocopic form of uno: a, an",system
al contrario,695844,"contraction of a + il, literally “to the, at the”","contrary, opposite, alien"
che anche,695603,what; which,"also, too, as well, besides"
per sempre,695000,for,always
più o,693697,comparative degree of molto; more,"The thirteenth letter of the Italian alphabet, called o and written in the Latin script."
che avevo,693502,what; which,first-person singular imperfect indicative of avere
da me,693493,from (all senses),me
la pena,693239,the,pain
lei e,693088,she,"The fifth letter of the Italian alphabet, called e and written in the Latin script."
a Roma,692748,"The first letter of the Italian alphabet, called a and written in the Latin script.","Rome (a major city, the capital of Italy and the Italian region of Lazio, located on the Tiber River; the ancient capital of the Roman Empire)"
quando non,692697,when,not
dentro di,692608,inside; indoors,"used to indicate possession, after the thing owned and before the owner; of; ’s"
di riferimento,690134,"used to indicate possession, after the thing owned and before the owner; of; ’s","reference, mention"
secondo le,690042,second,the
come le,689487,how,the
termini di,689207,plural of termine,"used to indicate possession, after the thing owned and before the owner; of; ’s"
questa volta,688759,feminine singular of questo,"time, instance, occasion"
e ha,688441,"The fifth letter of the Italian alphabet, called e and written in the Latin script.",third-person singular present indicative of avere and (obsolete) havere
si applicano,688206,"oneself, himself, herself, itself, themselves",third-person plural present indicative of applicare
ma l',687753,"but, however","apocopic form of il/lo, la: the"
dal momento,687490,contraction of da + il; from the,moment
il ragazzo,687190,the,"boy, young man"
milioni di,687150,plural of milione,"used to indicate possession, after the thing owned and before the owner; of; ’s"
a vedere,686540,"The first letter of the Italian alphabet, called a and written in the Latin script.",to see
deciso di,685755,past participle of decidere,"used to indicate possession, after the thing owned and before the owner; of; ’s"
non avevo,685732,not,first-person singular imperfect indicative of avere
in questi,685312,in,masculine plural of questo
il cielo,685154,the,sky
me lo,684462,me,"the form of il that is used before the so-called impure consonants, that is, s+consonant (impure s), gn, pn, ps, x, y, or z, and before i+vocal, bd, cn, ct, dm, ft, mn, pt, tm and also ts; before a vowel it becomes l'; the"
del corpo,684266,"contraction of di + il; some, of the, from the",body (the physical structure of a human or animal)
la guerra,683190,the,"war, warfare"
delle persone,681740,"contraction of di le; of the, from the",plural of persona
in sede,681409,in,venue
nella mia,681310,contraction of in la; in the,feminine singular of mio
rispetto al,680792,"respect, deference","contraction of a + il, literally “to the, at the”"
le modalità,680737,the,"method, way, manner"
una piccola,680092,feminine singular of uno,singular feminine of piccolo
il nuovo,680078,the,new
e quella,679945,"The fifth letter of the Italian alphabet, called e and written in the Latin script.",feminine singular of quello
doveva essere,679760,third-person singular imperfect indicative of dovere,Used as a copula. to be
dice che,679728,third-person singular present indicative of dire,what; which
con riferimento,679692,"with, together","reference, mention"
di legno,678958,"used to indicate possession, after the thing owned and before the owner; of; ’s",wood (the material)
fece un,678820,third-person singular past historic of fare,"apocopic form of uno: a, an"
l' ultimo,677793,"apocopic form of il/lo, la: the",last
a seguito,677404,"The first letter of the Italian alphabet, called a and written in the Latin script.",past participle of seguire
a quelle,677218,"The first letter of the Italian alphabet, called a and written in the Latin script.",feminine plural of quello
secondo il,676586,second,the
l' attività,675884,"apocopic form of il/lo, la: the","activity, operation"
certo che,675860,"certain, sure",what; which
il bambino,675307,the,"child, baby, toddler, tot (male or of unspecified gender)"
modo da,675019,"manner, way",from (all senses)
anni di,672774,plural of anno,"used to indicate possession, after the thing owned and before the owner; of; ’s"
vita e,672665,life,"The fifth letter of the Italian alphabet, called e and written in the Latin script."
nel quale,672142,contraction of in il; in the,what?
aveva un,672039,third-person singular imperfect indicative of avere,"apocopic form of uno: a, an"
me e,671454,me,"The fifth letter of the Italian alphabet, called e and written in the Latin script."
a ogni,670810,"The first letter of the Italian alphabet, called a and written in the Latin script.","each, every"
questo modo,669370,"this, these","manner, way"
solo che,668659,"alone, by oneself, unattended, unaccompanied, lonely, lone, lonesome",what; which
insieme a,666780,together,"The first letter of the Italian alphabet, called a and written in the Latin script."
corte di,666650,courtyard,"used to indicate possession, after the thing owned and before the owner; of; ’s"
riuscito a,666444,that has had a certain outcome or result,"The first letter of the Italian alphabet, called a and written in the Latin script."
ma io,666373,"but, however",I (the first-person singular nominative pronoun)
era più,665903,"age, epoch, period",comparative degree of molto; more
del fatto,665566,"contraction of di + il; some, of the, from the","done, made"
ci siamo,664796,The name of the Latin script letter C/c.; cee,inflection of essere:
la questione,664187,the,"question, issue, matter, point"
la fine,663073,the,thin
riuscì a,662933,third-person singular past historic of riuscire,"The first letter of the Italian alphabet, called a and written in the Latin script."
i propri,662368,"The ninth letter of the Italian alphabet, called i and written in the Latin script.",plural of proprio
di far,662136,"used to indicate possession, after the thing owned and before the owner; of; ’s",apocopic form of fare
è anche,661799,"Used to disambiguate words ending in a stressed ⟨-e⟩, regardless of its pronunciation","also, too, as well, besides"
ne sono,660843,abbreviation of nordest; northeast,"first-person singular present indicative of essere: (I) am, I'm"
quando l',660366,when,"apocopic form of il/lo, la: the"
si applica,660340,"oneself, himself, herself, itself, themselves",inflection of applicare:
la società,659853,the,"society, community"
quel punto,659463,"apocopic form of quello, used before a consonant (except impure s, gn, pn, ps, x, z)","point (all senses), jot, iota"
è proprio,658876,"Used to disambiguate words ending in a stressed ⟨-e⟩, regardless of its pronunciation","one's, one's own, her (own), its (own), their (own)"
con l,658858,"with, together","The tenth letter of the Italian alphabet, called elle and written in the Latin script."
non appena,658843,not,"barely, hardly"
ma a,658661,"but, however","The first letter of the Italian alphabet, called a and written in the Latin script."
gli effetti,658576,"form of the article i (“the”) used before a vowel, impure s, gn, pn, ps, sc, x, y, and z, and also with the plural noun dei (“gods”); the",plural of effetto
occhi e,658356,plural of occhio,"The fifth letter of the Italian alphabet, called e and written in the Latin script."
non riusciva,658191,not,third-person singular imperfect indicative of riuscire
a guardare,658157,"The first letter of the Italian alphabet, called a and written in the Latin script.","to look at, to watch, to glance or gaze at"
solo il,657652,"alone, by oneself, unattended, unaccompanied, lonely, lone, lonesome",the
a suo,656761,"The first letter of the Italian alphabet, called a and written in the Latin script.","his, her, its"
che abbiamo,655922,what; which,inflection of avere:
non voleva,654641,not,third-person singular imperfect indicative of volere
senza che,654297,without,what; which
del Consiglio,653527,"contraction of di + il; some, of the, from the","advice, counsel"
a favore,653308,"The first letter of the Italian alphabet, called a and written in the Latin script.",favour/favor
sono un,652136,"first-person singular present indicative of essere: (I) am, I'm","apocopic form of uno: a, an"
è come,651871,"Used to disambiguate words ending in a stressed ⟨-e⟩, regardless of its pronunciation",how
della propria,651811,"contraction of di la; of the, from the",feminine singular of proprio
e ai,650589,"The fifth letter of the Italian alphabet, called e and written in the Latin script.","contraction of a i; to the, at the"
si trattava,650336,"oneself, himself, herself, itself, themselves",third-person singular imperfect indicative of trattare
di poter,650130,"used to indicate possession, after the thing owned and before the owner; of; ’s",apocopic form of potere
potrebbe essere,650090,third-person singular conditional of potere,Used as a copula. to be
per tutto,649690,for,all
che hai,648665,what; which,second-person singular present indicative of avere and (obsolete) havere
di altri,648439,"used to indicate possession, after the thing owned and before the owner; of; ’s","someone else, another"
sia stato,647988,inflection of essere:,"state (physical property of matter as solid, liquid, gas or plasma)"
del loro,647593,"contraction of di + il; some, of the, from the","they, them"
a parte,647443,"The first letter of the Italian alphabet, called a and written in the Latin script.",part
un solo,647307,"apocopic form of uno: a, an","alone, by oneself, unattended, unaccompanied, lonely, lone, lonesome"
tentativo di,647302,"attempt, try, effort, shot, endeavour/endeavor","used to indicate possession, after the thing owned and before the owner; of; ’s"
che l,646459,what; which,"The tenth letter of the Italian alphabet, called elle and written in the Latin script."
le condizioni,645833,the,plural of condizione
il senso,643345,the,sense
rapporto di,642434,"report, statement, account","used to indicate possession, after the thing owned and before the owner; of; ’s"
d' acqua,642421,apocopic form of di: of,water
in due,642355,in,two
le proprie,642113,the,feminine plural of proprio
di Roma,641684,"used to indicate possession, after the thing owned and before the owner; of; ’s","Rome (a major city, the capital of Italy and the Italian region of Lazio, located on the Tiber River; the ancient capital of the Roman Empire)"
ma di,641255,"but, however","used to indicate possession, after the thing owned and before the owner; of; ’s"
suo corpo,640779,"his, her, its",body (the physical structure of a human or animal)
non per,640738,not,for
dal punto,640647,contraction of da + il; from the,"point (all senses), jot, iota"
conto di,640448,calculation,"used to indicate possession, after the thing owned and before the owner; of; ’s"
concetto di,636800,concept,"used to indicate possession, after the thing owned and before the owner; of; ’s"
fine del,636682,thin,"contraction of di + il; some, of the, from the"
a poco,636606,"The first letter of the Italian alphabet, called a and written in the Latin script.","little, not much"
una bella,636093,feminine singular of uno,"beauty, belle (beautiful woman)"
è già,633780,"Used to disambiguate words ending in a stressed ⟨-e⟩, regardless of its pronunciation","already, yet"
il vostro,633691,the,your; plural and polite forms
in ordine,633494,in,"order (command, instruction)"
in attesa,633381,in,feminine singular of atteso
come in,633323,how,in
e ora,632686,"The fifth letter of the Italian alphabet, called e and written in the Latin script.",hour (a unit of time of one twenty-fourth of a day (sixty minutes))
una buona,631720,feminine singular of uno,feminine singular of buono
e quello,629907,"The fifth letter of the Italian alphabet, called e and written in the Latin script.","that, those"
invece di,629822,"instead, but, whereas, on the contrary","used to indicate possession, after the thing owned and before the owner; of; ’s"
in genere,629675,in,kind
quel giorno,629546,"apocopic form of quello, used before a consonant (except impure s, gn, pn, ps, x, z)",day
vita di,628875,life,"used to indicate possession, after the thing owned and before the owner; of; ’s"
mi hai,628539,clitic accusative of io. me,second-person singular present indicative of avere and (obsolete) havere
forme di,627909,plural of forma,"used to indicate possession, after the thing owned and before the owner; of; ’s"
un tratto,627030,"apocopic form of uno: a, an",past participle of trarre
livello di,625734,level,"used to indicate possession, after the thing owned and before the owner; of; ’s"
che questo,625549,what; which,"this, these"
a proposito,625486,"The first letter of the Italian alphabet, called a and written in the Latin script.","purpose, intention, plan, design"
lavoro e,624872,work (all senses),"The fifth letter of the Italian alphabet, called e and written in the Latin script."
gli si,624591,"form of the article i (“the”) used before a vowel, impure s, gn, pn, ps, sc, x, y, and z, and also with the plural noun dei (“gods”); the","oneself, himself, herself, itself, themselves"
che con,624565,what; which,"with, together"
nel momento,623289,contraction of in il; in the,moment
in più,622282,in,comparative degree of molto; more
la sentenza,621166,the,"verdict, judgment, ruling"
sul piano,621127,contraction of su + il: on the,plane
un vero,620578,"apocopic form of uno: a, an",true
un buon,620576,"apocopic form of uno: a, an",apocopic form of buono
in considerazione,620424,in,"consideration, reflection, thought"
davanti alla,620415,at the front; in front,"contraction of a + la; to the, at the"
del rapporto,620398,"contraction of di + il; some, of the, from the","report, statement, account"
causa di,620299,cause,"used to indicate possession, after the thing owned and before the owner; of; ’s"
a disposizione,620279,"The first letter of the Italian alphabet, called a and written in the Latin script.",disposal
si possono,619522,"oneself, himself, herself, itself, themselves",third-person plural present indicative of potere
oltre che,619444,"farther, further, past, by, on",what; which
oltre a,619376,"farther, further, past, by, on","The first letter of the Italian alphabet, called a and written in the Latin script."
momento che,619240,moment,what; which
quelle che,619144,feminine plural of quello,what; which
l' anno,619082,"apocopic form of il/lo, la: the",year (all senses)
un bambino,618746,"apocopic form of uno: a, an","child, baby, toddler, tot (male or of unspecified gender)"
come per,618707,how,for
la mente,618573,the,mind
che possono,618556,what; which,third-person plural present indicative of potere
condizioni di,618535,plural of condizione,"used to indicate possession, after the thing owned and before the owner; of; ’s"
di sangue,617977,"used to indicate possession, after the thing owned and before the owner; of; ’s",blood (vital liquid)
finché non,617885,"as long as, while",not
qualche modo,617764,few,"manner, way"
ogni giorno,617695,"each, every",day
sua volta,617071,feminine singular of suo,"time, instance, occasion"
uno sguardo,616869,one,"glance, look (action of looking)"
come i,616775,how,"The ninth letter of the Italian alphabet, called i and written in the Latin script."
da qualche,615689,from (all senses),few
solo a,615438,"alone, by oneself, unattended, unaccompanied, lonely, lone, lonesome","The first letter of the Italian alphabet, called a and written in the Latin script."
un posto,615082,"apocopic form of uno: a, an",past participle of porre
mi sembra,614970,clitic accusative of io. me,inflection of sembrare:
delle parti,614616,"contraction of di le; of the, from the",plural of parte
erano stati,614309,third-person plural imperfect indicative of essere,plural of stato
di vedere,614050,"used to indicate possession, after the thing owned and before the owner; of; ’s",to see
il vecchio,613307,the,"old, outworn"
un gruppo,612595,"apocopic form of uno: a, an","group, cluster, party, team, covey"
contratto di,612279,past participle of contrarre,"used to indicate possession, after the thing owned and before the owner; of; ’s"
lungo la,612241,long,the
avere un,611280,to have,"apocopic form of uno: a, an"
a trovare,611023,"The first letter of the Italian alphabet, called a and written in the Latin script.",to find
i dati,609573,"The ninth letter of the Italian alphabet, called i and written in the Latin script.",masculine plural of dato
la vostra,609181,the,feminine singular of vostro
decreto legislativo,609018,decree,legislative
al punto,608481,"contraction of a + il, literally “to the, at the”","point (all senses), jot, iota"
negli ultimi,608229,contraction of in gli; in the,masculine plural of ultimo
la necessità,608110,the,"necessity, need"
da sola,607668,from (all senses),feminine singular of solo
con uno,606718,"with, together",one
e due,606126,"The fifth letter of the Italian alphabet, called e and written in the Latin script.",two
di quelli,604541,"used to indicate possession, after the thing owned and before the owner; of; ’s",masculine plural of quello
fare un,604124,to do,"apocopic form of uno: a, an"
pieno di,603801,full,"used to indicate possession, after the thing owned and before the owner; of; ’s"
quanto riguarda,603750,"how much, how many, however much, however many",inflection of riguardare:
nel frattempo,603703,contraction of in il; in the,meantime
legge n,603430,law,"The twelfth letter of the Italian alphabet, called enne and written in the Latin script."
anche lui,601678,"also, too, as well, besides",he
era l',601589,"age, epoch, period","apocopic form of il/lo, la: the"
nei casi,600916,contraction of in i; in the,plural of caso
la famiglia,600266,the,family
da quel,599952,from (all senses),"apocopic form of quello, used before a consonant (except impure s, gn, pn, ps, x, z)"
modo in,598587,"manner, way",in
mano e,598540,hand,"The fifth letter of the Italian alphabet, called e and written in the Latin script."
il dolore,597647,the,"ache, pain"
e soprattutto,597218,"The fifth letter of the Italian alphabet, called e and written in the Latin script.","above all, most, most of all"
il risultato,595587,the,past participle of risultare
delle cose,595561,"contraction of di le; of the, from the",plural of cosa
a quando,595159,"The first letter of the Italian alphabet, called a and written in the Latin script.",when
mi dispiace,594972,clitic accusative of io. me,third-person singular present indicative of dispiacere
lungo il,594844,long,the
il figlio,594691,the,son
nulla di,593492,feminine singular of nullo,"used to indicate possession, after the thing owned and before the owner; of; ’s"
ho visto,593456,first-person singular present indicative of avere and (obsolete) havere,past participle of vedere
pensare che,592335,to think,what; which
intorno a,591750,"of the surroundings; around, nearby","The first letter of the Italian alphabet, called a and written in the Latin script."
il volto,590926,the,face
due anni,590476,two,plural of anno
io e,590172,I (the first-person singular nominative pronoun),"The fifth letter of the Italian alphabet, called e and written in the Latin script."
l' uso,589969,"apocopic form of il/lo, la: the","used, accustomed"
il rischio,589589,the,"risk, chance, hazard, peril, danger"
a due,589308,"The first letter of the Italian alphabet, called a and written in the Latin script.",two
il pensiero,589190,the,thought
è quella,589012,"Used to disambiguate words ending in a stressed ⟨-e⟩, regardless of its pronunciation",feminine singular of quello
ha una,588822,third-person singular present indicative of avere and (obsolete) havere,feminine singular of uno
era di,588338,"age, epoch, period","used to indicate possession, after the thing owned and before the owner; of; ’s"
al tempo,588241,"contraction of a + il, literally “to the, at the”",time
la moglie,587246,the,wife
da quello,586776,from (all senses),"that, those"
presidente della,586520,"president, head (leader)","contraction of di la; of the, from the"
parte delle,586049,part,"contraction of di le; of the, from the"
per poi,586010,for,then
cercò di,585675,third-person singular past historic of cercare,"used to indicate possession, after the thing owned and before the owner; of; ’s"
i piedi,584998,"The ninth letter of the Italian alphabet, called i and written in the Latin script.",plural of piede
stesso tempo,584521,"same, equal",time
alle spalle,584345,"contraction of a le; to the, at the",plural of spalla
richiesta di,584094,"request, demand, claim, call","used to indicate possession, after the thing owned and before the owner; of; ’s"
parlare di,583509,"to talk, to speak","used to indicate possession, after the thing owned and before the owner; of; ’s"
il ruolo,583175,the,role
della famiglia,583123,"contraction of di la; of the, from the",family
ci ha,582741,The name of the Latin script letter C/c.; cee,third-person singular present indicative of avere and (obsolete) havere
mentre si,582519,while; as (during the same time that),"oneself, himself, herself, itself, themselves"
il braccio,581391,the,arm
si fece,580757,"oneself, himself, herself, itself, themselves",third-person singular past historic of fare
in tutti,580538,in,"all; everybody, everyone"
perché è,580024,"because, why","Used to disambiguate words ending in a stressed ⟨-e⟩, regardless of its pronunciation"
la capacità,579866,the,"capacity (to do something), ability, skill"
in forma,579557,in,form
di conseguenza,579515,"used to indicate possession, after the thing owned and before the owner; of; ’s",consequence
nella vita,579008,contraction of in la; in the,life
non sapeva,578358,not,third-person singular imperfect indicative of sapere
della stessa,576989,"contraction of di la; of the, from the",feminine singular of stesso
alla mia,576943,"contraction of a + la; to the, at the",feminine singular of mio
si stava,576796,"oneself, himself, herself, itself, themselves",third-person singular imperfect indicative of stare
non hai,576609,not,second-person singular present indicative of avere and (obsolete) havere
rispetto alla,576561,"respect, deference","contraction of a + la; to the, at the"
entro il,576541,"within, by, no later than",the
di quei,575992,"used to indicate possession, after the thing owned and before the owner; of; ’s",plural of quello
sulla sua,575813,"plant of the genus Sulla, particularly Sulla coronaria.",feminine singular of suo
l' attenzione,575502,"apocopic form of il/lo, la: the",attention
la pelle,575319,the,skin
occhi di,575171,plural of occhio,"used to indicate possession, after the thing owned and before the owner; of; ’s"
ho mai,574924,first-person singular present indicative of avere and (obsolete) havere,never
di legge,574290,"used to indicate possession, after the thing owned and before the owner; of; ’s",law
di ricerca,574270,"used to indicate possession, after the thing owned and before the owner; of; ’s","search, quest, hunt, manhunt, prospecting, pursuit"
agli altri,574041,"contraction of a gli; to the, at the","someone else, another"
in avanti,573774,in,"previous, prior, last"
e li,573734,"The fifth letter of the Italian alphabet, called e and written in the Latin script.",them (masculine)
tutti e,573649,"all; everybody, everyone","The fifth letter of the Italian alphabet, called e and written in the Latin script."
non più,573394,not,comparative degree of molto; more
è successo,573197,"Used to disambiguate words ending in a stressed ⟨-e⟩, regardless of its pronunciation",success
entrata in,573163,"the act of entering; entry, entrance, arrival, admission",in
l' avrebbe,573024,"apocopic form of il/lo, la: the",third-person singular conditional of avere
scopo di,570709,"aim, end, goal","used to indicate possession, after the thing owned and before the owner; of; ’s"
termine di,570309,"end, close","used to indicate possession, after the thing owned and before the owner; of; ’s"
del proprio,569993,"contraction of di + il; some, of the, from the","one's, one's own, her (own), its (own), their (own)"
l' azione,569040,"apocopic form of il/lo, la: the","action, deed"
l' espressione,568875,"apocopic form of il/lo, la: the",expression
il vero,568340,the,true
nella stanza,568057,contraction of in la; in the,room
per tutta,568046,for,feminine singular of tutto
colui che,565907,"he, him; that man",what; which
tanto che,565873,so much; so many,what; which
che abbia,565752,what; which,inflection of avere:
la forma,565434,the,form
o più,564692,"The thirteenth letter of the Italian alphabet, called o and written in the Latin script.",comparative degree of molto; more
gli stessi,564486,"form of the article i (“the”) used before a vowel, impure s, gn, pn, ps, sc, x, y, and z, and also with the plural noun dei (“gods”); the",masculine plural of stesso
ma le,564470,"but, however",the
avrebbe fatto,564383,third-person singular conditional of avere,"done, made"
il re,564224,the,king (male monarch)
era così,563149,"age, epoch, period",so
lo sviluppo,562986,"the form of il that is used before the so-called impure consonants, that is, s+consonant (impure s), gn, pn, ps, x, y, or z, and before i+vocal, bd, cn, ct, dm, ft, mn, pt, tm and also ts; before a vowel it becomes l'; the","development, growth, strengthening, expansion"
la disciplina,562405,the,discipline (all meanings)
o l',562266,"The thirteenth letter of the Italian alphabet, called o and written in the Latin script.","apocopic form of il/lo, la: the"
a quelli,562255,"The first letter of the Italian alphabet, called a and written in the Latin script.",masculine plural of quello
di San,562074,"used to indicate possession, after the thing owned and before the owner; of; ’s",san (Greek letter)
desiderio di,562038,"wish, desire, longing","used to indicate possession, after the thing owned and before the owner; of; ’s"
solo la,561974,"alone, by oneself, unattended, unaccompanied, lonely, lone, lonesome",the
sua voce,561327,feminine singular of suo,voice
sapere che,560533,to know (information),what; which
della Corte,560442,"contraction of di la; of the, from the",courtyard
ma poi,560323,"but, however",then
è uno,559031,"Used to disambiguate words ending in a stressed ⟨-e⟩, regardless of its pronunciation",one
la scelta,558673,the,choice
casi di,558584,plural of caso,"used to indicate possession, after the thing owned and before the owner; of; ’s"
per far,558067,for,apocopic form of fare
che fa,557883,what; which,third-person singular present indicative of fare
tempo per,557636,time,for
in corso,557577,in,"course (of a river, of a university, etc.)"
o da,557264,"The thirteenth letter of the Italian alphabet, called o and written in the Latin script.",from (all senses)
stata una,557230,feminine singular of stato,feminine singular of uno
per sé,556919,for,"oneself, himself, herself"
d' oro,556598,apocopic form of di: of,gold
continuava a,556539,third-person singular imperfect indicative of continuare,"The first letter of the Italian alphabet, called a and written in the Latin script."
per ogni,555844,for,"each, every"
al primo,555441,"contraction of a + il, literally “to the, at the”",first
obbligo di,555049,"obligation, duty","used to indicate possession, after the thing owned and before the owner; of; ’s"
i più,554788,"The ninth letter of the Italian alphabet, called i and written in the Latin script.",comparative degree of molto; more
di tali,553529,"used to indicate possession, after the thing owned and before the owner; of; ’s",plural of tale
di Stato,552912,"used to indicate possession, after the thing owned and before the owner; of; ’s","state (physical property of matter as solid, liquid, gas or plasma)"
rischio di,552582,"risk, chance, hazard, peril, danger","used to indicate possession, after the thing owned and before the owner; of; ’s"
con modificazioni,552223,"with, together",plural of modificazione
io mi,552181,I (the first-person singular nominative pronoun),clitic accusative of io. me
della storia,551848,"contraction of di la; of the, from the",history
che fare,551813,what; which,to do
un istante,551556,"apocopic form of uno: a, an","moment, instant, jiffy"
la nuova,551393,the,news
o del,551114,"The thirteenth letter of the Italian alphabet, called o and written in the Latin script.","contraction of di + il; some, of the, from the"
a tale,550890,"The first letter of the Italian alphabet, called a and written in the Latin script.",such
ed i,550304,"alternative form of e for euphony, especially before /e/ or /ɛ/; and","The ninth letter of the Italian alphabet, called i and written in the Latin script."
potere di,550000,"can, could; to be able to","used to indicate possession, after the thing owned and before the owner; of; ’s"
in camera,549848,in,room; chamber (all senses)
assenza di,549526,absence,"used to indicate possession, after the thing owned and before the owner; of; ’s"
di natura,549322,"used to indicate possession, after the thing owned and before the owner; of; ’s",nature
sede di,549172,venue,"used to indicate possession, after the thing owned and before the owner; of; ’s"
la stanza,549103,the,room
a carico,548964,"The first letter of the Italian alphabet, called a and written in the Latin script.","loaded, laden"
ma con,548586,"but, however","with, together"
la mamma,548401,the,mom/mum
se avesse,548286,abbreviation of sudest; southeast,third-person singular imperfect subjunctive of avere
poteva essere,547297,third-person singular imperfect indicative of potere,Used as a copula. to be
piuttosto che,547228,"rather, somewhat, fairly",what; which
ha la,546660,third-person singular present indicative of avere and (obsolete) havere,the
l' esistenza,546406,"apocopic form of il/lo, la: the",existence
nel mio,546363,contraction of in il; in the,my; of mine (used attributively)
è da,546250,"Used to disambiguate words ending in a stressed ⟨-e⟩, regardless of its pronunciation",from (all senses)
la responsabilità,545799,the,responsibility (duty for which someone is accountable)
che sta,545779,what; which,third-person singular present indicative of stare
o non,543975,"The thirteenth letter of the Italian alphabet, called o and written in the Latin script.",not
de la,543959,alternative form of di,the
un passo,543708,"apocopic form of uno: a, an",footstep (sound)
i diritti,542995,"The ninth letter of the Italian alphabet, called i and written in the Latin script.",masculine plural of diritto
di qualche,542098,"used to indicate possession, after the thing owned and before the owner; of; ’s",few
vero che,541730,true,what; which
sembra che,541144,inflection of sembrare:,what; which
dei loro,541131,"contraction of di + i; of the, from the","they, them"
quando le,541036,when,the
il contratto,540944,the,past participle of contrarre
io ho,540804,I (the first-person singular nominative pronoun),first-person singular present indicative of avere and (obsolete) havere
più forte,540116,comparative degree of molto; more,"fort, fortress"
ha avuto,539250,third-person singular present indicative of avere and (obsolete) havere,past participle of avere
tu sei,538804,you (singular); thou,six
se stessa,538677,abbreviation of sudest; southeast,feminine singular of stesso
riesco a,538016,first-person singular present indicative of riuscire,"The first letter of the Italian alphabet, called a and written in the Latin script."
o che,537338,"The thirteenth letter of the Italian alphabet, called o and written in the Latin script.",what; which
corso di,537313,"course (of a river, of a university, etc.)","used to indicate possession, after the thing owned and before the owner; of; ’s"
più volte,537151,comparative degree of molto; more,plural of volta
le stesse,537106,the,feminine plural of stesso
ma come,536500,"but, however",how
mi hanno,536462,clitic accusative of io. me,third-person plural present indicative of avere and (obsolete) havere
et al,535916,alternative form of e,"contraction of a + il, literally “to the, at the”"
e tutti,535811,"The fifth letter of the Italian alphabet, called e and written in the Latin script.","all; everybody, everyone"
la terra,535625,the,ground
e ho,535419,"The fifth letter of the Italian alphabet, called e and written in the Latin script.",first-person singular present indicative of avere and (obsolete) havere
mezzo di,535180,"half, middle","used to indicate possession, after the thing owned and before the owner; of; ’s"
al lavoro,535068,"contraction of a + il, literally “to the, at the”",work (all senses)
una parola,534962,feminine singular of uno,word (distinct unit of language)
di sua,534655,"used to indicate possession, after the thing owned and before the owner; of; ’s",feminine singular of suo
si sentì,534160,"oneself, himself, herself, itself, themselves",third-person singular past historic of sentire
a seconda,534054,"The first letter of the Italian alphabet, called a and written in the Latin script.",feminine singular of secondo
degli uomini,533857,"contraction of di gli; of the, from the",plural of uomo
che viene,533826,what; which,third-person singular present indicative of venire
e dopo,533432,"The fifth letter of the Italian alphabet, called e and written in the Latin script.",later
morte di,533387,death,"used to indicate possession, after the thing owned and before the owner; of; ’s"
penso che,533181,first-person singular present indicative of pensare,what; which
sul punto,532504,contraction of su + il: on the,"point (all senses), jot, iota"
la schiena,532502,the,back (the rear of the body)
sia il,532184,inflection of essere:,the
era molto,532179,"age, epoch, period","much, very much, a lot (with verbs)"
piano di,531780,plane,"used to indicate possession, after the thing owned and before the owner; of; ’s"
la lingua,531065,the,tongue
ricerca di,530749,"search, quest, hunt, manhunt, prospecting, pursuit","used to indicate possession, after the thing owned and before the owner; of; ’s"
riesce a,530654,third-person singular present indicative of riuscire,"The first letter of the Italian alphabet, called a and written in the Latin script."
come è,530588,how,"Used to disambiguate words ending in a stressed ⟨-e⟩, regardless of its pronunciation"
persona che,530556,"person, pl people, persons",what; which
ora che,529582,hour (a unit of time of one twenty-fourth of a day (sixty minutes)),what; which
che questa,528326,what; which,feminine singular of questo
a uno,527280,"The first letter of the Italian alphabet, called a and written in the Latin script.",one
al giudice,526852,"contraction of a + il, literally “to the, at the”","judge, magistrate"
un mondo,526365,"apocopic form of uno: a, an",world
sia stata,526037,inflection of essere:,feminine singular of stato
questo che,525846,"this, these",what; which
il giovane,525551,the,young
la sensazione,525361,the,"sensation, feeling"
per via,525060,for,"street, path"
della persona,524827,"contraction of di la; of the, from the","person, pl people, persons"
cercare di,524703,to look for,"used to indicate possession, after the thing owned and before the owner; of; ’s"
solo di,524397,"alone, by oneself, unattended, unaccompanied, lonely, lone, lonesome","used to indicate possession, after the thing owned and before the owner; of; ’s"
del primo,524196,"contraction of di + il; some, of the, from the",first
dei miei,523938,"contraction of di + i; of the, from the",masculine plural of mio
della casa,523803,"contraction of di la; of the, from the",house
se mi,523091,abbreviation of sudest; southeast,clitic accusative of io. me
le norme,523087,the,plural of norma
sia la,523033,inflection of essere:,the
da questo,523008,from (all senses),"this, these"
la faccia,522905,the,face (of a person or an animal)
la realtà,522186,the,reality
quello della,522007,"that, those","contraction of di la; of the, from the"
in altri,521776,in,"someone else, another"
il sangue,521647,the,blood (vital liquid)
dei servizi,521175,"contraction of di + i; of the, from the",plural of servizio
lui era,520758,he,"age, epoch, period"
decreto del,520521,decree,"contraction of di + il; some, of the, from the"
non credo,520249,not,creed
e tutto,519987,"The fifth letter of the Italian alphabet, called e and written in the Latin script.",all
ancora di,519721,still,"used to indicate possession, after the thing owned and before the owner; of; ’s"
una voce,519521,feminine singular of uno,voice
un problema,518732,"apocopic form of uno: a, an",problem
cercato di,518559,past participle of cercare,"used to indicate possession, after the thing owned and before the owner; of; ’s"
ha il,518314,third-person singular present indicative of avere and (obsolete) havere,the
una situazione,518278,feminine singular of uno,"situation, position, condition, circumstances"
il ricorso,518083,the,past participle of ricorrere
in presenza,517705,in,presence
una ragazza,517553,feminine singular of uno,"girl, young woman"
di parlare,517384,"used to indicate possession, after the thing owned and before the owner; of; ’s","to talk, to speak"
per evitare,517238,for,"to avoid, shy away from"
permesso di,517105,"allowed, permitted","used to indicate possession, after the thing owned and before the owner; of; ’s"
mi fa,516746,clitic accusative of io. me,third-person singular present indicative of fare
non se,516697,not,abbreviation of sudest; southeast
mettere in,516557,"to put, to place, to lay, to set",in
piena di,516439,feminine singular of pieno,"used to indicate possession, after the thing owned and before the owner; of; ’s"
fare il,516066,to do,the
lo ha,515929,"the form of il that is used before the so-called impure consonants, that is, s+consonant (impure s), gn, pn, ps, x, y, or z, and before i+vocal, bd, cn, ct, dm, ft, mn, pt, tm and also ts; before a vowel it becomes l'; the",third-person singular present indicative of avere and (obsolete) havere
forza di,515760,force,"used to indicate possession, after the thing owned and before the owner; of; ’s"
il concetto,514406,the,concept
ed in,514337,"alternative form of e for euphony, especially before /e/ or /ɛ/; and",in
parlare con,514257,"to talk, to speak","with, together"
anche con,514194,"also, too, as well, besides","with, together"
contatto con,514166,contact (all senses),"with, together"
gran parte,513900,apocopic form of grande m or f by sense,part
grazie a,513782,"thank you, thanks!","The first letter of the Italian alphabet, called a and written in the Latin script."
quando è,513487,when,"Used to disambiguate words ending in a stressed ⟨-e⟩, regardless of its pronunciation"
se ci,513470,abbreviation of sudest; southeast,The name of the Latin script letter C/c.; cee
sia in,513383,inflection of essere:,in
suo sguardo,513316,"his, her, its","glance, look (action of looking)"
l' Italia,513284,"apocopic form of il/lo, la: the",Italy (a country in Southern Europe)
prima del,513022,feminine singular of primo,"contraction of di + il; some, of the, from the"
nella quale,512939,contraction of in la; in the,what?
l' obbligo,511919,"apocopic form of il/lo, la: the","obligation, duty"
il libro,511906,the,book
di che,511554,"used to indicate possession, after the thing owned and before the owner; of; ’s",what; which
proprio come,511422,"one's, one's own, her (own), its (own), their (own)",how
quantità di,511278,quantity,"used to indicate possession, after the thing owned and before the owner; of; ’s"
poi la,511011,then,the
superiore a,510206,"superior (intelligence, quality)","The first letter of the Italian alphabet, called a and written in the Latin script."
un lungo,510153,"apocopic form of uno: a, an",long
a metà,510123,"The first letter of the Italian alphabet, called a and written in the Latin script.",half
sono più,510044,"first-person singular present indicative of essere: (I) am, I'm",comparative degree of molto; more
era sempre,509861,"age, epoch, period",always
la funzione,509775,the,function
paura di,509342,fear,"used to indicate possession, after the thing owned and before the owner; of; ’s"
il soggetto,509308,the,"subject, dependent"
con voce,508921,"with, together",voice
del procedimento,508800,"contraction of di + il; some, of the, from the",course (of a programme/program of work)
agli occhi,508198,"contraction of a gli; to the, at the",plural of occhio
subito dopo,508161,"at once, immediately, as soon as possible, shortly",later
quando mi,508135,when,clitic accusative of io. me
un senso,508041,"apocopic form of uno: a, an",sense
società di,507940,"society, community","used to indicate possession, after the thing owned and before the owner; of; ’s"
alla quale,507116,"contraction of a + la; to the, at the",what?
gli atti,507110,"form of the article i (“the”) used before a vowel, impure s, gn, pn, ps, sc, x, y, and z, and also with the plural noun dei (“gods”); the",plural of atto
in tutta,506938,in,feminine singular of tutto
l' immagine,506930,"apocopic form of il/lo, la: the",image
consiglio di,506712,"advice, counsel","used to indicate possession, after the thing owned and before the owner; of; ’s"
di gestione,506345,"used to indicate possession, after the thing owned and before the owner; of; ’s",management
mi piace,506116,clitic accusative of io. me,third-person singular present indicative of piacere
ogni cosa,505346,"each, every","thing, matter"
sia per,504281,inflection of essere:,for
meno che,504166,less,what; which
di suo,503179,"used to indicate possession, after the thing owned and before the owner; of; ’s","his, her, its"
figlio di,502771,son,"used to indicate possession, after the thing owned and before the owner; of; ’s"
il Signore,502590,the,lord (ruler)
da lei,502359,from (all senses),she
il testo,502340,the,"synonym of tessuto, past participle of tessere"
in alto,501941,in,"high, tall"
e ti,501864,"The fifth letter of the Italian alphabet, called e and written in the Latin script.",The name of the Latin script letter T/t.; tee
cui era,501812,"prepositional of che: whom, which","age, epoch, period"
di certo,501717,"used to indicate possession, after the thing owned and before the owner; of; ’s","certain, sure"
una vera,501704,feminine singular of uno,"wedding ring, wedding band"
testa e,501276,head,"The fifth letter of the Italian alphabet, called e and written in the Latin script."
le informazioni,501125,the,plural of informazione
un ruolo,500840,"apocopic form of uno: a, an",role
ma quando,500606,"but, however",when
mi sento,500564,clitic accusative of io. me,first-person singular present indicative of sentire
in tempo,500457,in,time
donna che,500455,woman,what; which
tre anni,500118,three,plural of anno
un rapporto,499972,"apocopic form of uno: a, an","report, statement, account"
lo stato,499725,"the form of il that is used before the so-called impure consonants, that is, s+consonant (impure s), gn, pn, ps, x, y, or z, and before i+vocal, bd, cn, ct, dm, ft, mn, pt, tm and also ts; before a vowel it becomes l'; the","state (physical property of matter as solid, liquid, gas or plasma)"
essere in,499644,Used as a copula. to be,in
gli era,499459,"form of the article i (“the”) used before a vowel, impure s, gn, pn, ps, sc, x, y, and z, and also with the plural noun dei (“gods”); the","age, epoch, period"
che egli,499213,what; which,he
sì che,498738,yes,what; which
la decisione,498644,the,decision
in sé,498407,in,"oneself, himself, herself"
quelli di,498053,masculine plural of quello,"used to indicate possession, after the thing owned and before the owner; of; ’s"
quella del,497958,feminine singular of quello,"contraction of di + il; some, of the, from the"
di come,497560,"used to indicate possession, after the thing owned and before the owner; of; ’s",how
del potere,497205,"contraction of di + il; some, of the, from the","can, could; to be able to"
stava per,496581,third-person singular imperfect indicative of stare,for
l' esercizio,496328,"apocopic form of il/lo, la: the",exercise (also military)
un periodo,495744,"apocopic form of uno: a, an","period, time, span, run"
dei dati,495459,"contraction of di + i; of the, from the",masculine plural of dato
un luogo,495422,"apocopic form of uno: a, an","place (location, position)"
hai fatto,494710,second-person singular present indicative of avere and (obsolete) havere,"done, made"
una di,494313,feminine singular of uno,"used to indicate possession, after the thing owned and before the owner; of; ’s"
secondo cui,493992,second,"prepositional of che: whom, which"
a pensare,493603,"The first letter of the Italian alphabet, called a and written in the Latin script.",to think
la libertà,492081,the,freedom; liberty
che tutti,491898,what; which,"all; everybody, everyone"
le tue,491681,the,feminine plural of tuo
atto di,491608,"act, deed","used to indicate possession, after the thing owned and before the owner; of; ’s"
ma solo,491526,"but, however","alone, by oneself, unattended, unaccompanied, lonely, lone, lonesome"
tempo e,491084,time,"The fifth letter of the Italian alphabet, called e and written in the Latin script."
l' atto,491024,"apocopic form of il/lo, la: the","act, deed"
anche una,490710,"also, too, as well, besides",feminine singular of uno
g di,490518,"The seventh letter of the Italian alphabet, called gi and written in the Latin script.","used to indicate possession, after the thing owned and before the owner; of; ’s"
del quale,490370,"contraction of di + il; some, of the, from the",what?
per noi,490037,for,we; us
ipotesi di,489869,hypothesis,"used to indicate possession, after the thing owned and before the owner; of; ’s"
aveva già,489563,third-person singular imperfect indicative of avere,"already, yet"
l' effetto,489330,"apocopic form of il/lo, la: the",effect (in all senses)
tornare a,489011,"to return, to come back","The first letter of the Italian alphabet, called a and written in the Latin script."
fini della,488763,"plural of fine (“end, conclusion”)","contraction of di la; of the, from the"
del danno,488538,"contraction of di + il; some, of the, from the","damage, harm, injury"
così che,488511,so,what; which
anni e,488314,plural of anno,"The fifth letter of the Italian alphabet, called e and written in the Latin script."
e altri,488217,"The fifth letter of the Italian alphabet, called e and written in the Latin script.","someone else, another"
fuori dalla,488164,outside,"contraction of da + la, literally “from the”"
a titolo,487639,"The first letter of the Italian alphabet, called a and written in the Latin script.","title (of a book, song etc.), headline (of an article), heading (of a chapter)"
in altre,487587,in,feminine plural of altro
che siano,487395,what; which,inflection of essere:
alla ricerca,487027,"contraction of a + la; to the, at the","search, quest, hunt, manhunt, prospecting, pursuit"
non riesco,486597,not,first-person singular present indicative of riuscire
confronti di,486211,plural of confronto,"used to indicate possession, after the thing owned and before the owner; of; ’s"
avrebbe voluto,485925,third-person singular conditional of avere,"deliberate, intentional"
di cosa,485882,"used to indicate possession, after the thing owned and before the owner; of; ’s","thing, matter"
possa essere,485229,"power, strength, vigour",Used as a copula. to be
nelle sue,485192,contraction of in le; in the,plural of sua
una casa,484872,feminine singular of uno,house
con sé,484469,"with, together","oneself, himself, herself"
del bene,484468,"contraction of di + il; some, of the, from the","upper-class, posh, high"
della morte,484109,"contraction of di la; of the, from the",death
qualcuno che,483999,"someone, somebody",what; which
è questo,483969,"Used to disambiguate words ending in a stressed ⟨-e⟩, regardless of its pronunciation","this, these"
a tutto,483593,"The first letter of the Italian alphabet, called a and written in the Latin script.",all
è tutto,482945,"Used to disambiguate words ending in a stressed ⟨-e⟩, regardless of its pronunciation",all
fare una,482727,to do,feminine singular of uno
che deve,482569,what; which,third-person singular present indicative of dovere
l' uno,482554,"apocopic form of il/lo, la: the",one
e proprio,482531,"The fifth letter of the Italian alphabet, called e and written in the Latin script.","one's, one's own, her (own), its (own), their (own)"
ad essere,482309,initialism of amministratore delegato (“CEO”),Used as a copula. to be
titolo di,482175,"title (of a book, song etc.), headline (of an article), heading (of a chapter)","used to indicate possession, after the thing owned and before the owner; of; ’s"
di colpo,482150,"used to indicate possession, after the thing owned and before the owner; of; ’s","blow, knock, shock"
te lo,481706,"you, thee","the form of il that is used before the so-called impure consonants, that is, s+consonant (impure s), gn, pn, ps, x, y, or z, and before i+vocal, bd, cn, ct, dm, ft, mn, pt, tm and also ts; before a vowel it becomes l'; the"
è mai,481629,"Used to disambiguate words ending in a stressed ⟨-e⟩, regardless of its pronunciation",never
riuscire a,481534,to manage; to be able,"The first letter of the Italian alphabet, called a and written in the Latin script."
un lavoro,481208,"apocopic form of uno: a, an",work (all senses)
l' ora,480910,"apocopic form of il/lo, la: the",hour (a unit of time of one twenty-fourth of a day (sixty minutes))
voce di,480908,voice,"used to indicate possession, after the thing owned and before the owner; of; ’s"
ma i,480249,"but, however","The ninth letter of the Italian alphabet, called i and written in the Latin script."
altra parte,480150,feminine singular of altro,part
non sei,479955,not,six
il posto,479698,the,past participle of porre
e forse,479370,"The fifth letter of the Italian alphabet, called e and written in the Latin script.","maybe, perhaps, possibly, may, might"
da uno,478689,from (all senses),one
di beni,478505,"used to indicate possession, after the thing owned and before the owner; of; ’s",plural of bene
i giorni,477966,"The ninth letter of the Italian alphabet, called i and written in the Latin script.",days
dietro la,477961,"behind, at the back",the
un numero,477920,"apocopic form of uno: a, an",number
di carattere,477853,"used to indicate possession, after the thing owned and before the owner; of; ’s","character, letter (symbol for a word or a sound)"
non ce,477780,not,alternative form of ci (“us”)
e adesso,477742,"The fifth letter of the Italian alphabet, called e and written in the Latin script.",now
si trovano,477428,"oneself, himself, herself, itself, themselves",third-person plural present indicative of trovare
non di,477405,not,"used to indicate possession, after the thing owned and before the owner; of; ’s"
ogni tanto,477233,"each, every",so much; so many
se i,477061,abbreviation of sudest; southeast,"The ninth letter of the Italian alphabet, called i and written in the Latin script."
cui le,476836,"prepositional of che: whom, which",the
casa e,476168,house,"The fifth letter of the Italian alphabet, called e and written in the Latin script."
ce l',475739,alternative form of ci (“us”),"apocopic form of il/lo, la: the"
lo Stato,475553,"the form of il that is used before the so-called impure consonants, that is, s+consonant (impure s), gn, pn, ps, x, y, or z, and before i+vocal, bd, cn, ct, dm, ft, mn, pt, tm and also ts; before a vowel it becomes l'; the","state (physical property of matter as solid, liquid, gas or plasma)"
ora di,474217,hour (a unit of time of one twenty-fourth of a day (sixty minutes)),"used to indicate possession, after the thing owned and before the owner; of; ’s"
il pubblico,474033,the,public
quella sera,473959,feminine singular of quello,evening
un gesto,473906,"apocopic form of uno: a, an","gesture, an act"
quale il,473887,what?,the
il silenzio,473792,the,silence!; shut up!; stop talking!; hush!
la norma,473380,the,"rule, norm, regulation"
e perché,472930,"The fifth letter of the Italian alphabet, called e and written in the Latin script.","because, why"
vi sono,472906,"second-person personal plural object pronoun: you, to you","first-person singular present indicative of essere: (I) am, I'm"
ti ha,472605,The name of the Latin script letter T/t.; tee,third-person singular present indicative of avere and (obsolete) havere
datore di,472531,giver,"used to indicate possession, after the thing owned and before the owner; of; ’s"
l' applicazione,472431,"apocopic form of il/lo, la: the","application (something applied to a surface, and in computing)"
con quella,472383,"with, together",feminine singular of quello
un pezzo,472381,"apocopic form of uno: a, an","piece, chunk"
le attività,472031,the,"activity, operation"
a decorrere,471957,"The first letter of the Italian alphabet, called a and written in the Latin script.",to run downward
perché si,471860,"because, why","oneself, himself, herself, itself, themselves"
uno degli,471603,one,"contraction of di gli; of the, from the"
ci fosse,471478,The name of the Latin script letter C/c.; cee,third-person singular imperfect subjunctive of essere
di sopra,470889,"used to indicate possession, after the thing owned and before the owner; of; ’s",over
fare la,470207,to do,the
via di,469819,"street, path","used to indicate possession, after the thing owned and before the owner; of; ’s"
la causa,469815,the,cause
lui la,469420,he,the
sensazione di,469391,"sensation, feeling","used to indicate possession, after the thing owned and before the owner; of; ’s"
lei era,469150,she,"age, epoch, period"
un libro,468923,"apocopic form of uno: a, an",book
stato il,468486,"state (physical property of matter as solid, liquid, gas or plasma)",the
a ridere,468284,"The first letter of the Italian alphabet, called a and written in the Latin script.",to laugh
fare con,468029,to do,"with, together"
quando era,467842,when,"age, epoch, period"
un secondo,467797,"apocopic form of uno: a, an",second
chi ha,467621,"who, whom; whoever",third-person singular present indicative of avere and (obsolete) havere
gli disse,467545,"form of the article i (“the”) used before a vowel, impure s, gn, pn, ps, sc, x, y, and z, and also with the plural noun dei (“gods”); the",third-person singular past historic of dire
aveva avuto,467498,third-person singular imperfect indicative of avere,past participle of avere
ha mai,467266,third-person singular present indicative of avere and (obsolete) havere,never
nel nostro,466741,contraction of in il; in the,our
anche quando,466571,"also, too, as well, besides",when
il motivo,466459,the,"reason, ground"
vicino a,466330,"near, close","The first letter of the Italian alphabet, called a and written in the Latin script."
sua moglie,466317,feminine singular of suo,wife
della natura,466094,"contraction of di la; of the, from the",nature
una storia,465948,feminine singular of uno,history
sul tavolo,465947,contraction of su + il: on the,"table, board, desk"
giudizio di,465879,"judgment, wisdom, sense","used to indicate possession, after the thing owned and before the owner; of; ’s"
i denti,465659,"The ninth letter of the Italian alphabet, called i and written in the Latin script.",plural of dente
su questo,465504,"up, upstairs","this, these"
in faccia,465238,in,face (of a person or an animal)
il desiderio,464780,the,"wish, desire, longing"
un suo,464669,"apocopic form of uno: a, an","his, her, its"
per andare,464627,for,to go
di attività,464622,"used to indicate possession, after the thing owned and before the owner; of; ’s","activity, operation"
e nei,464202,"The fifth letter of the Italian alphabet, called e and written in the Latin script.",contraction of in i; in the
al giorno,463658,"contraction of a + il, literally “to the, at the”",day
cominciato a,463251,past participle of cominciare,"The first letter of the Italian alphabet, called a and written in the Latin script."
ma lui,462914,"but, however",he
scosse la,462821,plural of scossa,the
più importante,462731,comparative degree of molto; more,important
in cucina,462538,in,kitchen
i soggetti,462508,"The ninth letter of the Italian alphabet, called i and written in the Latin script.",masculine plural of soggetto
in tono,462334,in,tone (all senses)
stata la,462316,feminine singular of stato,the
in esame,461733,in,"examination, test"
intorno al,461654,"of the surroundings; around, nearby","contraction of a + il, literally “to the, at the”"
presso il,461019,"nearby, near, close",the
lei è,460831,she,"Used to disambiguate words ending in a stressed ⟨-e⟩, regardless of its pronunciation"
ancora in,460730,still,in
di famiglia,460378,"used to indicate possession, after the thing owned and before the owner; of; ’s",family
o con,460305,"The thirteenth letter of the Italian alphabet, called o and written in the Latin script.","with, together"
in tale,459406,in,such
cui i,458481,"prepositional of che: whom, which","The ninth letter of the Italian alphabet, called i and written in the Latin script."
vuol dire,458442,apocopic form of vuole,to utter (produce (speech or other sounds) with one's voice)
i genitori,458265,"The ninth letter of the Italian alphabet, called i and written in the Latin script.",masculine plural of genitore
la macchina,457680,the,machine
ad ogni,457351,initialism of amministratore delegato (“CEO”),"each, every"
disse che,456563,third-person singular past historic of dire,what; which
segno di,456307,sign,"used to indicate possession, after the thing owned and before the owner; of; ’s"
di dare,456240,"used to indicate possession, after the thing owned and before the owner; of; ’s",to give (to transfer the possession/holding of something to someone else)
anni fa,455899,plural of anno,third-person singular present indicative of fare
si ha,455299,"oneself, himself, herself, itself, themselves",third-person singular present indicative of avere and (obsolete) havere
disse il,455285,third-person singular past historic of dire,the
da non,455252,from (all senses),not
si dice,455104,"oneself, himself, herself, itself, themselves",third-person singular present indicative of dire
molto tempo,455084,"much, very much, a lot (with verbs)",time
con aria,455033,"with, together",air
contro i,454963,against,"The ninth letter of the Italian alphabet, called i and written in the Latin script."
la fronte,454961,the,"forehead, brow"
l' ordine,454789,"apocopic form of il/lo, la: the","order (command, instruction)"
in primo,454707,in,first
le si,454239,the,"oneself, himself, herself, itself, themselves"
ad altri,454108,initialism of amministratore delegato (“CEO”),"someone else, another"
della sentenza,453885,"contraction of di la; of the, from the","verdict, judgment, ruling"
gli elementi,453811,"form of the article i (“the”) used before a vowel, impure s, gn, pn, ps, sc, x, y, and z, and also with the plural noun dei (“gods”); the",plural of elemento
anche nel,453809,"also, too, as well, besides",contraction of in il; in the
sul letto,453585,contraction of su + il: on the,bed
fase di,453543,"phase, stage, period, level, degree, step","used to indicate possession, after the thing owned and before the owner; of; ’s"
le prime,453288,the,feminine plural of primo
presso la,453106,"nearby, near, close",the
dietro di,452689,"behind, at the back","used to indicate possession, after the thing owned and before the owner; of; ’s"
o una,452575,"The thirteenth letter of the Italian alphabet, called o and written in the Latin script.",feminine singular of uno
facoltà di,452343,faculty,"used to indicate possession, after the thing owned and before the owner; of; ’s"
momento della,452316,moment,"contraction of di la; of the, from the"
si poteva,452314,"oneself, himself, herself, itself, themselves",third-person singular imperfect indicative of potere
dello stato,452192,"contraction of di lo; of the, from the","state (physical property of matter as solid, liquid, gas or plasma)"
che nessuno,452180,what; which,"no, any"
forse non,452069,"maybe, perhaps, possibly, may, might",not
lo sai,451757,"the form of il that is used before the so-called impure consonants, that is, s+consonant (impure s), gn, pn, ps, x, y, or z, and before i+vocal, bd, cn, ct, dm, ft, mn, pt, tm and also ts; before a vowel it becomes l'; the",second-person singular present indicative of sapere
di fuori,451457,"used to indicate possession, after the thing owned and before the owner; of; ’s",outside
per poter,451160,for,apocopic form of potere
significa che,450966,inflection of significare:,what; which
un processo,450957,"apocopic form of uno: a, an","trial, action, lawsuit, suit, proceedings"
messo in,450879,messenger,in
un gran,450748,"apocopic form of uno: a, an",apocopic form of grande m or f by sense
non avevano,450741,not,third-person plural imperfect indicative of avere
un sacco,450699,"apocopic form of uno: a, an","sack, bag"
iniziò a,450668,third-person singular past historic of iniziare,"The first letter of the Italian alphabet, called a and written in the Latin script."
la ricerca,450431,the,"search, quest, hunt, manhunt, prospecting, pursuit"
il periodo,450342,the,"period, time, span, run"
e ciò,450321,"The fifth letter of the Italian alphabet, called e and written in the Latin script.",this
ce ne,450088,alternative form of ci (“us”),abbreviation of nordest; northeast
i casi,449835,"The ninth letter of the Italian alphabet, called i and written in the Latin script.",plural of caso
d' Italia,449623,apocopic form of di: of,Italy (a country in Southern Europe)
ha dato,449009,third-person singular present indicative of avere and (obsolete) havere,past participle of dare
un atto,448911,"apocopic form of uno: a, an","act, deed"
dei quali,448829,"contraction of di + i; of the, from the",plural of quale
in the,448793,in,misspelling of tè
mi ero,448724,clitic accusative of io. me,first-person singular imperfect indicative of essere; (I) was
le regole,447855,the,plural of regola
a capire,447636,"The first letter of the Italian alphabet, called a and written in the Latin script.",to understand
il contenuto,447589,the,"restrained, suppressed"
si chiama,447322,"oneself, himself, herself, itself, themselves",roll call
che ogni,446942,what; which,"each, every"
fare a,446489,to do,"The first letter of the Italian alphabet, called a and written in the Latin script."
una società,446080,feminine singular of uno,"society, community"
essere una,445785,Used as a copula. to be,feminine singular of uno
in precedenza,445770,in,"precedence, priority"
in testa,445464,in,head
delle imprese,445298,"contraction of di le; of the, from the",plural of impresa
la musica,444903,the,music
la posizione,444867,the,position
era come,444797,"age, epoch, period",how
una forma,444792,feminine singular of uno,form
la paura,444209,the,fear
al loro,443898,"contraction of a + il, literally “to the, at the”","they, them"
la differenza,443555,the,difference
il luogo,443264,the,"place (location, position)"
fino ad,443216,"till, until, as far as",initialism of amministratore delegato (“CEO”)
una sua,443126,feminine singular of uno,feminine singular of suo
degli atti,443074,"contraction of di gli; of the, from the",plural of atto
sul pavimento,442664,contraction of su + il: on the,floor
di servizi,442621,"used to indicate possession, after the thing owned and before the owner; of; ’s",plural of servizio
la via,442363,the,"street, path"
pubblico ministero,442287,public,ministry
che nella,442286,what; which,contraction of in la; in the
giorno dopo,442230,day,later
il mare,441974,the,sea
o della,441892,"The thirteenth letter of the Italian alphabet, called o and written in the Latin script.","contraction of di la; of the, from the"
funzione di,441480,function,"used to indicate possession, after the thing owned and before the owner; of; ’s"
l' anima,440780,"apocopic form of il/lo, la: the",soul
alla vita,440448,"contraction of a + la; to the, at the",life
e ad,440311,"The fifth letter of the Italian alphabet, called e and written in the Latin script.",initialism of amministratore delegato (“CEO”)
verso le,440116,verse,the
di luce,439550,"used to indicate possession, after the thing owned and before the owner; of; ’s",light (visible electromagnetic wave; electrical device providing light)
capire che,439414,to understand,what; which
o forse,439031,"The thirteenth letter of the Italian alphabet, called o and written in the Latin script.","maybe, perhaps, possibly, may, might"
non deve,438999,not,third-person singular present indicative of dovere
a vivere,438757,"The first letter of the Italian alphabet, called a and written in the Latin script.",to live; to be alive
tal caso,438403,apocopic form of tale,"chance, fate"
i rapporti,438196,"The ninth letter of the Italian alphabet, called i and written in the Latin script.",plural of rapporto
i ragazzi,438100,"The ninth letter of the Italian alphabet, called i and written in the Latin script.",plural of ragazzo
di cose,438024,"used to indicate possession, after the thing owned and before the owner; of; ’s",plural of cosa
in città,437625,in,"town, city"
il terzo,437173,the,third
con loro,437109,"with, together","they, them"
un braccio,437075,"apocopic form of uno: a, an",arm
aveva una,436896,third-person singular imperfect indicative of avere,feminine singular of uno
mai più,436806,never,comparative degree of molto; more
in merito,436614,in,deserved
è a,436264,"Used to disambiguate words ending in a stressed ⟨-e⟩, regardless of its pronunciation","The first letter of the Italian alphabet, called a and written in the Latin script."
che quella,435358,what; which,feminine singular of quello
dopo una,435054,later,feminine singular of uno
dieci anni,435030,ten,plural of anno
non fu,434911,not,"deceased, late"
in vita,434868,in,life
quando i,434823,when,"The ninth letter of the Italian alphabet, called i and written in the Latin script."
volta in,434788,"time, instance, occasion",in
un colpo,434781,"apocopic form of uno: a, an","blow, knock, shock"
a tal,434638,"The first letter of the Italian alphabet, called a and written in the Latin script.",apocopic form of tale
di tanto,434615,"used to indicate possession, after the thing owned and before the owner; of; ’s",so much; so many
l' hai,434175,"apocopic form of il/lo, la: the",second-person singular present indicative of avere and (obsolete) havere
del termine,433729,"contraction of di + il; some, of the, from the","end, close"
i risultati,433650,"The ninth letter of the Italian alphabet, called i and written in the Latin script.",plural of risultato
si sia,433581,"oneself, himself, herself, itself, themselves",inflection of essere:
le lacrime,433497,the,plural of lacrima
il titolo,433199,the,"title (of a book, song etc.), headline (of an article), heading (of a chapter)"
mi disse,432854,clitic accusative of io. me,third-person singular past historic of dire
però non,432521,"yet, but, however, nevertheless",not
quale è,432148,what?,"Used to disambiguate words ending in a stressed ⟨-e⟩, regardless of its pronunciation"
ancora un,431364,still,"apocopic form of uno: a, an"
fuori dal,431283,outside,contraction of da + il; from the
contro di,431186,against,"used to indicate possession, after the thing owned and before the owner; of; ’s"
che doveva,431117,what; which,third-person singular imperfect indicative of dovere
di alcuni,431024,"used to indicate possession, after the thing owned and before the owner; of; ’s","plural of alcuno (“some, a few”)"
di comunicazione,430948,"used to indicate possession, after the thing owned and before the owner; of; ’s",communication
del paese,430844,"contraction of di + il; some, of the, from the",country (nation)
in questione,430736,in,"question, issue, matter, point"
e sulla,430631,"The fifth letter of the Italian alphabet, called e and written in the Latin script.","plant of the genus Sulla, particularly Sulla coronaria."
avrebbe mai,430618,third-person singular conditional of avere,never
entrambe le,430262,feminine of entrambi: both,the
fosse un,430254,third-person singular imperfect subjunctive of essere,"apocopic form of uno: a, an"
del gruppo,430208,"contraction of di + il; some, of the, from the","group, cluster, party, team, covey"
sotto le,430096,"under, beneath, underneath",the
i figli,430096,"The ninth letter of the Italian alphabet, called i and written in the Latin script.","plural of figlio (“sons, children”)"
credere che,429870,to believe,what; which
ma lei,429818,"but, however",she
suo nome,429814,"his, her, its",name
pensare a,429786,to think,"The first letter of the Italian alphabet, called a and written in the Latin script."
sa che,429684,third-person singular present indicative of sapere (“to know”),what; which
mai visto,429618,never,past participle of vedere
del giorno,429607,"contraction of di + il; some, of the, from the",day
a se,429551,"The first letter of the Italian alphabet, called a and written in the Latin script.",abbreviation of sudest; southeast
non abbiamo,428823,not,inflection of avere:
codice di,428705,code (all meanings),"used to indicate possession, after the thing owned and before the owner; of; ’s"
non me,428367,not,me
in quello,428295,in,"that, those"
alla data,427624,"contraction of a + la; to the, at the",date (“calendar date”)
stesso modo,427486,"same, equal","manner, way"
e chi,427358,"The fifth letter of the Italian alphabet, called e and written in the Latin script.","who, whom; whoever"
anche lei,426769,"also, too, as well, besides",she
aveva la,426684,third-person singular imperfect indicative of avere,the
si vede,425733,"oneself, himself, herself, itself, themselves",third-person singular present indicative of vedere
lo guardò,425562,"the form of il that is used before the so-called impure consonants, that is, s+consonant (impure s), gn, pn, ps, x, y, or z, and before i+vocal, bd, cn, ct, dm, ft, mn, pt, tm and also ts; before a vowel it becomes l'; the",third-person singular past historic of guardare
dei casi,425556,"contraction of di + i; of the, from the",plural of caso
il progetto,425484,the,"plan, project, design, scheme, layout"
domanda di,425311,question,"used to indicate possession, after the thing owned and before the owner; of; ’s"
non sarà,425234,not,third-person singular future of essere
di mio,425206,"used to indicate possession, after the thing owned and before the owner; of; ’s",my; of mine (used attributively)
da dove,425162,from (all senses),where
l' impressione,424905,"apocopic form of il/lo, la: the",feeling
del soggetto,424537,"contraction of di + il; some, of the, from the","subject, dependent"
simile a,424220,similar,"The first letter of the Italian alphabet, called a and written in the Latin script."
lavoro di,424076,work (all senses),"used to indicate possession, after the thing owned and before the owner; of; ’s"
questo tipo,424064,"this, these","standard, model, average, stock"
sempre in,424009,always,in
oltre il,423931,"farther, further, past, by, on",the
che tutto,423854,what; which,all
di morte,423805,"used to indicate possession, after the thing owned and before the owner; of; ’s",death
entrambi i,423110,both,"The ninth letter of the Italian alphabet, called i and written in the Latin script."
nella parte,423032,contraction of in la; in the,part
quello del,423016,"that, those","contraction of di + il; some, of the, from the"
la ragione,422825,the,"reason, intellect"
di tre,422804,"used to indicate possession, after the thing owned and before the owner; of; ’s",three
a cercare,422744,"The first letter of the Italian alphabet, called a and written in the Latin script.",to look for
fu un,422632,"deceased, late","apocopic form of uno: a, an"
a destra,422003,"The first letter of the Italian alphabet, called a and written in the Latin script.","right (hand, direction)"
che al,421929,what; which,"contraction of a + il, literally “to the, at the”"
non avesse,421872,not,third-person singular imperfect subjunctive of avere
per favore,421872,for,favour/favor
che sei,421150,what; which,six
alla base,421138,"contraction of a + la; to the, at the","base, alkaline"
storia di,420912,history,"used to indicate possession, after the thing owned and before the owner; of; ’s"
le scale,420673,the,plural of scala
a ciò,420452,"The first letter of the Italian alphabet, called a and written in the Latin script.",this
giudice di,420322,"judge, magistrate","used to indicate possession, after the thing owned and before the owner; of; ’s"
per loro,420285,for,"they, them"
continua a,420160,feminine singular of continuo,"The first letter of the Italian alphabet, called a and written in the Latin script."
dalla data,419919,"contraction of da + la, literally “from the”",date (“calendar date”)
mise a,419801,third-person singular past historic of mettere,"The first letter of the Italian alphabet, called a and written in the Latin script."
a scuola,419779,"The first letter of the Italian alphabet, called a and written in the Latin script.",school
da tempo,419564,from (all senses),time
di guerra,419557,"used to indicate possession, after the thing owned and before the owner; of; ’s","war, warfare"
modo per,419533,"manner, way",for
a differenza,419383,"The first letter of the Italian alphabet, called a and written in the Latin script.",difference
non puoi,419091,not,second-person singular present indicative of potere
al termine,419021,"contraction of a + il, literally “to the, at the”","end, close"
per caso,418278,for,"chance, fate"
di vivere,418230,"used to indicate possession, after the thing owned and before the owner; of; ’s",to live; to be alive
si sente,418156,"oneself, himself, herself, itself, themselves",third-person singular present indicative of sentire
il naso,418103,the,nose
aveva visto,417727,third-person singular imperfect indicative of avere,past participle of vedere
della guerra,417707,"contraction of di la; of the, from the","war, warfare"
come lo,417369,how,"the form of il that is used before the so-called impure consonants, that is, s+consonant (impure s), gn, pn, ps, x, y, or z, and before i+vocal, bd, cn, ct, dm, ft, mn, pt, tm and also ts; before a vowel it becomes l'; the"
il vento,417187,the,wind (movement of air caused by differences in atmospheric pressure)
per avere,417181,for,to have
ho bisogno,417175,first-person singular present indicative of avere and (obsolete) havere,need
in che,416733,in,what; which
da questa,416528,from (all senses),feminine singular of questo
riuscita a,416328,"result, outcome","The first letter of the Italian alphabet, called a and written in the Latin script."
il fuoco,416064,the,fire
sempre di,415620,always,"used to indicate possession, after the thing owned and before the owner; of; ’s"
possibile che,415335,possible,what; which
la prova,415273,the,"trial, test, experiment"
l' esperienza,415117,"apocopic form of il/lo, la: the",experience
anche da,415067,"also, too, as well, besides",from (all senses)
dovrebbe essere,414994,third-person singular conditional of dovere,Used as a copula. to be
cinque anni,414979,five,plural of anno
questo momento,414814,"this, these",moment
lei lo,414463,she,"the form of il that is used before the so-called impure consonants, that is, s+consonant (impure s), gn, pn, ps, x, y, or z, and before i+vocal, bd, cn, ct, dm, ft, mn, pt, tm and also ts; before a vowel it becomes l'; the"
sul serio,413912,contraction of su + il: on the,serious
non a,413740,not,"The first letter of the Italian alphabet, called a and written in the Latin script."
trattava di,413597,third-person singular imperfect indicative of trattare,"used to indicate possession, after the thing owned and before the owner; of; ’s"
il telefono,413596,the,"telephone, phone"
sotto i,413511,"under, beneath, underneath","The ninth letter of the Italian alphabet, called i and written in the Latin script."
giorno in,413011,day,in
l' opera,412987,"apocopic form of il/lo, la: the",work
la mattina,412960,the,morning
avere una,412911,to have,feminine singular of uno
e nelle,412607,"The fifth letter of the Italian alphabet, called e and written in the Latin script.",contraction of in le; in the
di notte,412580,"used to indicate possession, after the thing owned and before the owner; of; ’s",night
ha bisogno,412578,third-person singular present indicative of avere and (obsolete) havere,need
di produzione,412071,"used to indicate possession, after the thing owned and before the owner; of; ’s","production, making, generation (the act of producing)"
sapevo che,411837,first-person singular imperfect indicative of sapere,what; which
qual è,411807,apocopic form of quale,"Used to disambiguate words ending in a stressed ⟨-e⟩, regardless of its pronunciation"
non esiste,411598,not,third-person singular present indicative of esistere
a sinistra,411593,"The first letter of the Italian alphabet, called a and written in the Latin script.","left (hand, direction)"
a bordo,411522,"The first letter of the Italian alphabet, called a and written in the Latin script.","edge, border, margin, hem, rim"
senso che,411164,sense,what; which
dichiarazione di,411036,"declaration, announcement, statement, remark","used to indicate possession, after the thing owned and before the owner; of; ’s"
certo punto,410923,"certain, sure","point (all senses), jot, iota"
lo scopo,410422,"the form of il that is used before the so-called impure consonants, that is, s+consonant (impure s), gn, pn, ps, x, y, or z, and before i+vocal, bd, cn, ct, dm, ft, mn, pt, tm and also ts; before a vowel it becomes l'; the","aim, end, goal"
un poco,410288,"apocopic form of uno: a, an","little, not much"
fine della,409892,thin,"contraction of di la; of the, from the"
non possiamo,409607,not,first-person plural present indicative/present subjunctive of potere
si girò,409582,"oneself, himself, herself, itself, themselves",third-person singular past historic of girare
che ora,409502,what; which,hour (a unit of time of one twenty-fourth of a day (sixty minutes))
e vi,409434,"The fifth letter of the Italian alphabet, called e and written in the Latin script.","second-person personal plural object pronoun: you, to you"
un ragazzo,409359,"apocopic form of uno: a, an","boy, young man"
di polizia,409211,"used to indicate possession, after the thing owned and before the owner; of; ’s",polity
di trovare,409144,"used to indicate possession, after the thing owned and before the owner; of; ’s",to find
due volte,408999,two,plural of volta
ti sei,408946,The name of the Latin script letter T/t.; tee,six
migliaia di,408498,plural of migliaio m,"used to indicate possession, after the thing owned and before the owner; of; ’s"
il coraggio,407848,the,"courage, bravery, valour/valor"
sono sempre,407751,"first-person singular present indicative of essere: (I) am, I'm",always
della domanda,407661,"contraction of di la; of the, from the",question
una lunga,407407,feminine singular of uno,feminine singular of lungo
il compito,407320,the,first-person singular present indicative of compitare
cui sono,407208,"prepositional of che: whom, which","first-person singular present indicative of essere: (I) am, I'm"
gli anni,406711,"form of the article i (“the”) used before a vowel, impure s, gn, pn, ps, sc, x, y, and z, and also with the plural noun dei (“gods”); the",plural of anno
condizione di,406691,condition,"used to indicate possession, after the thing owned and before the owner; of; ’s"
il futuro,406269,the,future
un cenno,406241,"apocopic form of uno: a, an",sign; nod
delle due,406152,"contraction of di le; of the, from the",two
per chi,406096,for,"who, whom; whoever"
andare in,405779,to go,in
era mai,405399,"age, epoch, period",never
in cerca,405050,in,search
a dare,404818,"The first letter of the Italian alphabet, called a and written in the Latin script.",to give (to transfer the possession/holding of something to someone else)
i soldi,404598,"The ninth letter of the Italian alphabet, called i and written in the Latin script.","plural of soldo (“penny, cent”)"
la richiesta,404412,the,"request, demand, claim, call"
essere il,404222,Used as a copula. to be,the
ad avere,404185,initialism of amministratore delegato (“CEO”),to have
ne ho,404138,abbreviation of nordest; northeast,first-person singular present indicative of avere and (obsolete) havere
disposizioni di,403986,plural of disposizione,"used to indicate possession, after the thing owned and before the owner; of; ’s"
era solo,403804,"age, epoch, period","alone, by oneself, unattended, unaccompanied, lonely, lone, lonesome"
la figura,403643,the,figure (all senses)
sono stato,403312,"first-person singular present indicative of essere: (I) am, I'm","state (physical property of matter as solid, liquid, gas or plasma)"
delle attività,402822,"contraction of di le; of the, from the","activity, operation"
sia un,402594,inflection of essere:,"apocopic form of uno: a, an"
essere stato,402458,Used as a copula. to be,"state (physical property of matter as solid, liquid, gas or plasma)"
la polizia,402300,the,polity
il legislatore,402197,the,"legislator, lawmaker, lawgiver"
ma mi,402183,"but, however",clitic accusative of io. me
la struttura,402046,the,"structure, construction, organization, frame, framework, system, fabric"
di essi,401774,"used to indicate possession, after the thing owned and before the owner; of; ’s","plural of egli and esso: they, them"
il governo,401706,the,"government, administration, rule"
in funzione,401571,in,function
ne è,401506,abbreviation of nordest; northeast,"Used to disambiguate words ending in a stressed ⟨-e⟩, regardless of its pronunciation"
delle loro,401201,"contraction of di le; of the, from the","they, them"
un caso,400402,"apocopic form of uno: a, an","chance, fate"
lo spazio,400336,"the form of il that is used before the so-called impure consonants, that is, s+consonant (impure s), gn, pn, ps, x, y, or z, and before i+vocal, bd, cn, ct, dm, ft, mn, pt, tm and also ts; before a vowel it becomes l'; the",space
d' ufficio,400251,apocopic form of di: of,moral duty
un terzo,400153,"apocopic form of uno: a, an",third
e dalle,400136,"The fifth letter of the Italian alphabet, called e and written in the Latin script.",contraction of da le; from the
proprio in,400093,"one's, one's own, her (own), its (own), their (own)",in
dal fatto,400000,contraction of da + il; from the,"done, made"
in tutte,399946,in,feminine plural of tutto
per vedere,399937,for,to see
non abbia,399863,not,inflection of avere:
in linea,399845,in,line
cosa è,399644,"thing, matter","Used to disambiguate words ending in a stressed ⟨-e⟩, regardless of its pronunciation"
a piedi,399226,"The first letter of the Italian alphabet, called a and written in the Latin script.",plural of piede
fosse stata,399004,third-person singular imperfect subjunctive of essere,feminine singular of stato
e sul,398946,"The fifth letter of the Italian alphabet, called e and written in the Latin script.",contraction of su + il: on the
era troppo,398890,"age, epoch, period","too much, (in the plural) too many"
il giudizio,398828,the,"judgment, wisdom, sense"
d' amore,398765,apocopic form of di: of,love
luogo di,398557,"place (location, position)","used to indicate possession, after the thing owned and before the owner; of; ’s"
perché l',398374,"because, why","apocopic form of il/lo, la: the"
del mercato,398340,"contraction of di + il; some, of the, from the",market (in all senses)
tipi di,398332,plural of tipo,"used to indicate possession, after the thing owned and before the owner; of; ’s"
permette di,398287,third-person singular present indicative of permettere,"used to indicate possession, after the thing owned and before the owner; of; ’s"
sopra la,398031,over,the
i beni,397700,"The ninth letter of the Italian alphabet, called i and written in the Latin script.",plural of bene
poco dopo,397633,"little, not much",later
me la,397478,me,the
attraverso l',397416,through,"apocopic form of il/lo, la: the"
di altre,397127,"used to indicate possession, after the thing owned and before the owner; of; ’s",feminine plural of altro
si sedette,396966,"oneself, himself, herself, itself, themselves",third-person singular past historic of sedere
mentre le,396800,while; as (during the same time that),the
di qualsiasi,396497,"used to indicate possession, after the thing owned and before the owner; of; ’s",any
sei mesi,396402,six,plural of mese
giorni dalla,396368,days,"contraction of da + la, literally “from the”"
il viaggio,396271,the,"journey, trip, tour, voyage"
ne aveva,396147,abbreviation of nordest; northeast,third-person singular imperfect indicative of avere
degli Stati,395932,"contraction of di gli; of the, from the",plural of stato
del male,395908,"contraction of di + il; some, of the, from the","badly, wrongly"
sono il,395867,"first-person singular present indicative of essere: (I) am, I'm",the
nel primo,395752,contraction of in il; in the,first
una risposta,395649,feminine singular of uno,"answer, reply, response, feedback"
della strada,395326,"contraction of di la; of the, from the","road, way, street"
il modello,394793,the,model
decise di,394588,feminine plural of deciso,"used to indicate possession, after the thing owned and before the owner; of; ’s"
ne ha,394555,abbreviation of nordest; northeast,third-person singular present indicative of avere and (obsolete) havere
di servizio,393850,"used to indicate possession, after the thing owned and before the owner; of; ’s","service, serve"
in alcuni,393844,in,"plural of alcuno (“some, a few”)"
in atto,393811,in,"act, deed"
al posto,393733,"contraction of a + il, literally “to the, at the”",past participle of porre
il bene,393707,the,"upper-class, posh, high"
che qualcuno,393609,what; which,"someone, somebody"
lui le,393487,he,the
dei nostri,393090,"contraction of di + i; of the, from the",masculine plural of nostro
del territorio,392727,"contraction of di + il; some, of the, from the",territory
ruolo di,392725,role,"used to indicate possession, after the thing owned and before the owner; of; ’s"
i tre,392665,"The ninth letter of the Italian alphabet, called i and written in the Latin script.",three
il grande,392472,the,of greater physical dimensions or numerosity
metà del,392054,half,"contraction of di + il; some, of the, from the"
chi non,391960,"who, whom; whoever",not
il tipo,391884,the,"standard, model, average, stock"
tempo che,391877,time,what; which
terra e,391590,ground,"The fifth letter of the Italian alphabet, called e and written in the Latin script."
per ottenere,391553,for,"to obtain, to achieve, to gain (something desired)"
di capire,391308,"used to indicate possession, after the thing owned and before the owner; of; ’s",to understand
la lettera,390598,the,letter (symbol in an alphabet)
a mio,390313,"The first letter of the Italian alphabet, called a and written in the Latin script.",my; of mine (used attributively)
e mezzo,390303,"The fifth letter of the Italian alphabet, called e and written in the Latin script.","half, middle"
del padre,390221,"contraction of di + il; some, of the, from the",father
vero e,390172,true,"The fifth letter of the Italian alphabet, called e and written in the Latin script."
le spese,389908,the,plural of spesa
di prima,389842,"used to indicate possession, after the thing owned and before the owner; of; ’s",feminine singular of primo
il marito,389686,the,husband
ma perché,389557,"but, however","because, why"
pensato che,389420,well thought-out or considered,what; which
una lettera,389263,feminine singular of uno,letter (symbol in an alphabet)
del giudizio,389215,"contraction of di + il; some, of the, from the","judgment, wisdom, sense"
ma sono,388702,"but, however","first-person singular present indicative of essere: (I) am, I'm"
il presidente,388699,the,"president, head (leader)"
continuare a,388629,"to continue, to keep on doing (an action)","The first letter of the Italian alphabet, called a and written in the Latin script."
a tutte,388620,"The first letter of the Italian alphabet, called a and written in the Latin script.",feminine plural of tutto
quali si,388483,plural of quale,"oneself, himself, herself, itself, themselves"
pari a,388408,equal,"The first letter of the Italian alphabet, called a and written in the Latin script."
per quello,388169,for,"that, those"
di voi,388094,"used to indicate possession, after the thing owned and before the owner; of; ’s",you (second person plural)
di sviluppo,388081,"used to indicate possession, after the thing owned and before the owner; of; ’s","development, growth, strengthening, expansion"
poi il,387576,then,the
l' obiettivo,387181,"apocopic form of il/lo, la: the",objective
una relazione,387100,feminine singular of uno,connection
e solo,386998,"The fifth letter of the Italian alphabet, called e and written in the Latin script.","alone, by oneself, unattended, unaccompanied, lonely, lone, lonesome"
la gestione,386996,the,management
di Milano,386973,"used to indicate possession, after the thing owned and before the owner; of; ’s","Milan (a city and comune, the capital of the Metropolitan City of Milan and the region of Lombardy, Italy)"
alla loro,386758,"contraction of a + la; to the, at the","they, them"
di sicuro,386691,"used to indicate possession, after the thing owned and before the owner; of; ’s",safe; secure
anni prima,386398,plural of anno,feminine singular of primo
l' intera,386359,"apocopic form of il/lo, la: the",feminine singular of intero
la figlia,386358,the,daughter
città di,386230,"town, city","used to indicate possession, after the thing owned and before the owner; of; ’s"
della tua,386210,"contraction of di la; of the, from the",feminine singular of tuo
di pace,386101,"used to indicate possession, after the thing owned and before the owner; of; ’s",peace
a lavorare,385983,"The first letter of the Italian alphabet, called a and written in the Latin script.",to work; to labor
parole di,385744,plural of parola (“words”),"used to indicate possession, after the thing owned and before the owner; of; ’s"
l' esecuzione,385488,"apocopic form of il/lo, la: the",execution (all senses)
gli Stati,385446,"form of the article i (“the”) used before a vowel, impure s, gn, pn, ps, sc, x, y, and z, and also with the plural noun dei (“gods”); the",plural of stato
confronti del,385012,plural of confronto,"contraction of di + il; some, of the, from the"
da due,384164,from (all senses),two
di tornare,384035,"used to indicate possession, after the thing owned and before the owner; of; ’s","to return, to come back"
e ancora,383789,"The fifth letter of the Italian alphabet, called e and written in the Latin script.",still
pezzo di,383742,"piece, chunk","used to indicate possession, after the thing owned and before the owner; of; ’s"
e fu,383734,"The fifth letter of the Italian alphabet, called e and written in the Latin script.","deceased, late"
di merito,383332,"used to indicate possession, after the thing owned and before the owner; of; ’s",deserved
ma un,382918,"but, however","apocopic form of uno: a, an"
di grande,382858,"used to indicate possession, after the thing owned and before the owner; of; ’s",of greater physical dimensions or numerosity
di carta,382819,"used to indicate possession, after the thing owned and before the owner; of; ’s",paper (the material)
si rese,382408,"oneself, himself, herself, itself, themselves",plural of resa
come mai,382396,how,never
stato così,382292,"state (physical property of matter as solid, liquid, gas or plasma)",so
quando lo,382115,when,"the form of il that is used before the so-called impure consonants, that is, s+consonant (impure s), gn, pn, ps, x, y, or z, and before i+vocal, bd, cn, ct, dm, ft, mn, pt, tm and also ts; before a vowel it becomes l'; the"
come a,381996,how,"The first letter of the Italian alphabet, called a and written in the Latin script."
da noi,381844,from (all senses),we; us
per fortuna,381774,for,luck
sacco di,381682,"sack, bag","used to indicate possession, after the thing owned and before the owner; of; ’s"
quelle di,381557,feminine plural of quello,"used to indicate possession, after the thing owned and before the owner; of; ’s"
se ti,381496,abbreviation of sudest; southeast,The name of the Latin script letter T/t.; tee
la produzione,381475,the,"production, making, generation (the act of producing)"
anche perché,381224,"also, too, as well, besides","because, why"
dei lavori,381207,"contraction of di + i; of the, from the",plural of lavoro
fatto un,380723,"done, made","apocopic form of uno: a, an"
il provvedimento,380658,the,"measure, act, step"
uno stato,380596,one,"state (physical property of matter as solid, liquid, gas or plasma)"
in Riv,380523,in,
del servizio,380514,"contraction of di + il; some, of the, from the","service, serve"
senza dubbio,380475,without,"doubtful, uncertain, dubious, questionable"
si sta,380355,"oneself, himself, herself, itself, themselves",third-person singular present indicative of stare
aveva bisogno,380262,third-person singular imperfect indicative of avere,need
genere di,379977,kind,"used to indicate possession, after the thing owned and before the owner; of; ’s"
in passato,379970,in,past participle of passare
per aver,379842,for,apocopic form of avere
la tutela,379747,the,"guardianship, tutorship"
la volontà,379625,the,"will, volition"
la soluzione,379597,the,solution
dei lavoratori,379516,"contraction of di + i; of the, from the",plural of lavoratore
a tempo,379468,"The first letter of the Italian alphabet, called a and written in the Latin script.",time
non avrei,379434,not,first-person singular conditional of avere
da qui,379317,from (all senses),here
e dai,379293,"The fifth letter of the Italian alphabet, called e and written in the Latin script.",contraction of da + i: from the
ai quali,379163,"contraction of a i; to the, at the",plural of quale
il solo,379120,the,"alone, by oneself, unattended, unaccompanied, lonely, lone, lonesome"
il gruppo,379052,the,"group, cluster, party, team, covey"
una settimana,378930,feminine singular of uno,week
di competenza,378821,"used to indicate possession, after the thing owned and before the owner; of; ’s",competence
delle norme,378780,"contraction of di le; of the, from the",plural of norma
lo si,378740,"the form of il that is used before the so-called impure consonants, that is, s+consonant (impure s), gn, pn, ps, x, y, or z, and before i+vocal, bd, cn, ct, dm, ft, mn, pt, tm and also ts; before a vowel it becomes l'; the","oneself, himself, herself, itself, themselves"
detto di,378729,past participle of dire,"used to indicate possession, after the thing owned and before the owner; of; ’s"
del tuo,378686,"contraction of di + il; some, of the, from the",your (informal)
contro l',378579,against,"apocopic form of il/lo, la: the"
del reato,378569,"contraction of di + il; some, of the, from the","offence/offense, crime"
mentre i,378512,while; as (during the same time that),"The ninth letter of the Italian alphabet, called i and written in the Latin script."
codice civile,378354,code (all meanings),civil
vi si,377921,"second-person personal plural object pronoun: you, to you","oneself, himself, herself, itself, themselves"
il profilo,377720,the,profile (all senses)
e ogni,377518,"The fifth letter of the Italian alphabet, called e and written in the Latin script.","each, every"
di proprietà,376889,"used to indicate possession, after the thing owned and before the owner; of; ’s","ownership, proprietorship, property"
e disse,376866,"The fifth letter of the Italian alphabet, called e and written in the Latin script.",third-person singular past historic of dire
sensi del,376552,plural of senso,"contraction of di + il; some, of the, from the"
ma questo,376519,"but, however","this, these"
campo di,376511,field,"used to indicate possession, after the thing owned and before the owner; of; ’s"
di credito,376327,"used to indicate possession, after the thing owned and before the owner; of; ’s",credit (all senses)
da quelle,376204,from (all senses),feminine plural of quello
tra cui,375827,between,"prepositional of che: whom, which"
di entrata,375827,"used to indicate possession, after the thing owned and before the owner; of; ’s","the act of entering; entry, entrance, arrival, admission"
tempo a,375811,time,"The first letter of the Italian alphabet, called a and written in the Latin script."
centro di,375788,"centre, center","used to indicate possession, after the thing owned and before the owner; of; ’s"
bene e,375758,"upper-class, posh, high","The fifth letter of the Italian alphabet, called e and written in the Latin script."
il significato,375677,the,"meaning, sense"
si potrebbe,375631,"oneself, himself, herself, itself, themselves",third-person singular conditional of potere
ho già,375550,first-person singular present indicative of avere and (obsolete) havere,"already, yet"
queste cose,374857,feminine plural of questo,plural of cosa
della prima,374631,"contraction of di la; of the, from the",feminine singular of primo
di mia,374599,"used to indicate possession, after the thing owned and before the owner; of; ’s",feminine singular of mio
ho avuto,374539,first-person singular present indicative of avere and (obsolete) havere,past participle of avere
primo comma,374483,first,"subsection, subparagraph"
l' intero,374152,"apocopic form of il/lo, la: the","whole, entire"
ci sia,374101,The name of the Latin script letter C/c.; cee,inflection of essere:
ti prego,373953,The name of the Latin script letter T/t.; tee,prayer
parte degli,373900,part,"contraction of di gli; of the, from the"
di prendere,373831,"used to indicate possession, after the thing owned and before the owner; of; ’s","to take, hold, pick up, get"
che poi,373639,what; which,then
che possa,373350,what; which,"power, strength, vigour"
del Presidente,373309,"contraction of di + il; some, of the, from the","president, head (leader)"
volontà di,373292,"will, volition","used to indicate possession, after the thing owned and before the owner; of; ’s"
il piano,372775,the,plane
sicuro che,372654,safe; secure,what; which
è importante,372442,"Used to disambiguate words ending in a stressed ⟨-e⟩, regardless of its pronunciation",important
la relazione,372439,the,connection
il prezzo,372425,the,price
presidente del,372348,"president, head (leader)","contraction of di + il; some, of the, from the"
in quei,372173,in,plural of quello
delle disposizioni,371905,"contraction of di le; of the, from the",plural of disposizione
questione di,371866,"question, issue, matter, point","used to indicate possession, after the thing owned and before the owner; of; ’s"
e questa,371835,"The fifth letter of the Italian alphabet, called e and written in the Latin script.",feminine singular of questo
con noi,371561,"with, together",we; us
la scuola,371517,the,school
anche tu,371365,"also, too, as well, besides",you (singular); thou
chiaro che,371091,"bright, shiny",what; which
accanto al,371050,nearby,"contraction of a + il, literally “to the, at the”"
in direzione,371015,in,"direction, way, course"
è meglio,370928,"Used to disambiguate words ending in a stressed ⟨-e⟩, regardless of its pronunciation","better, (the) best"
il popolo,370832,the,people
del testo,370409,"contraction of di + il; some, of the, from the","synonym of tessuto, past participle of tessere"
uomini e,370192,plural of uomo,"The fifth letter of the Italian alphabet, called e and written in the Latin script."
con questo,369189,"with, together","this, these"
le ho,369121,the,first-person singular present indicative of avere and (obsolete) havere
di farlo,369060,"used to indicate possession, after the thing owned and before the owner; of; ’s",compound of the infinitive fare with lo
nel cuore,369050,contraction of in il; in the,heart
sé e,368765,"oneself, himself, herself","The fifth letter of the Italian alphabet, called e and written in the Latin script."
hanno fatto,368605,third-person plural present indicative of avere and (obsolete) havere,"done, made"
da ogni,368576,from (all senses),"each, every"
ai piedi,368401,"contraction of a i; to the, at the",plural of piede
storia della,368056,history,"contraction of di la; of the, from the"
l' aspetto,367998,"apocopic form of il/lo, la: the",look (act of looking)
aveva il,367937,third-person singular imperfect indicative of avere,the
non li,367868,not,them (masculine)
pena di,367568,pain,"used to indicate possession, after the thing owned and before the owner; of; ’s"
un tipo,367514,"apocopic form of uno: a, an","standard, model, average, stock"
padre e,366922,father,"The fifth letter of the Italian alphabet, called e and written in the Latin script."
di pensare,366884,"used to indicate possession, after the thing owned and before the owner; of; ’s",to think
atti di,366861,plural of atto,"used to indicate possession, after the thing owned and before the owner; of; ’s"
il respiro,366786,the,breath
l' intervento,366672,"apocopic form of il/lo, la: the",intervention
le strade,366555,the,plural of strada
rese conto,366330,plural of resa,calculation
era che,366202,"age, epoch, period",what; which
vale a,366062,third-person singular present indicative of valere,"The first letter of the Italian alphabet, called a and written in the Latin script."
nella loro,365749,contraction of in la; in the,"they, them"
un vecchio,365675,"apocopic form of uno: a, an","old, outworn"
di tutela,365605,"used to indicate possession, after the thing owned and before the owner; of; ’s","guardianship, tutorship"
rapporto tra,365519,"report, statement, account",between
tale da,365438,such,from (all senses)
per terra,365088,for,ground
del comma,364833,"contraction of di + il; some, of the, from the","subsection, subparagraph"
bene che,364704,"upper-class, posh, high",what; which
le disse,364546,the,third-person singular past historic of dire
mi si,364525,clitic accusative of io. me,"oneself, himself, herself, itself, themselves"
un unico,364434,"apocopic form of uno: a, an","only, sole, one, single"
di interesse,364390,"used to indicate possession, after the thing owned and before the owner; of; ’s","interest, concern"
la giurisprudenza,364362,the,jurisprudence
e cioè,364314,"The fifth letter of the Italian alphabet, called e and written in the Latin script.","used to rephrase, clarify or correct something previously said: that is, in other words"
Stati membri,364273,plural of stato,plural of membro
lo studio,364133,"the form of il that is used before the so-called impure consonants, that is, s+consonant (impure s), gn, pn, ps, x, y, or z, and before i+vocal, bd, cn, ct, dm, ft, mn, pt, tm and also ts; before a vowel it becomes l'; the",study
ma lo,364129,"but, however","the form of il that is used before the so-called impure consonants, that is, s+consonant (impure s), gn, pn, ps, x, y, or z, and before i+vocal, bd, cn, ct, dm, ft, mn, pt, tm and also ts; before a vowel it becomes l'; the"
un mese,364072,"apocopic form of uno: a, an",month
le forze,364023,the,plural of forza
corso del,363868,"course (of a river, of a university, etc.)","contraction of di + il; some, of the, from the"
a dormire,363829,"The first letter of the Italian alphabet, called a and written in the Latin script.",to sleep
i principi,363723,"The ninth letter of the Italian alphabet, called i and written in the Latin script.",plural of principe
vera e,363559,"wedding ring, wedding band","The fifth letter of the Italian alphabet, called e and written in the Latin script."
perché mi,363494,"because, why",clitic accusative of io. me
in lui,363356,in,he
secondo comma,363066,second,"subsection, subparagraph"
fece una,362968,third-person singular past historic of fare,feminine singular of uno
valore di,362926,"as much as, as many as","used to indicate possession, after the thing owned and before the owner; of; ’s"
a nessuno,362829,"The first letter of the Italian alphabet, called a and written in the Latin script.","no, any"
nel campo,362692,contraction of in il; in the,field
la formazione,362442,the,"formation, group"
te ne,361966,"you, thee",abbreviation of nordest; northeast
di mercato,361958,"used to indicate possession, after the thing owned and before the owner; of; ’s",market (in all senses)
quali sono,361849,plural of quale,"first-person singular present indicative of essere: (I) am, I'm"
il piccolo,361794,the,small
del nuovo,361727,"contraction of di + il; some, of the, from the",new
qualità di,361681,quality,"used to indicate possession, after the thing owned and before the owner; of; ’s"
quanto previsto,361397,"how much, how many, however much, however many",expected
avrei dovuto,361131,first-person singular conditional of avere,past participle of dovere
cosa si,360861,"thing, matter","oneself, himself, herself, itself, themselves"
perché era,360859,"because, why","age, epoch, period"
hai detto,360789,second-person singular present indicative of avere and (obsolete) havere,past participle of dire
del valore,360778,"contraction of di + il; some, of the, from the","as much as, as many as"
del principio,360692,"contraction of di + il; some, of the, from the","beginning, start, inception"
con decreto,360590,"with, together",decree
della donna,360488,"contraction of di la; of the, from the",woman
lo è,360484,"the form of il that is used before the so-called impure consonants, that is, s+consonant (impure s), gn, pn, ps, x, y, or z, and before i+vocal, bd, cn, ct, dm, ft, mn, pt, tm and also ts; before a vowel it becomes l'; the","Used to disambiguate words ending in a stressed ⟨-e⟩, regardless of its pronunciation"
entrare in,360418,"to enter, to go in",in
poi mi,360256,then,clitic accusative of io. me
quale la,360015,what?,the
ce la,359873,alternative form of ci (“us”),the
costretto a,359767,past participle of costringere,"The first letter of the Italian alphabet, called a and written in the Latin script."
non avere,359688,not,to have
causa della,359657,cause,"contraction of di la; of the, from the"
si riferisce,359646,"oneself, himself, herself, itself, themselves",inflection of riferire:
la valutazione,359290,the,"valuation, estimation, feedback"
a mano,359247,"The first letter of the Italian alphabet, called a and written in the Latin script.",hand
l' oggetto,358751,"apocopic form of il/lo, la: the",object
proprio per,358667,"one's, one's own, her (own), its (own), their (own)",for
non ero,358507,not,first-person singular imperfect indicative of essere; (I) was
contro le,358387,against,the
di mettere,357870,"used to indicate possession, after the thing owned and before the owner; of; ’s","to put, to place, to lay, to set"
i limiti,357769,"The ninth letter of the Italian alphabet, called i and written in the Latin script.",plural of limite
l' articolo,357626,"apocopic form of il/lo, la: the",article
voglio che,357477,first-person singular present indicative of volere,what; which
la grande,357376,the,of greater physical dimensions or numerosity
per quel,357086,for,"apocopic form of quello, used before a consonant (except impure s, gn, pn, ps, x, z)"
l' interesse,356323,"apocopic form of il/lo, la: the","interest, concern"
sai che,356309,second-person singular present indicative of sapere,what; which
produzione di,356204,"production, making, generation (the act of producing)","used to indicate possession, after the thing owned and before the owner; of; ’s"
il medico,356160,the,medical
il tutto,356071,the,all
fuori di,356013,outside,"used to indicate possession, after the thing owned and before the owner; of; ’s"
non aver,355886,not,apocopic form of avere
come gli,355830,how,"form of the article i (“the”) used before a vowel, impure s, gn, pn, ps, sc, x, y, and z, and also with the plural noun dei (“gods”); the"
tanto in,355800,so much; so many,in
solo se,355793,"alone, by oneself, unattended, unaccompanied, lonely, lone, lonesome",abbreviation of sudest; southeast
la qualità,355749,the,quality
di applicazione,355297,"used to indicate possession, after the thing owned and before the owner; of; ’s","application (something applied to a surface, and in computing)"
del sole,354813,"contraction of di + il; some, of the, from the",sun
e comunque,354812,"The fifth letter of the Italian alphabet, called e and written in the Latin script.","anyhow, in any case, regardless"
che avesse,354799,what; which,third-person singular imperfect subjunctive of avere
suo figlio,354731,"his, her, its",son
tuo padre,354705,your (informal),father
un bacio,354705,"apocopic form of uno: a, an",kiss
come quella,354017,how,feminine singular of quello
il passaggio,353981,the,"passage, passing, gap"
ho capito,353881,first-person singular present indicative of avere and (obsolete) havere,past participle of capire
privo di,353595,devoid,"used to indicate possession, after the thing owned and before the owner; of; ’s"
non fa,353539,not,third-person singular present indicative of fare
il pagamento,353018,the,payment
i costi,352941,"The ninth letter of the Italian alphabet, called i and written in the Latin script.",inflection of costare:
non potevo,352557,not,first-person singular imperfect indicative of potere
un angolo,352428,"apocopic form of uno: a, an","angle, corner"
al massimo,352175,"contraction of a + il, literally “to the, at the”",maximum
sua famiglia,352001,feminine singular of suo,family
del medesimo,351498,"contraction of di + il; some, of the, from the","same, identical, equal"
il carattere,351298,the,"character, letter (symbol for a word or a sound)"
che poteva,351167,what; which,third-person singular imperfect indicative of potere
sono una,351155,"first-person singular present indicative of essere: (I) am, I'm",feminine singular of uno
si accorse,351089,"oneself, himself, herself, itself, themselves",third-person singular past historic of accorrere
mio fratello,351024,my; of mine (used attributively),"brother, sibling"
la comunicazione,351017,the,communication
che voleva,350997,what; which,third-person singular imperfect indicative of volere
solo con,350794,"alone, by oneself, unattended, unaccompanied, lonely, lone, lonesome","with, together"
le caratteristiche,350688,the,plural of caratteristica
lui aveva,350638,he,third-person singular imperfect indicative of avere
giro di,350566,"turn, twist, rotation, revolution","used to indicate possession, after the thing owned and before the owner; of; ’s"
e dunque,350402,"The fifth letter of the Italian alphabet, called e and written in the Latin script.","then, afterwards"
sono ancora,350366,"first-person singular present indicative of essere: (I) am, I'm",still
corpo di,350256,body (the physical structure of a human or animal),"used to indicate possession, after the thing owned and before the owner; of; ’s"
servizi di,350175,plural of servizio,"used to indicate possession, after the thing owned and before the owner; of; ’s"
la notizia,350060,the,item of news
non siano,349585,not,inflection of essere:
che alla,349505,what; which,"contraction of a + la; to the, at the"
in occasione,349466,in,"opportunity, chance, occasion, scope"
punti di,348789,plural of punto,"used to indicate possession, after the thing owned and before the owner; of; ’s"
non in,348761,not,in
che va,348268,what; which,third-person singular present indicative of andare
avanti e,348254,"previous, prior, last","The fifth letter of the Italian alphabet, called e and written in the Latin script."
esistenza di,348069,existence,"used to indicate possession, after the thing owned and before the owner; of; ’s"
progetto di,348058,"plan, project, design, scheme, layout","used to indicate possession, after the thing owned and before the owner; of; ’s"
posto di,348013,past participle of porre,"used to indicate possession, after the thing owned and before the owner; of; ’s"
sono molto,347851,"first-person singular present indicative of essere: (I) am, I'm","much, very much, a lot (with verbs)"
mano che,347816,hand,what; which
avuto un,347606,past participle of avere,"apocopic form of uno: a, an"
pronto a,347584,"ready, prepared","The first letter of the Italian alphabet, called a and written in the Latin script."
nel processo,347519,contraction of in il; in the,"trial, action, lawsuit, suit, proceedings"
ho pensato,347492,first-person singular present indicative of avere and (obsolete) havere,well thought-out or considered
lei aveva,347383,she,third-person singular imperfect indicative of avere
fu il,347369,"deceased, late",the
di ferro,347360,"used to indicate possession, after the thing owned and before the owner; of; ’s","iron (metal, tool made of iron)"
d' altra,347343,apocopic form of di: of,feminine singular of altro
consente di,347196,third-person singular present indicative of consentire,"used to indicate possession, after the thing owned and before the owner; of; ’s"
attraverso le,347061,through,the
due giorni,347056,two,days
il collo,347054,the,neck (all senses)
ho sentito,347015,first-person singular present indicative of avere and (obsolete) havere,sincere
and the,346820,,misspelling of tè
dai suoi,346778,contraction of da + i: from the,masculine plural of suo
le imprese,346723,the,plural of impresa
una domanda,346636,feminine singular of uno,question
in assenza,346503,in,absence
in virtù,346427,in,virtue
evidente che,346308,evident,what; which
questo libro,346072,"this, these",book
suo viso,346024,"his, her, its",face (all senses)
casa sua,346008,house,feminine singular of suo
è troppo,346002,"Used to disambiguate words ending in a stressed ⟨-e⟩, regardless of its pronunciation","too much, (in the plural) too many"
se in,345787,abbreviation of sudest; southeast,in
del provvedimento,345487,"contraction of di + il; some, of the, from the","measure, act, step"
di responsabilità,345473,"used to indicate possession, after the thing owned and before the owner; of; ’s",responsibility (duty for which someone is accountable)
di stare,345437,"used to indicate possession, after the thing owned and before the owner; of; ’s","to stay, remain"
dal giudice,345427,contraction of da + il; from the,"judge, magistrate"
ai miei,345381,"contraction of a i; to the, at the",masculine plural of mio
quando sono,345204,when,"first-person singular present indicative of essere: (I) am, I'm"
al collo,345182,"contraction of a + il, literally “to the, at the”",neck (all senses)
non sapevo,345144,not,first-person singular imperfect indicative of sapere
ciò non,345105,this,not
il dottor,345087,the,apocopic form of Dottore; used before a personal name
la sola,344940,the,feminine singular of solo
decorrere dal,344808,to run downward,contraction of da + il; from the
una famiglia,344652,feminine singular of uno,family
modello di,344651,model,"used to indicate possession, after the thing owned and before the owner; of; ’s"
riferimento alla,344630,"reference, mention","contraction of a + la; to the, at the"
la mancanza,344479,the,"lack, shortage, deficiency, want"
solo perché,344210,"alone, by oneself, unattended, unaccompanied, lonely, lone, lonesome","because, why"
sembrava che,344162,third-person singular imperfect indicative of sembrare,what; which
della notte,344129,"contraction of di la; of the, from the",night
il peso,344039,the,weight
l' autore,344027,"apocopic form of il/lo, la: the",author
la data,344017,the,date (“calendar date”)
casi in,343864,plural of caso,in
a posto,343770,"The first letter of the Italian alphabet, called a and written in the Latin script.",past participle of porre
un piano,343750,"apocopic form of uno: a, an",plane
un esempio,343719,"apocopic form of uno: a, an",example
quelle parole,343695,feminine plural of quello,plural of parola (“words”)
andò a,343603,third-person singular past historic of andare,"The first letter of the Italian alphabet, called a and written in the Latin script."
o al,343495,"The thirteenth letter of the Italian alphabet, called o and written in the Latin script.","contraction of a + il, literally “to the, at the”"
di protezione,343366,"used to indicate possession, after the thing owned and before the owner; of; ’s",protection
i fatti,343220,"The ninth letter of the Italian alphabet, called i and written in the Latin script.",masculine plural of fatto
sentenza di,343206,"verdict, judgment, ruling","used to indicate possession, after the thing owned and before the owner; of; ’s"
centinaia di,342987,plural of centinaio,"used to indicate possession, after the thing owned and before the owner; of; ’s"
che mai,342886,what; which,never
in pratica,342839,in,practice
di origine,342551,"used to indicate possession, after the thing owned and before the owner; of; ’s","origin, derivation"
non va,342446,not,third-person singular present indicative of andare
come non,342415,how,not
non volevo,342356,not,first-person singular imperfect indicative of volere
è difficile,342253,"Used to disambiguate words ending in a stressed ⟨-e⟩, regardless of its pronunciation","difficult, hard"
a Londra,342220,"The first letter of the Italian alphabet, called a and written in the Latin script.","London (the capital city of England, United Kingdom)"
del capitale,342199,"contraction of di + il; some, of the, from the",head
da tutti,342044,from (all senses),"all; everybody, everyone"
lo spirito,341883,"the form of il that is used before the so-called impure consonants, that is, s+consonant (impure s), gn, pn, ps, x, y, or z, and before i+vocal, bd, cn, ct, dm, ft, mn, pt, tm and also ts; before a vowel it becomes l'; the","spirit, mind"
lui è,341859,he,"Used to disambiguate words ending in a stressed ⟨-e⟩, regardless of its pronunciation"
continuò a,341812,third-person singular past historic of continuare,"The first letter of the Italian alphabet, called a and written in the Latin script."
come sempre,341797,how,always
quel modo,341596,"apocopic form of quello, used before a consonant (except impure s, gn, pn, ps, x, z)","manner, way"
ne era,341529,abbreviation of nordest; northeast,"age, epoch, period"
inferiore a,341482,inferior,"The first letter of the Italian alphabet, called a and written in the Latin script."
compito di,341422,first-person singular present indicative of compitare,"used to indicate possession, after the thing owned and before the owner; of; ’s"
meglio che,341212,"better, (the) best",what; which
oltre la,341069,"farther, further, past, by, on",the
solo quando,341067,"alone, by oneself, unattended, unaccompanied, lonely, lone, lonesome",when
a Parigi,340877,"The first letter of the Italian alphabet, called a and written in the Latin script.",Paris (the capital and largest city of France)
presente decreto,340815,present (appearing),decree
del pubblico,340664,"contraction of di + il; some, of the, from the",public
se stessi,340455,abbreviation of sudest; southeast,masculine plural of stesso
il decreto,340433,the,decree
per effetto,340281,for,effect (in all senses)
anche al,340248,"also, too, as well, besides","contraction of a + il, literally “to the, at the”"
durante l',340169,during,"apocopic form of il/lo, la: the"
giorno di,340068,day,"used to indicate possession, after the thing owned and before the owner; of; ’s"
lì a,339889,"there, in that place","The first letter of the Italian alphabet, called a and written in the Latin script."
messa in,339798,mass (in religion),in
dove la,339762,where,the
che noi,339757,what; which,we; us
dove il,339683,where,the
in Europa,339509,in,Europe (a continent located west of Asia and north of Africa)
se gli,339494,abbreviation of sudest; southeast,"form of the article i (“the”) used before a vowel, impure s, gn, pn, ps, sc, x, y, and z, and also with the plural noun dei (“gods”); the"
i problemi,339309,"The ninth letter of the Italian alphabet, called i and written in the Latin script.",plural of problema
sono di,339264,"first-person singular present indicative of essere: (I) am, I'm","used to indicate possession, after the thing owned and before the owner; of; ’s"
tanto più,339249,so much; so many,comparative degree of molto; more
salvo che,339223,"safe, out of danger, saved, secure from",what; which
della Chiesa,339213,"contraction of di la; of the, from the",church
la dichiarazione,339038,the,"declaration, announcement, statement, remark"
mani e,338837,plural of mano,"The fifth letter of the Italian alphabet, called e and written in the Latin script."
delle donne,338470,"contraction of di le; of the, from the",plural of donna
di sotto,338169,"used to indicate possession, after the thing owned and before the owner; of; ’s","under, beneath, underneath"
questo senso,337910,"this, these",sense
per raggiungere,337882,for,"to reach, arrive at, get to, touch"
divieto di,337864,"prohibition, forbiddance, proscription","used to indicate possession, after the thing owned and before the owner; of; ’s"
essere la,337785,Used as a copula. to be,the
al riguardo,337604,"contraction of a + il, literally “to the, at the”","respect, connection, regard"
i cui,336986,"The ninth letter of the Italian alphabet, called i and written in the Latin script.","prepositional of che: whom, which"
ancor più,336985,apocopic form of ancora,comparative degree of molto; more
ancora non,336621,still,not
di tutta,336595,"used to indicate possession, after the thing owned and before the owner; of; ’s",feminine singular of tutto
a distanza,336492,"The first letter of the Italian alphabet, called a and written in the Latin script.","distance, interval"
quando gli,336479,when,"form of the article i (“the”) used before a vowel, impure s, gn, pn, ps, sc, x, y, and z, and also with the plural noun dei (“gods”); the"
per questa,336434,for,feminine singular of questo
letto e,336377,bed,"The fifth letter of the Italian alphabet, called e and written in the Latin script."
quella della,336348,feminine singular of quello,"contraction of di la; of the, from the"
o no,336315,"The thirteenth letter of the Italian alphabet, called o and written in the Latin script.","abbreviation of Novara: a city in the Piedmont region, Italy"
il rumore,336002,the,"noise, sound"
del progetto,335980,"contraction of di + il; some, of the, from the","plan, project, design, scheme, layout"
perché le,335884,"because, why",the
al piano,335624,"contraction of a + il, literally “to the, at the”",plane
senza il,335492,without,the
qualsiasi cosa,335405,any,"thing, matter"
di dire,335373,"used to indicate possession, after the thing owned and before the owner; of; ’s",to utter (produce (speech or other sounds) with one's voice)
ci fu,335352,The name of the Latin script letter C/c.; cee,"deceased, late"
di sì,335228,"used to indicate possession, after the thing owned and before the owner; of; ’s",yes
uno che,335195,one,what; which
che quel,334960,what; which,"apocopic form of quello, used before a consonant (except impure s, gn, pn, ps, x, z)"
e propria,334924,"The fifth letter of the Italian alphabet, called e and written in the Latin script.",feminine singular of proprio
di studio,334822,"used to indicate possession, after the thing owned and before the owner; of; ’s",study
di vendita,334649,"used to indicate possession, after the thing owned and before the owner; of; ’s",sale
poco più,334560,"little, not much",comparative degree of molto; more
quanto la,334414,"how much, how many, however much, however many",the
gli ho,334395,"form of the article i (“the”) used before a vowel, impure s, gn, pn, ps, sc, x, y, and z, and also with the plural noun dei (“gods”); the",first-person singular present indicative of avere and (obsolete) havere
rispetto alle,334310,"respect, deference","contraction of a le; to the, at the"
nonostante la,334303,though,the
da letto,333666,from (all senses),bed
le era,333196,the,"age, epoch, period"
a tre,333159,"The first letter of the Italian alphabet, called a and written in the Latin script.",three
di vino,333154,"used to indicate possession, after the thing owned and before the owner; of; ’s","wine (an alcoholic beverage made by fermenting grape juice, with an ABV ranging from 5.5–16%)"
l' analisi,332881,"apocopic form of il/lo, la: the","analysis, testing, test"
secondo i,332809,second,"The ninth letter of the Italian alphabet, called i and written in the Latin script."
di procedura,332805,"used to indicate possession, after the thing owned and before the owner; of; ’s",procedure
già in,332756,"already, yet",in
della parte,332594,"contraction of di la; of the, from the",part
meglio di,332502,"better, (the) best","used to indicate possession, after the thing owned and before the owner; of; ’s"
allo scopo,332430,"contraction of a + lo, literally “to the, at the”","aim, end, goal"
tornò a,332373,third-person singular past historic of tornare,"The first letter of the Italian alphabet, called a and written in the Latin script."
di sapere,332354,"used to indicate possession, after the thing owned and before the owner; of; ’s",to know (information)
con due,332215,"with, together",two
stato e,332135,"state (physical property of matter as solid, liquid, gas or plasma)","The fifth letter of the Italian alphabet, called e and written in the Latin script."
linea di,332046,line,"used to indicate possession, after the thing owned and before the owner; of; ’s"
così sostituito,331705,so,past participle of sostituire
il centro,331665,the,"centre, center"
l' impresa,331489,"apocopic form of il/lo, la: the","enterprise, undertaking, exploit, feat, endeavour/endeavor"
qualche giorno,331366,few,day
la costruzione,331256,the,construction (all senses)
o se,331163,"The thirteenth letter of the Italian alphabet, called o and written in the Latin script.",abbreviation of sudest; southeast
si tratti,330794,"oneself, himself, herself, itself, themselves",masculine plural of tratto
sono io,330752,"first-person singular present indicative of essere: (I) am, I'm",I (the first-person singular nominative pronoun)
qualche parte,330708,few,part
l' ipotesi,330497,"apocopic form of il/lo, la: the",hypothesis
per dare,330458,for,to give (to transfer the possession/holding of something to someone else)
tal senso,330436,apocopic form of tale,sense
tutta l',330412,feminine singular of tutto,"apocopic form of il/lo, la: the"
grazie alla,330376,"thank you, thanks!","contraction of a + la; to the, at the"
che potesse,330329,what; which,third-person singular imperfect subjunctive of potere
criteri di,330313,plural of criterio,"used to indicate possession, after the thing owned and before the owner; of; ’s"
di valutazione,330002,"used to indicate possession, after the thing owned and before the owner; of; ’s","valuation, estimation, feedback"
sotto l',329907,"under, beneath, underneath","apocopic form of il/lo, la: the"
di giustizia,329724,"used to indicate possession, after the thing owned and before the owner; of; ’s","justice, fairness, equity"
mi pare,329442,clitic accusative of io. me,archaic form of pari (“peer”)
nella stessa,329298,contraction of in la; in the,feminine singular of stesso
mentre l',329227,while; as (during the same time that),"apocopic form of il/lo, la: the"
chi si,329201,"who, whom; whoever","oneself, himself, herself, itself, themselves"
la conoscenza,329109,the,"knowledge, cognition"
presente articolo,328867,present (appearing),article
quale non,328846,what?,not
che forse,328598,what; which,"maybe, perhaps, possibly, may, might"
cercava di,328447,third-person singular imperfect indicative of cercare,"used to indicate possession, after the thing owned and before the owner; of; ’s"
anche gli,328417,"also, too, as well, besides","form of the article i (“the”) used before a vowel, impure s, gn, pn, ps, sc, x, y, and z, and also with the plural noun dei (“gods”); the"
le forme,328287,the,plural of forma
situazione di,328273,"situation, position, condition, circumstances","used to indicate possession, after the thing owned and before the owner; of; ’s"
il matrimonio,328229,the,marriage
essere più,327817,Used as a copula. to be,comparative degree of molto; more
fu la,327675,"deceased, late",the
vicino al,327446,"near, close","contraction of a + il, literally “to the, at the”"
a fondo,327161,"The first letter of the Italian alphabet, called a and written in the Latin script.",deep
libertà di,327161,freedom; liberty,"used to indicate possession, after the thing owned and before the owner; of; ’s"
della situazione,327018,"contraction of di la; of the, from the","situation, position, condition, circumstances"
che più,326992,what; which,comparative degree of molto; more
della terra,326923,"contraction of di la; of the, from the",ground
i vostri,326877,"The ninth letter of the Italian alphabet, called i and written in the Latin script.",masculine plural of vostro
l' hanno,326801,"apocopic form of il/lo, la: the",third-person plural present indicative of avere and (obsolete) havere
e uno,326737,"The fifth letter of the Italian alphabet, called e and written in the Latin script.",one
sociale e,326659,"social, societal","The fifth letter of the Italian alphabet, called e and written in the Latin script."
della quale,326539,"contraction of di la; of the, from the",what?
dalla parte,326521,"contraction of da + la, literally “from the”",part
capito che,326499,past participle of capire,what; which
quindi non,326447,"therefore, hence, thus",not
il tema,326437,the,"theme, subject"
si sa,326417,"oneself, himself, herself, itself, themselves",third-person singular present indicative of sapere (“to know”)
a Milano,326324,"The first letter of the Italian alphabet, called a and written in the Latin script.","Milan (a city and comune, the capital of the Metropolitan City of Milan and the region of Lombardy, Italy)"
prima o,326320,feminine singular of primo,"The thirteenth letter of the Italian alphabet, called o and written in the Latin script."
il paese,326196,the,country (nation)
come quello,326070,how,"that, those"
di formazione,326038,"used to indicate possession, after the thing owned and before the owner; of; ’s","formation, group"
erano state,325990,third-person plural imperfect indicative of essere,alternative form of estate
nel modo,325712,contraction of in il; in the,"manner, way"
sua mente,325581,feminine singular of suo,mind
un figlio,325461,"apocopic form of uno: a, an",son
mia moglie,325419,feminine singular of mio,wife
la scena,325348,the,scene (in all senses)
partire dal,325305,to depart; to leave; to set forth,contraction of da + il; from the
questi ultimi,325223,masculine plural of questo,masculine plural of ultimo
il procedimento,325220,the,course (of a programme/program of work)
la politica,324855,the,politics
che sembrava,324787,what; which,third-person singular imperfect indicative of sembrare
non siamo,324721,not,inflection of essere:
rapporto con,324638,"report, statement, account","with, together"
primo luogo,324543,first,"place (location, position)"
in capo,324332,in,"boss, chief, leader"
ed io,324326,"alternative form of e for euphony, especially before /e/ or /ɛ/; and",I (the first-person singular nominative pronoun)
un amico,324290,"apocopic form of uno: a, an","friend, companion, partner"
tal modo,324258,apocopic form of tale,"manner, way"
per conto,324214,for,calculation
di persona,324135,"used to indicate possession, after the thing owned and before the owner; of; ’s","person, pl people, persons"
nel periodo,324052,contraction of in il; in the,"period, time, span, run"
al pubblico,324049,"contraction of a + il, literally “to the, at the”",public
spalle e,323947,plural of spalla,"The fifth letter of the Italian alphabet, called e and written in the Latin script."
di valore,323926,"used to indicate possession, after the thing owned and before the owner; of; ’s","as much as, as many as"
o le,323858,"The thirteenth letter of the Italian alphabet, called o and written in the Latin script.",the
in essere,323484,in,Used as a copula. to be
verso i,323355,verse,"The ninth letter of the Italian alphabet, called i and written in the Latin script."
non sa,323321,not,third-person singular present indicative of sapere (“to know”)
in bocca,323220,in,mouth (all senses)
mezzi di,323041,masculine plural of mezzo,"used to indicate possession, after the thing owned and before the owner; of; ’s"
di primo,322950,"used to indicate possession, after the thing owned and before the owner; of; ’s",first
anche che,322845,"also, too, as well, besides",what; which
con grande,322766,"with, together",of greater physical dimensions or numerosity
servizio di,322749,"service, serve","used to indicate possession, after the thing owned and before the owner; of; ’s"
la definizione,322704,the,definition
di per,322485,"used to indicate possession, after the thing owned and before the owner; of; ’s",for
quanto non,322282,"how much, how many, however much, however many",not
di mano,322172,"used to indicate possession, after the thing owned and before the owner; of; ’s",hand
un primo,322083,"apocopic form of uno: a, an",first
quando ci,322016,when,The name of the Latin script letter C/c.; cee
e su,321801,"The fifth letter of the Italian alphabet, called e and written in the Latin script.","up, upstairs"
più importanti,321596,comparative degree of molto; more,plural of importante
in misura,321586,in,"measure, measurement"
le ragioni,321443,the,plural of ragione
si possa,321303,"oneself, himself, herself, itself, themselves","power, strength, vigour"
un fatto,321221,"apocopic form of uno: a, an","done, made"
prese la,321176,feminine plural of preso,the
cui aveva,320591,"prepositional of che: whom, which",third-person singular imperfect indicative of avere
delle risorse,320521,"contraction of di le; of the, from the",plural of risorsa
più la,320367,comparative degree of molto; more,the
trovare un,320112,to find,"apocopic form of uno: a, an"
quanto è,320062,"how much, how many, however much, however many","Used to disambiguate words ending in a stressed ⟨-e⟩, regardless of its pronunciation"
suo cuore,319853,"his, her, its",heart
opera di,319842,work,"used to indicate possession, after the thing owned and before the owner; of; ’s"
se un,319801,abbreviation of sudest; southeast,"apocopic form of uno: a, an"
pensiero di,319752,thought,"used to indicate possession, after the thing owned and before the owner; of; ’s"
non ancora,319699,not,still
stato in,319666,"state (physical property of matter as solid, liquid, gas or plasma)",in
di energia,319567,"used to indicate possession, after the thing owned and before the owner; of; ’s",energy
la durata,319541,the,"duration, length"
ma ora,319368,"but, however",hour (a unit of time of one twenty-fourth of a day (sixty minutes))
luce del,319237,light (visible electromagnetic wave; electrical device providing light),"contraction of di + il; some, of the, from the"
di euro,319155,"used to indicate possession, after the thing owned and before the owner; of; ’s",euro (currency)
in quelle,318931,in,feminine plural of quello
la guardò,318699,the,third-person singular past historic of guardare
si parla,318697,"oneself, himself, herself, itself, themselves",inflection of parlare:
il passo,318647,the,footstep (sound)
che già,318587,what; which,"already, yet"
avrebbe avuto,318470,third-person singular conditional of avere,past participle of avere
con tutti,318418,"with, together","all; everybody, everyone"
sono la,318343,"first-person singular present indicative of essere: (I) am, I'm",the
suo marito,318331,"his, her, its",husband
che quando,318142,what; which,when
come nel,317901,how,contraction of in il; in the
dei soggetti,317888,"contraction of di + i; of the, from the",masculine plural of soggetto
testa di,317765,head,"used to indicate possession, after the thing owned and before the owner; of; ’s"
il fratello,317762,the,"brother, sibling"
aveva dato,317644,third-person singular imperfect indicative of avere,past participle of dare
una posizione,317491,feminine singular of uno,position
noi non,317430,we; us,not
con quel,317319,"with, together","apocopic form of quello, used before a consonant (except impure s, gn, pn, ps, x, z)"
con tutto,316807,"with, together",all
i tempi,316800,"The ninth letter of the Italian alphabet, called i and written in the Latin script.",plural of tempo
gli ultimi,316737,"form of the article i (“the”) used before a vowel, impure s, gn, pn, ps, sc, x, y, and z, and also with the plural noun dei (“gods”); the",masculine plural of ultimo
d' arte,316333,apocopic form of di: of,art
i valori,316211,"The ninth letter of the Italian alphabet, called i and written in the Latin script.",plural of valore
aprì la,316119,third-person singular past historic of aprire,the
di base,316118,"used to indicate possession, after the thing owned and before the owner; of; ’s","base, alkaline"
della popolazione,316064,"contraction of di la; of the, from the",population
ma una,316060,"but, however",feminine singular of uno
così tanto,316038,so,so much; so many
si guardò,315969,"oneself, himself, herself, itself, themselves",third-person singular past historic of guardare
uso di,315865,"used, accustomed","used to indicate possession, after the thing owned and before the owner; of; ’s"
posizione di,315831,position,"used to indicate possession, after the thing owned and before the owner; of; ’s"
sopra il,315823,over,the
uomo di,315771,"person, man (human being)","used to indicate possession, after the thing owned and before the owner; of; ’s"
i termini,315588,"The ninth letter of the Italian alphabet, called i and written in the Latin script.",plural of termine
nel territorio,315362,contraction of in il; in the,territory
a voi,315334,"The first letter of the Italian alphabet, called a and written in the Latin script.",you (second person plural)
motivo per,315236,"reason, ground",for
qualche minuto,314983,few,"tiny, minute, emaciated, thin"
fra il,314903,between,the
tempo stesso,314759,time,"same, equal"
al fatto,314704,"contraction of a + il, literally “to the, at the”","done, made"
aveva sempre,314520,third-person singular imperfect indicative of avere,always
una notte,314444,feminine singular of uno,night
i servizi,314340,"The ninth letter of the Italian alphabet, called i and written in the Latin script.",plural of servizio
o i,314291,"The thirteenth letter of the Italian alphabet, called o and written in the Latin script.","The ninth letter of the Italian alphabet, called i and written in the Latin script."
che essa,314275,what; which,"it, she, her"
uomini che,313857,plural of uomo,what; which
il livello,313813,the,level
uno o,313808,one,"The thirteenth letter of the Italian alphabet, called o and written in the Latin script."
da sempre,313750,from (all senses),always
della norma,313736,"contraction of di la; of the, from the","rule, norm, regulation"
capaci di,313413,plural of capace,"used to indicate possession, after the thing owned and before the owner; of; ’s"
questo comma,313386,"this, these","subsection, subparagraph"
della scuola,313172,"contraction of di la; of the, from the",school
e invece,313077,"The fifth letter of the Italian alphabet, called e and written in the Latin script.","instead, but, whereas, on the contrary"
in me,313060,in,me
per niente,312868,for,nothing
era a,312760,"age, epoch, period","The first letter of the Italian alphabet, called a and written in the Latin script."
non sempre,312744,not,always
la realizzazione,312622,the,realization (all senses)
l' occasione,312554,"apocopic form of il/lo, la: the","opportunity, chance, occasion, scope"
di pietra,312437,"used to indicate possession, after the thing owned and before the owner; of; ’s",stone
il reato,312318,the,"offence/offense, crime"
ordine di,312106,"order (command, instruction)","used to indicate possession, after the thing owned and before the owner; of; ’s"
sue parole,311963,plural of sua,plural of parola (“words”)
del mattino,311920,"contraction of di + il; some, of the, from the",morning
il discorso,311791,the,"speech, address, discourse"
suo posto,311781,"his, her, its",past participle of porre
nel loro,311076,contraction of in il; in the,"they, them"
la disposizione,310890,the,disposal
al sicuro,310866,"contraction of a + il, literally “to the, at the”",safe; secure
madre e,310791,mother,"The fifth letter of the Italian alphabet, called e and written in the Latin script."
misure di,310389,plural of misura,"used to indicate possession, after the thing owned and before the owner; of; ’s"
sempre la,310123,always,the
gente che,310120,noble,what; which
tutto bene,310047,all,"upper-class, posh, high"
della libertà,309817,"contraction of di la; of the, from the",freedom; liberty
la piccola,309812,the,singular feminine of piccolo
prese il,309799,feminine plural of preso,the
nel settore,309616,contraction of in il; in the,sector
la chiave,309607,the,key
suo fratello,309577,"his, her, its","brother, sibling"
della madre,309542,"contraction of di la; of the, from the",mother
o meglio,309536,"The thirteenth letter of the Italian alphabet, called o and written in the Latin script.","better, (the) best"
partire da,309361,to depart; to leave; to set forth,from (all senses)
un valore,309329,"apocopic form of uno: a, an","as much as, as many as"
quella notte,309272,feminine singular of quello,night
i criteri,309155,"The ninth letter of the Italian alphabet, called i and written in the Latin script.",plural of criterio
sulle spalle,308938,contraction of su le; on the,plural of spalla
porta e,308837,gate,"The fifth letter of the Italian alphabet, called e and written in the Latin script."
colpo di,308753,"blow, knock, shock","used to indicate possession, after the thing owned and before the owner; of; ’s"
un aspetto,308631,"apocopic form of uno: a, an",look (act of looking)
delle società,308588,"contraction of di le; of the, from the","society, community"
legge di,308560,law,"used to indicate possession, after the thing owned and before the owner; of; ’s"
diverso da,308548,"different, diverse",from (all senses)
di essa,308392,"used to indicate possession, after the thing owned and before the owner; of; ’s","it, she, her"
tratti di,308322,masculine plural of tratto,"used to indicate possession, after the thing owned and before the owner; of; ’s"
aveva preso,308297,third-person singular imperfect indicative of avere,"busy, taken up, preoccupied (of person)"
idea che,308245,idea,what; which
riferimento al,308007,"reference, mention","contraction of a + il, literally “to the, at the”"
e quelli,307822,"The fifth letter of the Italian alphabet, called e and written in the Latin script.",masculine plural of quello
del mare,307702,"contraction of di + il; some, of the, from the",sea
seguito di,307694,past participle of seguire,"used to indicate possession, after the thing owned and before the owner; of; ’s"
di scatto,307596,"used to indicate possession, after the thing owned and before the owner; of; ’s",release
ma soprattutto,307507,"but, however","above all, most, most of all"
tanto per,307305,so much; so many,for
del pensiero,307286,"contraction of di + il; some, of the, from the",thought
intorno alla,307282,"of the surroundings; around, nearby","contraction of a + la; to the, at the"
e fece,307275,"The fifth letter of the Italian alphabet, called e and written in the Latin script.",third-person singular past historic of fare
gli interessi,307185,"form of the article i (“the”) used before a vowel, impure s, gn, pn, ps, sc, x, y, and z, and also with the plural noun dei (“gods”); the",plural of interesse
il capitano,306836,the,captain
aveva lasciato,306810,third-person singular imperfect indicative of avere,past participle of lasciare
della mano,306635,"contraction of di la; of the, from the",hand
del patrimonio,306603,"contraction of di + il; some, of the, from the",estate; property
di no,306508,"used to indicate possession, after the thing owned and before the owner; of; ’s","abbreviation of Novara: a city in the Piedmont region, Italy"
di corsa,306428,"used to indicate possession, after the thing owned and before the owner; of; ’s","run, running"
di acqua,306372,"used to indicate possession, after the thing owned and before the owner; of; ’s",water
tre giorni,306236,three,days
in molti,305922,in,masculine plural of molto
che siamo,305880,what; which,inflection of essere:
in tanto,305765,in,so much; so many
per capire,305648,for,to understand
lui mi,305400,he,clitic accusative of io. me
non soltanto,305283,not,"only, just, but, alone, merely"
delle quali,305194,"contraction of di le; of the, from the",plural of quale
al tavolo,305169,"contraction of a + il, literally “to the, at the”","table, board, desk"
resto della,305153,"rest, remainder, balance","contraction of di la; of the, from the"
tutto l',305111,all,"apocopic form of il/lo, la: the"
la sicurezza,305027,the,"safety, security"
negli Stati,304863,contraction of in gli; in the,plural of stato
comincia a,304808,inflection of cominciare:,"The first letter of the Italian alphabet, called a and written in the Latin script."
il campo,304807,the,field
da quanto,304781,from (all senses),"how much, how many, however much, however many"
del re,304767,"contraction of di + il; some, of the, from the",king (male monarch)
nota di,304731,note (in all senses),"used to indicate possession, after the thing owned and before the owner; of; ’s"
sia una,304707,inflection of essere:,feminine singular of uno
di pagamento,304355,"used to indicate possession, after the thing owned and before the owner; of; ’s",payment
di entrare,304138,"used to indicate possession, after the thing owned and before the owner; of; ’s","to enter, to go in"
tutto è,303944,all,"Used to disambiguate words ending in a stressed ⟨-e⟩, regardless of its pronunciation"
per tutte,303855,for,feminine plural of tutto
a pochi,303829,"The first letter of the Italian alphabet, called a and written in the Latin script.",masculine plural of poco
e quelle,303456,"The fifth letter of the Italian alphabet, called e and written in the Latin script.",feminine plural of quello
l' avevo,303319,"apocopic form of il/lo, la: the",first-person singular imperfect indicative of avere
anni dopo,303236,plural of anno,later
che fanno,303067,what; which,third-person plural present indicative of fare
operazioni di,303059,plural of operazione,"used to indicate possession, after the thing owned and before the owner; of; ’s"
era quello,302897,"age, epoch, period","that, those"
molto bene,302787,"much, very much, a lot (with verbs)","upper-class, posh, high"
il servizio,302509,the,"service, serve"
che fu,302432,what; which,"deceased, late"
di potere,302368,"used to indicate possession, after the thing owned and before the owner; of; ’s","can, could; to be able to"
quanto si,302342,"how much, how many, however much, however many","oneself, himself, herself, itself, themselves"
ad alta,302337,initialism of amministratore delegato (“CEO”),feminine singular of alto
fronte alla,302037,"forehead, brow","contraction of a + la; to the, at the"
le azioni,301953,the,plural of azione
in mancanza,301850,in,"lack, shortage, deficiency, want"
in contatto,301811,in,contact (all senses)
il tono,301706,the,tone (all senses)
parla di,301602,inflection of parlare:,"used to indicate possession, after the thing owned and before the owner; of; ’s"
corso della,301584,"course (of a river, of a university, etc.)","contraction of di la; of the, from the"
dei figli,301333,"contraction of di + i; of the, from the","plural of figlio (“sons, children”)"
dei conti,301129,"contraction of di + i; of the, from the",plural of conto
di circa,301127,"used to indicate possession, after the thing owned and before the owner; of; ’s","regarding, concerning"
andato a,301119,past participle of andare,"The first letter of the Italian alphabet, called a and written in the Latin script."
in queste,301039,in,feminine plural of questo
sono solo,300783,"first-person singular present indicative of essere: (I) am, I'm","alone, by oneself, unattended, unaccompanied, lonely, lone, lonesome"
con tutta,300642,"with, together",feminine singular of tutto
perché i,300641,"because, why","The ninth letter of the Italian alphabet, called i and written in the Latin script."
per mezzo,300619,for,"half, middle"
grazie al,300418,"thank you, thanks!","contraction of a + il, literally “to the, at the”"
nel rispetto,300363,contraction of in il; in the,"respect, deference"
le chiese,300326,the,plural of chiesa
gli amici,300222,"form of the article i (“the”) used before a vowel, impure s, gn, pn, ps, sc, x, y, and z, and also with the plural noun dei (“gods”); the",masculine plural of amico
non che,299832,not,what; which
giorni di,299719,days,"used to indicate possession, after the thing owned and before the owner; of; ’s"
sul divano,299631,contraction of su + il: on the,"sofa, divan, settee, chesterfield, love seat"
in cambio,299546,in,exchange
sistemi di,299483,inflection of sistemare:,"used to indicate possession, after the thing owned and before the owner; of; ’s"
a farlo,299472,"The first letter of the Italian alphabet, called a and written in the Latin script.",compound of the infinitive fare with lo
un contratto,299390,"apocopic form of uno: a, an",past participle of contrarre
dei fatti,299323,"contraction of di + i; of the, from the",masculine plural of fatto
di legittimità,299257,"used to indicate possession, after the thing owned and before the owner; of; ’s",legitimacy
sempre a,299251,always,"The first letter of the Italian alphabet, called a and written in the Latin script."
elementi di,299228,plural of elemento,"used to indicate possession, after the thing owned and before the owner; of; ’s"
di seguito,299208,"used to indicate possession, after the thing owned and before the owner; of; ’s",past participle of seguire
piedi e,299017,plural of piede,"The fifth letter of the Italian alphabet, called e and written in the Latin script."
e successive,298930,"The fifth letter of the Italian alphabet, called e and written in the Latin script.",feminine plural of successivo
le più,298832,the,comparative degree of molto; more
sue spalle,298763,plural of sua,plural of spalla
e tre,298672,"The fifth letter of the Italian alphabet, called e and written in the Latin script.",three
era rimasto,298494,"age, epoch, period",past participle of rimanere
sempre che,298492,always,what; which
di uomini,298441,"used to indicate possession, after the thing owned and before the owner; of; ’s",plural of uomo
le conseguenze,298423,the,plural of conseguenza
se per,298402,abbreviation of sudest; southeast,for
nella nostra,298368,contraction of in la; in the,feminine singular of nostro
questo il,298328,"this, these",the
e infine,298269,"The fifth letter of the Italian alphabet, called e and written in the Latin script.","finally, in the end, at last, lastly, ultimately"
pare che,298174,archaic form of pari (“peer”),what; which
un modello,298152,"apocopic form of uno: a, an",model
per due,297944,for,two
fatto a,297893,"done, made","The first letter of the Italian alphabet, called a and written in the Latin script."
base della,297891,"base, alkaline","contraction of di la; of the, from the"
storia del,297851,history,"contraction of di + il; some, of the, from the"
le società,297670,the,"society, community"
poco prima,297600,"little, not much",feminine singular of primo
a fronte,297376,"The first letter of the Italian alphabet, called a and written in the Latin script.","forehead, brow"
il movimento,297080,the,movement
quanto il,297073,"how much, how many, however much, however many",the
un soggetto,297019,"apocopic form of uno: a, an","subject, dependent"
motivo di,296530,"reason, ground","used to indicate possession, after the thing owned and before the owner; of; ’s"
mi sentivo,296457,clitic accusative of io. me,first-person singular imperfect indicative of sentire
mano sulla,296454,hand,"plant of the genus Sulla, particularly Sulla coronaria."
in possesso,296051,in,"possession, ownership"
ha sempre,295953,third-person singular present indicative of avere and (obsolete) havere,always
padre di,295938,father,"used to indicate possession, after the thing owned and before the owner; of; ’s"
iniziato a,295816,initiated,"The first letter of the Italian alphabet, called a and written in the Latin script."
attraverso i,295736,through,"The ninth letter of the Italian alphabet, called i and written in the Latin script."
in basso,295669,in,low
favore di,295583,favour/favor,"used to indicate possession, after the thing owned and before the owner; of; ’s"
delle condizioni,295529,"contraction of di le; of the, from the",plural of condizione
fosse una,295394,third-person singular imperfect subjunctive of essere,feminine singular of uno
fatto il,295214,"done, made",the
l' avesse,295211,"apocopic form of il/lo, la: the",third-person singular imperfect subjunctive of avere
dei più,295169,"contraction of di + i; of the, from the",comparative degree of molto; more
durante le,295011,during,the
chiesto di,294929,past participle of chiedere,"used to indicate possession, after the thing owned and before the owner; of; ’s"
di prova,294925,"used to indicate possession, after the thing owned and before the owner; of; ’s","trial, test, experiment"
mio cuore,294909,my; of mine (used attributively),heart
gli chiese,294720,"form of the article i (“the”) used before a vowel, impure s, gn, pn, ps, sc, x, y, and z, and also with the plural noun dei (“gods”); the",plural of chiesa
lei gli,294454,she,"form of the article i (“the”) used before a vowel, impure s, gn, pn, ps, sc, x, y, and z, and also with the plural noun dei (“gods”); the"
occasione di,294446,"opportunity, chance, occasion, scope","used to indicate possession, after the thing owned and before the owner; of; ’s"
la gola,294445,the,throat (gullet or windpipe)
prima e,294415,feminine singular of primo,"The fifth letter of the Italian alphabet, called e and written in the Latin script."
da allora,294390,from (all senses),then (at that time)
ultima volta,294349,feminine singular of ultimo,"time, instance, occasion"
le operazioni,294344,the,plural of operazione
Corte costituzionale,294230,courtyard,constitutional
sei un,293965,six,"apocopic form of uno: a, an"
il metodo,293882,the,method
l' autorità,293553,"apocopic form of il/lo, la: the",authority (power to enforce rules or give orders)
gli strumenti,293516,"form of the article i (“the”) used before a vowel, impure s, gn, pn, ps, sc, x, y, and z, and also with the plural noun dei (“gods”); the",plural of strumento
forse è,293389,"maybe, perhaps, possibly, may, might","Used to disambiguate words ending in a stressed ⟨-e⟩, regardless of its pronunciation"
si presenta,293350,"oneself, himself, herself, itself, themselves",inflection of presentare:
da lì,293271,from (all senses),"there, in that place"
sono gli,293268,"first-person singular present indicative of essere: (I) am, I'm","form of the article i (“the”) used before a vowel, impure s, gn, pn, ps, sc, x, y, and z, and also with the plural noun dei (“gods”); the"
lo avrebbe,293252,"the form of il that is used before the so-called impure consonants, that is, s+consonant (impure s), gn, pn, ps, x, y, or z, and before i+vocal, bd, cn, ct, dm, ft, mn, pt, tm and also ts; before a vowel it becomes l'; the",third-person singular conditional of avere
qualcun altro,293128,apocopic form of qualcuno,"other, another, more, further, else"
del luogo,293125,"contraction of di + il; some, of the, from the","place (location, position)"
trattato di,292909,past participle of trattare,"used to indicate possession, after the thing owned and before the owner; of; ’s"
mano di,292748,hand,"used to indicate possession, after the thing owned and before the owner; of; ’s"
il danno,292247,the,"damage, harm, injury"
che faceva,292237,what; which,third-person singular imperfect indicative of fare
che tale,292036,what; which,such
fonte di,291958,"source, spring (where a body of water emerges)","used to indicate possession, after the thing owned and before the owner; of; ’s"
mai stato,291857,never,"state (physical property of matter as solid, liquid, gas or plasma)"
la Chiesa,291850,the,church
credo di,291727,creed,"used to indicate possession, after the thing owned and before the owner; of; ’s"
testo unico,291656,"synonym of tessuto, past participle of tessere","only, sole, one, single"
alla morte,291553,"contraction of a + la; to the, at the",death
priva di,291521,feminine singular of privo,"used to indicate possession, after the thing owned and before the owner; of; ’s"
ho sempre,291480,first-person singular present indicative of avere and (obsolete) havere,always
dei propri,291478,"contraction of di + i; of the, from the",plural of proprio
l' arte,291456,"apocopic form of il/lo, la: the",art
che ancora,291409,what; which,still
erano in,291347,third-person plural imperfect indicative of essere,in
la teoria,291221,the,theory
quali la,291215,plural of quale,the
anche solo,291162,"also, too, as well, besides","alone, by oneself, unattended, unaccompanied, lonely, lone, lonesome"
la linea,291150,the,line
le funzioni,290917,the,plural of funzione
l' una,290885,"apocopic form of il/lo, la: the",feminine singular of uno
che solo,290883,what; which,"alone, by oneself, unattended, unaccompanied, lonely, lone, lonesome"
delle altre,290840,"contraction of di le; of the, from the",feminine plural of altro
un nome,290771,"apocopic form of uno: a, an",name
comune di,290494,"mutual, common","used to indicate possession, after the thing owned and before the owner; of; ’s"
va a,290456,third-person singular present indicative of andare,"The first letter of the Italian alphabet, called a and written in the Latin script."
più grandi,290393,comparative degree of molto; more,plural of grande
vicino alla,290336,"near, close","contraction of a + la; to the, at the"
i documenti,290323,"The ninth letter of the Italian alphabet, called i and written in the Latin script.",plural of documento
con quello,290310,"with, together","that, those"
coraggio di,290265,"courage, bravery, valour/valor","used to indicate possession, after the thing owned and before the owner; of; ’s"
nella storia,290220,contraction of in la; in the,history
della stanza,290178,"contraction of di la; of the, from the",room
il trattamento,290132,the,treatment (all senses)
cui alla,290069,"prepositional of che: whom, which","contraction of a + la; to the, at the"
mezzo a,289944,"half, middle","The first letter of the Italian alphabet, called a and written in the Latin script."
quando aveva,289865,when,third-person singular imperfect indicative of avere
tanto da,289814,so much; so many,from (all senses)
di recente,289728,"used to indicate possession, after the thing owned and before the owner; of; ’s",recent
di qualcosa,289721,"used to indicate possession, after the thing owned and before the owner; of; ’s",something
convinto che,289673,"fervent, keen, sure, true blue",what; which
degli interessi,289637,"contraction of di gli; of the, from the",plural of interesse
venuto a,289574,coming,"The first letter of the Italian alphabet, called a and written in the Latin script."
tu mi,289234,you (singular); thou,clitic accusative of io. me
del personale,289159,"contraction of di + il; some, of the, from the","personal, private"
rispetto ai,289103,"respect, deference","contraction of a i; to the, at the"
come aveva,289073,how,third-person singular imperfect indicative of avere
le porte,288997,the,plural of porta
di ottenere,288944,"used to indicate possession, after the thing owned and before the owner; of; ’s","to obtain, to achieve, to gain (something desired)"
a questi,288841,"The first letter of the Italian alphabet, called a and written in the Latin script.",masculine plural of questo
in macchina,288656,in,machine
la procedura,288601,the,procedure
così la,288503,so,the
d' una,288409,apocopic form of di: of,feminine singular of uno
la partecipazione,288389,the,participation
perdita di,288378,"loss, waste, deprivation","used to indicate possession, after the thing owned and before the owner; of; ’s"
tutto e,288362,all,"The fifth letter of the Italian alphabet, called e and written in the Latin script."
accanto alla,288260,nearby,"contraction of a + la; to the, at the"
in poi,288254,in,then
di informazioni,288191,"used to indicate possession, after the thing owned and before the owner; of; ’s",plural of informazione
vedere il,287960,to see,the
a conoscenza,287906,"The first letter of the Italian alphabet, called a and written in the Latin script.","knowledge, cognition"
esseri umani,287888,plural of essere,masculine plural of umano
dei rapporti,287865,"contraction of di + i; of the, from the",plural of rapporto
da te,287803,from (all senses),"you, thee"
in nome,287614,in,name
si diresse,287542,"oneself, himself, herself, itself, themselves",third-person singular past historic of dirigere
una questione,287462,feminine singular of uno,"question, issue, matter, point"
nella misura,287242,contraction of in la; in the,"measure, measurement"
della giustizia,287152,"contraction of di la; of the, from the","justice, fairness, equity"
della cultura,286975,"contraction of di la; of the, from the",culture
avere la,286882,to have,the
tutte quelle,286650,feminine plural of tutto,feminine plural of quello
tra un,286627,between,"apocopic form of uno: a, an"
e me,286506,"The fifth letter of the Italian alphabet, called e and written in the Latin script.",me
la finestra,286496,the,window
ben presto,286468,apocopic form of bene,ready
io ti,286227,I (the first-person singular nominative pronoun),The name of the Latin script letter T/t.; tee
base al,286121,"base, alkaline","contraction of a + il, literally “to the, at the”"
nella prima,285796,contraction of in la; in the,feminine singular of primo
a farsi,285754,"The first letter of the Italian alphabet, called a and written in the Latin script.",reflexive of fare
a Dio,285641,"The first letter of the Italian alphabet, called a and written in the Latin script.","god, deity"
non riuscì,285620,not,third-person singular past historic of riuscire
carico di,285604,"loaded, laden","used to indicate possession, after the thing owned and before the owner; of; ’s"
un messaggio,285601,"apocopic form of uno: a, an",message
al presente,285423,"contraction of a + il, literally “to the, at the”",present (appearing)
delle spese,285321,"contraction of di le; of the, from the",plural of spesa
che potrebbe,285288,what; which,third-person singular conditional of potere
al cielo,285271,"contraction of a + il, literally “to the, at the”",sky
le leggi,285206,the,plural of legge
a queste,285164,"The first letter of the Italian alphabet, called a and written in the Latin script.",feminine plural of questo
la cena,285127,the,dinner (evening meal)
la bambina,285071,the,female equivalent of bambino
la perdita,285008,the,"loss, waste, deprivation"
il percorso,284982,the,distance
lui a,284979,he,"The first letter of the Italian alphabet, called a and written in the Latin script."
avuto la,284970,past participle of avere,the
della polizia,284819,"contraction of di la; of the, from the",polity
il sorriso,284738,the,smile
senza la,284667,without,the
me l',284659,me,"apocopic form of il/lo, la: the"
riuscivo a,284489,first-person singular imperfect indicative of riuscire,"The first letter of the Italian alphabet, called a and written in the Latin script."
in Francia,284443,in,France (a country located primarily in Western Europe)
ma senza,284123,"but, however",without
ci sarebbe,284014,The name of the Latin script letter C/c.; cee,third-person singular conditional of essere
ci sarà,283970,The name of the Latin script letter C/c.; cee,third-person singular future of essere
hanno un,283875,third-person plural present indicative of avere and (obsolete) havere,"apocopic form of uno: a, an"
due o,283812,two,"The thirteenth letter of the Italian alphabet, called o and written in the Latin script."
sulla strada,283801,"plant of the genus Sulla, particularly Sulla coronaria.","road, way, street"
a leggere,283626,"The first letter of the Italian alphabet, called a and written in the Latin script.",to read
uno strumento,283481,one,"instrument (all senses), tool, implement, means"
di governo,283403,"used to indicate possession, after the thing owned and before the owner; of; ’s","government, administration, rule"
o poi,283388,"The thirteenth letter of the Italian alphabet, called o and written in the Latin script.",then
le ragazze,283298,the,plural of ragazza
stessa cosa,283241,feminine singular of stesso,"thing, matter"
del ricorso,283143,"contraction of di + il; some, of the, from the",past participle of ricorrere
spero che,283029,first-person singular present indicative of sperare,what; which
più il,282952,comparative degree of molto; more,the
ha chiesto,282908,third-person singular present indicative of avere and (obsolete) havere,past participle of chiedere
si faceva,282743,"oneself, himself, herself, itself, themselves",third-person singular imperfect indicative of fare
a sapere,282703,"The first letter of the Italian alphabet, called a and written in the Latin script.",to know (information)
più facile,282636,comparative degree of molto; more,easy
e noi,282501,"The fifth letter of the Italian alphabet, called e and written in the Latin script.",we; us
qui a,282437,here,"The first letter of the Italian alphabet, called a and written in the Latin script."
di uscire,282360,"used to indicate possession, after the thing owned and before the owner; of; ’s","to go out, leave, exit"
il comportamento,282263,the,"behaviour/behavior, conduct, ways, actions"
procedura di,281980,procedure,"used to indicate possession, after the thing owned and before the owner; of; ’s"
quali il,281975,plural of quale,the
sempre un,281934,always,"apocopic form of uno: a, an"
della disciplina,281918,"contraction of di la; of the, from the",discipline (all meanings)
fosse il,281909,third-person singular imperfect subjunctive of essere,the
primo grado,281892,first,degree
si sarebbero,281878,"oneself, himself, herself, itself, themselves",third-person plural conditional of essere
di esse,281859,"used to indicate possession, after the thing owned and before the owner; of; ’s",The name of the Latin script letter S/s.; ess
rapporti con,281787,plural of rapporto,"with, together"
il riconoscimento,281701,the,"recognition, identification"
al nostro,281642,"contraction of a + il, literally “to the, at the”",our
questo articolo,281637,"this, these",article
fra gli,281497,between,"form of the article i (“the”) used before a vowel, impure s, gn, pn, ps, sc, x, y, and z, and also with the plural noun dei (“gods”); the"
ritiene che,281401,third-person singular present indicative of ritenere,what; which
con questa,281358,"with, together",feminine singular of questo
accordo con,281310,"accord, agreement, bond","with, together"
cui agli,281303,"prepositional of che: whom, which","contraction of a gli; to the, at the"
la cultura,280956,the,culture
di età,280941,"used to indicate possession, after the thing owned and before the owner; of; ’s",age (number of years in someone's life)
poco a,280809,"little, not much","The first letter of the Italian alphabet, called a and written in the Latin script."
il piacere,280612,the,(followed by a or preceded by an indirect object) to be pleasing to (usually translated into English as like with exchange of the subject and object)
era proprio,280580,"age, epoch, period","one's, one's own, her (own), its (own), their (own)"
comma è,280553,"subsection, subparagraph","Used to disambiguate words ending in a stressed ⟨-e⟩, regardless of its pronunciation"
felice di,280114,happy (contented),"used to indicate possession, after the thing owned and before the owner; of; ’s"
a qualche,280111,"The first letter of the Italian alphabet, called a and written in the Latin script.",few
mia sorella,280095,feminine singular of mio,sister
processi di,280093,plural of processo,"used to indicate possession, after the thing owned and before the owner; of; ’s"
unica cosa,279999,only thing,"thing, matter"
corpo e,279974,body (the physical structure of a human or animal),"The fifth letter of the Italian alphabet, called e and written in the Latin script."
la vista,279945,the,feminine singular of visto
sia di,279818,inflection of essere:,"used to indicate possession, after the thing owned and before the owner; of; ’s"
in campo,279804,in,field
qualunque cosa,279780,"whatever thing, whichever thing","thing, matter"
alla prima,279737,"contraction of a + la; to the, at the",feminine singular of primo
tua madre,279734,feminine singular of tuo,mother
in cima,279723,in,top
le ha,279627,the,third-person singular present indicative of avere and (obsolete) havere
di anni,279567,"used to indicate possession, after the thing owned and before the owner; of; ’s",plural of anno
effetto di,279539,effect (in all senses),"used to indicate possession, after the thing owned and before the owner; of; ’s"
di esecuzione,279496,"used to indicate possession, after the thing owned and before the owner; of; ’s",execution (all senses)
a termine,279351,"The first letter of the Italian alphabet, called a and written in the Latin script.","end, close"
con altri,279263,"with, together","someone else, another"
altre parole,279140,feminine plural of altro,plural of parola (“words”)
dalla finestra,279103,"contraction of da + la, literally “from the”",window
l' odore,279003,"apocopic form of il/lo, la: the","smell, odour, odor, aroma, fragrance, scent"
ultimi anni,278884,masculine plural of ultimo,plural of anno
di dover,278880,"used to indicate possession, after the thing owned and before the owner; of; ’s",apocopic form of dovere
a mettere,278846,"The first letter of the Italian alphabet, called a and written in the Latin script.","to put, to place, to lay, to set"
una visione,278755,feminine singular of uno,vision (all senses)
tutto per,278618,all,for
in tasca,278597,in,pocket
gli alberi,278565,"form of the article i (“the”) used before a vowel, impure s, gn, pn, ps, sc, x, y, and z, and also with the plural noun dei (“gods”); the",plural of albero
se vuoi,278536,abbreviation of sudest; southeast,second-person singular present indicative of volere
centro della,278439,"centre, center","contraction of di la; of the, from the"
degli enti,278416,"contraction of di gli; of the, from the",plural of ente
un giovane,278348,"apocopic form of uno: a, an",young
livelli di,278299,plural of livello,"used to indicate possession, after the thing owned and before the owner; of; ’s"
l' ufficio,278115,"apocopic form of il/lo, la: the",moral duty
un diritto,278098,"apocopic form of uno: a, an","straight, direct"
la vera,278089,the,"wedding ring, wedding band"
il denaro,278031,the,money
in favore,278025,in,favour/favor
sicura che,277913,safety catch,what; which
tre mesi,277732,three,plural of mese
e d',277687,"The fifth letter of the Italian alphabet, called e and written in the Latin script.",apocopic form of di: of
incapace di,277634,"incapable, unfit, incompetent, inadequate","used to indicate possession, after the thing owned and before the owner; of; ’s"
può fare,277614,third-person singular present indicative of potere,to do
attorno a,277600,around,"The first letter of the Italian alphabet, called a and written in the Latin script."
di esso,277579,"used to indicate possession, after the thing owned and before the owner; of; ’s",it
e dove,277447,"The fifth letter of the Italian alphabet, called e and written in the Latin script.",where
del libro,277358,"contraction of di + il; some, of the, from the",book
del passato,277326,"contraction of di + il; some, of the, from the",past participle of passare
fatto la,277277,"done, made",the
sulla spalla,276727,"plant of the genus Sulla, particularly Sulla coronaria.",shoulder
non fare,276620,not,to do
in vista,276519,in,feminine singular of visto
sue mani,276484,plural of sua,plural of mano
è qui,276385,"Used to disambiguate words ending in a stressed ⟨-e⟩, regardless of its pronunciation",here
tu hai,276133,you (singular); thou,second-person singular present indicative of avere and (obsolete) havere
qualche volta,276107,few,"time, instance, occasion"
una città,276102,feminine singular of uno,"town, city"
non vuole,275989,not,third-person singular present indicative of volere
l' inizio,275984,"apocopic form of il/lo, la: the","beginning, start, inception"
ma tu,275984,"but, however",you (singular); thou
i giovani,275800,"The ninth letter of the Italian alphabet, called i and written in the Latin script.",plural of giovane
il rispetto,275753,the,"respect, deference"
sguardo di,275743,"glance, look (action of looking)","used to indicate possession, after the thing owned and before the owner; of; ’s"
la folla,275461,the,crowd; mob
dentro la,275455,inside; indoors,the
da quelli,275415,from (all senses),masculine plural of quello
gruppi di,275284,plural of gruppo,"used to indicate possession, after the thing owned and before the owner; of; ’s"
madre di,274907,mother,"used to indicate possession, after the thing owned and before the owner; of; ’s"
riguarda la,274788,inflection of riguardare:,the
alle quali,274770,"contraction of a le; to the, at the",plural of quale
di denaro,274639,"used to indicate possession, after the thing owned and before the owner; of; ’s",money
Stato membro,274598,"state (physical property of matter as solid, liquid, gas or plasma)",member (one who belongs to a group; an element of a set)
un corpo,274543,"apocopic form of uno: a, an",body (the physical structure of a human or animal)
di società,274414,"used to indicate possession, after the thing owned and before the owner; of; ’s","society, community"
camera di,274357,room; chamber (all senses),"used to indicate possession, after the thing owned and before the owner; of; ’s"
ho un,274327,first-person singular present indicative of avere and (obsolete) havere,"apocopic form of uno: a, an"
messo a,274000,messenger,"The first letter of the Italian alphabet, called a and written in the Latin script."
forte e,273845,"fort, fortress","The fifth letter of the Italian alphabet, called e and written in the Latin script."
il suono,273779,the,sound (that is heard)
quella donna,273702,feminine singular of quello,woman
le seguenti,273658,the,plural of seguente
l' ambiente,273656,"apocopic form of il/lo, la: the",environment
del terzo,273649,"contraction of di + il; some, of the, from the",third
secondo l',273638,second,"apocopic form of il/lo, la: the"
creazione di,273610,creation,"used to indicate possession, after the thing owned and before the owner; of; ’s"
vedere la,273459,to see,the
che questi,273438,what; which,masculine plural of questo
l' importanza,273436,"apocopic form of il/lo, la: the","importance, consequence, significance"
di distanza,273429,"used to indicate possession, after the thing owned and before the owner; of; ’s","distance, interval"
come uno,273399,how,one
che però,273378,what; which,"yet, but, however, nevertheless"
e sulle,273355,"The fifth letter of the Italian alphabet, called e and written in the Latin script.",contraction of su le; on the
i libri,273277,"The ninth letter of the Italian alphabet, called i and written in the Latin script.",plural of libro
la terza,273116,the,feminine singular of terzo
alla finestra,273057,"contraction of a + la; to the, at the",window
del matrimonio,273024,"contraction of di + il; some, of the, from the",marriage
di colpa,273005,"used to indicate possession, after the thing owned and before the owner; of; ’s",fault
si intende,272908,"oneself, himself, herself, itself, themselves",third-person singular present indicative of intendere
del popolo,272896,"contraction of di + il; some, of the, from the",people
porta a,272744,gate,"The first letter of the Italian alphabet, called a and written in the Latin script."
lei mi,272682,she,clitic accusative of io. me
dei bambini,272571,"contraction of di + i; of the, from the",plural of bambino
il codice,272546,the,code (all meanings)
sopra di,272470,over,"used to indicate possession, after the thing owned and before the owner; of; ’s"
che prima,272430,what; which,feminine singular of primo
o almeno,272403,"The thirteenth letter of the Italian alphabet, called o and written in the Latin script.",at least
un sospiro,272300,"apocopic form of uno: a, an",sigh
di trasporto,272144,"used to indicate possession, after the thing owned and before the owner; of; ’s","transport, carriage, conveyance, freight, freighting, haulage"
a sentire,272083,"The first letter of the Italian alphabet, called a and written in the Latin script.",to feel
del Ministro,271888,"contraction of di + il; some, of the, from the",minister
quasi tutti,271809,"almost, nearly","all; everybody, everyone"
era uno,271795,"age, epoch, period",one
in giudizio,271711,in,"judgment, wisdom, sense"
i lavori,271656,"The ninth letter of the Italian alphabet, called i and written in the Latin script.",plural of lavoro
re di,271529,king (male monarch),"used to indicate possession, after the thing owned and before the owner; of; ’s"
una smorfia,271469,feminine singular of uno,grimace; face (funny face)
in pace,271451,in,peace
suo lavoro,271427,"his, her, its",work (all senses)
del governo,271325,"contraction of di + il; some, of the, from the","government, administration, rule"
o comunque,271265,"The thirteenth letter of the Italian alphabet, called o and written in the Latin script.","anyhow, in any case, regardless"
sono qui,271209,"first-person singular present indicative of essere: (I) am, I'm",here
non potrà,271158,not,third-person singular future of potere
al servizio,271010,"contraction of a + il, literally “to the, at the”","service, serve"
del figlio,270985,"contraction of di + il; some, of the, from the",son
ha già,270937,third-person singular present indicative of avere and (obsolete) havere,"already, yet"
esempio di,270807,example,"used to indicate possession, after the thing owned and before the owner; of; ’s"
troppo tardi,270789,"too much, (in the plural) too many",late
norme di,270684,plural of norma,"used to indicate possession, after the thing owned and before the owner; of; ’s"
di alcune,270610,"used to indicate possession, after the thing owned and before the owner; of; ’s","feminine plural of alcuno (“some, a few”)"
tra di,270551,between,"used to indicate possession, after the thing owned and before the owner; of; ’s"
della realtà,270508,"contraction of di la; of the, from the",reality
smesso di,270495,past participle of smettere,"used to indicate possession, after the thing owned and before the owner; of; ’s"
riferimento a,270492,"reference, mention","The first letter of the Italian alphabet, called a and written in the Latin script."
d' ora,270437,apocopic form of di: of,hour (a unit of time of one twenty-fourth of a day (sixty minutes))
non riuscivo,270383,not,first-person singular imperfect indicative of riuscire
posto in,270344,past participle of porre,in
il paziente,270341,the,patient
del bambino,270337,"contraction of di + il; some, of the, from the","child, baby, toddler, tot (male or of unspecified gender)"
cosa mi,270138,"thing, matter",clitic accusative of io. me
della pena,270047,"contraction of di la; of the, from the",pain
una stanza,269864,feminine singular of uno,room
ancora a,269713,still,"The first letter of the Italian alphabet, called a and written in the Latin script."
uno spazio,269628,one,space
in prima,269476,in,feminine singular of primo
le opere,269246,the,plural of opera
a sedere,269225,"The first letter of the Italian alphabet, called a and written in the Latin script.",to sit
delle mie,269120,"contraction of di le; of the, from the",feminine plural of mio
nella sala,269119,contraction of in la; in the,room
l' utilizzo,269080,"apocopic form of il/lo, la: the",utilization
un minuto,268958,"apocopic form of uno: a, an","tiny, minute, emaciated, thin"
nome del,268917,name,"contraction of di + il; some, of the, from the"
un dito,268880,"apocopic form of uno: a, an",finger (on a hand)
è venuto,268864,"Used to disambiguate words ending in a stressed ⟨-e⟩, regardless of its pronunciation",coming
ha portato,268858,third-person singular present indicative of avere and (obsolete) havere,"second-hand, used"
una soluzione,268792,feminine singular of uno,solution
il bisogno,268642,the,need
vita che,268591,life,what; which
per quella,268518,for,feminine singular of quello
le cui,268467,the,"prepositional of che: whom, which"
è chiaro,268447,"Used to disambiguate words ending in a stressed ⟨-e⟩, regardless of its pronunciation","bright, shiny"
avrei potuto,268442,first-person singular conditional of avere,past participle of potere
pensavo che,268365,first-person singular imperfect indicative of pensare,what; which
un progetto,268336,"apocopic form of uno: a, an","plan, project, design, scheme, layout"
le misure,268321,the,plural of misura
vado a,268303,alternative form of guado,"The first letter of the Italian alphabet, called a and written in the Latin script."
abbiamo visto,268289,inflection of avere:,past participle of vedere
dei genitori,268241,"contraction of di + i; of the, from the",masculine plural of genitore
un sogno,268220,"apocopic form of uno: a, an",dream
una seconda,268047,feminine singular of uno,feminine singular of secondo
tutti questi,267951,"all; everybody, everyone",masculine plural of questo
ai loro,267950,"contraction of a i; to the, at the","they, them"
realizzazione di,267941,realization (all senses),"used to indicate possession, after the thing owned and before the owner; of; ’s"
la vecchia,267882,the,feminine singular of vecchio
mi fece,267814,clitic accusative of io. me,third-person singular past historic of fare
ma gli,267666,"but, however","form of the article i (“the”) used before a vowel, impure s, gn, pn, ps, sc, x, y, and z, and also with the plural noun dei (“gods”); the"
si chiese,267621,"oneself, himself, herself, itself, themselves",plural of chiesa
sensazione che,267557,"sensation, feeling",what; which
l' accesso,267430,"apocopic form of il/lo, la: the","access, admittance, approach"
base del,267418,"base, alkaline","contraction of di + il; some, of the, from the"
nei quali,267337,contraction of in i; in the,plural of quale
pochi minuti,267334,masculine plural of poco,masculine plural of minuto
sta per,267264,third-person singular present indicative of stare,for
le palpebre,267121,the,plural of palpebra
se era,267029,abbreviation of sudest; southeast,"age, epoch, period"
dopo le,266898,later,the
cui mi,266751,"prepositional of che: whom, which",clitic accusative of io. me
che avrebbero,266541,what; which,third-person plural conditional of avere
me stesso,266511,me,"same, equal"
fronte al,266487,"forehead, brow","contraction of a + il, literally “to the, at the”"
l' amministrazione,266453,"apocopic form of il/lo, la: the","administration, management"
i nomi,266432,"The ninth letter of the Italian alphabet, called i and written in the Latin script.",plural of nome
di qui,266365,"used to indicate possession, after the thing owned and before the owner; of; ’s",here
qua e,266316,here,"The fifth letter of the Italian alphabet, called e and written in the Latin script."
avuto il,266199,past participle of avere,the
un grosso,266181,"apocopic form of uno: a, an","big, large"
è morto,266155,"Used to disambiguate words ending in a stressed ⟨-e⟩, regardless of its pronunciation",dead
di lì,265901,"used to indicate possession, after the thing owned and before the owner; of; ’s","there, in that place"
diritto alla,265784,"straight, direct","contraction of a + la; to the, at the"
ha visto,265719,third-person singular present indicative of avere and (obsolete) havere,past participle of vedere
cosa più,265436,"thing, matter",comparative degree of molto; more
diceva che,265301,third-person singular imperfect indicative of dire,what; which
del titolo,265274,"contraction of di + il; some, of the, from the","title (of a book, song etc.), headline (of an article), heading (of a chapter)"
base alla,265249,"base, alkaline","contraction of a + la; to the, at the"
che oggi,265192,what; which,today
perché sono,265002,"because, why","first-person singular present indicative of essere: (I) am, I'm"
della procedura,264932,"contraction of di la; of the, from the",procedure
come già,264869,how,"already, yet"
è detto,264799,"Used to disambiguate words ending in a stressed ⟨-e⟩, regardless of its pronunciation",past participle of dire
d' argento,264774,apocopic form of di: of,silver
differenza di,264744,difference,"used to indicate possession, after the thing owned and before the owner; of; ’s"
in preda,264704,in,prey
la giornata,264519,the,day
un termine,264304,"apocopic form of uno: a, an","end, close"
si lasciò,264261,"oneself, himself, herself, itself, themselves",third-person singular past historic of lasciare
come abbiamo,264192,how,inflection of avere:
tutto a,264178,all,"The first letter of the Italian alphabet, called a and written in the Latin script."
qui per,264092,here,for
parte in,264018,part,in
la pioggia,263785,the,rain
fatto una,263753,"done, made",feminine singular of uno
delle leggi,263618,"contraction of di le; of the, from the",plural of legge
nozione di,263485,"notion, idea","used to indicate possession, after the thing owned and before the owner; of; ’s"
e altre,263475,"The fifth letter of the Italian alphabet, called e and written in the Latin script.",feminine plural of altro
è davvero,263428,"Used to disambiguate words ending in a stressed ⟨-e⟩, regardless of its pronunciation","really, in fact"
un determinato,263385,"apocopic form of uno: a, an",particular
da altri,263357,from (all senses),"someone else, another"
un oggetto,263292,"apocopic form of uno: a, an",object
cuore di,263209,heart,"used to indicate possession, after the thing owned and before the owner; of; ’s"
prendere il,263198,"to take, hold, pick up, get",the
che vengono,263188,what; which,third-person plural present indicative of venire
già detto,263049,"already, yet",past participle of dire
in ragione,263026,in,"reason, intellect"
un elemento,262980,"apocopic form of uno: a, an",element
al telefono,262948,"contraction of a + il, literally “to the, at the”","telephone, phone"
con tutte,262680,"with, together",feminine plural of tutto
una pausa,262657,feminine singular of uno,"pause, break, stop, interval"
più avanti,262644,comparative degree of molto; more,"previous, prior, last"
un tono,262548,"apocopic form of uno: a, an",tone (all senses)
mette in,262545,third-person singular present indicative of mettere,in
più alto,262511,comparative degree of molto; more,"high, tall"
gli ha,262394,"form of the article i (“the”) used before a vowel, impure s, gn, pn, ps, sc, x, y, and z, and also with the plural noun dei (“gods”); the",third-person singular present indicative of avere and (obsolete) havere
per mano,262355,for,hand
parole che,262252,plural of parola (“words”),what; which
mi dice,262244,clitic accusative of io. me,third-person singular present indicative of dire
solo l',262219,"alone, by oneself, unattended, unaccompanied, lonely, lone, lonesome","apocopic form of il/lo, la: the"
a mia,262080,"The first letter of the Italian alphabet, called a and written in the Latin script.",feminine singular of mio
lui che,262060,he,what; which
di colore,262053,"used to indicate possession, after the thing owned and before the owner; of; ’s",color/colour
lo fece,262051,"the form of il that is used before the so-called impure consonants, that is, s+consonant (impure s), gn, pn, ps, x, y, or z, and before i+vocal, bd, cn, ct, dm, ft, mn, pt, tm and also ts; before a vowel it becomes l'; the",third-person singular past historic of fare
di dolore,261976,"used to indicate possession, after the thing owned and before the owner; of; ’s","ache, pain"
nei limiti,261919,contraction of in i; in the,plural of limite
la condizione,261916,the,condition
rapporti di,261902,plural of rapporto,"used to indicate possession, after the thing owned and before the owner; of; ’s"
fino alle,261868,"till, until, as far as","contraction of a le; to the, at the"
e agli,261782,"The fifth letter of the Italian alphabet, called e and written in the Latin script.","contraction of a gli; to the, at the"
una bambina,261601,feminine singular of uno,female equivalent of bambino
è fatto,261590,"Used to disambiguate words ending in a stressed ⟨-e⟩, regardless of its pronunciation","done, made"
o anche,261537,"The thirteenth letter of the Italian alphabet, called o and written in the Latin script.","also, too, as well, besides"
non importa,261514,not,inflection of importare:
pieni di,261441,masculine plural of pieno,"used to indicate possession, after the thing owned and before the owner; of; ’s"
di partenza,261381,"used to indicate possession, after the thing owned and before the owner; of; ’s","departure, leaving, starting"
lo sa,261346,"the form of il that is used before the so-called impure consonants, that is, s+consonant (impure s), gn, pn, ps, x, y, or z, and before i+vocal, bd, cn, ct, dm, ft, mn, pt, tm and also ts; before a vowel it becomes l'; the",third-person singular present indicative of sapere (“to know”)
sul viso,261285,contraction of su + il: on the,face (all senses)
ha preso,261283,third-person singular present indicative of avere and (obsolete) havere,"busy, taken up, preoccupied (of person)"
le nuove,261221,the,feminine plural of nuovo
proposta di,260989,proposal,"used to indicate possession, after the thing owned and before the owner; of; ’s"
fra loro,260956,between,"they, them"
perché in,260932,"because, why",in
del caso,260604,"contraction of di + il; some, of the, from the","chance, fate"
arrivare a,260599,"to arrive, to come, to reach","The first letter of the Italian alphabet, called a and written in the Latin script."
il gioco,260570,the,game
di amministrazione,260428,"used to indicate possession, after the thing owned and before the owner; of; ’s","administration, management"
il cervello,260347,the,cerebrum
una tale,260291,feminine singular of uno,such
di massa,260260,"used to indicate possession, after the thing owned and before the owner; of; ’s",mass (all senses)
nel testo,260242,contraction of in il; in the,"synonym of tessuto, past participle of tessere"
d' imposta,260095,apocopic form of di: of,"tax, duty, customs"
nel giro,260088,contraction of in il; in the,"turn, twist, rotation, revolution"
della politica,260066,"contraction of di la; of the, from the",politics
il principe,260046,the,prince
cosa ci,259992,"thing, matter",The name of the Latin script letter C/c.; cee
che vuoi,259879,what; which,second-person singular present indicative of volere
quanto a,259874,"how much, how many, however much, however many","The first letter of the Italian alphabet, called a and written in the Latin script."
il regime,259795,the,"regime, régime"
ogni modo,259733,"each, every","manner, way"
ad andare,259727,initialism of amministratore delegato (“CEO”),to go
il mento,259687,the,"chin, mentum"
al proprio,259630,"contraction of a + il, literally “to the, at the”","one's, one's own, her (own), its (own), their (own)"
altri due,259593,"someone else, another",two
che ero,259559,what; which,first-person singular imperfect indicative of essere; (I) was
solo i,259521,"alone, by oneself, unattended, unaccompanied, lonely, lone, lonesome","The ninth letter of the Italian alphabet, called i and written in the Latin script."
contratti di,259486,masculine plural of contratto,"used to indicate possession, after the thing owned and before the owner; of; ’s"
vigore della,259270,"vigour, stamina, strength","contraction of di la; of the, from the"
non capisco,259239,not,first-person singular present indicative of capire
in ambito,259161,in,past participle of ambire
prevede che,259153,third-person singular present indicative of prevedere,what; which
quali è,259138,plural of quale,"Used to disambiguate words ending in a stressed ⟨-e⟩, regardless of its pronunciation"
il cibo,259135,the,food
procedimento di,259067,course (of a programme/program of work),"used to indicate possession, after the thing owned and before the owner; of; ’s"
nelle mani,258991,contraction of in le; in the,plural of mano
confronti dei,258976,plural of confronto,"contraction of di + i; of the, from the"
e molto,258894,"The fifth letter of the Italian alphabet, called e and written in the Latin script.","much, very much, a lot (with verbs)"
di testa,258894,"used to indicate possession, after the thing owned and before the owner; of; ’s",head
lo più,258876,"the form of il that is used before the so-called impure consonants, that is, s+consonant (impure s), gn, pn, ps, x, y, or z, and before i+vocal, bd, cn, ct, dm, ft, mn, pt, tm and also ts; before a vowel it becomes l'; the",comparative degree of molto; more
tutte queste,258825,feminine plural of tutto,feminine plural of questo
dovere di,258759,to owe,"used to indicate possession, after the thing owned and before the owner; of; ’s"
provvedimento di,258681,"measure, act, step","used to indicate possession, after the thing owned and before the owner; of; ’s"
del Signore,258603,"contraction of di + il; some, of the, from the",lord (ruler)
il Consiglio,258584,the,"advice, counsel"
insieme di,258582,together,"used to indicate possession, after the thing owned and before the owner; of; ’s"
sono anche,258536,"first-person singular present indicative of essere: (I) am, I'm","also, too, as well, besides"
il muro,258511,the,wall
io ero,258346,I (the first-person singular nominative pronoun),first-person singular imperfect indicative of essere; (I) was
anche nella,258247,"also, too, as well, besides",contraction of in la; in the
un bene,258247,"apocopic form of uno: a, an","upper-class, posh, high"
la crisi,258167,the,crisis
la punta,258077,the,"point, head, tip, top, peak, end"
forse era,258043,"maybe, perhaps, possibly, may, might","age, epoch, period"
problemi di,257984,plural of problema,"used to indicate possession, after the thing owned and before the owner; of; ’s"
di Cristo,257934,"used to indicate possession, after the thing owned and before the owner; of; ’s",Christ
nei primi,257864,contraction of in i; in the,masculine plural of primo
opportunità di,257833,"expediency, advisability, opportunity, timeliness","used to indicate possession, after the thing owned and before the owner; of; ’s"
la proposta,257776,the,proposal
erano le,257749,third-person plural imperfect indicative of essere,the
la dottrina,257748,the,doctrine
non riesce,257706,not,third-person singular present indicative of riuscire
delle informazioni,257679,"contraction of di le; of the, from the",plural of informazione
dicendo che,257675,gerund of dire,what; which
la sorella,257621,the,sister
è evidente,257588,"Used to disambiguate words ending in a stressed ⟨-e⟩, regardless of its pronunciation",evident
a prescindere,257535,"The first letter of the Italian alphabet, called a and written in the Latin script.",to leave aside [with da]
come lui,257459,how,he
l' essere,257398,"apocopic form of il/lo, la: the",Used as a copula. to be
come ti,257252,how,The name of the Latin script letter T/t.; tee
vi sia,257184,"second-person personal plural object pronoun: you, to you",inflection of essere:
sua figlia,257174,feminine singular of suo,daughter
il cane,257116,the,"dog, male dog"
punto che,257045,"point (all senses), jot, iota",what; which
a caso,256971,"The first letter of the Italian alphabet, called a and written in the Latin script.","chance, fate"
dalla mia,256951,"contraction of da + la, literally “from the”",feminine singular of mio
disse la,256938,third-person singular past historic of dire,the
conto della,256905,calculation,"contraction of di la; of the, from the"
del piano,256889,"contraction of di + il; some, of the, from the",plane
di prevenzione,256847,"used to indicate possession, after the thing owned and before the owner; of; ’s",prevention
una luce,256835,feminine singular of uno,light (visible electromagnetic wave; electrical device providing light)
città e,256820,"town, city","The fifth letter of the Italian alphabet, called e and written in the Latin script."
se vi,256756,abbreviation of sudest; southeast,"second-person personal plural object pronoun: you, to you"
il messaggio,256748,the,message
fare per,256733,to do,for
braccia e,256639,plural of braccio (“arm”),"The fifth letter of the Italian alphabet, called e and written in the Latin script."
cui gli,256471,"prepositional of che: whom, which","form of the article i (“the”) used before a vowel, impure s, gn, pn, ps, sc, x, y, and z, and also with the plural noun dei (“gods”); the"
di vetro,256418,"used to indicate possession, after the thing owned and before the owner; of; ’s",glass (transparent material)
o alla,256376,"The thirteenth letter of the Italian alphabet, called o and written in the Latin script.","contraction of a + la; to the, at the"
ecco perché,256343,"used to call someone's attention to suddenly approaching or appearing beings or things; here is..., there is...","because, why"
prima cosa,256308,feminine singular of primo,"thing, matter"
il mercato,256219,the,market (in all senses)
l' indicazione,256218,"apocopic form of il/lo, la: the",indication
poi le,255957,then,the
non viene,255869,not,third-person singular present indicative of venire
il direttore,255787,the,"manager, director"
espressione di,255748,expression,"used to indicate possession, after the thing owned and before the owner; of; ’s"
con riguardo,255548,"with, together","respect, connection, regard"
mio corpo,255541,my; of mine (used attributively),body (the physical structure of a human or animal)
al secondo,255466,"contraction of a + il, literally “to the, at the”",second
con forza,255398,"with, together",force
di forza,255091,"used to indicate possession, after the thing owned and before the owner; of; ’s",force
ancora oggi,255048,still,today
per uno,255009,for,one
nella mente,254844,contraction of in la; in the,mind
un bicchiere,254842,"apocopic form of uno: a, an","glass (drinking vessel), cup, tumbler (glass without stem)"
disposizioni del,254819,plural of disposizione,"contraction of di + il; some, of the, from the"
era tutto,254795,"age, epoch, period",all
il quadro,254771,the,square
si avvicina,254703,"oneself, himself, herself, itself, themselves",inflection of avvicinare:
la pace,254516,the,peace
so se,254500,first-person singular present indicative of sapere (“to know”),abbreviation of sudest; southeast
la memoria,254473,the,"memory, recall (the ability of the brain to record information)"
si pone,254351,"oneself, himself, herself, itself, themselves",third-person singular present indicative of porre
ore di,254321,plural of ora,"used to indicate possession, after the thing owned and before the owner; of; ’s"
da chi,254314,from (all senses),"who, whom; whoever"
il fiato,254207,the,breath
camera da,254139,room; chamber (all senses),from (all senses)
tanto tempo,254101,so much; so many,time
il cellulare,254083,the,cellular
a piangere,254046,"The first letter of the Italian alphabet, called a and written in the Latin script.","to weep, cry"
fosse la,254006,third-person singular imperfect subjunctive of essere,the
quanto tempo,253984,"how much, how many, however much, however many",time
sei tu,253827,six,you (singular); thou
da poco,253709,from (all senses),"little, not much"
di carne,253668,"used to indicate possession, after the thing owned and before the owner; of; ’s","meat, flesh"
attraverso un,253605,through,"apocopic form of uno: a, an"
che vuole,253537,what; which,third-person singular present indicative of volere
impressione che,253533,feeling,what; which
da dire,253528,from (all senses),to utter (produce (speech or other sounds) with one's voice)
reato di,253408,"offence/offense, crime","used to indicate possession, after the thing owned and before the owner; of; ’s"
sul mio,253374,contraction of su + il: on the,my; of mine (used attributively)
al più,253361,"contraction of a + il, literally “to the, at the”",comparative degree of molto; more
dietro il,253184,"behind, at the back",the
chiesa di,253104,church,"used to indicate possession, after the thing owned and before the owner; of; ’s"
l' aiuto,253086,"apocopic form of il/lo, la: the","help, assistance, aid"
modo più,253059,"manner, way",comparative degree of molto; more
se qualcuno,252918,abbreviation of sudest; southeast,"someone, somebody"
te e,252805,"you, thee","The fifth letter of the Italian alphabet, called e and written in the Latin script."
porta della,252757,gate,"contraction of di la; of the, from the"
rapporti tra,252727,plural of rapporto,between
i mezzi,252586,"The ninth letter of the Italian alphabet, called i and written in the Latin script.",masculine plural of mezzo
opere di,252581,plural of opera,"used to indicate possession, after the thing owned and before the owner; of; ’s"
venire a,252559,to come,"The first letter of the Italian alphabet, called a and written in the Latin script."
di se,252463,"used to indicate possession, after the thing owned and before the owner; of; ’s",abbreviation of sudest; southeast
come ha,252446,how,third-person singular present indicative of avere and (obsolete) havere
tempo in,252326,time,in
nel buio,252246,contraction of in il; in the,dark (contrary of luminous)
nessun altro,252238,apocopic form of nessuno,"other, another, more, further, else"
della responsabilità,252195,"contraction of di la; of the, from the",responsibility (duty for which someone is accountable)
del Ministero,252154,"contraction of di + il; some, of the, from the",ministry
luogo in,252083,"place (location, position)",in
era anche,252053,"age, epoch, period","also, too, as well, besides"
sempre stato,251995,always,"state (physical property of matter as solid, liquid, gas or plasma)"
sul mercato,251899,contraction of su + il: on the,market (in all senses)
quando un,251832,when,"apocopic form of uno: a, an"
del cielo,251804,"contraction of di + il; some, of the, from the",sky
un quadro,251764,"apocopic form of uno: a, an",square
di accesso,251714,"used to indicate possession, after the thing owned and before the owner; of; ’s","access, admittance, approach"
speranza di,251635,hope,"used to indicate possession, after the thing owned and before the owner; of; ’s"
mio marito,251612,my; of mine (used attributively),husband
dopo qualche,251608,later,few
come al,251408,how,"contraction of a + il, literally “to the, at the”"
di conoscere,251382,"used to indicate possession, after the thing owned and before the owner; of; ’s","to know (a person or place), to meet (a person), to experience"
della produzione,251380,"contraction of di la; of the, from the","production, making, generation (the act of producing)"
sono mai,251358,"first-person singular present indicative of essere: (I) am, I'm",never
ma questa,251346,"but, however",feminine singular of questo
egli non,251241,he,not
costruzione di,251218,construction (all senses),"used to indicate possession, after the thing owned and before the owner; of; ’s"
se tu,251188,abbreviation of sudest; southeast,you (singular); thou
strumenti di,251126,plural of strumento,"used to indicate possession, after the thing owned and before the owner; of; ’s"
per arrivare,251091,for,"to arrive, to come, to reach"
gli animali,251085,"form of the article i (“the”) used before a vowel, impure s, gn, pn, ps, sc, x, y, and z, and also with the plural noun dei (“gods”); the",plural of animale
aveva chiesto,250997,third-person singular imperfect indicative of avere,past participle of chiedere
se sono,250997,abbreviation of sudest; southeast,"first-person singular present indicative of essere: (I) am, I'm"
la frase,250961,the,sentence
io lo,250959,I (the first-person singular nominative pronoun),"the form of il that is used before the so-called impure consonants, that is, s+consonant (impure s), gn, pn, ps, x, y, or z, and before i+vocal, bd, cn, ct, dm, ft, mn, pt, tm and also ts; before a vowel it becomes l'; the"
mano a,250948,hand,"The first letter of the Italian alphabet, called a and written in the Latin script."
qualche anno,250903,few,year (all senses)
causa del,250839,cause,"contraction of di + il; some, of the, from the"
studi di,250781,inflection of studiare:,"used to indicate possession, after the thing owned and before the owner; of; ’s"
del credito,250768,"contraction of di + il; some, of the, from the",credit (all senses)
mio figlio,250721,my; of mine (used attributively),son
le luci,250635,the,second-person singular present indicative of lucere
i soldati,250626,"The ninth letter of the Italian alphabet, called i and written in the Latin script.",plural of soldato
a camminare,250544,"The first letter of the Italian alphabet, called a and written in the Latin script.","to walk, to tread, to travel, to wander, to stroll, to saunter"
di Gesù,250437,"used to indicate possession, after the thing owned and before the owner; of; ’s",Jesus
dietro le,250347,"behind, at the back",the
il limite,250319,the,"limit, limitation, bounds"
come me,250315,how,me
scelta di,250301,choice,"used to indicate possession, after the thing owned and before the owner; of; ’s"
si ritiene,250261,"oneself, himself, herself, itself, themselves",third-person singular present indicative of ritenere
la tensione,250239,the,"tension, suspense"
è lo,250203,"Used to disambiguate words ending in a stressed ⟨-e⟩, regardless of its pronunciation","the form of il that is used before the so-called impure consonants, that is, s+consonant (impure s), gn, pn, ps, x, y, or z, and before i+vocal, bd, cn, ct, dm, ft, mn, pt, tm and also ts; before a vowel it becomes l'; the"
per dire,250202,for,to utter (produce (speech or other sounds) with one's voice)
da soli,250161,from (all senses),plural of sole (“Sun”)
poco tempo,250048,"little, not much",time
programma di,250034,"programme/program, schedule, agenda","used to indicate possession, after the thing owned and before the owner; of; ’s"
di salute,249990,"used to indicate possession, after the thing owned and before the owner; of; ’s","health, wellbeing"
aria di,249971,air,"used to indicate possession, after the thing owned and before the owner; of; ’s"
avrebbero potuto,249906,third-person plural conditional of avere,past participle of potere
volta a,249848,"time, instance, occasion","The first letter of the Italian alphabet, called a and written in the Latin script."
la nascita,249681,the,birth
giorno e,249664,day,"The fifth letter of the Italian alphabet, called e and written in the Latin script."
la speranza,249630,the,hope
di evitare,249603,"used to indicate possession, after the thing owned and before the owner; of; ’s","to avoid, shy away from"
per cercare,249560,for,to look for
punto in,249503,"point (all senses), jot, iota",in
se fossi,249449,abbreviation of sudest; southeast,plural of fosso
di qualità,249434,"used to indicate possession, after the thing owned and before the owner; of; ’s",quality
le pareti,249386,the,plural of parete
sua mano,249311,feminine singular of suo,hand
due uomini,249298,two,plural of uomo
a cena,249178,"The first letter of the Italian alphabet, called a and written in the Latin script.",dinner (evening meal)
che quello,249176,what; which,"that, those"
la riforma,249045,the,reform
e sempre,248987,"The fifth letter of the Italian alphabet, called e and written in the Latin script.",always
dalle sue,248809,contraction of da le; from the,plural of sua
la fase,248802,the,"phase, stage, period, level, degree, step"
della nuova,248781,"contraction of di la; of the, from the",news
un semplice,248712,"apocopic form of uno: a, an",simple
l' organizzazione,248616,"apocopic form of il/lo, la: the","organization, arrangement, planning"
a cosa,248616,"The first letter of the Italian alphabet, called a and written in the Latin script.","thing, matter"
in qualsiasi,248394,in,any
e mentre,248316,"The fifth letter of the Italian alphabet, called e and written in the Latin script.",while; as (during the same time that)
casa mia,248249,house,feminine singular of mio
io a,248200,I (the first-person singular nominative pronoun),"The first letter of the Italian alphabet, called a and written in the Latin script."
enti locali,248189,plural of ente,plural of locale
vigore del,248080,"vigour, stamina, strength","contraction of di + il; some, of the, from the"
regime di,247949,"regime, régime","used to indicate possession, after the thing owned and before the owner; of; ’s"
della Costituzione,247839,"contraction of di la; of the, from the","constitution, structure, composition"
questa storia,247810,feminine singular of questo,history
un quarto,247787,"apocopic form of uno: a, an",fourth
disse con,247688,third-person singular past historic of dire,"with, together"
il terreno,247610,the,ground
l' auto,247496,"apocopic form of il/lo, la: the",clipping of automobile: car
che avrei,247421,what; which,first-person singular conditional of avere
a New,247362,"The first letter of the Italian alphabet, called a and written in the Latin script.",
gli studi,247359,"form of the article i (“the”) used before a vowel, impure s, gn, pn, ps, sc, x, y, and z, and also with the plural noun dei (“gods”); the",inflection of studiare:
un accordo,247344,"apocopic form of uno: a, an","accord, agreement, bond"
l' ingresso,247314,"apocopic form of il/lo, la: the","entrance, hall"
una maggiore,247313,feminine singular of uno,"bigger, greater"
la rabbia,247306,the,"anger, chafe"
sempre con,247280,always,"with, together"
le immagini,247276,the,plural of immagine
il commissario,247261,the,commissioner
la misura,247206,the,"measure, measurement"
così il,247205,so,the
delle nostre,247150,"contraction of di le; of the, from the",feminine plural of nostro
loro e,247071,"they, them","The fifth letter of the Italian alphabet, called e and written in the Latin script."
lei ha,247027,she,third-person singular present indicative of avere and (obsolete) havere
dei principi,247015,"contraction of di + i; of the, from the",plural of principe
ed a,246986,"alternative form of e for euphony, especially before /e/ or /ɛ/; and","The first letter of the Italian alphabet, called a and written in the Latin script."
a credere,246930,"The first letter of the Italian alphabet, called a and written in the Latin script.",to believe
sino a,246883,alternative form of fino,"The first letter of the Italian alphabet, called a and written in the Latin script."
sua presenza,246847,feminine singular of suo,presence
dei contratti,246834,"contraction of di + i; of the, from the",masculine plural of contratto
tasso di,246833,"rate, level, percentage","used to indicate possession, after the thing owned and before the owner; of; ’s"
i lavoratori,246813,"The ninth letter of the Italian alphabet, called i and written in the Latin script.",plural of lavoratore
una decisione,246704,feminine singular of uno,decision
del debitore,246703,"contraction of di + il; some, of the, from the",debtor
non sembra,246679,not,inflection of sembrare:
in comune,246629,in,"mutual, common"
i vari,246522,"The ninth letter of the Italian alphabet, called i and written in the Latin script.",masculine plural of vario
di terra,246483,"used to indicate possession, after the thing owned and before the owner; of; ’s",ground
del secondo,246464,"contraction of di + il; some, of the, from the",second
di venire,246454,"used to indicate possession, after the thing owned and before the owner; of; ’s",to come
senza di,246432,without,"used to indicate possession, after the thing owned and before the owner; of; ’s"
più possibile,246284,comparative degree of molto; more,possible
la spada,246251,the,sword
suo volto,246151,"his, her, its",face
un tale,246106,"apocopic form of uno: a, an",such
cosa ti,245975,"thing, matter",The name of the Latin script letter T/t.; tee
degli elementi,245907,"contraction of di gli; of the, from the",plural of elemento
dei creditori,245886,"contraction of di + i; of the, from the",plural of creditore
a scrivere,245872,"The first letter of the Italian alphabet, called a and written in the Latin script.",to write
li aveva,245856,them (masculine),third-person singular imperfect indicative of avere
non superiore,245827,not,"superior (intelligence, quality)"
in proposito,245758,in,"purpose, intention, plan, design"
del capo,245730,"contraction of di + il; some, of the, from the","boss, chief, leader"
si chinò,245652,"oneself, himself, herself, itself, themselves",third-person singular past historic of chinare
di condanna,245610,"used to indicate possession, after the thing owned and before the owner; of; ’s",sentence (at a trial)
porta di,245470,gate,"used to indicate possession, after the thing owned and before the owner; of; ’s"
la determinazione,245468,the,determination (all senses)
gli enti,245409,"form of the article i (“the”) used before a vowel, impure s, gn, pn, ps, sc, x, y, and z, and also with the plural noun dei (“gods”); the",plural of ente
mondo e,245394,world,"The fifth letter of the Italian alphabet, called e and written in the Latin script."
la metà,245391,the,half
ancora il,245360,still,the
ad es,245317,initialism of amministratore delegato (“CEO”),
resto del,245307,"rest, remainder, balance","contraction of di + il; some, of the, from the"
qualcosa da,245264,something,from (all senses)
pensi che,245230,inflection of pensare:,what; which
pubblica amministrazione,245191,feminine singular of pubblico,"administration, management"
alla legge,245147,"contraction of a + la; to the, at the",law
il riferimento,245103,the,"reference, mention"
di parte,245055,"used to indicate possession, after the thing owned and before the owner; of; ’s",part
mani di,244807,plural of mano,"used to indicate possession, after the thing owned and before the owner; of; ’s"
più vicino,244805,comparative degree of molto; more,"near, close"
i requisiti,244703,"The ninth letter of the Italian alphabet, called i and written in the Latin script.",masculine plural of requisito
dal quale,244668,contraction of da + il; from the,what?
necessario che,244636,necessary,what; which
allora non,244618,then (at that time),not
il presente,244366,the,present (appearing)
mi era,244291,clitic accusative of io. me,"age, epoch, period"
sarebbero stati,244138,third-person plural conditional of essere,plural of stato
del tribunale,244047,"contraction of di + il; some, of the, from the",court
quasi sempre,244037,"almost, nearly",always
dei prodotti,243881,"contraction of di + i; of the, from the",plural of prodotto
del bilancio,243756,"contraction of di + il; some, of the, from the","balance (list of credits and debits), balance sheet, budget"
sulle sue,243676,contraction of su le; on the,plural of sua
evitare di,243643,"to avoid, shy away from","used to indicate possession, after the thing owned and before the owner; of; ’s"
che invece,243559,what; which,"instead, but, whereas, on the contrary"
sempre il,243532,always,the
il letto,243452,the,bed
si pensi,243375,"oneself, himself, herself, itself, themselves",inflection of pensare:
nonostante il,243306,though,the
dire il,243251,to utter (produce (speech or other sounds) with one's voice),the
che sembra,243248,what; which,inflection of sembrare:
si chiamava,243231,"oneself, himself, herself, itself, themselves",third-person singular imperfect indicative of chiamare
così da,243214,so,from (all senses)
il personale,243190,the,"personal, private"
aver fatto,243014,apocopic form of avere,"done, made"
di pelle,242990,"used to indicate possession, after the thing owned and before the owner; of; ’s",skin
si allontanò,242960,"oneself, himself, herself, itself, themselves",third-person singular past historic of allontanare
una gran,242708,feminine singular of uno,apocopic form of grande m or f by sense
l' avevano,242683,"apocopic form of il/lo, la: the",third-person plural imperfect indicative of avere
a fuoco,242640,"The first letter of the Italian alphabet, called a and written in the Latin script.",fire
in alcun,242637,in,apocopic form of alcuno
ora in,242572,hour (a unit of time of one twenty-fourth of a day (sixty minutes)),in
aveva appena,242562,third-person singular imperfect indicative of avere,"barely, hardly"
e nessuno,242449,"The fifth letter of the Italian alphabet, called e and written in the Latin script.","no, any"
relazione al,242425,connection,"contraction of a + il, literally “to the, at the”"
i provvedimenti,242331,"The ninth letter of the Italian alphabet, called i and written in the Latin script.",plural of provvedimento
voglio dire,242183,first-person singular present indicative of volere,to utter (produce (speech or other sounds) with one's voice)
da loro,242181,from (all senses),"they, them"
differenza tra,242172,difference,between
solo le,242168,"alone, by oneself, unattended, unaccompanied, lonely, lone, lonesome",the
chiuse gli,242062,feminine plural of chiuso,"form of the article i (“the”) used before a vowel, impure s, gn, pn, ps, sc, x, y, and z, and also with the plural noun dei (“gods”); the"
vita a,242060,life,"The first letter of the Italian alphabet, called a and written in the Latin script."
a base,241977,"The first letter of the Italian alphabet, called a and written in the Latin script.","base, alkaline"
per voi,241951,for,you (second person plural)
nello spazio,241920,contraction of in lo; in the,space
le scarpe,241812,the,plural of scarpa
della Commissione,241785,"contraction of di la; of the, from the","commission, committee, board (body of officials)"
questo era,241746,"this, these","age, epoch, period"
al solito,241732,"contraction of a + il, literally “to the, at the”","usual, habitual, customary, same old"
è questa,241711,"Used to disambiguate words ending in a stressed ⟨-e⟩, regardless of its pronunciation",feminine singular of questo
ora non,241705,hour (a unit of time of one twenty-fourth of a day (sixty minutes)),not
perché lo,241700,"because, why","the form of il that is used before the so-called impure consonants, that is, s+consonant (impure s), gn, pn, ps, x, y, or z, and before i+vocal, bd, cn, ct, dm, ft, mn, pt, tm and also ts; before a vowel it becomes l'; the"
era successo,241544,"age, epoch, period",success
un errore,241486,"apocopic form of uno: a, an","mistake, error, slip, howler, blunder, goof"
in tre,241458,in,three
ha lasciato,241433,third-person singular present indicative of avere and (obsolete) havere,past participle of lasciare
delle proprie,241273,"contraction of di le; of the, from the",feminine plural of proprio
quindi la,241217,"therefore, hence, thus",the
della presente,241181,"contraction of di la; of the, from the",present (appearing)
uomini di,241099,plural of uomo,"used to indicate possession, after the thing owned and before the owner; of; ’s"
i nuovi,241096,"The ninth letter of the Italian alphabet, called i and written in the Latin script.",masculine plural of nuovo
sul petto,241038,contraction of su + il: on the,chest (anatomical)
alla nostra,241021,"contraction of a + la; to the, at the",feminine singular of nostro
e cominciò,240873,"The fifth letter of the Italian alphabet, called e and written in the Latin script.",third-person singular past historic of cominciare
nessuno di,240786,"no, any","used to indicate possession, after the thing owned and before the owner; of; ’s"
contrasto con,240758,"obstacle, hindrance","with, together"
un breve,240754,"apocopic form of uno: a, an","brief, short"
o dei,240717,"The thirteenth letter of the Italian alphabet, called o and written in the Latin script.","contraction of di + i; of the, from the"
successive modificazioni,240676,feminine plural of successivo,plural of modificazione
allora che,240665,then (at that time),what; which
stato per,240614,"state (physical property of matter as solid, liquid, gas or plasma)",for
base a,240560,"base, alkaline","The first letter of the Italian alphabet, called a and written in the Latin script."
ricordo di,240499,"memory, recollection, remembrance","used to indicate possession, after the thing owned and before the owner; of; ’s"
confronti della,240476,plural of confronto,"contraction of di la; of the, from the"
trenta giorni,240437,thirty,days
alla stessa,240377,"contraction of a + la; to the, at the",feminine singular of stesso
relazione con,240350,connection,"with, together"
ci è,240328,The name of the Latin script letter C/c.; cee,"Used to disambiguate words ending in a stressed ⟨-e⟩, regardless of its pronunciation"
un viaggio,240280,"apocopic form of uno: a, an","journey, trip, tour, voyage"
ma ci,240173,"but, however",The name of the Latin script letter C/c.; cee
nei pressi,240142,contraction of in i; in the,"neighbourhood/neighborhood, outskirts, surroundings"
che sarà,240085,what; which,third-person singular future of essere
se avessi,240078,abbreviation of sudest; southeast,first/second-person singular imperfect subjunctive of avere
lui stesso,240038,he,"same, equal"
un cane,239983,"apocopic form of uno: a, an","dog, male dog"
la conseguenza,239939,the,consequence
invece che,239843,"instead, but, whereas, on the contrary",what; which
alla volta,239788,"contraction of a + la; to the, at the","time, instance, occasion"
alle mie,239771,"contraction of a le; to the, at the",feminine plural of mio
sue labbra,239653,plural of sua,plural of labbro
l' assenza,239599,"apocopic form of il/lo, la: the",absence
di mantenere,239518,"used to indicate possession, after the thing owned and before the owner; of; ’s","to maintain, to keep"
paura che,239495,fear,what; which
evitare che,239361,"to avoid, shy away from",what; which
mentre gli,239348,while; as (during the same time that),"form of the article i (“the”) used before a vowel, impure s, gn, pn, ps, sc, x, y, and z, and also with the plural noun dei (“gods”); the"
giorno prima,239303,day,feminine singular of primo
la signorina,239262,the,young lady
le tre,239258,the,three
non un,239045,not,"apocopic form of uno: a, an"
e cosa,239044,"The fifth letter of the Italian alphabet, called e and written in the Latin script.","thing, matter"
le idee,238908,the,plural of idea
della comunicazione,238840,"contraction of di la; of the, from the",communication
l' età,238779,"apocopic form of il/lo, la: the",age (number of years in someone's life)
vuoi che,238742,second-person singular present indicative of volere,what; which
uno Stato,238644,one,"state (physical property of matter as solid, liquid, gas or plasma)"
gli aspetti,238618,"form of the article i (“the”) used before a vowel, impure s, gn, pn, ps, sc, x, y, and z, and also with the plural noun dei (“gods”); the",plural of aspetto
di gioia,238615,"used to indicate possession, after the thing owned and before the owner; of; ’s","joy, delight"
dei soci,238548,"contraction of di + i; of the, from the",plural of socio
fa un,238539,third-person singular present indicative of fare,"apocopic form of uno: a, an"
sono stata,238478,"first-person singular present indicative of essere: (I) am, I'm",feminine singular of stato
diritti di,238459,masculine plural of diritto,"used to indicate possession, after the thing owned and before the owner; of; ’s"
e là,238455,"The fifth letter of the Italian alphabet, called e and written in the Latin script.",there
aveva ancora,238365,third-person singular imperfect indicative of avere,still
strumento di,238306,"instrument (all senses), tool, implement, means","used to indicate possession, after the thing owned and before the owner; of; ’s"
famiglia e,238301,family,"The fifth letter of the Italian alphabet, called e and written in the Latin script."
attesa di,238216,feminine singular of atteso,"used to indicate possession, after the thing owned and before the owner; of; ’s"
più difficile,238212,comparative degree of molto; more,"difficult, hard"
la regola,238194,the,"rule, norm, code, principle, order"
ancora la,238154,still,the
della porta,238142,"contraction of di la; of the, from the",gate
quattro anni,238134,four,plural of anno
del cuore,238134,"contraction of di + il; some, of the, from the",heart
sulle labbra,237888,contraction of su le; on the,plural of labbro
gli fece,237883,"form of the article i (“the”) used before a vowel, impure s, gn, pn, ps, sc, x, y, and z, and also with the plural noun dei (“gods”); the",third-person singular past historic of fare
i vestiti,237830,"The ninth letter of the Italian alphabet, called i and written in the Latin script.","masculine plural of vestito (“dressed, clothed”)"
la violazione,237700,the,violation
la costituzione,237578,the,"constitution, structure, composition"
del tipo,237572,"contraction of di + il; some, of the, from the","standard, model, average, stock"
il ricordo,237533,the,"memory, recollection, remembrance"
il petto,237468,the,chest (anatomical)
non essendo,237432,not,gerund of essere
sono a,237392,"first-person singular present indicative of essere: (I) am, I'm","The first letter of the Italian alphabet, called a and written in the Latin script."
mai avuto,237391,never,past participle of avere
e quasi,237369,"The fifth letter of the Italian alphabet, called e and written in the Latin script.","almost, nearly"
che uno,237362,what; which,one
quanto pare,237284,"how much, how many, however much, however many",archaic form of pari (“peer”)
vi era,237212,"second-person personal plural object pronoun: you, to you","age, epoch, period"
a morte,237205,"The first letter of the Italian alphabet, called a and written in the Latin script.",death
fu una,237003,"deceased, late",feminine singular of uno
essere stata,236998,Used as a copula. to be,feminine singular of stato
circa la,236994,"regarding, concerning",the
l' azienda,236953,"apocopic form of il/lo, la: the","firm, company, business, concern, establishment"
attorno al,236885,around,"contraction of a + il, literally “to the, at the”"
applicazione della,236655,"application (something applied to a surface, and in computing)","contraction of di la; of the, from the"
del secolo,236634,"contraction of di + il; some, of the, from the",century (100 years)
bicchiere di,236628,"glass (drinking vessel), cup, tumbler (glass without stem)","used to indicate possession, after the thing owned and before the owner; of; ’s"
per alcuni,236605,for,"plural of alcuno (“some, a few”)"
dal primo,236495,contraction of da + il; from the,first
azione di,236493,"action, deed","used to indicate possession, after the thing owned and before the owner; of; ’s"
di plastica,236426,"used to indicate possession, after the thing owned and before the owner; of; ’s",plastic
disse a,236404,third-person singular past historic of dire,"The first letter of the Italian alphabet, called a and written in the Latin script."
quando ho,236393,when,first-person singular present indicative of avere and (obsolete) havere
ad oggetto,236338,initialism of amministratore delegato (“CEO”),object
suoi genitori,236163,masculine plural of suo,masculine plural of genitore
del settore,236153,"contraction of di + il; some, of the, from the",sector
con qualche,236117,"with, together",few
dello sviluppo,236113,"contraction of di lo; of the, from the","development, growth, strengthening, expansion"
della ricerca,236075,"contraction of di la; of the, from the","search, quest, hunt, manhunt, prospecting, pursuit"
un filo,235847,"apocopic form of uno: a, an","thread (for sewing, etc.)"
tra due,235846,between,two
di dati,235815,"used to indicate possession, after the thing owned and before the owner; of; ’s",masculine plural of dato
avere il,235698,to have,the
di nuovi,235657,"used to indicate possession, after the thing owned and before the owner; of; ’s",masculine plural of nuovo
e può,235624,"The fifth letter of the Italian alphabet, called e and written in the Latin script.",third-person singular present indicative of potere
vita è,235566,life,"Used to disambiguate words ending in a stressed ⟨-e⟩, regardless of its pronunciation"
d' animo,235554,apocopic form of di: of,mind
possibilità che,235517,possibility,what; which
si vuole,235502,"oneself, himself, herself, itself, themselves",third-person singular present indicative of volere
delle azioni,235470,"contraction of di le; of the, from the",plural of azione
anno di,235468,year (all senses),"used to indicate possession, after the thing owned and before the owner; of; ’s"
l' agente,235451,"apocopic form of il/lo, la: the","agent, representative"
allo stato,235355,"contraction of a + lo, literally “to the, at the”","state (physical property of matter as solid, liquid, gas or plasma)"
ogni altra,235203,"each, every",feminine singular of altro
e quel,235145,"The fifth letter of the Italian alphabet, called e and written in the Latin script.","apocopic form of quello, used before a consonant (except impure s, gn, pn, ps, x, z)"
della cosa,235119,"contraction of di la; of the, from the","thing, matter"
il caffè,235040,the,coffee (plant and drink)
probabile che,235035,"probable, likely, prospective",what; which
ma ho,235010,"but, however",first-person singular present indicative of avere and (obsolete) havere
o si,234950,"The thirteenth letter of the Italian alphabet, called o and written in the Latin script.","oneself, himself, herself, itself, themselves"
e subito,234903,"The fifth letter of the Italian alphabet, called e and written in the Latin script.","at once, immediately, as soon as possible, shortly"
fatto per,234871,"done, made",for
la sospensione,234760,the,suspension (all senses)
di atti,234748,"used to indicate possession, after the thing owned and before the owner; of; ’s",plural of atto
sono così,234717,"first-person singular present indicative of essere: (I) am, I'm",so
per ciò,234709,for,this
come di,234566,how,"used to indicate possession, after the thing owned and before the owner; of; ’s"
decreto di,234549,decree,"used to indicate possession, after the thing owned and before the owner; of; ’s"
di accertamento,234501,"used to indicate possession, after the thing owned and before the owner; of; ’s","check, verification"
in rapporto,234476,in,"report, statement, account"
è facile,234344,"Used to disambiguate words ending in a stressed ⟨-e⟩, regardless of its pronunciation",easy
di mezzo,234276,"used to indicate possession, after the thing owned and before the owner; of; ’s","half, middle"
era quasi,234272,"age, epoch, period","almost, nearly"
diversa da,234261,feminine singular of diverso,from (all senses)
relazione alla,234256,connection,"contraction of a + la; to the, at the"
niente da,234245,nothing,from (all senses)
per farlo,234221,for,compound of the infinitive fare with lo
la luna,234158,the,a natural satellite
si rivolse,234112,"oneself, himself, herself, itself, themselves",third-person singular past historic of rivolvere
conto del,234099,calculation,"contraction of di + il; some, of the, from the"
essa è,233960,"it, she, her","Used to disambiguate words ending in a stressed ⟨-e⟩, regardless of its pronunciation"
a nord,233935,"The first letter of the Italian alphabet, called a and written in the Latin script.",north
di rispondere,233892,"used to indicate possession, after the thing owned and before the owner; of; ’s","to answer, to reply, to respond [with a ‘to’]"
il colore,233837,the,color/colour
il male,233742,the,"badly, wrongly"
del paziente,233652,"contraction of di + il; some, of the, from the",patient
durante i,233587,during,"The ninth letter of the Italian alphabet, called i and written in the Latin script."
col suo,233548,contraction of con il; with the,"his, her, its"
tutto quel,233462,all,"apocopic form of quello, used before a consonant (except impure s, gn, pn, ps, x, z)"
necessario per,233432,necessary,for
la giovane,233338,the,young
e n,233324,"The fifth letter of the Italian alphabet, called e and written in the Latin script.","The twelfth letter of the Italian alphabet, called enne and written in the Latin script."
in gran,232944,in,apocopic form of grande m or f by sense
sapendo che,232917,gerund of sapere,what; which
in gioco,232861,in,game
lavoro che,232758,work (all senses),what; which
da sé,232698,from (all senses),"oneself, himself, herself"
nessuno dei,232687,"no, any","contraction of di + i; of the, from the"
ma adesso,232601,"but, however",now
attraverso una,232546,through,feminine singular of uno
pensa che,232515,inflection of pensare:,what; which
i contratti,232508,"The ninth letter of the Italian alphabet, called i and written in the Latin script.",masculine plural of contratto
solo nel,232502,"alone, by oneself, unattended, unaccompanied, lonely, lone, lonesome",contraction of in il; in the
è tenuto,232500,"Used to disambiguate words ending in a stressed ⟨-e⟩, regardless of its pronunciation","obliged, indebted, grateful, bound to someone"
mi avrebbe,232452,clitic accusative of io. me,third-person singular conditional of avere
di tenere,232410,"used to indicate possession, after the thing owned and before the owner; of; ’s",to hold
proprio a,232360,"one's, one's own, her (own), its (own), their (own)","The first letter of the Italian alphabet, called a and written in the Latin script."
definizione di,232299,definition,"used to indicate possession, after the thing owned and before the owner; of; ’s"
molti anni,232289,masculine plural of molto,plural of anno
della chiesa,232280,"contraction of di la; of the, from the",church
lo fa,232055,"the form of il that is used before the so-called impure consonants, that is, s+consonant (impure s), gn, pn, ps, x, y, or z, and before i+vocal, bd, cn, ct, dm, ft, mn, pt, tm and also ts; before a vowel it becomes l'; the",third-person singular present indicative of fare
di molti,231992,"used to indicate possession, after the thing owned and before the owner; of; ’s",masculine plural of molto
di Napoli,231920,"used to indicate possession, after the thing owned and before the owner; of; ’s","Naples (a port city and comune, the capital of the Metropolitan City of Naples and the region of Campania, Italy)"
noi stessi,231886,we; us,masculine plural of stesso
mentre lui,231868,while; as (during the same time that),he
può anche,231825,third-person singular present indicative of potere,"also, too, as well, besides"
alle loro,231741,"contraction of a le; to the, at the","they, them"
chi lo,231717,"who, whom; whoever","the form of il that is used before the so-called impure consonants, that is, s+consonant (impure s), gn, pn, ps, x, y, or z, and before i+vocal, bd, cn, ct, dm, ft, mn, pt, tm and also ts; before a vowel it becomes l'; the"
i pensieri,231533,"The ninth letter of the Italian alphabet, called i and written in the Latin script.",plural of pensiero
la fede,231455,the,"faith, belief"
che tra,231450,what; which,between
a sud,231364,"The first letter of the Italian alphabet, called a and written in the Latin script.",south
dei singoli,231317,"contraction of di + i; of the, from the",plural of singolo
anche ai,231316,"also, too, as well, besides","contraction of a i; to the, at the"
di nuove,231309,"used to indicate possession, after the thing owned and before the owner; of; ’s",feminine plural of nuovo
che portava,231270,what; which,third-person singular imperfect indicative of portare
in sostanza,231257,in,"substance, matter, material"
il calore,231243,the,warmth
da mangiare,231233,from (all senses),to eat
del periodo,231102,"contraction of di + il; some, of the, from the","period, time, span, run"
così via,231037,so,"street, path"
una condizione,230972,feminine singular of uno,condition
ha l',230938,third-person singular present indicative of avere and (obsolete) havere,"apocopic form of il/lo, la: the"
al tuo,230876,"contraction of a + il, literally “to the, at the”",your (informal)
pensò che,230801,third-person singular past historic of pensare,what; which
i cittadini,230786,"The ninth letter of the Italian alphabet, called i and written in the Latin script.",plural of cittadino
di appello,230786,"used to indicate possession, after the thing owned and before the owner; of; ’s","plea, appeal, call"
nel secondo,230766,contraction of in il; in the,second
essere di,230699,Used as a copula. to be,"used to indicate possession, after the thing owned and before the owner; of; ’s"
ritenere che,230675,to hold again,what; which
di libertà,230567,"used to indicate possession, after the thing owned and before the owner; of; ’s",freedom; liberty
il programma,230491,the,"programme/program, schedule, agenda"
decisione di,230437,decision,"used to indicate possession, after the thing owned and before the owner; of; ’s"
ogni altro,230351,"each, every","other, another, more, further, else"
aveva in,230348,third-person singular imperfect indicative of avere,in
una struttura,230309,feminine singular of uno,"structure, construction, organization, frame, framework, system, fabric"
il proprietario,230303,the,"owner, proprietary, proprietor, landlord"
un paese,230267,"apocopic form of uno: a, an",country (nation)
sviluppo di,230237,"development, growth, strengthening, expansion","used to indicate possession, after the thing owned and before the owner; of; ’s"
di farsi,230215,"used to indicate possession, after the thing owned and before the owner; of; ’s",reflexive of fare
il consenso,230160,the,"consent, assent, agreement, permission"
era per,230159,"age, epoch, period",for
le ultime,230113,the,feminine plural of ultimo
se solo,230009,abbreviation of sudest; southeast,"alone, by oneself, unattended, unaccompanied, lonely, lone, lonesome"
dove sono,230000,where,"first-person singular present indicative of essere: (I) am, I'm"
il dottore,229983,the,doctor
cui ci,229894,"prepositional of che: whom, which",The name of the Latin script letter C/c.; cee
ti amo,229843,The name of the Latin script letter T/t.; tee,hook
ad altre,229839,initialism of amministratore delegato (“CEO”),feminine plural of altro
essere umano,229789,Used as a copula. to be,human
così si,229590,so,"oneself, himself, herself, itself, themselves"
nella casa,229553,contraction of in la; in the,house
lo sono,229537,"the form of il that is used before the so-called impure consonants, that is, s+consonant (impure s), gn, pn, ps, x, y, or z, and before i+vocal, bd, cn, ct, dm, ft, mn, pt, tm and also ts; before a vowel it becomes l'; the","first-person singular present indicative of essere: (I) am, I'm"
per prendere,229506,for,"to take, hold, pick up, get"
le vostre,229467,the,feminine plural of vostro
tempi di,229413,plural of tempo,"used to indicate possession, after the thing owned and before the owner; of; ’s"
adesso che,229386,now,what; which
voleva che,229358,third-person singular imperfect indicative of volere,what; which
di coloro,229213,"used to indicate possession, after the thing owned and before the owner; of; ’s",they
ne consegue,229179,abbreviation of nordest; northeast,inflection of conseguire:
di portare,229121,"used to indicate possession, after the thing owned and before the owner; of; ’s","to bring, fetch, take, carry"
mai fatto,229120,never,"done, made"
suo tempo,229116,"his, her, its",time
natura e,229084,nature,"The fifth letter of the Italian alphabet, called e and written in the Latin script."
avevano fatto,229060,third-person plural imperfect indicative of avere,"done, made"
da anni,228999,from (all senses),plural of anno
avuto una,228927,past participle of avere,feminine singular of uno
che ciò,228918,what; which,this
un forte,228914,"apocopic form of uno: a, an","fort, fortress"
di sentire,228904,"used to indicate possession, after the thing owned and before the owner; of; ’s",to feel
a disagio,228892,"The first letter of the Italian alphabet, called a and written in the Latin script.","discomfort, usually mental rather than physical"
tono di,228870,tone (all senses),"used to indicate possession, after the thing owned and before the owner; of; ’s"
di quegli,228767,"used to indicate possession, after the thing owned and before the owner; of; ’s",masculine plural of quello
il linguaggio,228748,the,language
pur non,228731,apocopic form of pure,not
che essi,228727,what; which,"plural of egli and esso: they, them"
i membri,228534,"The ninth letter of the Italian alphabet, called i and written in the Latin script.",plural of membro
la colpa,228437,the,fault
su questa,228431,"up, upstairs",feminine singular of questo
le armi,228419,the,plural of arma
il vino,228413,the,"wine (an alcoholic beverage made by fermenting grape juice, with an ABV ranging from 5.5–16%)"
in lei,228400,in,she
sul quale,228399,contraction of su + il: on the,what?
tirò fuori,228385,third-person singular past historic of tirare,outside
la tesi,228378,the,thesis
di volte,228254,"used to indicate possession, after the thing owned and before the owner; of; ’s",plural of volta
quale l',228144,what?,"apocopic form of il/lo, la: the"
sono già,228131,"first-person singular present indicative of essere: (I) am, I'm","already, yet"
a voce,228113,"The first letter of the Italian alphabet, called a and written in the Latin script.",voice
sul fatto,228102,contraction of su + il: on the,"done, made"
soggetti che,228090,masculine plural of soggetto,what; which
suoi pensieri,228006,masculine plural of suo,plural of pensiero
sia pure,227962,inflection of essere:,feminine plural of puro
compagnia di,227947,"company, companionship, fellowship, society, people","used to indicate possession, after the thing owned and before the owner; of; ’s"
dallo stesso,227902,contraction of da lo; from the,"same, equal"
il permesso,227877,the,"allowed, permitted"
pur sempre,227857,apocopic form of pure,always
gli è,227839,"form of the article i (“the”) used before a vowel, impure s, gn, pn, ps, sc, x, y, and z, and also with the plural noun dei (“gods”); the","Used to disambiguate words ending in a stressed ⟨-e⟩, regardless of its pronunciation"
si disse,227827,"oneself, himself, herself, itself, themselves",third-person singular past historic of dire
d' altro,227790,apocopic form of di: of,"other, another, more, further, else"
e basta,227771,"The fifth letter of the Italian alphabet, called e and written in the Latin script.",inflection of bastare:
e vide,227765,"The fifth letter of the Italian alphabet, called e and written in the Latin script.",third-person singular past historic of vedere
si verifica,227703,"oneself, himself, herself, itself, themselves","verification, test, control, check, inspection, examination"
ma nel,227634,"but, however",contraction of in il; in the
a quei,227542,"The first letter of the Italian alphabet, called a and written in the Latin script.",plural of quello
aveva ragione,227507,third-person singular imperfect indicative of avere,"reason, intellect"
le diverse,227488,the,feminine plural of diverso
fino in,227482,"till, until, as far as",in
tentato di,227456,past participle of tentare,"used to indicate possession, after the thing owned and before the owner; of; ’s"
motivi di,227399,plural of motivo,"used to indicate possession, after the thing owned and before the owner; of; ’s"
il divieto,227379,the,"prohibition, forbiddance, proscription"
ogni anno,227368,"each, every",year (all senses)
le relazioni,227332,the,plural of relazione
acqua e,227314,water,"The fifth letter of the Italian alphabet, called e and written in the Latin script."
in verità,227267,in,truth
con più,227177,"with, together",comparative degree of molto; more
lettera a,226963,letter (symbol in an alphabet),"The first letter of the Italian alphabet, called a and written in the Latin script."
il destino,226921,the,"destiny, fate"
una funzione,226878,feminine singular of uno,function
una sensazione,226794,feminine singular of uno,"sensation, feeling"
al cuore,226722,"contraction of a + il, literally “to the, at the”",heart
sua sorella,226719,feminine singular of suo,sister
immagino che,226631,first-person singular present indicative of immaginare,what; which
miei genitori,226610,masculine plural of mio,masculine plural of genitore
pochi giorni,226565,masculine plural of poco,days
decine di,226565,plural of decina,"used to indicate possession, after the thing owned and before the owner; of; ’s"
sia l',226559,inflection of essere:,"apocopic form of il/lo, la: the"
la creazione,226523,the,creation
nei loro,226519,contraction of in i; in the,"they, them"
la scienza,226512,the,science
a correre,226493,"The first letter of the Italian alphabet, called a and written in the Latin script.",to run [auxiliary essere or avere] (see above)
sulla mia,226468,"plant of the genus Sulla, particularly Sulla coronaria.",feminine singular of mio
dei primi,226430,"contraction of di + i; of the, from the",masculine plural of primo
la pistola,226385,the,"pistol, handgun"
che porta,226268,what; which,gate
il bicchiere,226244,the,"glass (drinking vessel), cup, tumbler (glass without stem)"
la sala,226202,the,room
a mezzo,226130,"The first letter of the Italian alphabet, called a and written in the Latin script.","half, middle"
il trasferimento,226078,the,transfer
il conte,226047,the,count (rank)
uomo e,225931,"person, man (human being)","The fifth letter of the Italian alphabet, called e and written in the Latin script."
non tanto,225907,not,so much; so many
anche alla,225771,"also, too, as well, besides","contraction of a + la; to the, at the"
per molti,225765,for,masculine plural of molto
la zona,225718,the,"a zone, area or district"
sono sicuro,225709,"first-person singular present indicative of essere: (I) am, I'm",safe; secure
la coda,225676,the,tail
ma forse,225635,"but, however","maybe, perhaps, possibly, may, might"
di raggiungere,225623,"used to indicate possession, after the thing owned and before the owner; of; ’s","to reach, arrive at, get to, touch"
non il,225592,not,the
nel sistema,225570,contraction of in il; in the,system
a mangiare,225462,"The first letter of the Italian alphabet, called a and written in the Latin script.",to eat
una sedia,225408,feminine singular of uno,chair
a cavallo,225366,"The first letter of the Italian alphabet, called a and written in the Latin script.",horse
miei occhi,225318,masculine plural of mio,plural of occhio
una strada,225258,feminine singular of uno,"road, way, street"
verso un,225245,verse,"apocopic form of uno: a, an"
la facoltà,225053,the,faculty
una risata,224985,feminine singular of uno,laughter
dove l',224832,where,"apocopic form of il/lo, la: the"
così non,224832,so,not
mente di,224695,mind,"used to indicate possession, after the thing owned and before the owner; of; ’s"
lontano da,224661,distant,from (all senses)
nella specie,224567,contraction of in la; in the,"especially, particularly"
la direzione,224542,the,"direction, way, course"
il generale,224508,the,general
di interessi,224461,"used to indicate possession, after the thing owned and before the owner; of; ’s",plural of interesse
i punti,224422,"The ninth letter of the Italian alphabet, called i and written in the Latin script.",plural of punto
quel tempo,224393,"apocopic form of quello, used before a consonant (except impure s, gn, pn, ps, x, z)",time
queste parole,224307,feminine plural of questo,plural of parola (“words”)
può dire,224219,third-person singular present indicative of potere,to utter (produce (speech or other sounds) with one's voice)
amore e,224191,love,"The fifth letter of the Italian alphabet, called e and written in the Latin script."
proposito di,224147,"purpose, intention, plan, design","used to indicate possession, after the thing owned and before the owner; of; ’s"
i grandi,224009,"The ninth letter of the Italian alphabet, called i and written in the Latin script.",plural of grande
un film,223989,"apocopic form of uno: a, an","film, movie"
almeno un,223953,at least,"apocopic form of uno: a, an"
anche nei,223910,"also, too, as well, besides",contraction of in i; in the
ma da,223905,"but, however",from (all senses)
andata a,223847,"outward journey, journey there","The first letter of the Italian alphabet, called a and written in the Latin script."
nella fase,223830,contraction of in la; in the,"phase, stage, period, level, degree, step"
in condizioni,223813,in,plural of condizione
il tribunale,223759,the,court
sono tutti,223686,"first-person singular present indicative of essere: (I) am, I'm","all; everybody, everyone"
donne che,223619,plural of donna,what; which
degli artt,223610,"contraction of di gli; of the, from the",
non doveva,223538,not,third-person singular imperfect indicative of dovere
stesso e,223462,"same, equal","The fifth letter of the Italian alphabet, called e and written in the Latin script."
questo mondo,223392,"this, these",world
ognuno di,223315,"each one, all","used to indicate possession, after the thing owned and before the owner; of; ’s"
erano i,223305,third-person plural imperfect indicative of essere,"The ninth letter of the Italian alphabet, called i and written in the Latin script."
mi sembrava,223263,clitic accusative of io. me,third-person singular imperfect indicative of sembrare
di seta,223234,"used to indicate possession, after the thing owned and before the owner; of; ’s",silk
nostra vita,223201,feminine singular of nostro,life
codice penale,223194,code (all meanings),"penal, criminal"
di parole,223173,"used to indicate possession, after the thing owned and before the owner; of; ’s",plural of parola (“words”)
Gazzetta Ufficiale,223153,gazette,official
era andato,223152,"age, epoch, period",past participle of andare
anche questo,223089,"also, too, as well, besides","this, these"
si mosse,223054,"oneself, himself, herself, itself, themselves",plural of mossa
che Dio,222868,what; which,"god, deity"
la dimensione,222792,the,dimension
quali non,222655,plural of quale,not
ho trovato,222644,first-person singular present indicative of avere and (obsolete) havere,past participle of trovare
risarcimento del,222620,compensation (for),"contraction of di + il; some, of the, from the"
a raggiungere,222546,"The first letter of the Italian alphabet, called a and written in the Latin script.","to reach, arrive at, get to, touch"
il Ministro,222502,the,minister
come mi,222433,how,clitic accusative of io. me
di buon,222315,"used to indicate possession, after the thing owned and before the owner; of; ’s",apocopic form of buono
sarebbe mai,222287,third-person singular conditional of essere,never
presso l',222245,"nearby, near, close","apocopic form of il/lo, la: the"
quando lui,222214,when,he
ecco che,222052,"used to call someone's attention to suddenly approaching or appearing beings or things; here is..., there is...",what; which
del fiume,222036,"contraction of di + il; some, of the, from the",river
era davvero,221977,"age, epoch, period","really, in fact"
certo senso,221877,"certain, sure",sense
pronta a,221871,feminine singular of pronto,"The first letter of the Italian alphabet, called a and written in the Latin script."
condizione che,221858,condition,what; which
beni e,221711,plural of bene,"The fifth letter of the Italian alphabet, called e and written in the Latin script."
non potevano,221663,not,third-person plural imperfect indicative of potere
dei requisiti,221502,"contraction of di + i; of the, from the",masculine plural of requisito
la salute,221481,the,"health, wellbeing"
l' esame,221426,"apocopic form of il/lo, la: the","examination, test"
la competenza,221355,the,competence
tende a,221344,plural of tenda,"The first letter of the Italian alphabet, called a and written in the Latin script."
dagli altri,221301,"compound of da', the second-person singular imperative form of dare, with gli","someone else, another"
già da,221234,"already, yet",from (all senses)
di lasciare,221230,"used to indicate possession, after the thing owned and before the owner; of; ’s",to leave (to leave something behind)
esigenze di,221145,plural of esigenza,"used to indicate possession, after the thing owned and before the owner; of; ’s"
qualche istante,221140,few,"moment, instant, jiffy"
le prove,221140,the,plural of prova
mese di,221138,month,"used to indicate possession, after the thing owned and before the owner; of; ’s"
un essere,221068,"apocopic form of uno: a, an",Used as a copula. to be
la coscienza,221044,the,conscience
la lettura,220992,the,reading (all senses)
con nota,220988,"with, together",note (in all senses)
il contrario,220957,the,"contrary, opposite, alien"
la chiesa,220927,the,church
portare a,220894,"to bring, fetch, take, carry","The first letter of the Italian alphabet, called a and written in the Latin script."
proprio il,220775,"one's, one's own, her (own), its (own), their (own)",the
centro del,220754,"centre, center","contraction of di + il; some, of the, from the"
ed egli,220683,"alternative form of e for euphony, especially before /e/ or /ɛ/; and",he
fra la,220573,between,the
portato a,220465,"second-hand, used","The first letter of the Italian alphabet, called a and written in the Latin script."
primo piano,220430,first,plane
una prima,220427,feminine singular of uno,feminine singular of primo
qualche tempo,220352,few,time
circa il,220305,"regarding, concerning",the
una scelta,220291,feminine singular of uno,choice
e spesso,220165,"The fifth letter of the Italian alphabet, called e and written in the Latin script.",thick
che spesso,220100,what; which,thick
il successo,219957,the,success
cosa non,219929,"thing, matter",not
morte del,219863,death,"contraction of di + il; some, of the, from the"
si aprì,219859,"oneself, himself, herself, itself, themselves",third-person singular past historic of aprire
la proprietà,219796,the,"ownership, proprietorship, property"
ragioni di,219764,plural of ragione,"used to indicate possession, after the thing owned and before the owner; of; ’s"
di creare,219735,"used to indicate possession, after the thing owned and before the owner; of; ’s",to create
di garanzia,219703,"used to indicate possession, after the thing owned and before the owner; of; ’s","guarantee, warrant, security"
l' amico,219694,"apocopic form of il/lo, la: the","friend, companion, partner"
fatto in,219667,"done, made",in
la nonna,219636,the,"grandmother, granny"
e perciò,219567,"The fifth letter of the Italian alphabet, called e and written in the Latin script.","so, therefore, consequently, thus"
la bellezza,219514,the,beauty
chi era,219451,"who, whom; whoever","age, epoch, period"
una vecchia,219436,feminine singular of uno,feminine singular of vecchio
grande e,219345,of greater physical dimensions or numerosity,"The fifth letter of the Italian alphabet, called e and written in the Latin script."
poi non,219298,then,not
che abbiano,219223,what; which,inflection of avere:
che avete,219215,what; which,second-person plural present indicative of avere
riforma del,219201,reform,"contraction of di + il; some, of the, from the"
dare una,219197,to give (to transfer the possession/holding of something to someone else),feminine singular of uno
un percorso,219182,"apocopic form of uno: a, an",distance
Dio e,219154,"god, deity","The fifth letter of the Italian alphabet, called e and written in the Latin script."
secondo quanto,219148,second,"how much, how many, however much, however many"
smettere di,219020,to stop or cease,"used to indicate possession, after the thing owned and before the owner; of; ’s"
è sufficiente,218990,"Used to disambiguate words ending in a stressed ⟨-e⟩, regardless of its pronunciation","sufficient, enough"
quanto più,218985,"how much, how many, however much, however many",comparative degree of molto; more
per motivi,218977,for,plural of motivo
cominciava a,218975,third-person singular imperfect indicative of cominciare,"The first letter of the Italian alphabet, called a and written in the Latin script."
se questo,218963,abbreviation of sudest; southeast,"this, these"
mano sul,218913,hand,contraction of su + il: on the
come tutti,218831,how,"all; everybody, everyone"
suoi amici,218688,masculine plural of suo,masculine plural of amico
da ultimo,218620,from (all senses),last
tenuto a,218501,"obliged, indebted, grateful, bound to someone","The first letter of the Italian alphabet, called a and written in the Latin script."
le varie,218390,the,feminine plural of vario
lo sapeva,218299,"the form of il that is used before the so-called impure consonants, that is, s+consonant (impure s), gn, pn, ps, x, y, or z, and before i+vocal, bd, cn, ct, dm, ft, mn, pt, tm and also ts; before a vowel it becomes l'; the",third-person singular imperfect indicative of sapere
fare qualcosa,218290,to do,something
in pochi,218174,in,masculine plural of poco
della cucina,218167,"contraction of di la; of the, from the",kitchen
a più,218146,"The first letter of the Italian alphabet, called a and written in the Latin script.",comparative degree of molto; more
era diventato,218012,"age, epoch, period",past participle of diventare
nel tentativo,217975,contraction of in il; in the,"attempt, try, effort, shot, endeavour/endeavor"
in compagnia,217885,in,"company, companionship, fellowship, society, people"
una simile,217852,feminine singular of uno,similar
non vedo,217805,not,first-person singular present indicative of vedere
un evento,217729,"apocopic form of uno: a, an",event
nel contesto,217691,contraction of in il; in the,"context, setting"
alcuni dei,217657,"plural of alcuno (“some, a few”)","contraction of di + i; of the, from the"
non poté,217648,not,third-person singular past historic of potere
due ore,217615,two,plural of ora
libro di,217579,book,"used to indicate possession, after the thing owned and before the owner; of; ’s"
l' operazione,217493,"apocopic form of il/lo, la: the",operation (in all senses)
è andato,217482,"Used to disambiguate words ending in a stressed ⟨-e⟩, regardless of its pronunciation",past participle of andare
principio della,217367,"beginning, start, inception","contraction of di la; of the, from the"
lo era,217305,"the form of il that is used before the so-called impure consonants, that is, s+consonant (impure s), gn, pn, ps, x, y, or z, and before i+vocal, bd, cn, ct, dm, ft, mn, pt, tm and also ts; before a vowel it becomes l'; the","age, epoch, period"
provincia di,217272,"province, also used generically (but not officially) to refer to non-federal administrative divisions or to the area around a big city","used to indicate possession, after the thing owned and before the owner; of; ’s"
può avere,217235,third-person singular present indicative of potere,to have
l' occhio,217233,"apocopic form of il/lo, la: the",eye
la sanzione,217181,the,"sanction, approval"
te l',217120,"you, thee","apocopic form of il/lo, la: the"
dei costi,217088,"contraction of di + i; of the, from the",inflection of costare:
aveva trovato,217027,third-person singular imperfect indicative of avere,past participle of trovare
di storia,216991,"used to indicate possession, after the thing owned and before the owner; of; ’s",history
in secondo,216944,in,second
si trovavano,216934,"oneself, himself, herself, itself, themselves",third-person plural imperfect indicative of trovare
fini del,216905,"plural of fine (“end, conclusion”)","contraction of di + il; some, of the, from the"
che esso,216882,what; which,it
il segno,216846,the,sign
ad uno,216754,initialism of amministratore delegato (“CEO”),one
per forza,216580,for,force
braccio e,216553,arm,"The fifth letter of the Italian alphabet, called e and written in the Latin script."
te la,216530,"you, thee",the
una macchina,216517,feminine singular of uno,machine
certo non,216469,"certain, sure",not
prese a,216441,feminine plural of preso,"The first letter of the Italian alphabet, called a and written in the Latin script."
ci hanno,216436,The name of the Latin script letter C/c.; cee,third-person plural present indicative of avere and (obsolete) havere
aveva deciso,216422,third-person singular imperfect indicative of avere,past participle of decidere
un mezzo,216373,"apocopic form of uno: a, an","half, middle"
o tre,216248,"The thirteenth letter of the Italian alphabet, called o and written in the Latin script.",three
me non,216166,me,not
ma aveva,216055,"but, however",third-person singular imperfect indicative of avere
per anni,216041,for,plural of anno
in gola,215991,in,throat (gullet or windpipe)
procedure di,215964,plural of procedura,"used to indicate possession, after the thing owned and before the owner; of; ’s"
il fenomeno,215881,the,phenomenon (all meanings)
si mette,215843,"oneself, himself, herself, itself, themselves",third-person singular present indicative of mettere
mio amico,215802,my; of mine (used attributively),"friend, companion, partner"
riguardo alla,215793,"respect, connection, regard","contraction of a + la; to the, at the"
di prodotti,215752,"used to indicate possession, after the thing owned and before the owner; of; ’s",plural of prodotto
to the,215739,,misspelling of tè
dare un,215664,to give (to transfer the possession/holding of something to someone else),"apocopic form of uno: a, an"
altre cose,215659,feminine plural of altro,plural of cosa
pensato di,215642,well thought-out or considered,"used to indicate possession, after the thing owned and before the owner; of; ’s"
i seguenti,215631,"The ninth letter of the Italian alphabet, called i and written in the Latin script.",plural of seguente
in discussione,215603,in,discussion
che qui,215586,what; which,here
alzò e,215574,third-person singular past historic of alzare,"The fifth letter of the Italian alphabet, called e and written in the Latin script."
mondo che,215554,world,what; which
con voi,215513,"with, together",you (second person plural)
siamo in,215510,inflection of essere:,in
dei cittadini,215347,"contraction of di + i; of the, from the",plural of cittadino
quel periodo,215284,"apocopic form of quello, used before a consonant (except impure s, gn, pn, ps, x, z)","period, time, span, run"
poi a,215244,then,"The first letter of the Italian alphabet, called a and written in the Latin script."
la base,215195,the,"base, alkaline"
in aria,215133,in,air
di difesa,215126,"used to indicate possession, after the thing owned and before the owner; of; ’s",feminine singular of difeso
vide che,215088,third-person singular past historic of vedere,what; which
suo amico,215069,"his, her, its","friend, companion, partner"
da queste,215012,from (all senses),feminine plural of questo
nella zona,215008,contraction of in la; in the,"a zone, area or district"
hai ragione,214924,second-person singular present indicative of avere and (obsolete) havere,"reason, intellect"
miliardi di,214910,plural of miliardo,"used to indicate possession, after the thing owned and before the owner; of; ’s"
noi siamo,214907,we; us,inflection of essere:
di vigilanza,214849,"used to indicate possession, after the thing owned and before the owner; of; ’s",supervision
la Commissione,214847,the,"commission, committee, board (body of officials)"
una porta,214845,feminine singular of uno,gate
di rischio,214807,"used to indicate possession, after the thing owned and before the owner; of; ’s","risk, chance, hazard, peril, danger"
su quella,214803,"up, upstairs",feminine singular of quello
di cinque,214782,"used to indicate possession, after the thing owned and before the owner; of; ’s",five
e tra,214743,"The fifth letter of the Italian alphabet, called e and written in the Latin script.",between
mai stata,214733,never,feminine singular of stato
caso che,214721,"chance, fate",what; which
qualche cosa,214713,few,"thing, matter"
l' elemento,214501,"apocopic form of il/lo, la: the",element
sua morte,214409,feminine singular of suo,death
Italia e,214323,Italy (a country in Southern Europe),"The fifth letter of the Italian alphabet, called e and written in the Latin script."
come sono,214244,how,"first-person singular present indicative of essere: (I) am, I'm"
senza un,214147,without,"apocopic form of uno: a, an"
lungo e,214092,long,"The fifth letter of the Italian alphabet, called e and written in the Latin script."
il Ministero,214077,the,ministry
l' area,213959,"apocopic form of il/lo, la: the","area, surface"
cenno di,213955,sign; nod,"used to indicate possession, after the thing owned and before the owner; of; ’s"
le domande,213952,the,plural of domanda
lettera di,213928,letter (symbol in an alphabet),"used to indicate possession, after the thing owned and before the owner; of; ’s"
fatto è,213870,"done, made","Used to disambiguate words ending in a stressed ⟨-e⟩, regardless of its pronunciation"
tua vita,213863,feminine singular of tuo,life
di passare,213848,"used to indicate possession, after the thing owned and before the owner; of; ’s",to pass (all senses)
come fosse,213809,how,third-person singular imperfect subjunctive of essere
l' avvocato,213738,"apocopic form of il/lo, la: the","lawyer, counsel, solicitor, barrister (male)"
il fiume,213605,the,river
quanto mi,213489,"how much, how many, however much, however many",clitic accusative of io. me
posto che,213477,past participle of porre,what; which
avevo mai,213456,first-person singular imperfect indicative of avere,never
che dopo,213365,what; which,later
ai nostri,213318,"contraction of a i; to the, at the",masculine plural of nostro
era lì,213303,"age, epoch, period","there, in that place"
prima ancora,213283,feminine singular of primo,still
fare i,213267,to do,"The ninth letter of the Italian alphabet, called i and written in the Latin script."
la settimana,213214,the,week
d' occhio,213209,apocopic form of di: of,eye
che ormai,213102,what; which,"by now, by this time, now, at this point, by then"
in acqua,213101,in,water
si vedeva,213050,"oneself, himself, herself, itself, themselves",third-person singular imperfect indicative of vedere
più e,213045,comparative degree of molto; more,"The fifth letter of the Italian alphabet, called e and written in the Latin script."
l' eventuale,212968,"apocopic form of il/lo, la: the","possible, potential, contingent"
giorni prima,212846,days,feminine singular of primo
come ho,212831,how,first-person singular present indicative of avere and (obsolete) havere
lei a,212810,she,"The first letter of the Italian alphabet, called a and written in the Latin script."
ora è,212805,hour (a unit of time of one twenty-fourth of a day (sixty minutes)),"Used to disambiguate words ending in a stressed ⟨-e⟩, regardless of its pronunciation"
di stato,212769,"used to indicate possession, after the thing owned and before the owner; of; ’s","state (physical property of matter as solid, liquid, gas or plasma)"
gli obiettivi,212741,"form of the article i (“the”) used before a vowel, impure s, gn, pn, ps, sc, x, y, and z, and also with the plural noun dei (“gods”); the",masculine plural of obiettivo
d' altronde,212634,apocopic form of di: of,"elsewhere, somewhere else"
soprattutto per,212533,"above all, most, most of all",for
della salute,212516,"contraction of di la; of the, from the","health, wellbeing"
tutto in,212459,all,in
giorni dopo,212440,days,later
dei valori,212300,"contraction of di + i; of the, from the",plural of valore
la carne,212276,the,"meat, flesh"
di gran,212257,"used to indicate possession, after the thing owned and before the owner; of; ’s",apocopic form of grande m or f by sense
riusciti a,212102,masculine plural of riuscito,"The first letter of the Italian alphabet, called a and written in the Latin script."
mettere a,212086,"to put, to place, to lay, to set","The first letter of the Italian alphabet, called a and written in the Latin script."
per ora,212011,for,hour (a unit of time of one twenty-fourth of a day (sixty minutes))
impressione di,211997,feeling,"used to indicate possession, after the thing owned and before the owner; of; ’s"
gli abitanti,211984,"form of the article i (“the”) used before a vowel, impure s, gn, pn, ps, sc, x, y, and z, and also with the plural noun dei (“gods”); the",plural of abitante
se a,211984,abbreviation of sudest; southeast,"The first letter of the Italian alphabet, called a and written in the Latin script."
le cause,211868,the,plural of causa
si muove,211857,"oneself, himself, herself, itself, themselves",third-person singular present indicative of muovere
molto di,211839,"much, very much, a lot (with verbs)","used to indicate possession, after the thing owned and before the owner; of; ’s"
esigenza di,211838,"requirement, need","used to indicate possession, after the thing owned and before the owner; of; ’s"
tutela del,211791,"guardianship, tutorship","contraction of di + il; some, of the, from the"
figlia di,211790,daughter,"used to indicate possession, after the thing owned and before the owner; of; ’s"
il territorio,211786,the,territory
si strinse,211706,"oneself, himself, herself, itself, themselves",third-person singular past historic of stringere
alla propria,211702,"contraction of a + la; to the, at the",feminine singular of proprio
storia e,211618,history,"The fifth letter of the Italian alphabet, called e and written in the Latin script."
bene a,211568,"upper-class, posh, high","The first letter of the Italian alphabet, called a and written in the Latin script."
a forma,211556,"The first letter of the Italian alphabet, called a and written in the Latin script.",form
secondo me,211538,second,me
articolo è,211480,article,"Used to disambiguate words ending in a stressed ⟨-e⟩, regardless of its pronunciation"
problema di,211406,problem,"used to indicate possession, after the thing owned and before the owner; of; ’s"
loro di,211398,"they, them","used to indicate possession, after the thing owned and before the owner; of; ’s"
la camicia,211381,the,"shirt, dress shirt"
che altro,211367,what; which,"other, another, more, further, else"
era riuscito,211277,"age, epoch, period",that has had a certain outcome or result
della prova,211166,"contraction of di la; of the, from the","trial, test, experiment"
cosa fare,211126,"thing, matter",to do
le orecchie,211099,the,plural of orecchio
vi ho,211096,"second-person personal plural object pronoun: you, to you",first-person singular present indicative of avere and (obsolete) havere
funzioni di,211090,plural of funzione,"used to indicate possession, after the thing owned and before the owner; of; ’s"
fin da,210979,apocopic form of fine,from (all senses)
di dieci,210974,"used to indicate possession, after the thing owned and before the owner; of; ’s",ten
delle opere,210839,"contraction of di le; of the, from the",plural of opera
spese di,210829,plural of spesa,"used to indicate possession, after the thing owned and before the owner; of; ’s"
dalla porta,210799,"contraction of da + la, literally “from the”",gate
tu che,210741,you (singular); thou,what; which
ma prima,210732,"but, however",feminine singular of primo
di gente,210589,"used to indicate possession, after the thing owned and before the owner; of; ’s",noble
bianco e,210529,white (bright and colourless/colorless),"The fifth letter of the Italian alphabet, called e and written in the Latin script."
l' argomento,210463,"apocopic form of il/lo, la: the","topic, matter, subject, issue, point (subject)"
nelle quali,210450,contraction of in le; in the,plural of quale
a stare,210388,"The first letter of the Italian alphabet, called a and written in the Latin script.","to stay, remain"
e nemmeno,210309,"The fifth letter of the Italian alphabet, called e and written in the Latin script.",not even
di fiducia,210300,"used to indicate possession, after the thing owned and before the owner; of; ’s","trust, faith"
la vendita,210278,the,sale
di attuazione,210245,"used to indicate possession, after the thing owned and before the owner; of; ’s","carrying out, effecting"
buona fede,210240,feminine singular of buono,"faith, belief"
una sera,210210,feminine singular of uno,evening
un pensiero,210196,"apocopic form of uno: a, an",thought
tre volte,209985,three,plural of volta
per prima,209982,for,feminine singular of primo
quasi a,209980,"almost, nearly","The first letter of the Italian alphabet, called a and written in the Latin script."
mia famiglia,209950,feminine singular of mio,family
l' alto,209887,"apocopic form of il/lo, la: the","high, tall"
alla casa,209757,"contraction of a + la; to the, at the",house
dal mio,209750,contraction of da + il; from the,my; of mine (used attributively)
sicuro di,209694,safe; secure,"used to indicate possession, after the thing owned and before the owner; of; ’s"
sulla terra,209674,"plant of the genus Sulla, particularly Sulla coronaria.",ground
se una,209671,abbreviation of sudest; southeast,feminine singular of uno
ho chiesto,209571,first-person singular present indicative of avere and (obsolete) havere,past participle of chiedere
a qualsiasi,209523,"The first letter of the Italian alphabet, called a and written in the Latin script.",any
un effetto,209523,"apocopic form of uno: a, an",effect (in all senses)
moglie e,209504,wife,"The fifth letter of the Italian alphabet, called e and written in the Latin script."
una semplice,209491,feminine singular of uno,simple
la sede,209480,the,venue
i processi,209426,"The ninth letter of the Italian alphabet, called i and written in the Latin script.",plural of processo
la conversazione,209335,the,"conversation, talk, interview"
di fondo,209280,"used to indicate possession, after the thing owned and before the owner; of; ’s",deep
abbiamo fatto,209198,inflection of avere:,"done, made"
viene a,208983,third-person singular present indicative of venire,"The first letter of the Italian alphabet, called a and written in the Latin script."
la previsione,208951,the,"prediction, forecast"
a tenere,208914,"The first letter of the Italian alphabet, called a and written in the Latin script.",to hold
tutti quelli,208864,"all; everybody, everyone",masculine plural of quello
famiglia di,208848,family,"used to indicate possession, after the thing owned and before the owner; of; ’s"
guerra mondiale,208784,"war, warfare","world, worldwide"
un movimento,208759,"apocopic form of uno: a, an",movement
non come,208756,not,how
delle finanze,208712,"contraction of di le; of the, from the",plural of finanza
da ciò,208592,from (all senses),this
momenti di,208586,plural of momento,"used to indicate possession, after the thing owned and before the owner; of; ’s"
ragione di,208579,"reason, intellect","used to indicate possession, after the thing owned and before the owner; of; ’s"
dal letto,208562,contraction of da + il; from the,bed
per così,208502,for,so
una o,208440,feminine singular of uno,"The thirteenth letter of the Italian alphabet, called o and written in the Latin script."
ed alla,208376,"alternative form of e for euphony, especially before /e/ or /ɛ/; and","contraction of a + la; to the, at the"
le voci,208319,the,plural of voce
tale che,208228,such,what; which
qui non,208214,here,not
delle funzioni,208159,"contraction of di le; of the, from the",plural of funzione
e sui,208010,"The fifth letter of the Italian alphabet, called e and written in the Latin script.",contraction of su i; on the
nome e,207985,name,"The fifth letter of the Italian alphabet, called e and written in the Latin script."
frutto di,207862,fruit,"used to indicate possession, after the thing owned and before the owner; of; ’s"
di acquisto,207834,"used to indicate possession, after the thing owned and before the owner; of; ’s","purchase, acquisition"
la somma,207812,the,"sum, amount"
ma al,207796,"but, however","contraction of a + il, literally “to the, at the”"
afferma che,207769,inflection of affermare:,what; which
della struttura,207762,"contraction of di la; of the, from the","structure, construction, organization, frame, framework, system, fabric"
sono due,207681,"first-person singular present indicative of essere: (I) am, I'm",two
che voi,207620,what; which,you (second person plural)
un campo,207512,"apocopic form of uno: a, an",field
di voce,207496,"used to indicate possession, after the thing owned and before the owner; of; ’s",voice
ad arrivare,207483,initialism of amministratore delegato (“CEO”),"to arrive, to come, to reach"
al principio,207478,"contraction of a + il, literally “to the, at the”","beginning, start, inception"
in forza,207404,in,force
è andata,207313,"Used to disambiguate words ending in a stressed ⟨-e⟩, regardless of its pronunciation","outward journey, journey there"
una forza,207209,feminine singular of uno,force
su come,207164,"up, upstairs",how
degli stessi,207029,"contraction of di gli; of the, from the",masculine plural of stesso
in Giur,207023,in,
a condizione,207011,"The first letter of the Italian alphabet, called a and written in the Latin script.",condition
della decisione,206979,"contraction of di la; of the, from the",decision
vista di,206903,feminine singular of visto,"used to indicate possession, after the thing owned and before the owner; of; ’s"
almeno per,206893,at least,for
l' energia,206892,"apocopic form of il/lo, la: the",energy
su e,206869,"up, upstairs","The fifth letter of the Italian alphabet, called e and written in the Latin script."
mi sarei,206867,clitic accusative of io. me,first-person singular conditional of essere
di assicurazione,206730,"used to indicate possession, after the thing owned and before the owner; of; ’s",assurance
le risorse,206581,the,plural of risorsa
una giornata,206574,feminine singular of uno,day
sulla soglia,206569,"plant of the genus Sulla, particularly Sulla coronaria.",threshold
in braccio,206560,in,arm
che devono,206533,what; which,third-person plural present indicative of dovere
del sangue,206517,"contraction of di + il; some, of the, from the",blood (vital liquid)
quegli anni,206480,masculine plural of quello,plural of anno
fare in,206436,to do,in
una forte,206433,feminine singular of uno,"fort, fortress"
si ferma,206401,"oneself, himself, herself, itself, themselves","service, draft"
suo fianco,206380,"his, her, its","flank, haunch (part of the body)"
i conti,206288,"The ninth letter of the Italian alphabet, called i and written in the Latin script.",plural of conto
della comunità,206262,"contraction of di la; of the, from the",community (all senses)
principi di,206201,plural of principe,"used to indicate possession, after the thing owned and before the owner; of; ’s"
un ordine,206181,"apocopic form of uno: a, an","order (command, instruction)"
del lavoratore,206173,"contraction of di + il; some, of the, from the",working
un dato,206135,"apocopic form of uno: a, an",past participle of dare
forse la,206134,"maybe, perhaps, possibly, may, might",the
non sembrava,206124,not,third-person singular imperfect indicative of sembrare
in Inghilterra,205956,in,England (a constituent country of the United Kingdom)
di bilancio,205864,"used to indicate possession, after the thing owned and before the owner; of; ’s","balance (list of credits and debits), balance sheet, budget"
capì che,205840,third-person singular past historic of capire,what; which
fa parte,205818,third-person singular present indicative of fare,part
un atteggiamento,205792,"apocopic form of uno: a, an","attitude, behaviour/behavior, ways, position, stance, air, pose"
gli oggetti,205783,"form of the article i (“the”) used before a vowel, impure s, gn, pn, ps, sc, x, y, and z, and also with the plural noun dei (“gods”); the",plural of oggetto
dato il,205778,past participle of dare,the
tra noi,205748,between,we; us
forse il,205744,"maybe, perhaps, possibly, may, might",the
che fossero,205735,what; which,third-person plural imperfect subjunctive of essere
la felicità,205701,the,happiness
in conformità,205695,in,"conformity, compliance"
le guance,205566,the,plural of guancia
in posizione,205524,in,position
il costo,205452,the,cost
degli effetti,205447,"contraction of di gli; of the, from the",plural of effetto
di diventare,205352,"used to indicate possession, after the thing owned and before the owner; of; ’s","to become (rich, dry, a doctor, etc.), to go (crazy, etc.), to turn (red, blue, etc.)"
trovare il,205308,to find,the
e tutte,205276,"The fifth letter of the Italian alphabet, called e and written in the Latin script.",feminine plural of tutto
come tale,205256,how,such
affermare che,205189,"to declare, to affirm, to state, to claim, to assert",what; which
con attenzione,205178,"with, together",attention
non significa,205087,not,inflection of significare:
mentre mi,205085,while; as (during the same time that),clitic accusative of io. me
dal comma,204946,contraction of da + il; from the,"subsection, subparagraph"
cominciarono a,204934,third-person plural past historic of cominciare,"The first letter of the Italian alphabet, called a and written in the Latin script."
in bagno,204918,in,bath
Foro it,204917,forum (square or marketplace used for public business and commerce),
volto di,204904,face,"used to indicate possession, after the thing owned and before the owner; of; ’s"
al mare,204891,"contraction of a + il, literally “to the, at the”",sea
lei che,204877,she,what; which
da dietro,204835,from (all senses),"behind, at the back"
ho la,204740,first-person singular present indicative of avere and (obsolete) havere,the
un tavolo,204723,"apocopic form of uno: a, an","table, board, desk"
riguarda il,204701,inflection of riguardare:,the
il pavimento,204643,the,floor
ed ecco,204642,"alternative form of e for euphony, especially before /e/ or /ɛ/; and","used to call someone's attention to suddenly approaching or appearing beings or things; here is..., there is..."
di classe,204461,"used to indicate possession, after the thing owned and before the owner; of; ’s",class (all senses)
ieri sera,204426,yesterday,evening
della giornata,204423,"contraction of di la; of the, from the",day
della causa,204385,"contraction of di la; of the, from the",cause
i muscoli,204367,"The ninth letter of the Italian alphabet, called i and written in the Latin script.",plural of muscolo
i motivi,204310,"The ninth letter of the Italian alphabet, called i and written in the Latin script.",plural of motivo
la massima,204221,the,maxim
uno studio,204204,one,study
odore di,204190,"smell, odour, odor, aroma, fragrance, scent","used to indicate possession, after the thing owned and before the owner; of; ’s"
lo svolgimento,204148,"the form of il that is used before the so-called impure consonants, that is, s+consonant (impure s), gn, pn, ps, x, y, or z, and before i+vocal, bd, cn, ct, dm, ft, mn, pt, tm and also ts; before a vowel it becomes l'; the",discussion (of an argument or theme)
in Germania,204118,in,Germany (a country in Central Europe; official name: Repubblica Federale Tedesca)
non possa,204118,not,"power, strength, vigour"
ad essa,204062,initialism of amministratore delegato (“CEO”),"it, she, her"
a fissare,203982,"The first letter of the Italian alphabet, called a and written in the Latin script.","to fasten, fix, secure"
in breve,203897,in,"brief, short"
sulla fronte,203876,"plant of the genus Sulla, particularly Sulla coronaria.","forehead, brow"
ne andò,203834,abbreviation of nordest; northeast,third-person singular past historic of andare
la violenza,203834,the,violence
sotto di,203807,"under, beneath, underneath","used to indicate possession, after the thing owned and before the owner; of; ’s"
quanto fosse,203794,"how much, how many, however much, however many",third-person singular imperfect subjunctive of essere
le sopracciglia,203784,the,plural of sopracciglio (both eyebrows of one person)
perché gli,203770,"because, why","form of the article i (“the”) used before a vowel, impure s, gn, pn, ps, sc, x, y, and z, and also with the plural noun dei (“gods”); the"
mise in,203747,third-person singular past historic of mettere,in
la consapevolezza,203666,the,"consciousness, awareness"
era rimasta,203663,"age, epoch, period",feminine singular of rimasto
mai di,203498,never,"used to indicate possession, after the thing owned and before the owner; of; ’s"
di pane,203352,"used to indicate possession, after the thing owned and before the owner; of; ’s",bread
preso in,203348,"busy, taken up, preoccupied (of person)",in
poi l',203345,then,"apocopic form of il/lo, la: the"
della tutela,203309,"contraction of di la; of the, from the","guardianship, tutorship"
mai a,203252,never,"The first letter of the Italian alphabet, called a and written in the Latin script."
in terra,203246,in,ground
trovare una,203149,to find,feminine singular of uno
posso fare,202975,first-person singular present indicative of potere,to do
alta voce,202970,feminine singular of alto,voice
solo dopo,202945,"alone, by oneself, unattended, unaccompanied, lonely, lone, lonesome",later
il racconto,202892,the,"story, tale, short story, account"
del rischio,202667,"contraction of di + il; some, of the, from the","risk, chance, hazard, peril, danger"
i colori,202635,"The ninth letter of the Italian alphabet, called i and written in the Latin script.",plural of colore
cui ai,202611,"prepositional of che: whom, which","contraction of a i; to the, at the"
di sostegno,202589,"used to indicate possession, after the thing owned and before the owner; of; ’s",support
voce che,202580,voice,what; which
del fondo,202489,"contraction of di + il; some, of the, from the",deep
tutto era,202410,all,"age, epoch, period"
vedere se,202401,to see,abbreviation of sudest; southeast
formazione di,202368,"formation, group","used to indicate possession, after the thing owned and before the owner; of; ’s"
un insieme,202327,"apocopic form of uno: a, an",together
a fianco,202247,"The first letter of the Italian alphabet, called a and written in the Latin script.","flank, haunch (part of the body)"
la riduzione,202229,the,"reduction, cut, cutback, retrenchment"
delle operazioni,202175,"contraction of di le; of the, from the",plural of operazione
di nome,202159,"used to indicate possession, after the thing owned and before the owner; of; ’s",name
alla testa,202088,"contraction of a + la; to the, at the",head
la visione,202078,the,vision (all senses)
questo periodo,202023,"this, these","period, time, span, run"
è del,202007,"Used to disambiguate words ending in a stressed ⟨-e⟩, regardless of its pronunciation","contraction of di + il; some, of the, from the"
è diventato,201980,"Used to disambiguate words ending in a stressed ⟨-e⟩, regardless of its pronunciation",past participle of diventare
del marito,201921,"contraction of di + il; some, of the, from the",husband
quando ti,201864,when,The name of the Latin script letter T/t.; tee
ci aveva,201816,The name of the Latin script letter C/c.; cee,third-person singular imperfect indicative of avere
ha più,201803,third-person singular present indicative of avere and (obsolete) havere,comparative degree of molto; more
sotto un,201771,"under, beneath, underneath","apocopic form of uno: a, an"
insieme al,201743,together,"contraction of a + il, literally “to the, at the”"
prendere in,201732,"to take, hold, pick up, get",in
oggi è,201729,today,"Used to disambiguate words ending in a stressed ⟨-e⟩, regardless of its pronunciation"
e andò,201651,"The fifth letter of the Italian alphabet, called e and written in the Latin script.",third-person singular past historic of andare
nelle loro,201628,contraction of in le; in the,"they, them"
l' orologio,201587,"apocopic form of il/lo, la: the","clock, watch (timekeeping instruments)"
i diversi,201578,"The ninth letter of the Italian alphabet, called i and written in the Latin script.",feminine plural of diverso
di assistenza,201573,"used to indicate possession, after the thing owned and before the owner; of; ’s",assistance
contro gli,201454,against,"form of the article i (“the”) used before a vowel, impure s, gn, pn, ps, sc, x, y, and z, and also with the plural noun dei (“gods”); the"
luce della,201447,light (visible electromagnetic wave; electrical device providing light),"contraction of di la; of the, from the"
una figura,201443,feminine singular of uno,figure (all senses)
da casa,201230,from (all senses),house
di qualcuno,201218,"used to indicate possession, after the thing owned and before the owner; of; ’s","someone, somebody"
sapeva di,201179,third-person singular imperfect indicative of sapere,"used to indicate possession, after the thing owned and before the owner; of; ’s"
il massimo,201159,the,maximum
più del,201149,comparative degree of molto; more,"contraction of di + il; some, of the, from the"
di ordine,201072,"used to indicate possession, after the thing owned and before the owner; of; ’s","order (command, instruction)"
l' autorizzazione,201064,"apocopic form of il/lo, la: the","authorization, permission"
un albero,201030,"apocopic form of uno: a, an",tree (all senses)
di sorveglianza,200992,"used to indicate possession, after the thing owned and before the owner; of; ’s",supervision
altre persone,200941,feminine plural of altro,plural of persona
momento del,200888,moment,"contraction of di + il; some, of the, from the"
Consiglio dei,200827,"advice, counsel","contraction of di + i; of the, from the"
anni che,200777,plural of anno,what; which
a diventare,200728,"The first letter of the Italian alphabet, called a and written in the Latin script.","to become (rich, dry, a doctor, etc.), to go (crazy, etc.), to turn (red, blue, etc.)"
cui lo,200689,"prepositional of che: whom, which","the form of il that is used before the so-called impure consonants, that is, s+consonant (impure s), gn, pn, ps, x, y, or z, and before i+vocal, bd, cn, ct, dm, ft, mn, pt, tm and also ts; before a vowel it becomes l'; the"
cinque minuti,200656,five,masculine plural of minuto
dentro il,200646,inside; indoors,the
e prese,200613,"The fifth letter of the Italian alphabet, called e and written in the Latin script.",feminine plural of preso
di rendere,200602,"used to indicate possession, after the thing owned and before the owner; of; ’s","to give back, to return"
termine per,200577,"end, close",for
non inferiore,200528,not,inferior
momento non,200517,moment,not
disse lei,200492,third-person singular past historic of dire,she
due mesi,200489,two,plural of mese
si fanno,200473,"oneself, himself, herself, itself, themselves",third-person plural present indicative of fare
atti del,200464,plural of atto,"contraction of di + il; some, of the, from the"
una breve,200407,feminine singular of uno,"brief, short"
in pieno,200355,in,full
se fossero,200350,abbreviation of sudest; southeast,third-person plural imperfect subjunctive of essere
le fece,200316,the,third-person singular past historic of fare
la malattia,200244,the,"illness, sickness, disease, ailment"
ha scritto,200234,third-person singular present indicative of avere and (obsolete) havere,past participle of scrivere
un segno,200165,"apocopic form of uno: a, an",sign
della proprietà,200091,"contraction of di la; of the, from the","ownership, proprietorship, property"
caso il,200063,"chance, fate",the
sul lavoro,199868,contraction of su + il: on the,work (all senses)
due settimane,199862,two,plural of settimana
abbiamo già,199844,inflection of avere:,"already, yet"
la tradizione,199844,the,"tradition, custom, use, heritage"
con ogni,199822,"with, together","each, every"
di partecipazione,199821,"used to indicate possession, after the thing owned and before the owner; of; ’s",participation
dicono che,199814,third-person plural present indicative of dire,what; which
il passato,199710,the,past participle of passare
e servizi,199661,"The fifth letter of the Italian alphabet, called e and written in the Latin script.",plural of servizio
si legge,199645,"oneself, himself, herself, itself, themselves",law
come te,199553,how,"you, thee"
del prodotto,199540,"contraction of di + il; some, of the, from the","extensive, protracted"
avrei voluto,199534,first-person singular conditional of avere,"deliberate, intentional"
dei processi,199516,"contraction of di + i; of the, from the",plural of processo
tecniche di,199486,feminine plural of tecnico,"used to indicate possession, after the thing owned and before the owner; of; ’s"
l' incontro,199465,"apocopic form of il/lo, la: the",towards
me stessa,199444,me,feminine singular of stesso
aveva messo,199434,third-person singular imperfect indicative of avere,messenger
se stesse,199396,abbreviation of sudest; southeast,feminine plural of stesso
poi lo,199392,then,"the form of il that is used before the so-called impure consonants, that is, s+consonant (impure s), gn, pn, ps, x, y, or z, and before i+vocal, bd, cn, ct, dm, ft, mn, pt, tm and also ts; before a vowel it becomes l'; the"
di crescita,199378,"used to indicate possession, after the thing owned and before the owner; of; ’s",growth
le indagini,199349,the,plural of indagine
quella mattina,199308,feminine singular of quello,morning
della lingua,199269,"contraction of di la; of the, from the",tongue
modi di,199180,plural of modo,"used to indicate possession, after the thing owned and before the owner; of; ’s"
è rimasto,199143,"Used to disambiguate words ending in a stressed ⟨-e⟩, regardless of its pronunciation",past participle of rimanere
forse per,199137,"maybe, perhaps, possibly, may, might",for
solo da,199075,"alone, by oneself, unattended, unaccompanied, lonely, lone, lonesome",from (all senses)
a rispondere,198880,"The first letter of the Italian alphabet, called a and written in the Latin script.","to answer, to reply, to respond [with a ‘to’]"
di agire,198860,"used to indicate possession, after the thing owned and before the owner; of; ’s",to act or operate
aveva più,198820,third-person singular imperfect indicative of avere,comparative degree of molto; more
alto e,198812,"high, tall","The fifth letter of the Italian alphabet, called e and written in the Latin script."
regno di,198774,kingdom (all senses),"used to indicate possession, after the thing owned and before the owner; of; ’s"
se lei,198756,abbreviation of sudest; southeast,she
ben più,198745,apocopic form of bene,comparative degree of molto; more
al petto,198745,"contraction of a + il, literally “to the, at the”",chest (anatomical)
ma alla,198741,"but, however","contraction of a + la; to the, at the"
come era,198729,how,"age, epoch, period"
in ospedale,198624,in,hospital
quando lei,198614,when,she
ed un,198595,"alternative form of e for euphony, especially before /e/ or /ɛ/; and","apocopic form of uno: a, an"
poiché la,198436,"since, because, as",the
le autorità,198403,the,authority (power to enforce rules or give orders)
un livello,198363,"apocopic form of uno: a, an",level
possesso di,198346,"possession, ownership","used to indicate possession, after the thing owned and before the owner; of; ’s"
dotato di,198343,past participle of dotare,"used to indicate possession, after the thing owned and before the owner; of; ’s"
in piena,198269,in,feminine singular of pieno
questi casi,198259,masculine plural of questo,plural of caso
gli occhiali,198230,"form of the article i (“the”) used before a vowel, impure s, gn, pn, ps, sc, x, y, and z, and also with the plural noun dei (“gods”); the","glasses, spectacles, eyeglasses (US)"
immagine di,198225,image,"used to indicate possession, after the thing owned and before the owner; of; ’s"
scuola di,198223,school,"used to indicate possession, after the thing owned and before the owner; of; ’s"
al decreto,198188,"contraction of a + il, literally “to the, at the”",decree
di appartenenza,198187,"used to indicate possession, after the thing owned and before the owner; of; ’s",belonging (to)
punta di,198178,"point, head, tip, top, peak, end","used to indicate possession, after the thing owned and before the owner; of; ’s"
nella seconda,198117,contraction of in la; in the,feminine singular of secondo
sulla schiena,198109,"plant of the genus Sulla, particularly Sulla coronaria.",back (the rear of the body)
egli si,198103,he,"oneself, himself, herself, itself, themselves"
del reddito,198045,"contraction of di + il; some, of the, from the",income
cerco di,198028,looked for,"used to indicate possession, after the thing owned and before the owner; of; ’s"
vita in,198001,life,in
il prodotto,197952,the,"extensive, protracted"
alcuni casi,197912,"plural of alcuno (“some, a few”)",plural of caso
proprio di,197906,"one's, one's own, her (own), its (own), their (own)","used to indicate possession, after the thing owned and before the owner; of; ’s"
andiamo a,197899,inflection of andare:,"The first letter of the Italian alphabet, called a and written in the Latin script."
un approccio,197874,"apocopic form of uno: a, an",approach
un ulteriore,197844,"apocopic form of uno: a, an",further
per primo,197834,for,first
gestione del,197819,management,"contraction of di + il; some, of the, from the"
in Foro,197766,in,forum (square or marketplace used for public business and commerce)
proprio così,197723,"one's, one's own, her (own), its (own), their (own)",so
la superficie,197723,the,surface
la giustizia,197603,the,"justice, fairness, equity"
si apre,197559,"oneself, himself, herself, itself, themselves",third-person singular present indicative of aprire
di esercizio,197549,"used to indicate possession, after the thing owned and before the owner; of; ’s",exercise (also military)
di intervento,197524,"used to indicate possession, after the thing owned and before the owner; of; ’s",intervention
aveva l',197481,third-person singular imperfect indicative of avere,"apocopic form of il/lo, la: the"
moglie di,197475,wife,"used to indicate possession, after the thing owned and before the owner; of; ’s"
nei giorni,197427,contraction of in i; in the,days
di piacere,197424,"used to indicate possession, after the thing owned and before the owner; of; ’s",(followed by a or preceded by an indirect object) to be pleasing to (usually translated into English as like with exchange of the subject and object)
una decina,197367,feminine singular of uno,a quantity of ten or so things
luce di,197294,light (visible electromagnetic wave; electrical device providing light),"used to indicate possession, after the thing owned and before the owner; of; ’s"
tu e,197271,you (singular); thou,"The fifth letter of the Italian alphabet, called e and written in the Latin script."
mia figlia,197145,feminine singular of mio,daughter
ciò è,197118,this,"Used to disambiguate words ending in a stressed ⟨-e⟩, regardless of its pronunciation"
agli artt,197116,"contraction of a gli; to the, at the",
proprio perché,197114,"one's, one's own, her (own), its (own), their (own)","because, why"
è l,197100,"Used to disambiguate words ending in a stressed ⟨-e⟩, regardless of its pronunciation","The tenth letter of the Italian alphabet, called elle and written in the Latin script."
la nave,197062,the,ship
un programma,197056,"apocopic form of uno: a, an","programme/program, schedule, agenda"
il volume,197042,the,volume
alle persone,197006,"contraction of a le; to the, at the",plural of persona
un gioco,196977,"apocopic form of uno: a, an",game
favore del,196897,favour/favor,"contraction of di + il; some, of the, from the"
messa a,196867,mass (in religion),"The first letter of the Italian alphabet, called a and written in the Latin script."
de l',196780,alternative form of di,"apocopic form of il/lo, la: the"
gli avrebbe,196737,"form of the article i (“the”) used before a vowel, impure s, gn, pn, ps, sc, x, y, and z, and also with the plural noun dei (“gods”); the",third-person singular conditional of avere
per nulla,196699,for,feminine singular of nullo
cambio di,196662,exchange,"used to indicate possession, after the thing owned and before the owner; of; ’s"
e voi,196606,"The fifth letter of the Italian alphabet, called e and written in the Latin script.",you (second person plural)
ti è,196597,The name of the Latin script letter T/t.; tee,"Used to disambiguate words ending in a stressed ⟨-e⟩, regardless of its pronunciation"
lungo le,196544,long,the
mezzo alla,196519,"half, middle","contraction of a + la; to the, at the"
più giovane,196495,comparative degree of molto; more,young
sua bocca,196399,feminine singular of suo,mouth (all senses)
delle regole,196334,"contraction of di le; of the, from the",plural of regola
il medesimo,196296,the,"same, identical, equal"
senso della,196292,sense,"contraction of di la; of the, from the"
sembra di,196235,inflection of sembrare:,"used to indicate possession, after the thing owned and before the owner; of; ’s"
quota di,196201,"share, amount, part","used to indicate possession, after the thing owned and before the owner; of; ’s"
la filosofia,196143,the,philosophy
pur essendo,196115,apocopic form of pure,gerund of essere
del regolamento,196032,"contraction of di + il; some, of the, from the",regulation
l' interpretazione,195985,"apocopic form of il/lo, la: the",interpretation
politica e,195963,politics,"The fifth letter of the Italian alphabet, called e and written in the Latin script."
ho una,195947,first-person singular present indicative of avere and (obsolete) havere,feminine singular of uno
dieci minuti,195940,ten,masculine plural of minuto
dello spazio,195933,"contraction of di lo; of the, from the",space
i prodotti,195916,"The ninth letter of the Italian alphabet, called i and written in the Latin script.",plural of prodotto
destinato a,195890,past participle of destinàre,"The first letter of the Italian alphabet, called a and written in the Latin script."
la materia,195885,the,"matter, substance, material, stuff"
di ritorno,195876,"used to indicate possession, after the thing owned and before the owner; of; ’s",return
era arrivato,195826,"age, epoch, period",successful
ha dichiarato,195806,third-person singular present indicative of avere and (obsolete) havere,"avowed, explicit, professed"
decina di,195801,a quantity of ten or so things,"used to indicate possession, after the thing owned and before the owner; of; ’s"
fra l',195774,between,"apocopic form of il/lo, la: the"
aveva sentito,195766,third-person singular imperfect indicative of avere,sincere
capo della,195750,"boss, chief, leader","contraction of di la; of the, from the"
fare l',195615,to do,"apocopic form of il/lo, la: the"
raggiungere il,195594,"to reach, arrive at, get to, touch",the
quindi il,195592,"therefore, hence, thus",the
oltre al,195541,"farther, further, past, by, on","contraction of a + il, literally “to the, at the”"
io che,195467,I (the first-person singular nominative pronoun),what; which
prendere la,195448,"to take, hold, pick up, get",the
si trattasse,195412,"oneself, himself, herself, itself, themselves",third-person singular imperfect subjunctive of trattare
su quello,195370,"up, upstairs","that, those"
ciascuno di,195362,"each, every","used to indicate possession, after the thing owned and before the owner; of; ’s"
più un,195357,comparative degree of molto; more,"apocopic form of uno: a, an"
forza e,195348,force,"The fifth letter of the Italian alphabet, called e and written in the Latin script."
più semplice,195250,comparative degree of molto; more,simple
a qualcuno,195235,"The first letter of the Italian alphabet, called a and written in the Latin script.","someone, somebody"
cui ha,195233,"prepositional of che: whom, which",third-person singular present indicative of avere and (obsolete) havere
e ben,195211,"The fifth letter of the Italian alphabet, called e and written in the Latin script.",apocopic form of bene
degli articoli,195198,"contraction of di gli; of the, from the",plural of articolo
dopo essere,195139,later,Used as a copula. to be
carico del,195129,"loaded, laden","contraction of di + il; some, of the, from the"
finito di,195107,finished,"used to indicate possession, after the thing owned and before the owner; of; ’s"
a creare,195084,"The first letter of the Italian alphabet, called a and written in the Latin script.",to create
comunque non,195028,"anyhow, in any case, regardless",not
della scienza,194939,"contraction of di la; of the, from the",science
con cura,194923,"with, together",care
poi un,194863,then,"apocopic form of uno: a, an"
mi guarda,194858,clitic accusative of io. me,inflection of guardare:
parte e,194838,part,"The fifth letter of the Italian alphabet, called e and written in the Latin script."
un contesto,194810,"apocopic form of uno: a, an","context, setting"
che riguarda,194803,what; which,inflection of riguardare:
si alza,194606,"oneself, himself, herself, itself, themselves",inflection of alzare:
di diritti,194599,"used to indicate possession, after the thing owned and before the owner; of; ’s",masculine plural of diritto
un giudizio,194593,"apocopic form of uno: a, an","judgment, wisdom, sense"
della gestione,194585,"contraction of di la; of the, from the",management
la cucina,194546,the,kitchen
risultato di,194532,past participle of risultare,"used to indicate possession, after the thing owned and before the owner; of; ’s"
potesse essere,194506,third-person singular imperfect subjunctive of potere,Used as a copula. to be
da lontano,194401,from (all senses),distant
numero dei,194373,number,"contraction of di + i; of the, from the"
di restare,194319,"used to indicate possession, after the thing owned and before the owner; of; ’s","to stay, to remain (in a location)"
un ambiente,194317,"apocopic form of uno: a, an",environment
a malapena,194266,"The first letter of the Italian alphabet, called a and written in the Latin script.",only used in a malapena
andare avanti,194252,to go,"previous, prior, last"
inizia a,194251,inflection of iniziare:,"The first letter of the Italian alphabet, called a and written in the Latin script."
della verità,194197,"contraction of di la; of the, from the",truth
il sogno,194187,the,dream
d' Israele,194168,apocopic form of di: of,"Israel (a country in Western Asia in the Middle East, at the eastern shore of the Mediterranean)"
per altri,194164,for,"someone else, another"
suo modo,194073,"his, her, its","manner, way"
quella dei,194059,feminine singular of quello,"contraction of di + i; of the, from the"
d' aria,194040,apocopic form of di: of,air
i segni,193975,"The ninth letter of the Italian alphabet, called i and written in the Latin script.",plural of segno
né la,193925,nor,the
sono sicura,193866,"first-person singular present indicative of essere: (I) am, I'm",safety catch
via del,193830,"street, path","contraction of di + il; some, of the, from the"
dalla quale,193801,"contraction of da + la, literally “from the”",what?
una somma,193760,feminine singular of uno,"sum, amount"
il segreto,193732,the,secret
in ufficio,193617,in,moral duty
figura di,193589,figure (all senses),"used to indicate possession, after the thing owned and before the owner; of; ’s"
era possibile,193571,"age, epoch, period",possible
in concreto,193504,in,concrete
se io,193502,abbreviation of sudest; southeast,I (the first-person singular nominative pronoun)
il fondo,193497,the,deep
si ritrovò,193495,"oneself, himself, herself, itself, themselves",third-person singular past historic of ritrovare
della funzione,193440,"contraction of di la; of the, from the",function
un brivido,193382,"apocopic form of uno: a, an","shiver, shudder"
e sociale,193347,"The fifth letter of the Italian alphabet, called e and written in the Latin script.","social, societal"
alcun modo,193345,apocopic form of alcuno,"manner, way"
pensiero che,193224,thought,what; which
di buona,193186,"used to indicate possession, after the thing owned and before the owner; of; ’s",feminine singular of buono
quello era,193185,"that, those","age, epoch, period"
pur di,193176,apocopic form of pure,"used to indicate possession, after the thing owned and before the owner; of; ’s"
finta di,193157,feminine singular of finto,"used to indicate possession, after the thing owned and before the owner; of; ’s"
la mancata,193154,the,feminine singular of mancato
l' adozione,193113,"apocopic form of il/lo, la: the",adoption
stava facendo,193059,third-person singular imperfect indicative of stare,gerund of fare
alle altre,193035,"contraction of a le; to the, at the",feminine plural of altro
dei problemi,193030,"contraction of di + i; of the, from the",plural of problema
o ad,192998,"The thirteenth letter of the Italian alphabet, called o and written in the Latin script.",initialism of amministratore delegato (“CEO”)
rete di,192846,"net, mesh","used to indicate possession, after the thing owned and before the owner; of; ’s"
pagamento di,192845,payment,"used to indicate possession, after the thing owned and before the owner; of; ’s"
della gente,192828,"contraction of di la; of the, from the",noble
capitale sociale,192756,head,"social, societal"
il colpo,192699,the,"blow, knock, shock"
un aumento,192694,"apocopic form of uno: a, an","increase, rise, growth"
in pericolo,192692,in,"peril, danger"
avrebbero dovuto,192622,third-person plural conditional of avere,past participle of dovere
mano per,192588,hand,for
debba essere,192546,first/second/third-person singular present subjunctive of dovere,Used as a copula. to be
di fiori,192538,"used to indicate possession, after the thing owned and before the owner; of; ’s",plural of fiore
simili a,192503,plural of simile,"The first letter of the Italian alphabet, called a and written in the Latin script."
mal di,192463,apocopic form of male,"used to indicate possession, after the thing owned and before the owner; of; ’s"
di lacrime,192425,"used to indicate possession, after the thing owned and before the owner; of; ’s",plural of lacrima
a chiedere,192371,"The first letter of the Italian alphabet, called a and written in the Latin script.",to ask (for)
mi sta,192366,clitic accusative of io. me,third-person singular present indicative of stare
in America,192340,in,"America, the Americas (a supercontinent consisting of North America, Central America and South America regarded as a whole; in full, the Americas)"
mi guardò,192336,clitic accusative of io. me,third-person singular past historic of guardare
il ritorno,192231,the,return
della conoscenza,192194,"contraction of di la; of the, from the","knowledge, cognition"
loro volta,192098,"they, them","time, instance, occasion"
cuore e,192080,heart,"The fifth letter of the Italian alphabet, called e and written in the Latin script."
che me,192037,what; which,me
tazza di,192002,"cup, mug","used to indicate possession, after the thing owned and before the owner; of; ’s"
ci vuole,191983,The name of the Latin script letter C/c.; cee,third-person singular present indicative of volere
lui l',191894,he,"apocopic form of il/lo, la: the"
a tutta,191893,"The first letter of the Italian alphabet, called a and written in the Latin script.",feminine singular of tutto
sua testa,191875,feminine singular of suo,head
sociali e,191733,plural of sociale,"The fifth letter of the Italian alphabet, called e and written in the Latin script."
della dichiarazione,191728,"contraction of di la; of the, from the","declaration, announcement, statement, remark"
consegue che,191727,inflection of conseguire:,what; which
tribunale di,191710,court,"used to indicate possession, after the thing owned and before the owner; of; ’s"
a pezzi,191616,"The first letter of the Italian alphabet, called a and written in the Latin script.",plural of pezzo
che nei,191377,what; which,contraction of in i; in the
e qualche,191346,"The fifth letter of the Italian alphabet, called e and written in the Latin script.",few
problema della,191302,problem,"contraction of di la; of the, from the"
o delle,191282,"The thirteenth letter of the Italian alphabet, called o and written in the Latin script.","contraction of di le; of the, from the"
nel termine,191178,contraction of in il; in the,"end, close"
sul tema,191085,contraction of su + il: on the,"theme, subject"
li ha,191083,them (masculine),third-person singular present indicative of avere and (obsolete) havere
il sesso,191062,the,sex (quality of being male or female)
applicano le,190923,third-person plural present indicative of applicare,the
visto il,190891,past participle of vedere,the
però che,190876,"yet, but, however, nevertheless",what; which
ha messo,190870,third-person singular present indicative of avere and (obsolete) havere,messenger
aveva portato,190813,third-person singular imperfect indicative of avere,"second-hand, used"
parte il,190753,part,the
alla prova,190710,"contraction of a + la; to the, at the","trial, test, experiment"
mia mente,190667,feminine singular of mio,mind
l' accertamento,190657,"apocopic form of il/lo, la: the","check, verification"
soltanto un,190652,"only, just, but, alone, merely","apocopic form of uno: a, an"
che adesso,190604,what; which,now
di morire,190569,"used to indicate possession, after the thing owned and before the owner; of; ’s",death
quello dei,190515,"that, those","contraction of di + i; of the, from the"
capo di,190505,"boss, chief, leader","used to indicate possession, after the thing owned and before the owner; of; ’s"
applicazione di,190502,"application (something applied to a surface, and in computing)","used to indicate possession, after the thing owned and before the owner; of; ’s"
continuando a,190496,gerund of continuare,"The first letter of the Italian alphabet, called a and written in the Latin script."
ed al,190372,"alternative form of e for euphony, especially before /e/ or /ɛ/; and","contraction of a + il, literally “to the, at the”"
e qui,190343,"The fifth letter of the Italian alphabet, called e and written in the Latin script.",here
cosa ne,190323,"thing, matter",abbreviation of nordest; northeast
hanno una,190267,third-person plural present indicative of avere and (obsolete) havere,feminine singular of uno
della prestazione,190195,"contraction of di la; of the, from the",a service
fronte di,190195,"forehead, brow","used to indicate possession, after the thing owned and before the owner; of; ’s"
obiettivo di,190195,objective,"used to indicate possession, after the thing owned and before the owner; of; ’s"
ricordo che,190117,"memory, recollection, remembrance",what; which
pari al,190108,equal,"contraction of a + il, literally “to the, at the”"
l' esercito,190015,"apocopic form of il/lo, la: the",army
la festa,190006,the,feast
imparato a,189965,past participle of imparare: learned/learnt,"The first letter of the Italian alphabet, called a and written in the Latin script."
sulla porta,189931,"plant of the genus Sulla, particularly Sulla coronaria.",gate
l' accordo,189856,"apocopic form of il/lo, la: the","accord, agreement, bond"
stile di,189835,style,"used to indicate possession, after the thing owned and before the owner; of; ’s"
di oggi,189805,"used to indicate possession, after the thing owned and before the owner; of; ’s",today
ed anche,189782,"alternative form of e for euphony, especially before /e/ or /ɛ/; and","also, too, as well, besides"
per tre,189769,for,three
si basa,189767,"oneself, himself, herself, itself, themselves",inflection of basare:
verso una,189736,verse,feminine singular of uno
proprio la,189596,"one's, one's own, her (own), its (own), their (own)",the
erano già,189560,third-person plural imperfect indicative of essere,"already, yet"
in scena,189537,in,scene (in all senses)
sia a,189526,inflection of essere:,"The first letter of the Italian alphabet, called a and written in the Latin script."
vivere in,189517,to live; to be alive,in
non una,189469,not,feminine singular of uno
on the,189428,,misspelling of tè
delle parole,189399,"contraction of di le; of the, from the",plural of parola (“words”)
accorse che,189319,third-person singular past historic of accorrere,what; which
scoperto che,189303,overdraft,what; which
qualora il,189286,in the event that (something should or may happen); in case,the
giorno del,189272,day,"contraction of di + il; some, of the, from the"
continuato a,189268,past participle of continuare,"The first letter of the Italian alphabet, called a and written in the Latin script."
riguardo al,189259,"respect, connection, regard","contraction of a + il, literally “to the, at the”"
la prossima,189240,the,feminine singular of prossimo
di rabbia,189228,"used to indicate possession, after the thing owned and before the owner; of; ’s","anger, chafe"
insieme con,189207,together,"with, together"
il criterio,189204,the,"criterion, rule"
della mente,189197,"contraction of di la; of the, from the",mind
era ormai,189175,"age, epoch, period","by now, by this time, now, at this point, by then"
tutela della,189121,"guardianship, tutorship","contraction of di la; of the, from the"
il comma,189102,the,"subsection, subparagraph"
realtà non,189093,reality,not
con chi,189001,"with, together","who, whom; whoever"
far parte,188969,apocopic form of fare,part
più bella,188960,comparative degree of molto; more,"beauty, belle (beautiful woman)"
sotto forma,188943,"under, beneath, underneath",form
al contempo,188929,"contraction of a + il, literally “to the, at the”",only used in nel contempo (“at the same time”)
disposto a,188921,past participle of disporre,"The first letter of the Italian alphabet, called a and written in the Latin script."
in lontananza,188898,in,distance
tal fine,188851,apocopic form of tale,thin
mentre lei,188839,while; as (during the same time that),she
il minimo,188778,the,superlative degree of piccolo
riferimento alle,188710,"reference, mention","contraction of a le; to the, at the"
nel giudizio,188682,contraction of in il; in the,"judgment, wisdom, sense"
è invece,188594,"Used to disambiguate words ending in a stressed ⟨-e⟩, regardless of its pronunciation","instead, but, whereas, on the contrary"
aveva pensato,188585,third-person singular imperfect indicative of avere,well thought-out or considered
un servizio,188562,"apocopic form of uno: a, an","service, serve"
di capitale,188555,"used to indicate possession, after the thing owned and before the owner; of; ’s",head
filo di,188492,"thread (for sewing, etc.)","used to indicate possession, after the thing owned and before the owner; of; ’s"
essere così,188329,Used as a copula. to be,so
alla lettera,188318,"contraction of a + la; to the, at the",letter (symbol in an alphabet)
d' impresa,188269,apocopic form of di: of,"enterprise, undertaking, exploit, feat, endeavour/endeavor"
aveva capito,188241,third-person singular imperfect indicative of avere,past participle of capire
nome della,188235,name,"contraction of di la; of the, from the"
sul territorio,188199,contraction of su + il: on the,territory
qui e,188164,here,"The fifth letter of the Italian alphabet, called e and written in the Latin script."
sguardo e,188146,"glance, look (action of looking)","The fifth letter of the Italian alphabet, called e and written in the Latin script."
se anche,188106,abbreviation of sudest; southeast,"also, too, as well, besides"
dalla stanza,188103,"contraction of da + la, literally “from the”",room
costretta a,188095,feminine singular of costretto,"The first letter of the Italian alphabet, called a and written in the Latin script."
sul retro,188060,contraction of su + il: on the,behind
degli ultimi,188056,"contraction of di gli; of the, from the",masculine plural of ultimo
al pensiero,188040,"contraction of a + il, literally “to the, at the”",thought
dopo di,188008,later,"used to indicate possession, after the thing owned and before the owner; of; ’s"
del centro,187999,"contraction of di + il; some, of the, from the","centre, center"
o due,187955,"The thirteenth letter of the Italian alphabet, called o and written in the Latin script.",two
in quegli,187946,in,masculine plural of quello
lì per,187913,"there, in that place",for
man mano,187866,,hand
più spesso,187850,comparative degree of molto; more,thick
propria vita,187826,feminine singular of proprio,life
limiti di,187825,plural of limite,"used to indicate possession, after the thing owned and before the owner; of; ’s"
non molto,187780,not,"much, very much, a lot (with verbs)"
a bassa,187756,"The first letter of the Italian alphabet, called a and written in the Latin script.",feminine singular of basso
fin dal,187748,apocopic form of fine,contraction of da + il; from the
delle più,187674,"contraction of di le; of the, from the",comparative degree of molto; more
University Press,187447,,
controllo di,187428,"check, control, verification, examination, inspection","used to indicate possession, after the thing owned and before the owner; of; ’s"
di viaggio,187424,"used to indicate possession, after the thing owned and before the owner; of; ’s","journey, trip, tour, voyage"
disse lui,187412,third-person singular past historic of dire,he
lui con,187328,he,"with, together"
qui si,187295,here,"oneself, himself, herself, itself, themselves"
l' Europa,187259,"apocopic form of il/lo, la: the",Europe (a continent located west of Asia and north of Africa)
i clienti,187238,"The ninth letter of the Italian alphabet, called i and written in the Latin script.",plural of cliente
non te,187213,not,"you, thee"
credi che,187190,inflection of credere:,what; which
di trattamento,187165,"used to indicate possession, after the thing owned and before the owner; of; ’s",treatment (all senses)
la parete,187123,the,wall
un caffè,187101,"apocopic form of uno: a, an",coffee (plant and drink)
quasi un,187084,"almost, nearly","apocopic form of uno: a, an"
per tornare,187080,for,"to return, to come back"
a fatica,186954,"The first letter of the Italian alphabet, called a and written in the Latin script.","effort, endeavour/endeavor, work (physical or mental)"
non rispose,186913,not,third-person singular past historic of rispondere
della luce,186908,"contraction of di la; of the, from the",light (visible electromagnetic wave; electrical device providing light)
le lettere,186896,the,plural of lettera
importante per,186862,important,for
al pari,186850,"contraction of a + il, literally “to the, at the”",equal
o dal,186824,"The thirteenth letter of the Italian alphabet, called o and written in the Latin script.",contraction of da + il; from the
si manifesta,186805,"oneself, himself, herself, itself, themselves",inflection of manifestare:
si limitò,186761,"oneself, himself, herself, itself, themselves",third-person singular past historic of limitare
è al,186727,"Used to disambiguate words ending in a stressed ⟨-e⟩, regardless of its pronunciation","contraction of a + il, literally “to the, at the”"
luogo a,186691,"place (location, position)","The first letter of the Italian alphabet, called a and written in the Latin script."
le grandi,186671,the,plural of grande
di quando,186657,"used to indicate possession, after the thing owned and before the owner; of; ’s",when
quello in,186655,"that, those",in
e prima,186614,"The fifth letter of the Italian alphabet, called e and written in the Latin script.",feminine singular of primo
dove i,186571,where,"The ninth letter of the Italian alphabet, called i and written in the Latin script."
e quanto,186568,"The fifth letter of the Italian alphabet, called e and written in the Latin script.","how much, how many, however much, however many"
forse anche,186538,"maybe, perhaps, possibly, may, might","also, too, as well, besides"
e loro,186520,"The fifth letter of the Italian alphabet, called e and written in the Latin script.","they, them"
caso la,186432,"chance, fate",the
registro delle,186414,"register, book, log, registry, ledger","contraction of di le; of the, from the"
di ciascun,186345,"used to indicate possession, after the thing owned and before the owner; of; ’s",apocopic form of ciascuno
altri termini,186332,"someone else, another",plural of termine
è presente,186328,"Used to disambiguate words ending in a stressed ⟨-e⟩, regardless of its pronunciation",present (appearing)
interventi di,186320,plural of intervento,"used to indicate possession, after the thing owned and before the owner; of; ’s"
e indietro,186301,"The fifth letter of the Italian alphabet, called e and written in the Latin script.","back, behind, backwards"
raggiungere la,186278,"to reach, arrive at, get to, touch",the
la regina,186272,the,queen (monarch)
voltò verso,186238,third-person singular past historic of voltare,verse
ma chi,186228,"but, however","who, whom; whoever"
persone e,186193,plural of persona,"The fifth letter of the Italian alphabet, called e and written in the Latin script."
non sai,186189,not,second-person singular present indicative of sapere
si aspettava,186166,"oneself, himself, herself, itself, themselves",third-person singular imperfect indicative of aspettare
sempre e,186129,always,"The fifth letter of the Italian alphabet, called e and written in the Latin script."
primi anni,186124,masculine plural of primo,plural of anno
nelle spalle,186122,contraction of in le; in the,plural of spalla
mi chiese,186044,clitic accusative of io. me,plural of chiesa
questi due,186029,masculine plural of questo,two
cosa vuoi,186004,"thing, matter",second-person singular present indicative of volere
dei risultati,185996,"contraction of di + i; of the, from the",plural of risultato
mediante la,185895,"by, through, by means of, using",the
nei miei,185870,contraction of in i; in the,masculine plural of mio
di poco,185859,"used to indicate possession, after the thing owned and before the owner; of; ’s","little, not much"
è quindi,185852,"Used to disambiguate words ending in a stressed ⟨-e⟩, regardless of its pronunciation","therefore, hence, thus"
del minore,185846,"contraction of di + il; some, of the, from the",comparative degree of piccolo
avesse fatto,185801,third-person singular imperfect subjunctive of avere,"done, made"
della ragazza,185797,"contraction of di la; of the, from the","girl, young woman"
di scuola,185773,"used to indicate possession, after the thing owned and before the owner; of; ’s",school
soltanto per,185765,"only, just, but, alone, merely",for
l' equilibrio,185744,"apocopic form of il/lo, la: the","equilibrium, balance (state of being balanced)"
per ragioni,185724,for,plural of ragione
questo motivo,185693,"this, these","reason, ground"
le esigenze,185613,the,plural of esigenza
gli interventi,185607,"form of the article i (“the”) used before a vowel, impure s, gn, pn, ps, sc, x, y, and z, and also with the plural noun dei (“gods”); the",plural of intervento
si trovò,185598,"oneself, himself, herself, itself, themselves",third-person singular past historic of trovare
di coscienza,185546,"used to indicate possession, after the thing owned and before the owner; of; ’s",conscience
dalle parti,185528,contraction of da le; from the,plural of parte
di sale,185520,"used to indicate possession, after the thing owned and before the owner; of; ’s","salt, sal"
al diritto,185453,"contraction of a + il, literally “to the, at the”","straight, direct"
categorie di,185440,plural of categoria,"used to indicate possession, after the thing owned and before the owner; of; ’s"
da tre,185438,from (all senses),three
nel cielo,185388,contraction of in il; in the,sky
viso di,185365,face (all senses),"used to indicate possession, after the thing owned and before the owner; of; ’s"
da far,185363,from (all senses),apocopic form of fare
ma cosa,185325,"but, however","thing, matter"
pensava che,185287,third-person singular imperfect indicative of pensare,what; which
il documento,185284,the,document
mi piacerebbe,185246,clitic accusative of io. me,third-person singular conditional of piacere
sala da,185176,room,from (all senses)
almeno una,185154,at least,feminine singular of uno
cosa di,185152,"thing, matter","used to indicate possession, after the thing owned and before the owner; of; ’s"
il corridoio,185135,the,"corridor, passage"
casa del,185135,house,"contraction of di + il; some, of the, from the"
sulla testa,185006,"plant of the genus Sulla, particularly Sulla coronaria.",head
trovare la,184998,to find,the
alla persona,184922,"contraction of a + la; to the, at the","person, pl people, persons"
la presa,184888,the,feminine singular of preso
di costruire,184884,"used to indicate possession, after the thing owned and before the owner; of; ’s","to build, construct"
in contrasto,184862,in,"obstacle, hindrance"
che come,184824,what; which,how
giorno successivo,184822,day,"following, next, subsequent"
egli è,184787,he,"Used to disambiguate words ending in a stressed ⟨-e⟩, regardless of its pronunciation"
sue braccia,184713,plural of sua,plural of braccio (“arm”)
noi e,184711,we; us,"The fifth letter of the Italian alphabet, called e and written in the Latin script."
con quelle,184684,"with, together",feminine plural of quello
notare che,184669,alternative form of nuotare (“swim”),what; which
delle misure,184631,"contraction of di le; of the, from the",plural of misura
sia possibile,184622,inflection of essere:,possible
delle forze,184600,"contraction of di le; of the, from the",plural of forza
amore per,184578,love,for
sua espressione,184539,feminine singular of suo,expression
il pericolo,184535,the,"peril, danger"
era quella,184507,"age, epoch, period",feminine singular of quello
guardò con,184471,third-person singular past historic of guardare,"with, together"
hai visto,184435,second-person singular present indicative of avere and (obsolete) havere,past participle of vedere
buona parte,184425,feminine singular of buono,part
come lei,184403,how,she
dovrà essere,184402,third-person singular future of dovere,Used as a copula. to be
dei tempi,184391,"contraction of di + i; of the, from the",plural of tempo
di analisi,184383,"used to indicate possession, after the thing owned and before the owner; of; ’s","analysis, testing, test"
tanto di,184361,so much; so many,"used to indicate possession, after the thing owned and before the owner; of; ’s"
sul volto,184304,contraction of su + il: on the,face
necessarie per,184285,feminine plural of necessario,for
gli eventi,184233,"form of the article i (“the”) used before a vowel, impure s, gn, pn, ps, sc, x, y, and z, and also with the plural noun dei (“gods”); the",plural of evento
del movimento,184107,"contraction of di + il; some, of the, from the",movement
sale e,184105,"salt, sal","The fifth letter of the Italian alphabet, called e and written in the Latin script."
la crescita,184080,the,growth
ed erano,184048,"alternative form of e for euphony, especially before /e/ or /ɛ/; and",third-person plural imperfect indicative of essere
vuole che,183973,third-person singular present indicative of volere,what; which
valore della,183924,"as much as, as many as","contraction of di la; of the, from the"
detto a,183854,past participle of dire,"The first letter of the Italian alphabet, called a and written in the Latin script."
degli strumenti,183785,"contraction of di gli; of the, from the",plural of strumento
ammettere che,183782,"to admit, accept, acknowledge",what; which
in se,183780,in,abbreviation of sudest; southeast
difficile da,183740,"difficult, hard",from (all senses)
stare in,183706,"to stay, remain",in
via via,183693,"street, path","street, path"
su quel,183642,"up, upstairs","apocopic form of quello, used before a consonant (except impure s, gn, pn, ps, x, z)"
distanza di,183608,"distance, interval","used to indicate possession, after the thing owned and before the owner; of; ’s"
si vedano,183565,"oneself, himself, herself, itself, themselves",inflection of vedere:
questo si,183541,"this, these","oneself, himself, herself, itself, themselves"
ancora che,183539,still,what; which
una realtà,183486,feminine singular of uno,reality
quale era,183464,what?,"age, epoch, period"
parlato con,183458,spoken,"with, together"
obblighi di,183385,plural of obbligo,"used to indicate possession, after the thing owned and before the owner; of; ’s"
letto con,183379,bed,"with, together"
con sentenza,183354,"with, together","verdict, judgment, ruling"
che vanno,183337,what; which,third-person plural present indicative of andare
così a,183332,so,"The first letter of the Italian alphabet, called a and written in the Latin script."
sua attenzione,183231,feminine singular of suo,attention
ad ascoltare,183215,initialism of amministratore delegato (“CEO”),to listen to
non ebbe,183145,not,third-person singular past historic of avere
di caffè,183108,"used to indicate possession, after the thing owned and before the owner; of; ’s",coffee (plant and drink)
l' acquisto,183099,"apocopic form of il/lo, la: the","purchase, acquisition"
bocca e,183076,mouth (all senses),"The fifth letter of the Italian alphabet, called e and written in the Latin script."
sicurezza e,183075,"safety, security","The fifth letter of the Italian alphabet, called e and written in the Latin script."
destra e,182951,"right (hand, direction)","The fifth letter of the Italian alphabet, called e and written in the Latin script."
vedere che,182883,to see,what; which
per trovare,182857,for,to find
e fa,182856,"The fifth letter of the Italian alphabet, called e and written in the Latin script.",third-person singular present indicative of fare
alla tua,182849,"contraction of a + la; to the, at the",feminine singular of tuo
civile e,182773,civil,"The fifth letter of the Italian alphabet, called e and written in the Latin script."
il corso,182753,the,"course (of a river, of a university, etc.)"
il dito,182724,the,finger (on a hand)
regolamento di,182665,regulation,"used to indicate possession, after the thing owned and before the owner; of; ’s"
del numero,182651,"contraction of di + il; some, of the, from the",number
l' opportunità,182642,"apocopic form of il/lo, la: the","expediency, advisability, opportunity, timeliness"
non devi,182636,not,second-person singular present indicative of dovere
né di,182620,nor,"used to indicate possession, after the thing owned and before the owner; of; ’s"
così dire,182596,so,to utter (produce (speech or other sounds) with one's voice)
tanti anni,182532,masculine plural of tanto,plural of anno
donne e,182529,plural of donna,"The fifth letter of the Italian alphabet, called e and written in the Latin script."
al caso,182511,"contraction of a + il, literally “to the, at the”","chance, fate"
se invece,182471,abbreviation of sudest; southeast,"instead, but, whereas, on the contrary"
mentre io,182469,while; as (during the same time that),I (the first-person singular nominative pronoun)
al terzo,182451,"contraction of a + il, literally “to the, at the”",third
parte che,182447,part,what; which
lo stomaco,182425,"the form of il that is used before the so-called impure consonants, that is, s+consonant (impure s), gn, pn, ps, x, y, or z, and before i+vocal, bd, cn, ct, dm, ft, mn, pt, tm and also ts; before a vowel it becomes l'; the","stomach, tummy"
a bere,182386,"The first letter of the Italian alphabet, called a and written in the Latin script.",to drink
siano stati,182312,inflection of essere:,plural of stato
delle relazioni,182296,"contraction of di le; of the, from the",plural of relazione
del Nord,182279,"contraction of di + il; some, of the, from the",north
sentenza n,182226,"verdict, judgment, ruling","The twelfth letter of the Italian alphabet, called enne and written in the Latin script."
mesi di,182200,plural of mese,"used to indicate possession, after the thing owned and before the owner; of; ’s"
di giudizio,182198,"used to indicate possession, after the thing owned and before the owner; of; ’s","judgment, wisdom, sense"
in evidenza,182166,in,"evidence, obviousness"
tipologie di,182131,plural of tipologia,"used to indicate possession, after the thing owned and before the owner; of; ’s"
si svolge,182103,"oneself, himself, herself, itself, themselves",third-person singular present indicative of svolgere
e va,182098,"The fifth letter of the Italian alphabet, called e and written in the Latin script.",third-person singular present indicative of andare
lo strumento,181932,"the form of il that is used before the so-called impure consonants, that is, s+consonant (impure s), gn, pn, ps, x, y, or z, and before i+vocal, bd, cn, ct, dm, ft, mn, pt, tm and also ts; before a vowel it becomes l'; the","instrument (all senses), tool, implement, means"
di dollari,181891,"used to indicate possession, after the thing owned and before the owner; of; ’s",plural of dollaro
diritto al,181862,"straight, direct","contraction of a + il, literally “to the, at the”"
d' ingresso,181816,apocopic form of di: of,"entrance, hall"
più alta,181795,comparative degree of molto; more,feminine singular of alto
in fase,181741,in,"phase, stage, period, level, degree, step"
vorrei che,181687,first-person singular conditional of volere,what; which
nonostante le,181678,though,the
delle politiche,181655,"contraction of di le; of the, from the",feminine plural of politico
non avete,181640,not,second-person plural present indicative of avere
sarà il,181625,third-person singular future of essere,the
sulla sedia,181620,"plant of the genus Sulla, particularly Sulla coronaria.",chair
ed altri,181620,"alternative form of e for euphony, especially before /e/ or /ɛ/; and","someone else, another"
le stelle,181592,the,plural of stella
di fuoco,181550,"used to indicate possession, after the thing owned and before the owner; of; ’s",fire
di quattro,181498,"used to indicate possession, after the thing owned and before the owner; of; ’s",four
altra cosa,181491,feminine singular of altro,"thing, matter"
interesse per,181490,"interest, concern",for
bottiglia di,181406,bottle,"used to indicate possession, after the thing owned and before the owner; of; ’s"
ma ha,181397,"but, however",third-person singular present indicative of avere and (obsolete) havere
studio di,181376,study,"used to indicate possession, after the thing owned and before the owner; of; ’s"
la medesima,181360,the,feminine singular of medesimo
la neve,181344,the,snow
hanno la,181342,third-person plural present indicative of avere and (obsolete) havere,the
si occupa,181307,"oneself, himself, herself, itself, themselves",inflection of occupare:
a tavola,181300,"The first letter of the Italian alphabet, called a and written in the Latin script.",table
subito a,181160,"at once, immediately, as soon as possible, shortly","The first letter of the Italian alphabet, called a and written in the Latin script."
poiché il,181142,"since, because, as",the
le chiavi,181122,the,plural of chiave
alcune delle,181104,"feminine plural of alcuno (“some, a few”)","contraction of di le; of the, from the"
conto delle,181095,calculation,"contraction of di le; of the, from the"
di lavorare,181009,"used to indicate possession, after the thing owned and before the owner; of; ’s",to work; to labor
e tuttavia,181004,"The fifth letter of the Italian alphabet, called e and written in the Latin script.","but, still"
in alcune,180973,in,"feminine plural of alcuno (“some, a few”)"
in luogo,180929,in,"place (location, position)"
di pensiero,180884,"used to indicate possession, after the thing owned and before the owner; of; ’s",thought
del prezzo,180867,"contraction of di + il; some, of the, from the",price
il debitore,180856,the,debtor
è fatta,180845,"Used to disambiguate words ending in a stressed ⟨-e⟩, regardless of its pronunciation",feminine singular of fatto
fuori del,180842,outside,"contraction of di + il; some, of the, from the"
da vicino,180836,from (all senses),"near, close"
dei documenti,180829,"contraction of di + i; of the, from the",plural of documento
parlato di,180623,spoken,"used to indicate possession, after the thing owned and before the owner; of; ’s"
salute e,180568,"health, wellbeing","The fifth letter of the Italian alphabet, called e and written in the Latin script."
senza alcun,180559,without,apocopic form of alcuno
più presto,180533,comparative degree of molto; more,ready
il Presidente,180526,the,"president, head (leader)"
al muro,180495,"contraction of a + il, literally “to the, at the”",wall
requisiti di,180459,masculine plural of requisito,"used to indicate possession, after the thing owned and before the owner; of; ’s"
come ci,180458,how,The name of the Latin script letter C/c.; cee
da poter,180431,from (all senses),apocopic form of potere
i sensi,180428,"The ninth letter of the Italian alphabet, called i and written in the Latin script.",plural of senso
a venire,180411,"The first letter of the Italian alphabet, called a and written in the Latin script.",to come
la passione,180407,the,"passion, love, addiction"
di successo,180272,"used to indicate possession, after the thing owned and before the owner; of; ’s",success
seguito della,180210,past participle of seguire,"contraction of di la; of the, from the"
sul lato,180194,contraction of su + il: on the,side
ebbe un,180160,third-person singular past historic of avere,"apocopic form of uno: a, an"
l' ombra,180121,"apocopic form of il/lo, la: the","shade, shadow"
allora il,180120,then (at that time),the
dalla loro,180111,"contraction of da + la, literally “from the”","they, them"
dal giorno,180071,contraction of da + il; from the,day
che dal,180012,what; which,contraction of da + il; from the
a giocare,179998,"The first letter of the Italian alphabet, called a and written in the Latin script.","to play, specifically:"
con calma,179987,"with, together","calm, stillness, peacefulness"
amici e,179978,masculine plural of amico,"The fifth letter of the Italian alphabet, called e and written in the Latin script."
presente legge,179964,present (appearing),law
la distanza,179934,the,"distance, interval"
che significa,179907,what; which,inflection of significare:
né il,179890,nor,the
tenendo conto,179864,gerund of tenere,calculation
relative alla,179847,feminine plural of relativo,"contraction of a + la; to the, at the"
una più,179769,feminine singular of uno,comparative degree of molto; more
di lato,179753,"used to indicate possession, after the thing owned and before the owner; of; ’s",side
prova di,179740,"trial, test, experiment","used to indicate possession, after the thing owned and before the owner; of; ’s"
qualche secondo,179698,few,second
di mare,179698,"used to indicate possession, after the thing owned and before the owner; of; ’s",sea
la carta,179662,the,paper (the material)
spirito di,179641,"spirit, mind","used to indicate possession, after the thing owned and before the owner; of; ’s"
che veniva,179564,what; which,third-person singular imperfect indicative of venire
sua stanza,179548,feminine singular of suo,room
tutti quei,179523,"all; everybody, everyone",plural of quello
del modello,179500,"contraction of di + il; some, of the, from the",model
agli articoli,179497,"contraction of a gli; to the, at the",plural of articolo
ad aprire,179493,initialism of amministratore delegato (“CEO”),to open
