text,popularity,meaning1,meaning2
in der,132471275,"[with dative] in, inside, within, at (inside a building)","nominative masculine singular definite article, the"
in den,67429285,"[with dative] in, inside, within, at (inside a building)",inflection of der (“the”):
für die,53950995,describes an abstract directionality towards a person or matter,nominative/accusative singular feminine of der
auf die,52295018,"[with dative] on, upon (positioned at the top of)",nominative/accusative singular feminine of der
und die,52194818,and,nominative/accusative singular feminine of der
in die,46457383,"[with dative] in, inside, within, at (inside a building)",nominative/accusative singular feminine of der
mit dem,43626139,"with (in the company of, alongside)",dative masculine/neuter singular of der: the
mit der,37407649,"with (in the company of, alongside)","nominative masculine singular definite article, the"
von der,34752151,from,"nominative masculine singular definite article, the"
auf den,34231704,"[with dative] on, upon (positioned at the top of)",inflection of der (“the”):
und der,32639436,and,"nominative masculine singular definite article, the"
auf dem,29870323,"[with dative] on, upon (positioned at the top of)",dative masculine/neuter singular of der: the
durch die,29573887,by means of; by; through,nominative/accusative singular feminine of der
aus dem,29439933,out,dative masculine/neuter singular of der: the
auf der,29196831,"[with dative] on, upon (positioned at the top of)","nominative masculine singular definite article, the"
über die,28903026,"[with accusative or dative] above, over (spatially)",nominative/accusative singular feminine of der
sie sich,28380396,she; her,"Reflexive pronoun of the third person singular or plural: herself, himself, itself, oneself, themselves (in both dative and accusative)"
bei der,26935276,"by, near","nominative masculine singular definite article, the"
an der,25779344,"on, upon, at, in, against","nominative masculine singular definite article, the"
nicht mehr,25433909,"not, non- (negates the meaning of a verb, adjective, or adverb)",something more
mit einem,23781424,"with (in the company of, alongside)",dative masculine/neuter singular of ein
mit den,23687423,"with (in the company of, alongside)",inflection of der (“the”):
aus der,23154808,out,"nominative masculine singular definite article, the"
es ist,22359323,"Refers to a neuter noun (person, animal, thing or abstract)",third-person singular present of sein
er sich,22291943,he,"Reflexive pronoun of the third person singular or plural: herself, himself, itself, oneself, themselves (in both dative and accusative)"
in einem,21651915,"[with dative] in, inside, within, at (inside a building)",dative masculine/neuter singular of ein
sich die,21547356,"Reflexive pronoun of the third person singular or plural: herself, himself, itself, oneself, themselves (in both dative and accusative)",nominative/accusative singular feminine of der
und das,20660648,and,nominative/accusative neuter singular of der: the
dass die,20513341,that,nominative/accusative singular feminine of der
für den,20266249,describes an abstract directionality towards a person or matter,inflection of der (“the”):
auch die,19358763,"also, too, as well (in addition to whatever or whoever has previously been listed)",nominative/accusative singular feminine of der
ich habe,19306736,I (first person singular nominative (subject) pronoun),inflection of haben:
dass sie,19277678,that,she; her
in dem,19272718,"[with dative] in, inside, within, at (inside a building)",dative masculine/neuter singular of der: the
das ist,18902120,nominative/accusative neuter singular of der: the,third-person singular present of sein
an den,18867003,"on, upon, at, in, against",inflection of der (“the”):
sich in,18739638,"Reflexive pronoun of the third person singular or plural: herself, himself, itself, oneself, themselves (in both dative and accusative)","[with dative] in, inside, within, at (inside a building)"
ist die,18729898,third-person singular present of sein,nominative/accusative singular feminine of der
an die,18677446,"on, upon, at, in, against",nominative/accusative singular feminine of der
von den,18644911,from,inflection of der (“the”):
es war,18186524,"Refers to a neuter noun (person, animal, thing or abstract)",first-person singular preterite of sein: was
dass er,18092789,that,he
um die,17959133,about,nominative/accusative singular feminine of der
in einer,17488694,"[with dative] in, inside, within, at (inside a building)",genitive/dative feminine singular of ein
nach dem,17298651,"after, past (later in time)",dative masculine/neuter singular of der: the
und ich,16999767,and,I (first person singular nominative (subject) pronoun)
ist es,16674969,third-person singular present of sein,"Refers to a neuter noun (person, animal, thing or abstract)"
in diesem,16392984,"[with dative] in, inside, within, at (inside a building)",masculine/neuter dative singular of dieser
zu den,14985894,"to, towards (indicates directionality)",inflection of der (“the”):
mit einer,14943015,"with (in the company of, alongside)",genitive/dative feminine singular of ein
ich bin,14853683,I (first person singular nominative (subject) pronoun),first-person singular present of sein
nicht nur,14831428,"not, non- (negates the meaning of a verb, adjective, or adverb)","only, just, merely, simply"
die sich,14654305,nominative/accusative singular feminine of der,"Reflexive pronoun of the third person singular or plural: herself, himself, itself, oneself, themselves (in both dative and accusative)"
und den,14358090,and,inflection of der (“the”):
und in,14332049,and,"[with dative] in, inside, within, at (inside a building)"
vor allem,13826954,"in front of, ahead of (relative location in space)","Dative singular masculine and neutral gender forms of alles (""all"")."
dass ich,13787613,that,I (first person singular nominative (subject) pronoun)
es nicht,13745225,"Refers to a neuter noun (person, animal, thing or abstract)","not, non- (negates the meaning of a verb, adjective, or adverb)"
dass es,13666325,that,"Refers to a neuter noun (person, animal, thing or abstract)"
auf das,13568554,"[with dative] on, upon (positioned at the top of)",nominative/accusative neuter singular of der: the
über den,13339897,"[with accusative or dative] above, over (spatially)",inflection of der (“the”):
sie die,13186971,she; her,nominative/accusative singular feminine of der
nach der,13152872,"after, past (later in time)","nominative masculine singular definite article, the"
ist das,13148391,third-person singular present of sein,nominative/accusative neuter singular of der: the
ich mich,13110378,I (first person singular nominative (subject) pronoun),accusative of ich: me
sich auf,12993042,"Reflexive pronoun of the third person singular or plural: herself, himself, itself, oneself, themselves (in both dative and accusative)","[with dative] on, upon (positioned at the top of)"
sie nicht,12724784,she; her,"not, non- (negates the meaning of a verb, adjective, or adverb)"
für das,12560041,describes an abstract directionality towards a person or matter,nominative/accusative neuter singular of der: the
und sie,12511399,and,she; her
es sich,12310105,"Refers to a neuter noun (person, animal, thing or abstract)","Reflexive pronoun of the third person singular or plural: herself, himself, itself, oneself, themselves (in both dative and accusative)"
durch den,12285220,by means of; by; through,inflection of der (“the”):
ist der,12268308,third-person singular present of sein,"nominative masculine singular definite article, the"
zu einem,12224168,"to, towards (indicates directionality)",dative masculine/neuter singular of ein
wenn sie,12049203,"when, whenever",she; her
gar nicht,12040280,"cooked, done (of food such as meat or vegetables: ready for consumption)","not, non- (negates the meaning of a verb, adjective, or adverb)"
sie in,11989381,she; her,"[with dative] in, inside, within, at (inside a building)"
zu sein,11980152,"to, towards (indicates directionality)",forms the present perfect and past perfect tenses of certain verbs
als er,11917742,"at (approximately) the same moment, when, while, as",he
wie die,11805209,how,nominative/accusative singular feminine of der
die in,11649585,nominative/accusative singular feminine of der,"[with dative] in, inside, within, at (inside a building)"
nicht zu,11589177,"not, non- (negates the meaning of a verb, adjective, or adverb)","to, towards (indicates directionality)"
ist ein,11581946,third-person singular present of sein,one
zu einer,11566303,"to, towards (indicates directionality)",genitive/dative feminine singular of ein
wie ein,11516268,how,one
ein paar,11458740,one,some; few; a few
von dem,11381867,from,dative masculine/neuter singular of der: the
sich nicht,11369523,"Reflexive pronoun of the third person singular or plural: herself, himself, itself, oneself, themselves (in both dative and accusative)","not, non- (negates the meaning of a verb, adjective, or adverb)"
habe ich,11321729,inflection of haben:,I (first person singular nominative (subject) pronoun)
den Kopf,11230403,inflection of der (“the”):,head
aber auch,11216334,but; however; though,"also, too, as well (in addition to whatever or whoever has previously been listed)"
als die,11054280,"at (approximately) the same moment, when, while, as",nominative/accusative singular feminine of der
noch nicht,10977922,"still, yet (up to and including a given time)","not, non- (negates the meaning of a verb, adjective, or adverb)"
bei den,10953753,"by, near",inflection of der (“the”):
wenn ich,10899701,"when, whenever",I (first person singular nominative (subject) pronoun)
gibt es,10873587,third-person singular present of geben,"Refers to a neuter noun (person, animal, thing or abstract)"
als sie,10752503,"at (approximately) the same moment, when, while, as",she; her
vor dem,10670963,"in front of, ahead of (relative location in space)",dative masculine/neuter singular of der: the
wenn er,10529929,"when, whenever",he
für eine,10509763,describes an abstract directionality towards a person or matter,nominative/accusative feminine singular of ein
war es,10372463,first-person singular preterite of sein: was,"Refers to a neuter noun (person, animal, thing or abstract)"
und dann,9982393,and,"then, after that"
sich mit,9935842,"Reflexive pronoun of the third person singular or plural: herself, himself, itself, oneself, themselves (in both dative and accusative)","with (in the company of, alongside)"
auch nicht,9896444,"also, too, as well (in addition to whatever or whoever has previously been listed)","not, non- (negates the meaning of a verb, adjective, or adverb)"
und er,9856063,and,he
dass der,9617626,that,"nominative masculine singular definite article, the"
auch in,9545324,"also, too, as well (in addition to whatever or whoever has previously been listed)","[with dative] in, inside, within, at (inside a building)"
er die,9542163,he,nominative/accusative singular feminine of der
von einem,9506104,from,dative masculine/neuter singular of ein
sind die,9384144,first-person plural present of sein,nominative/accusative singular feminine of der
aus den,9344287,out,inflection of der (“the”):
und mit,9301567,and,"with (in the company of, alongside)"
das war,9256121,nominative/accusative neuter singular of der: the,first-person singular preterite of sein: was
in das,9228839,"[with dative] in, inside, within, at (inside a building)",nominative/accusative neuter singular of der: the
die beiden,9224721,nominative/accusative singular feminine of der,inflection of beide:
er war,9192235,he,first-person singular preterite of sein: was
nicht so,9152728,"not, non- (negates the meaning of a verb, adjective, or adverb)","so, such, that"
ist eine,9099979,third-person singular present of sein,nominative/accusative feminine singular of ein
wenn man,9019581,"when, whenever","one, you, they (indefinite pronoun, referring to people at large; construed as a third-person singular)"
sich der,8985802,"Reflexive pronoun of the third person singular or plural: herself, himself, itself, oneself, themselves (in both dative and accusative)","nominative masculine singular definite article, the"
und dem,8982313,and,dative masculine/neuter singular of der: the
und es,8946676,and,"Refers to a neuter noun (person, animal, thing or abstract)"
wie sie,8848262,how,she; her
ich nicht,8820211,I (first person singular nominative (subject) pronoun),"not, non- (negates the meaning of a verb, adjective, or adverb)"
in dieser,8791309,"[with dative] in, inside, within, at (inside a building)","this one, this"
sie mit,8767338,she; her,"with (in the company of, alongside)"
daß die,8623822,Formerly standard spelling of dass which was deprecated in the spelling reform (Rechtschreibreform) of 1996.,nominative/accusative singular feminine of der
sich um,8609587,"Reflexive pronoun of the third person singular or plural: herself, himself, itself, oneself, themselves (in both dative and accusative)",about
als ich,8525303,"at (approximately) the same moment, when, while, as",I (first person singular nominative (subject) pronoun)
ich weiß,8512420,I (first person singular nominative (subject) pronoun),white
auf eine,8500939,"[with dative] on, upon (positioned at the top of)",nominative/accusative feminine singular of ein
hatte er,8499656,first/third-person singular preterite of haben,he
wenn die,8477804,"when, whenever",nominative/accusative singular feminine of der
er hatte,8394812,he,first/third-person singular preterite of haben
auf und,8346207,"[with dative] on, upon (positioned at the top of)",and
nicht in,8301589,"not, non- (negates the meaning of a verb, adjective, or adverb)","[with dative] in, inside, within, at (inside a building)"
um den,8271985,about,inflection of der (“the”):
durch das,8200642,by means of; by; through,nominative/accusative neuter singular of der: the
aber ich,8163051,but; however; though,I (first person singular nominative (subject) pronoun)
wir uns,8126526,we,accusative/dative of wir: us
sich zu,8101345,"Reflexive pronoun of the third person singular or plural: herself, himself, itself, oneself, themselves (in both dative and accusative)","to, towards (indicates directionality)"
in seinem,8062547,"[with dative] in, inside, within, at (inside a building)",dative masculine/neuter singular of sein
sich an,8038546,"Reflexive pronoun of the third person singular or plural: herself, himself, itself, oneself, themselves (in both dative and accusative)","on, upon, at, in, against"
wenn es,8038435,"when, whenever","Refers to a neuter noun (person, animal, thing or abstract)"
ist nicht,8021045,third-person singular present of sein,"not, non- (negates the meaning of a verb, adjective, or adverb)"
und sich,7993110,and,"Reflexive pronoun of the third person singular or plural: herself, himself, itself, oneself, themselves (in both dative and accusative)"
mehr als,7981570,something more,"at (approximately) the same moment, when, while, as"
sie zu,7911725,she; her,"to, towards (indicates directionality)"
aber nicht,7890121,but; however; though,"not, non- (negates the meaning of a verb, adjective, or adverb)"
die Augen,7881767,nominative/accusative singular feminine of der,plural of Auge
über das,7869249,"[with accusative or dative] above, over (spatially)",nominative/accusative neuter singular of der: the
immer wieder,7824664,always,again; indicates that the action taking place has happened before
und ein,7806059,and,one
gegen die,7732626,against,nominative/accusative singular feminine of der
zu können,7695635,"to, towards (indicates directionality)","to be able (to do or be something), to have the possibility of, can."
zwischen den,7664869,between,inflection of der (“the”):
und zu,7562693,and,"to, towards (indicates directionality)"
immer noch,7553077,always,"still, yet (up to and including a given time)"
hast du,7540296,second-person singular present of haben,"you (singular familiar), thou"
sagte er,7498199,inflection of sagen:,he
und auch,7480434,and,"also, too, as well (in addition to whatever or whoever has previously been listed)"
in seiner,7422524,"[with dative] in, inside, within, at (inside a building)",his (substantival possessive)
vor der,7369625,"in front of, ahead of (relative location in space)","nominative masculine singular definite article, the"
und so,7360266,and,"so, such, that"
und eine,7313933,and,nominative/accusative feminine singular of ein
und nicht,7295754,and,"not, non- (negates the meaning of a verb, adjective, or adverb)"
zu tun,7270936,"to, towards (indicates directionality)",to do (to perform or execute an action)
von einer,7260774,from,genitive/dative feminine singular of ein
wie es,7202358,how,"Refers to a neuter noun (person, animal, thing or abstract)"
die von,7153107,nominative/accusative singular feminine of der,from
für einen,7118498,describes an abstract directionality towards a person or matter,accusative masculine singular of ein
wie er,7118127,how,he
hatte sie,7116474,first/third-person singular preterite of haben,she; her
zu machen,7091577,"to, towards (indicates directionality)","to make, to produce, to create (an object, arrangement, situation, etc.)"
der sich,7084624,"nominative masculine singular definite article, the","Reflexive pronoun of the third person singular or plural: herself, himself, itself, oneself, themselves (in both dative and accusative)"
sie das,7075385,she; her,nominative/accusative neuter singular of der: the
zu haben,7065731,"to, towards (indicates directionality)",forms the perfect aspect (have)
nur noch,7037162,"only, just, merely, simply","still, yet (up to and including a given time)"
sie auf,6997766,she; her,"[with dative] on, upon (positioned at the top of)"
er ist,6978196,he,third-person singular present of sein
war ein,6976599,first-person singular preterite of sein: was,one
nur die,6956601,"only, just, merely, simply",nominative/accusative singular feminine of der
es gibt,6955748,"Refers to a neuter noun (person, animal, thing or abstract)",third-person singular present of geben
sie den,6914456,she; her,inflection of der (“the”):
und damit,6860313,and,pronominal adverb of mit
als auch,6834750,"at (approximately) the same moment, when, while, as","also, too, as well (in addition to whatever or whoever has previously been listed)"
zu sehen,6791341,"to, towards (indicates directionality)",to see; to have sight
sie war,6690015,she; her,first-person singular preterite of sein: was
er in,6675687,he,"[with dative] in, inside, within, at (inside a building)"
er nicht,6648087,he,"not, non- (negates the meaning of a verb, adjective, or adverb)"
auch der,6586605,"also, too, as well (in addition to whatever or whoever has previously been listed)","nominative masculine singular definite article, the"
unter dem,6562486,under,dative masculine/neuter singular of der: the
noch einmal,6546614,"still, yet (up to and including a given time)","once, one time (one and only one time)"
in eine,6534434,"[with dative] in, inside, within, at (inside a building)",nominative/accusative feminine singular of ein
zu dem,6521614,"to, towards (indicates directionality)",dative masculine/neuter singular of der: the
die Frage,6515520,nominative/accusative singular feminine of der,question (interrogative sentence or phrase)
zu werden,6503425,"to, towards (indicates directionality)","will, to be going to, forms the future tense"
werden kann,6482152,"will, to be going to, forms the future tense",first/third-person singular present of können
sich das,6472184,"Reflexive pronoun of the third person singular or plural: herself, himself, itself, oneself, themselves (in both dative and accusative)",nominative/accusative neuter singular of der: the
ein wenig,6463107,one,"little, few (a small amount, a small number)"
nicht die,6423246,"not, non- (negates the meaning of a verb, adjective, or adverb)",nominative/accusative singular feminine of der
die sie,6401198,nominative/accusative singular feminine of der,she; her
an dem,6340784,"on, upon, at, in, against",dative masculine/neuter singular of der: the
daß er,6298260,Formerly standard spelling of dass which was deprecated in the spelling reform (Rechtschreibreform) of 1996.,he
ich kann,6282133,I (first person singular nominative (subject) pronoun),first/third-person singular present of können
kann man,6279136,first/third-person singular present of können,"one, you, they (indefinite pronoun, referring to people at large; construed as a third-person singular)"
nur ein,6273457,"only, just, merely, simply",one
was ich,6266941,what,I (first person singular nominative (subject) pronoun)
wenn du,6261724,"when, whenever","you (singular familiar), thou"
man sich,6243070,"one, you, they (indefinite pronoun, referring to people at large; construed as a third-person singular)","Reflexive pronoun of the third person singular or plural: herself, himself, itself, oneself, themselves (in both dative and accusative)"
et al,6233168,,
er sie,6225909,he,she; her
wir haben,6212978,we,forms the perfect aspect (have)
unter den,6201662,under,inflection of der (“the”):
sich selbst,6191625,"Reflexive pronoun of the third person singular or plural: herself, himself, itself, oneself, themselves (in both dative and accusative)","personally, by oneself"
im Rahmen,6183314,"initialism of Inoffizieller Mitarbeiter / Inoffizielle Mitarbeiterin (“unofficial collaborator”), an informant in the German Democratic Republic who delivered private information to the Stasi.","frame, scope"
bin ich,6182129,first-person singular present of sein,I (first person singular nominative (subject) pronoun)
was ist,6159432,what,third-person singular present of sein
die er,6124104,nominative/accusative singular feminine of der,he
und seine,6104758,and,inflection of seiner:
aber die,6102745,but; however; though,nominative/accusative singular feminine of der
sie sind,6102419,she; her,first-person plural present of sein
er den,6096640,he,inflection of der (“the”):
die die,6088814,nominative/accusative singular feminine of der,nominative/accusative singular feminine of der
in ihrer,6085167,"[with dative] in, inside, within, at (inside a building)",genitive of sie: of her
auch wenn,6076167,"also, too, as well (in addition to whatever or whoever has previously been listed)","when, whenever"
es in,6060052,"Refers to a neuter noun (person, animal, thing or abstract)","[with dative] in, inside, within, at (inside a building)"
dass das,6043218,that,nominative/accusative neuter singular of der: the
er hat,6034317,he,third-person singular present of haben
du hast,6013430,"you (singular familiar), thou",second-person singular present of haben
durch eine,6000928,by means of; by; through,nominative/accusative feminine singular of ein
sie es,5991284,she; her,"Refers to a neuter noun (person, animal, thing or abstract)"
in ihrem,5985504,"[with dative] in, inside, within, at (inside a building)","dative masculine/neuter singular of ihr: her, its, their (referring to a masculine or neuter object in the dative case)"
bis zum,5979977,until,"contraction of zu + dem, literally “to the; for the”"
war die,5974429,first-person singular preterite of sein: was,nominative/accusative singular feminine of der
wird die,5944940,third-person singular present of werden,nominative/accusative singular feminine of der
war er,5928015,first-person singular preterite of sein: was,he
ich will,5915070,I (first person singular nominative (subject) pronoun),first/third-person singular present of wollen
hatte sich,5907697,first/third-person singular preterite of haben,"Reflexive pronoun of the third person singular or plural: herself, himself, itself, oneself, themselves (in both dative and accusative)"
die Tür,5906393,nominative/accusative singular feminine of der,door (rigid plane on a hinge)
für ein,5897423,describes an abstract directionality towards a person or matter,one
ich mir,5883130,I (first person singular nominative (subject) pronoun),"dative of ich: me, to me"
sie hatte,5876913,she; her,first/third-person singular preterite of haben
während der,5870216,while (at the same time as),"nominative masculine singular definite article, the"
und wenn,5869470,and,"when, whenever"
der Welt,5850521,"nominative masculine singular definite article, the",world
sie ist,5846653,she; her,third-person singular present of sein
hat sich,5831847,third-person singular present of haben,"Reflexive pronoun of the third person singular or plural: herself, himself, itself, oneself, themselves (in both dative and accusative)"
ich war,5823647,I (first person singular nominative (subject) pronoun),first-person singular preterite of sein: was
sich ein,5809669,"Reflexive pronoun of the third person singular or plural: herself, himself, itself, oneself, themselves (in both dative and accusative)",one
wie der,5801947,how,"nominative masculine singular definite article, the"
und ihre,5798857,and,inflection of ihr:
bei dem,5763503,"by, near",dative masculine/neuter singular of der: the
du bist,5747059,"you (singular familiar), thou",second-person singular present of sein
war das,5744869,first-person singular preterite of sein: was,nominative/accusative neuter singular of der: the
als der,5739699,"at (approximately) the same moment, when, while, as","nominative masculine singular definite article, the"
er mit,5724975,he,"with (in the company of, alongside)"
ich hatte,5721490,I (first person singular nominative (subject) pronoun),first/third-person singular preterite of haben
für mich,5718867,describes an abstract directionality towards a person or matter,accusative of ich: me
war der,5713231,first-person singular preterite of sein: was,"nominative masculine singular definite article, the"
ich werde,5712092,I (first person singular nominative (subject) pronoun),inflection of werden:
und auf,5706098,and,"[with dative] on, upon (positioned at the top of)"
dass du,5700756,that,"you (singular familiar), thou"
wenn Sie,5700298,"when, whenever",she; her
aber das,5677852,but; however; though,nominative/accusative neuter singular of der: the
was er,5666668,what,he
wenn wir,5656233,"when, whenever",we
wie ich,5651981,how,I (first person singular nominative (subject) pronoun)
das nicht,5648367,nominative/accusative neuter singular of der: the,"not, non- (negates the meaning of a verb, adjective, or adverb)"
dass sich,5645849,that,"Reflexive pronoun of the third person singular or plural: herself, himself, itself, oneself, themselves (in both dative and accusative)"
ich die,5635658,I (first person singular nominative (subject) pronoun),nominative/accusative singular feminine of der
daß sie,5605039,Formerly standard spelling of dass which was deprecated in the spelling reform (Rechtschreibreform) of 1996.,she; her
was sie,5600686,what,she; her
kann ich,5571345,first/third-person singular present of können,I (first person singular nominative (subject) pronoun)
die Hand,5564331,nominative/accusative singular feminine of der,hand
um eine,5557794,about,nominative/accusative feminine singular of ein
sondern auch,5553080,"rather, but (instead).","also, too, as well (in addition to whatever or whoever has previously been listed)"
dass wir,5546585,that,we
weil sie,5528899,"because, given that",she; her
sich im,5524250,"Reflexive pronoun of the third person singular or plural: herself, himself, itself, oneself, themselves (in both dative and accusative)","initialism of Inoffizieller Mitarbeiter / Inoffizielle Mitarbeiterin (“unofficial collaborator”), an informant in the German Democratic Republic who delivered private information to the Stasi."
ich es,5507474,I (first person singular nominative (subject) pronoun),"Refers to a neuter noun (person, animal, thing or abstract)"
es auch,5504640,"Refers to a neuter noun (person, animal, thing or abstract)","also, too, as well (in addition to whatever or whoever has previously been listed)"
auf einen,5495781,"[with dative] on, upon (positioned at the top of)",accusative masculine singular of ein
sich auch,5486927,"Reflexive pronoun of the third person singular or plural: herself, himself, itself, oneself, themselves (in both dative and accusative)","also, too, as well (in addition to whatever or whoever has previously been listed)"
an und,5476763,"on, upon, at, in, against",and
bis zu,5474094,until,"to, towards (indicates directionality)"
in Deutschland,5445080,"[with dative] in, inside, within, at (inside a building)","Germany (a nation or civilization occupying the country around the Rhine, Elbe, and upper Danube Rivers in Central Europe, taken as a whole under its various governments)"
nicht auf,5429800,"not, non- (negates the meaning of a verb, adjective, or adverb)","[with dative] on, upon (positioned at the top of)"
als ein,5419919,"at (approximately) the same moment, when, while, as",one
gab es,5392200,first/third-person singular preterite of geben,"Refers to a neuter noun (person, animal, thing or abstract)"
ist in,5392166,third-person singular present of sein,"[with dative] in, inside, within, at (inside a building)"
auch das,5384595,"also, too, as well (in addition to whatever or whoever has previously been listed)",nominative/accusative neuter singular of der: the
aber es,5380397,but; however; though,"Refers to a neuter noun (person, animal, thing or abstract)"
von ihm,5352104,from,"dative of er; him, to him (indirect object); for him (in some cases)."
und wie,5341871,and,how
die ganze,5334099,nominative/accusative singular feminine of der,inflection of ganz:
der in,5331270,"nominative masculine singular definite article, the","[with dative] in, inside, within, at (inside a building)"
mit ihm,5325339,"with (in the company of, alongside)","dative of er; him, to him (indirect object); for him (in some cases)."
der die,5310144,"nominative masculine singular definite article, the",nominative/accusative singular feminine of der
zum Beispiel,5294617,"contraction of zu + dem, literally “to the; for the”",example
noch ein,5294187,"still, yet (up to and including a given time)",one
hat er,5277154,third-person singular present of haben,he
und von,5250680,and,from
wenn der,5225802,"when, whenever","nominative masculine singular definite article, the"
wie eine,5193828,how,nominative/accusative feminine singular of ein
um das,5172912,about,nominative/accusative neuter singular of der: the
sie haben,5172897,she; her,forms the perfect aspect (have)
der Hand,5146339,"nominative masculine singular definite article, the",hand
und als,5142096,and,"at (approximately) the same moment, when, while, as"
sie an,5141057,she; her,"on, upon, at, in, against"
nach einer,5137242,"after, past (later in time)",genitive/dative feminine singular of ein
die im,5106411,nominative/accusative singular feminine of der,"initialism of Inoffizieller Mitarbeiter / Inoffizielle Mitarbeiterin (“unofficial collaborator”), an informant in the German Democratic Republic who delivered private information to the Stasi."
zu lassen,5083268,"to, towards (indicates directionality)",to allow; to permit; to let
sie ihn,5071485,she; her,"accusative of er; him, it (masculine, direct object)."
und des,5054867,and,genitive masculine/neuter singular of der: the
auch für,5035808,"also, too, as well (in addition to whatever or whoever has previously been listed)",describes an abstract directionality towards a person or matter
war nicht,5023436,first-person singular preterite of sein: was,"not, non- (negates the meaning of a verb, adjective, or adverb)"
an einem,5011272,"on, upon, at, in, against",dative masculine/neuter singular of ein
lässt sich,5008724,second/third-person singular present of lassen,"Reflexive pronoun of the third person singular or plural: herself, himself, itself, oneself, themselves (in both dative and accusative)"
ich das,4982823,I (first person singular nominative (subject) pronoun),nominative/accusative neuter singular of der: the
sich von,4981832,"Reflexive pronoun of the third person singular or plural: herself, himself, itself, oneself, themselves (in both dative and accusative)",from
und im,4938992,and,"initialism of Inoffizieller Mitarbeiter / Inoffizielle Mitarbeiterin (“unofficial collaborator”), an informant in the German Democratic Republic who delivered private information to the Stasi."
sagte sie,4926938,inflection of sagen:,she; her
in denen,4919703,"[with dative] in, inside, within, at (inside a building)",dative plural of der
die mit,4896897,nominative/accusative singular feminine of der,"with (in the company of, alongside)"
auf einem,4882077,"[with dative] on, upon (positioned at the top of)",dative masculine/neuter singular of ein
man die,4868541,"one, you, they (indefinite pronoun, referring to people at large; construed as a third-person singular)",nominative/accusative singular feminine of der
nach den,4866802,"after, past (later in time)",inflection of der (“the”):
er das,4864713,he,nominative/accusative neuter singular of der: the
zu der,4849626,"to, towards (indicates directionality)","nominative masculine singular definite article, the"
auch noch,4836571,"also, too, as well (in addition to whatever or whoever has previously been listed)","still, yet (up to and including a given time)"
nicht mit,4834065,"not, non- (negates the meaning of a verb, adjective, or adverb)","with (in the company of, alongside)"
werden können,4814852,"will, to be going to, forms the future tense","to be able (to do or be something), to have the possibility of, can."
sie auch,4809567,she; her,"also, too, as well (in addition to whatever or whoever has previously been listed)"
haben wir,4805175,forms the perfect aspect (have),we
aber er,4800807,but; however; though,he
der Zeit,4778299,"nominative masculine singular definite article, the",time (as a concept)
geht es,4778150,inflection of gehen:,"Refers to a neuter noun (person, animal, thing or abstract)"
als eine,4774281,"at (approximately) the same moment, when, while, as",nominative/accusative feminine singular of ein
so ist,4760289,"so, such, that",third-person singular present of sein
ich glaube,4757065,I (first person singular nominative (subject) pronoun),"belief, faith"
der Mann,4746939,"nominative masculine singular definite article, the","man, male human being"
bei einem,4738436,"by, near",dative masculine/neuter singular of ein
nur eine,4726247,"only, just, merely, simply",nominative/accusative feminine singular of ein
um sich,4715675,about,"Reflexive pronoun of the third person singular or plural: herself, himself, itself, oneself, themselves (in both dative and accusative)"
aber sie,4707162,but; however; though,she; her
am Ende,4693558,acronym of Anwendungsmanagement,"end, finish"
nicht einmal,4678065,"not, non- (negates the meaning of a verb, adjective, or adverb)","once, one time (one and only one time)"
bei einer,4660063,"by, near",genitive/dative feminine singular of ein
in ein,4631271,"[with dative] in, inside, within, at (inside a building)",one
die anderen,4615255,nominative/accusative singular feminine of der,inflection of anderer:
er es,4602668,he,"Refers to a neuter noun (person, animal, thing or abstract)"
hatte ich,4594936,first/third-person singular preterite of haben,I (first person singular nominative (subject) pronoun)
dass man,4594049,that,"one, you, they (indefinite pronoun, referring to people at large; construed as a third-person singular)"
werden die,4576883,"will, to be going to, forms the future tense",nominative/accusative singular feminine of der
mich nicht,4554210,accusative of ich: me,"not, non- (negates the meaning of a verb, adjective, or adverb)"
noch immer,4550455,"still, yet (up to and including a given time)",always
und was,4549191,and,what
es zu,4538521,"Refers to a neuter noun (person, animal, thing or abstract)","to, towards (indicates directionality)"
oder die,4534664,"Oder (a major river in the Czech Republic, Poland and Germany)",nominative/accusative singular feminine of der
ist und,4529344,third-person singular present of sein,and
unter der,4505824,under,"nominative masculine singular definite article, the"
sie mir,4494839,she; her,"dative of ich: me, to me"
der Stadt,4484792,"nominative masculine singular definite article, the",city (a large settlement)
ab und,4476369,beginning at that time or location; from,and
ich in,4449460,I (first person singular nominative (subject) pronoun),"[with dative] in, inside, within, at (inside a building)"
auf diese,4447216,"[with dative] on, upon (positioned at the top of)","nominative feminine singular of dieser; ""this"""
die der,4446529,nominative/accusative singular feminine of der,"nominative masculine singular definite article, the"
weil er,4440240,"because, given that",he
an das,4432455,"on, upon, at, in, against",nominative/accusative neuter singular of der: the
das Leben,4430960,nominative/accusative neuter singular of der: the,"to live, to be alive"
wie in,4429518,how,"[with dative] in, inside, within, at (inside a building)"
nur in,4421524,"only, just, merely, simply","[with dative] in, inside, within, at (inside a building)"
die Zeit,4403191,nominative/accusative singular feminine of der,time (as a concept)
die ich,4396735,nominative/accusative singular feminine of der,I (first person singular nominative (subject) pronoun)
sich bei,4396183,"Reflexive pronoun of the third person singular or plural: herself, himself, itself, oneself, themselves (in both dative and accusative)","by, near"
sich aus,4384539,"Reflexive pronoun of the third person singular or plural: herself, himself, itself, oneself, themselves (in both dative and accusative)",out
sich eine,4379898,"Reflexive pronoun of the third person singular or plural: herself, himself, itself, oneself, themselves (in both dative and accusative)",nominative/accusative feminine singular of ein
in einen,4376092,"[with dative] in, inside, within, at (inside a building)",accusative masculine singular of ein
der anderen,4365931,"nominative masculine singular definite article, the",inflection of anderer:
es mir,4354111,"Refers to a neuter noun (person, animal, thing or abstract)","dative of ich: me, to me"
und nach,4331613,and,"after, past (later in time)"
es wird,4325720,"Refers to a neuter noun (person, animal, thing or abstract)",third-person singular present of werden
die meisten,4320165,nominative/accusative singular feminine of der,superlative degree of viel
in seinen,4306632,"[with dative] in, inside, within, at (inside a building)",inflection of sein:
da die,4305252,there,nominative/accusative singular feminine of der
für ihn,4292372,describes an abstract directionality towards a person or matter,"accusative of er; him, it (masculine, direct object)."
ist auch,4286184,third-person singular present of sein,"also, too, as well (in addition to whatever or whoever has previously been listed)"
im Sinne,4264857,"initialism of Inoffizieller Mitarbeiter / Inoffizielle Mitarbeiterin (“unofficial collaborator”), an informant in the German Democratic Republic who delivered private information to the Stasi.",inflection of sinnen:
doch nicht,4252100,yes; surely; really; on the contrary,"not, non- (negates the meaning of a verb, adjective, or adverb)"
den Weg,4248013,inflection of der (“the”):,away
zu finden,4244175,"to, towards (indicates directionality)",to find; to discover
so viel,4239971,"so, such, that","much, a lot"
wie das,4238992,how,nominative/accusative neuter singular of der: the
in ihren,4218129,"[with dative] in, inside, within, at (inside a building)",inflection of ihr:
die auf,4205640,nominative/accusative singular feminine of der,"[with dative] on, upon (positioned at the top of)"
die Welt,4205353,nominative/accusative singular feminine of der,world
die den,4159308,nominative/accusative singular feminine of der,inflection of der (“the”):
daß der,4156096,Formerly standard spelling of dass which was deprecated in the spelling reform (Rechtschreibreform) of 1996.,"nominative masculine singular definite article, the"
der Regel,4134710,"nominative masculine singular definite article, the",rule
daß ich,4131486,Formerly standard spelling of dass which was deprecated in the spelling reform (Rechtschreibreform) of 1996.,I (first person singular nominative (subject) pronoun)
und zwar,4120139,and,"Signals a following contrary clause, which is usually introduced with aber (“but”), stressing that the speaker is aware of the contradiction, but that it does not invalidate the statement."
haben Sie,4118406,forms the perfect aspect (have),she; her
Blick auf,4104268,"glance, look","[with dative] on, upon (positioned at the top of)"
nach einem,4102645,"after, past (later in time)",dative masculine/neuter singular of ein
bist du,4069907,second-person singular present of sein,"you (singular familiar), thou"
einer der,4047611,genitive/dative feminine singular of ein,"nominative masculine singular definite article, the"
und für,4043585,and,describes an abstract directionality towards a person or matter
auf einer,4023966,"[with dative] on, upon (positioned at the top of)",genitive/dative feminine singular of ein
auch eine,4021892,"also, too, as well (in addition to whatever or whoever has previously been listed)",nominative/accusative feminine singular of ein
war sie,4011456,first-person singular preterite of sein: was,she; her
von mir,4001987,from,"dative of ich: me, to me"
und sah,3997240,and,first/third-person singular preterite of sehen
wird der,3992670,third-person singular present of werden,"nominative masculine singular definite article, the"
lassen sich,3987492,to allow; to permit; to let,"Reflexive pronoun of the third person singular or plural: herself, himself, itself, oneself, themselves (in both dative and accusative)"
von ihnen,3984681,from,"dative of sie; them, to them."
mit seinem,3957710,"with (in the company of, alongside)",dative masculine/neuter singular of sein
ist er,3949362,third-person singular present of sein,he
als das,3944173,"at (approximately) the same moment, when, while, as",nominative/accusative neuter singular of der: the
daß es,3942167,Formerly standard spelling of dass which was deprecated in the spelling reform (Rechtschreibreform) of 1996.,"Refers to a neuter noun (person, animal, thing or abstract)"
auf ein,3930205,"[with dative] on, upon (positioned at the top of)",one
er auf,3914587,he,"[with dative] on, upon (positioned at the top of)"
sie von,3914329,she; her,from
nach Hause,3902380,"after, past (later in time)",inflection of hausen:
sie und,3897128,she; her,and
wir sind,3887024,we,first-person plural present of sein
auch bei,3879026,"also, too, as well (in addition to whatever or whoever has previously been listed)","by, near"
mit ihren,3875936,"with (in the company of, alongside)",inflection of ihr:
noch eine,3875655,"still, yet (up to and including a given time)",nominative/accusative feminine singular of ein
die für,3851665,nominative/accusative singular feminine of der,describes an abstract directionality towards a person or matter
für sie,3849630,describes an abstract directionality towards a person or matter,she; her
an sich,3845934,"on, upon, at, in, against","Reflexive pronoun of the third person singular or plural: herself, himself, itself, oneself, themselves (in both dative and accusative)"
die nicht,3840636,nominative/accusative singular feminine of der,"not, non- (negates the meaning of a verb, adjective, or adverb)"
ich sie,3831251,I (first person singular nominative (subject) pronoun),she; her
zur Verfügung,3829595,"contraction of zu + der, literally “to the (feminine)”","disposal, disposition (control over something)"
die Möglichkeit,3815329,nominative/accusative singular feminine of der,"possibility, likelihood"
auch ein,3811578,"also, too, as well (in addition to whatever or whoever has previously been listed)",one
in meinem,3805107,"[with dative] in, inside, within, at (inside a building)",dative masculine/neuter singular of mein
wieder in,3797585,again; indicates that the action taking place has happened before,"[with dative] in, inside, within, at (inside a building)"
sich vor,3794565,"Reflexive pronoun of the third person singular or plural: herself, himself, itself, oneself, themselves (in both dative and accusative)","in front of, ahead of (relative location in space)"
die Frau,3780791,nominative/accusative singular feminine of der,woman (adult female human)
sie eine,3778230,she; her,nominative/accusative feminine singular of ein
ich ihn,3777802,I (first person singular nominative (subject) pronoun),"accusative of er; him, it (masculine, direct object)."
hat die,3767849,third-person singular present of haben,nominative/accusative singular feminine of der
nicht von,3762530,"not, non- (negates the meaning of a verb, adjective, or adverb)",from
hin und,3749137,"there, thither; denotes direction towards a place that is not the speaker’s current location.",and
mit mir,3738167,"with (in the company of, alongside)","dative of ich: me, to me"
die Hände,3737247,nominative/accusative singular feminine of der,nominative plural of Hand
sich und,3697389,"Reflexive pronoun of the third person singular or plural: herself, himself, itself, oneself, themselves (in both dative and accusative)",and
ich meine,3691954,I (first person singular nominative (subject) pronoun),inflection of meiner:
mit seiner,3665427,"with (in the company of, alongside)",his (substantival possessive)
war und,3652619,first-person singular preterite of sein: was,and
und wir,3650335,and,we
sie noch,3641422,she; her,"still, yet (up to and including a given time)"
mit ihr,3640319,"with (in the company of, alongside)","you, ye (plural, familiar)"
ich muss,3636567,I (first person singular nominative (subject) pronoun),first/third-person singular present of müssen
sie ein,3632067,she; her,one
und ihr,3631469,and,"you, ye (plural, familiar)"
so wie,3617019,"so, such, that",how
ich wollte,3615709,I (first person singular nominative (subject) pronoun),inflection of wollen:
sie mich,3607829,she; her,accusative of ich: me
auch auf,3604340,"also, too, as well (in addition to whatever or whoever has previously been listed)","[with dative] on, upon (positioned at the top of)"
und da,3601841,and,there
zu sagen,3601710,"to, towards (indicates directionality)",to say (to pronounce; communicate verbally)
ich mit,3600172,I (first person singular nominative (subject) pronoun),"with (in the company of, alongside)"
ihm die,3596387,"dative of er; him, to him (indirect object); for him (in some cases).",nominative/accusative singular feminine of der
gegen den,3592296,against,inflection of der (“the”):
war eine,3581656,first-person singular preterite of sein: was,nominative/accusative feminine singular of ein
der von,3573002,"nominative masculine singular definite article, the",from
durch einen,3572685,by means of; by; through,accusative masculine singular of ein
die eine,3565434,nominative/accusative singular feminine of der,nominative/accusative feminine singular of ein
der ersten,3553541,"nominative masculine singular definite article, the",inflection of erste:
ein bisschen,3550981,one,(a) bit; (a) little
ob sie,3542782,"Introduces an indirect question, a doubt. if, whether.",she; her
den anderen,3536444,inflection of der (“the”):,inflection of anderer:
auch im,3530907,"also, too, as well (in addition to whatever or whoever has previously been listed)","initialism of Inoffizieller Mitarbeiter / Inoffizielle Mitarbeiterin (“unofficial collaborator”), an informant in the German Democratic Republic who delivered private information to the Stasi."
sie hat,3530100,she; her,third-person singular present of haben
so dass,3523957,"so, such, that",that
ich auch,3520177,I (first person singular nominative (subject) pronoun),"also, too, as well (in addition to whatever or whoever has previously been listed)"
den letzten,3499080,inflection of der (“the”):,inflection of letzter:
werde ich,3496933,inflection of werden:,I (first person singular nominative (subject) pronoun)
aus einem,3493713,out,dative masculine/neuter singular of ein
und an,3493011,and,"on, upon, at, in, against"
den ersten,3490484,inflection of der (“the”):,inflection of erste:
die Menschen,3486919,nominative/accusative singular feminine of der,accusative/dative/genitive singular of Mensch
zu mir,3483215,"to, towards (indicates directionality)","dative of ich: me, to me"
sich für,3480864,"Reflexive pronoun of the third person singular or plural: herself, himself, itself, oneself, themselves (in both dative and accusative)",describes an abstract directionality towards a person or matter
zu ihm,3472290,"to, towards (indicates directionality)","dative of er; him, to him (indirect object); for him (in some cases)."
auch nur,3467645,"also, too, as well (in addition to whatever or whoever has previously been listed)","only, just, merely, simply"
ich den,3456591,I (first person singular nominative (subject) pronoun),inflection of der (“the”):
um einen,3455028,about,accusative masculine singular of ein
sie im,3454451,she; her,"initialism of Inoffizieller Mitarbeiter / Inoffizielle Mitarbeiterin (“unofficial collaborator”), an informant in the German Democratic Republic who delivered private information to the Stasi."
bis zur,3444282,until,"contraction of zu + der, literally “to the (feminine)”"
weil ich,3437780,"because, given that",I (first person singular nominative (subject) pronoun)
vor sich,3437350,"in front of, ahead of (relative location in space)","Reflexive pronoun of the third person singular or plural: herself, himself, itself, oneself, themselves (in both dative and accusative)"
die das,3435265,nominative/accusative singular feminine of der,nominative/accusative neuter singular of der: the
zu Hause,3432846,"to, towards (indicates directionality)",inflection of hausen:
ihn zu,3428685,"accusative of er; him, it (masculine, direct object).","to, towards (indicates directionality)"
wird in,3424556,third-person singular present of werden,"[with dative] in, inside, within, at (inside a building)"
wir die,3422882,we,nominative/accusative singular feminine of der
darüber hinaus,3421651,"above, above it/this/that",out (away from the speaker)
für alle,3420572,describes an abstract directionality towards a person or matter,inflection of all (“all”)
um sie,3417806,about,she; her
sich als,3410035,"Reflexive pronoun of the third person singular or plural: herself, himself, itself, oneself, themselves (in both dative and accusative)","at (approximately) the same moment, when, while, as"
mir die,3409666,"dative of ich: me, to me",nominative/accusative singular feminine of der
sich über,3403793,"Reflexive pronoun of the third person singular or plural: herself, himself, itself, oneself, themselves (in both dative and accusative)","[with accusative or dative] above, over (spatially)"
ob er,3393052,"Introduces an indirect question, a doubt. if, whether.",he
aus und,3391830,out,and
sowie die,3387387,as well as,nominative/accusative singular feminine of der
hat sie,3386674,third-person singular present of haben,she; her
können Sie,3385072,"to be able (to do or be something), to have the possibility of, can.",she; her
bezug auf,3368371,reference,"[with dative] on, upon (positioned at the top of)"
sich nach,3358200,"Reflexive pronoun of the third person singular or plural: herself, himself, itself, oneself, themselves (in both dative and accusative)","after, past (later in time)"
wie man,3355235,how,"one, you, they (indefinite pronoun, referring to people at large; construed as a third-person singular)"
es ihm,3349187,"Refers to a neuter noun (person, animal, thing or abstract)","dative of er; him, to him (indirect object); for him (in some cases)."
noch nie,3335674,"still, yet (up to and including a given time)","never, never at all (referring to an indefinite period of time)"
nicht der,3334661,"not, non- (negates the meaning of a verb, adjective, or adverb)","nominative masculine singular definite article, the"
das Gefühl,3331325,nominative/accusative neuter singular of der: the,feeling (either physical sensation or emotion)
war ich,3326902,first-person singular preterite of sein: was,I (first person singular nominative (subject) pronoun)
mit seinen,3325249,"with (in the company of, alongside)",inflection of sein:
wenn das,3321724,"when, whenever",nominative/accusative neuter singular of der: the
viel zu,3315833,"much, a lot","to, towards (indicates directionality)"
of the,3314718,,
eine andere,3304592,nominative/accusative feminine singular of ein,inflection of anderer
wieder auf,3302460,again; indicates that the action taking place has happened before,"[with dative] on, upon (positioned at the top of)"
können wir,3301157,"to be able (to do or be something), to have the possibility of, can.",we
oder der,3300950,"Oder (a major river in the Czech Republic, Poland and Germany)","nominative masculine singular definite article, the"
mich an,3285538,accusative of ich: me,"on, upon, at, in, against"
nicht an,3277635,"not, non- (negates the meaning of a verb, adjective, or adverb)","on, upon, at, in, against"
die Kinder,3269828,nominative/accusative singular feminine of der,nominative/accusative/genitive plural of Kind
kann es,3268127,first/third-person singular present of können,"Refers to a neuter noun (person, animal, thing or abstract)"
mir nicht,3265816,"dative of ich: me, to me","not, non- (negates the meaning of a verb, adjective, or adverb)"
vor den,3254931,"in front of, ahead of (relative location in space)",inflection of der (“the”):
sie ihm,3241002,she; her,"dative of er; him, to him (indirect object); for him (in some cases)."
für sich,3236655,describes an abstract directionality towards a person or matter,"Reflexive pronoun of the third person singular or plural: herself, himself, itself, oneself, themselves (in both dative and accusative)"
Teil der,3236540,"part, piece (of a whole, often in relation to living things or an abstract concept)","nominative masculine singular definite article, the"
da sie,3236494,there,she; her
was die,3235055,what,nominative/accusative singular feminine of der
um ein,3232272,about,one
ein und,3232088,one,and
noch die,3228900,"still, yet (up to and including a given time)",nominative/accusative singular feminine of der
zu bringen,3216655,"to, towards (indicates directionality)","to bring, to fetch, to take, to convey, to bear"
als ob,3206762,"at (approximately) the same moment, when, while, as","Introduces an indirect question, a doubt. if, whether."
waren die,3206640,first/third-person plural preterite of sein: were,nominative/accusative singular feminine of der
es mit,3204561,"Refers to a neuter noun (person, animal, thing or abstract)","with (in the company of, alongside)"
es gab,3192509,"Refers to a neuter noun (person, animal, thing or abstract)",first/third-person singular preterite of geben
eine solche,3179756,nominative/accusative feminine singular of ein,inflection of solch:
an einer,3173408,"on, upon, at, in, against",genitive/dative feminine singular of ein
aus einer,3171622,out,genitive/dative feminine singular of ein
dass Sie,3165650,that,she; her
in ihr,3165436,"[with dative] in, inside, within, at (inside a building)","you, ye (plural, familiar)"
im Jahr,3164302,"initialism of Inoffizieller Mitarbeiter / Inoffizielle Mitarbeiterin (“unofficial collaborator”), an informant in the German Democratic Republic who delivered private information to the Stasi.","year (solar year, the time it takes the Earth to complete one orbit of the Sun)"
innerhalb der,3160796,"within, inside (of)","nominative masculine singular definite article, the"
die erste,3157247,nominative/accusative singular feminine of der,first
und einen,3157245,and,accusative masculine singular of ein
es für,3152121,"Refers to a neuter noun (person, animal, thing or abstract)",describes an abstract directionality towards a person or matter
die durch,3145925,nominative/accusative singular feminine of der,by means of; by; through
so gut,3135561,"so, such, that","good (acting in the interest of what is beneficial, ethical, or moral)"
wird es,3130186,third-person singular present of werden,"Refers to a neuter noun (person, animal, thing or abstract)"
du nicht,3124296,"you (singular familiar), thou","not, non- (negates the meaning of a verb, adjective, or adverb)"
was für,3115949,what,describes an abstract directionality towards a person or matter
New York,3114140,obsolete spelling of neu,
hatte die,3113920,first/third-person singular preterite of haben,nominative/accusative singular feminine of der
ich möchte,3109923,I (first person singular nominative (subject) pronoun),first/third-person singular subjunctive II of mögen
in allen,3099701,"[with dative] in, inside, within, at (inside a building)",accusative singular masculine of alles (“all”)
in diesen,3097526,"[with dative] in, inside, within, at (inside a building)","accusative masculine singular of dieser; ""this"""
du dich,3086114,"you (singular familiar), thou","accusative of du; you, thee (direct object)."
in sich,3081032,"[with dative] in, inside, within, at (inside a building)","Reflexive pronoun of the third person singular or plural: herself, himself, itself, oneself, themselves (in both dative and accusative)"
und war,3071662,and,first-person singular preterite of sein: was
mich zu,3068912,accusative of ich: me,"to, towards (indicates directionality)"
ihn nicht,3063049,"accusative of er; him, it (masculine, direct object).","not, non- (negates the meaning of a verb, adjective, or adverb)"
noch in,3058948,"still, yet (up to and including a given time)","[with dative] in, inside, within, at (inside a building)"
ich hab,3057658,I (first person singular nominative (subject) pronoun),singular imperative of haben
wird das,3054971,third-person singular present of werden,nominative/accusative neuter singular of der: the
denn die,3046226,for; because; since,nominative/accusative singular feminine of der
im Gegensatz,3038025,"initialism of Inoffizieller Mitarbeiter / Inoffizielle Mitarbeiterin (“unofficial collaborator”), an informant in the German Democratic Republic who delivered private information to the Stasi.","opposition, antagonism"
nur mit,3035954,"only, just, merely, simply","with (in the company of, alongside)"
kann die,3033603,first/third-person singular present of können,nominative/accusative singular feminine of der
sie nur,3033286,she; her,"only, just, merely, simply"
wieder zu,3029074,again; indicates that the action taking place has happened before,"to, towards (indicates directionality)"
wegen der,3028176,"for, because of","nominative masculine singular definite article, the"
kannst du,3023414,second-person singular present of können,"you (singular familiar), thou"
so etwas,3022292,"so, such, that",something
sind in,3018746,first-person plural present of sein,"[with dative] in, inside, within, at (inside a building)"
und ist,3018396,and,third-person singular present of sein
aufgrund der,3012712,"due to, because of, as a result of, by reason of, on account of","nominative masculine singular definite article, the"
auch hier,3010223,"also, too, as well (in addition to whatever or whoever has previously been listed)","here; in this place; refers to an environment one is currently in, or to something within reach"
zu erkennen,3000788,"to, towards (indicates directionality)","to recognize, perceive"
er und,2985364,he,and
nicht als,2985269,"not, non- (negates the meaning of a verb, adjective, or adverb)","at (approximately) the same moment, when, while, as"
und ging,2982788,and,first/third-person singular preterite of gehen
ist für,2974853,third-person singular present of sein,describes an abstract directionality towards a person or matter
sie einen,2974823,she; her,accusative masculine singular of ein
Ende der,2973406,"end, finish","nominative masculine singular definite article, the"
aber der,2969465,but; however; though,"nominative masculine singular definite article, the"
sich wieder,2969051,"Reflexive pronoun of the third person singular or plural: herself, himself, itself, oneself, themselves (in both dative and accusative)",again; indicates that the action taking place has happened before
im Bereich,2965927,"initialism of Inoffizieller Mitarbeiter / Inoffizielle Mitarbeiterin (“unofficial collaborator”), an informant in the German Democratic Republic who delivered private information to the Stasi.","area, realm, range, scope"
den beiden,2964607,inflection of der (“the”):,inflection of beide:
und bei,2961030,and,"by, near"
er zu,2960897,he,"to, towards (indicates directionality)"
auch mit,2959828,"also, too, as well (in addition to whatever or whoever has previously been listed)","with (in the company of, alongside)"
ich dir,2954088,I (first person singular nominative (subject) pronoun),"dative of du; you, to you."
Ende des,2953449,"end, finish",genitive masculine/neuter singular of der: the
und sagte,2953115,and,inflection of sagen:
und dass,2945444,and,that
von ihr,2937681,from,"you, ye (plural, familiar)"
wie auch,2930637,how,"also, too, as well (in addition to whatever or whoever has previously been listed)"
er seine,2929371,he,inflection of seiner:
an diesem,2928557,"on, upon, at, in, against",masculine/neuter dative singular of dieser
das in,2927481,nominative/accusative neuter singular of der: the,"[with dative] in, inside, within, at (inside a building)"
die Stadt,2926117,nominative/accusative singular feminine of der,city (a large settlement)
nicht aus,2921956,"not, non- (negates the meaning of a verb, adjective, or adverb)",out
zu verstehen,2921821,"to, towards (indicates directionality)",to understand
setzte sich,2921799,inflection of setzen:,"Reflexive pronoun of the third person singular or plural: herself, himself, itself, oneself, themselves (in both dative and accusative)"
neben der,2910534,"next to, beside, alongside, adjacent to, near, near to","nominative masculine singular definite article, the"
es geht,2908210,"Refers to a neuter noun (person, animal, thing or abstract)",inflection of gehen:
der beiden,2905741,"nominative masculine singular definite article, the",inflection of beide:
während die,2901607,while (at the same time as),nominative/accusative singular feminine of der
die Luft,2901196,nominative/accusative singular feminine of der,"air, atmosphere"
sich durch,2901125,"Reflexive pronoun of the third person singular or plural: herself, himself, itself, oneself, themselves (in both dative and accusative)",by means of; by; through
auf ihn,2900555,"[with dative] on, upon (positioned at the top of)","accusative of er; him, it (masculine, direct object)."
und ließ,2891672,and,first/third-person singular preterite of lassen
sagte ich,2890394,inflection of sagen:,I (first person singular nominative (subject) pronoun)
ließ sich,2878676,first/third-person singular preterite of lassen,"Reflexive pronoun of the third person singular or plural: herself, himself, itself, oneself, themselves (in both dative and accusative)"
auf seine,2877892,"[with dative] on, upon (positioned at the top of)",inflection of seiner:
mit ihrem,2876434,"with (in the company of, alongside)","dative masculine/neuter singular of ihr: her, its, their (referring to a masculine or neuter object in the dative case)"
es die,2876112,"Refers to a neuter noun (person, animal, thing or abstract)",nominative/accusative singular feminine of der
er sah,2874114,he,first/third-person singular preterite of sehen
und durch,2874064,and,by means of; by; through
ich noch,2872046,I (first person singular nominative (subject) pronoun),"still, yet (up to and including a given time)"
die man,2865772,nominative/accusative singular feminine of der,"one, you, they (indefinite pronoun, referring to people at large; construed as a third-person singular)"
dass ein,2863567,that,one
eine große,2863039,nominative/accusative feminine singular of ein,inflection of groß:
er mich,2853248,he,accusative of ich: me
und sein,2853053,and,forms the present perfect and past perfect tenses of certain verbs
während er,2848680,while (at the same time as),he
der Lage,2848443,"nominative masculine singular definite article, the","location, position"
es nur,2847428,"Refers to a neuter noun (person, animal, thing or abstract)","only, just, merely, simply"
sie waren,2846148,she; her,first/third-person plural preterite of sein: were
sie werden,2842959,she; her,"will, to be going to, forms the future tense"
so lange,2838665,"so, such, that","long, for a long time"
das heißt,2836950,nominative/accusative neuter singular of der: the,inflection of heißen:
fragte er,2835801,inflection of fragen:,he
eine neue,2832278,nominative/accusative feminine singular of ein,inflection of neu:
er ein,2830658,he,one
ist sie,2830279,third-person singular present of sein,she; her
so weit,2829670,"so, such, that",wide
auf ihre,2826679,"[with dative] on, upon (positioned at the top of)",inflection of ihr:
eine Art,2825854,nominative/accusative feminine singular of ein,"kind, sort, type"
der Mensch,2820952,"nominative masculine singular definite article, the","one, they (indefinite third-person singular pronoun)"
der Fall,2815878,"nominative masculine singular definite article, the",singular imperative of fallen
eine der,2812885,nominative/accusative feminine singular of ein,"nominative masculine singular definite article, the"
werden und,2811271,"will, to be going to, forms the future tense",and
zu diesem,2807594,"to, towards (indicates directionality)",masculine/neuter dative singular of dieser
mich in,2797942,accusative of ich: me,"[with dative] in, inside, within, at (inside a building)"
wie bei,2797677,how,"by, near"
oder nicht,2797049,"Oder (a major river in the Czech Republic, Poland and Germany)","not, non- (negates the meaning of a verb, adjective, or adverb)"
er auch,2792173,he,"also, too, as well (in addition to whatever or whoever has previously been listed)"
in Form,2790846,"[with dative] in, inside, within, at (inside a building)",singular imperative of formen
um zu,2786016,about,"to, towards (indicates directionality)"
hätte ich,2785310,first/third-person singular subjunctive II of haben,I (first person singular nominative (subject) pronoun)
nicht das,2783531,"not, non- (negates the meaning of a verb, adjective, or adverb)",nominative/accusative neuter singular of der: the
zu und,2783204,"to, towards (indicates directionality)",and
etwas zu,2766256,something,"to, towards (indicates directionality)"
am besten,2764532,acronym of Anwendungsmanagement,superlative degree of gut: (best)
so daß,2764321,"so, such, that",Formerly standard spelling of dass which was deprecated in the spelling reform (Rechtschreibreform) of 1996.
die zu,2756627,nominative/accusative singular feminine of der,"to, towards (indicates directionality)"
dies ist,2755177,alternative form of dieses,third-person singular present of sein
von denen,2752011,from,dative plural of der
der Nähe,2751389,"nominative masculine singular definite article, the","nearness, closeness"
ob es,2751129,"Introduces an indirect question, a doubt. if, whether.","Refers to a neuter noun (person, animal, thing or abstract)"
neben dem,2750572,"next to, beside, alongside, adjacent to, near, near to",dative masculine/neuter singular of der: the
wo er,2749852,where (at what place),he
nichts mehr,2747198,nothing,something more
auch von,2737903,"also, too, as well (in addition to whatever or whoever has previously been listed)",from
ergibt sich,2736152,third-person singular present of ergeben,"Reflexive pronoun of the third person singular or plural: herself, himself, itself, oneself, themselves (in both dative and accusative)"
sie ihre,2729847,she; her,inflection of ihr:
war in,2729319,first-person singular preterite of sein: was,"[with dative] in, inside, within, at (inside a building)"
ob die,2728229,"Introduces an indirect question, a doubt. if, whether.",nominative/accusative singular feminine of der
auf sie,2724855,"[with dative] on, upon (positioned at the top of)",she; her
ist mit,2722230,third-person singular present of sein,"with (in the company of, alongside)"
jedoch nicht,2719952,"however, yet, nevertheless","not, non- (negates the meaning of a verb, adjective, or adverb)"
auch als,2717750,"also, too, as well (in addition to whatever or whoever has previously been listed)","at (approximately) the same moment, when, while, as"
wo sie,2717697,where (at what place),she; her
für diese,2713268,describes an abstract directionality towards a person or matter,"nominative feminine singular of dieser; ""this"""
nur auf,2701463,"only, just, merely, simply","[with dative] on, upon (positioned at the top of)"
zu gehen,2697292,"to, towards (indicates directionality)","to go, to walk"
das Kind,2693123,nominative/accusative neuter singular of der: the,kid; child (young person)
durch ein,2689670,by means of; by; through,one
das alles,2688053,nominative/accusative neuter singular of der: the,everything; all
man kann,2687408,"one, you, they (indefinite pronoun, referring to people at large; construed as a third-person singular)",first/third-person singular present of können
zwischen dem,2680591,between,dative masculine/neuter singular of der: the
über eine,2679014,"[with accusative or dative] above, over (spatially)",nominative/accusative feminine singular of ein
das Haus,2678232,nominative/accusative neuter singular of der: the,"house, building"
es so,2676964,"Refers to a neuter noun (person, animal, thing or abstract)","so, such, that"
er wollte,2676449,he,inflection of wollen:
du das,2673485,"you (singular familiar), thou",nominative/accusative neuter singular of der: the
und einer,2671770,and,genitive/dative feminine singular of ein
zu geben,2664012,"to, towards (indicates directionality)",to give (changing ownership)
der sie,2661674,"nominative masculine singular definite article, the",she; her
ich dich,2661409,I (first person singular nominative (subject) pronoun),"accusative of du; you, thee (direct object)."
nach oben,2653780,"after, past (later in time)",above
wie sich,2653483,how,"Reflexive pronoun of the third person singular or plural: herself, himself, itself, oneself, themselves (in both dative and accusative)"
weiß nicht,2653099,white,"not, non- (negates the meaning of a verb, adjective, or adverb)"
es noch,2646777,"Refers to a neuter noun (person, animal, thing or abstract)","still, yet (up to and including a given time)"
die Sache,2645564,nominative/accusative singular feminine of der,"matter, affair, case, question, issue"
nur für,2645537,"only, just, merely, simply",describes an abstract directionality towards a person or matter
oder in,2642385,"Oder (a major river in the Czech Republic, Poland and Germany)","[with dative] in, inside, within, at (inside a building)"
Rahmen der,2642126,"frame, scope","nominative masculine singular definite article, the"
und jetzt,2641712,and,"now (at this moment, right now)"
indem er,2639272,by (indicates a means),he
wir müssen,2637197,we,to have to (do something); must; to be obliged (to do something); to need (to do something).
sie so,2635830,she; her,"so, such, that"
ist aber,2634959,third-person singular present of sein,but; however; though
ihm zu,2633377,"dative of er; him, to him (indirect object); for him (in some cases).","to, towards (indicates directionality)"
zu nehmen,2631262,"to, towards (indicates directionality)",to take (something into one's possession or on one's body)
oder auch,2630993,"Oder (a major river in the Czech Republic, Poland and Germany)","also, too, as well (in addition to whatever or whoever has previously been listed)"
sind und,2622300,first-person plural present of sein,and
der Tür,2621999,"nominative masculine singular definite article, the",door (rigid plane on a hinge)
haben die,2619285,forms the perfect aspect (have),nominative/accusative singular feminine of der
sie können,2618497,she; her,"to be able (to do or be something), to have the possibility of, can."
je nach,2617704,ever,"after, past (later in time)"
die wir,2614867,nominative/accusative singular feminine of der,we
aber in,2609726,but; however; though,"[with dative] in, inside, within, at (inside a building)"
auf mich,2606620,"[with dative] on, upon (positioned at the top of)",accusative of ich: me
wie wir,2599688,how,we
dem Weg,2598267,dative masculine/neuter singular of der: the,away
die Leute,2597413,nominative/accusative singular feminine of der,"people (several individual persons, a group of people in general, esp. of one kind or another), folk (folks), peeps (slang), guys (boys and/or girls)"
von uns,2596842,from,accusative/dative of wir: us
es eine,2596389,"Refers to a neuter noun (person, animal, thing or abstract)",nominative/accusative feminine singular of ein
zurück und,2593036,"back, backward, backwards, to the rear.",and
noch mehr,2590105,"still, yet (up to and including a given time)",something more
willst du,2589185,second-person singular present of wollen,"you (singular familiar), thou"
hat es,2587413,third-person singular present of haben,"Refers to a neuter noun (person, animal, thing or abstract)"
sich noch,2578000,"Reflexive pronoun of the third person singular or plural: herself, himself, itself, oneself, themselves (in both dative and accusative)","still, yet (up to and including a given time)"
ihn an,2575646,"accusative of er; him, it (masculine, direct object).","on, upon, at, in, against"
und du,2574684,and,"you (singular familiar), thou"
an dieser,2574168,"on, upon, at, in, against","this one, this"
mit Hilfe,2572472,"with (in the company of, alongside)","help, aid"
nicht ganz,2565061,"not, non- (negates the meaning of a verb, adjective, or adverb)","entire, whole, complete"
nicht im,2562437,"not, non- (negates the meaning of a verb, adjective, or adverb)","initialism of Inoffizieller Mitarbeiter / Inoffizielle Mitarbeiterin (“unofficial collaborator”), an informant in the German Democratic Republic who delivered private information to the Stasi."
sich nur,2561871,"Reflexive pronoun of the third person singular or plural: herself, himself, itself, oneself, themselves (in both dative and accusative)","only, just, merely, simply"
ist nur,2559582,third-person singular present of sein,"only, just, merely, simply"
wir in,2554234,we,"[with dative] in, inside, within, at (inside a building)"
die Arme,2552803,nominative/accusative singular feminine of der,inflection of arm:
ist doch,2550870,third-person singular present of sein,yes; surely; really; on the contrary
sich aber,2550752,"Reflexive pronoun of the third person singular or plural: herself, himself, itself, oneself, themselves (in both dative and accusative)",but; however; though
würde ich,2544574,dignity,I (first person singular nominative (subject) pronoun)
doch die,2543696,yes; surely; really; on the contrary,nominative/accusative singular feminine of der
du mir,2543185,"you (singular familiar), thou","dative of ich: me, to me"
den Mund,2542661,inflection of der (“the”):,mouth of a person
die Geschichte,2541200,nominative/accusative singular feminine of der,history
würde er,2538435,dignity,he
das sich,2538147,nominative/accusative neuter singular of der: the,"Reflexive pronoun of the third person singular or plural: herself, himself, itself, oneself, themselves (in both dative and accusative)"
dem die,2537986,dative masculine/neuter singular of der: the,nominative/accusative singular feminine of der
mit denen,2537613,"with (in the company of, alongside)",dative plural of der
einen Moment,2533911,accusative masculine singular of ein,moment
die ersten,2533674,nominative/accusative singular feminine of der,inflection of erste:
der deutschen,2533213,"nominative masculine singular definite article, the",inflection of deutsch:
mit sich,2531575,"with (in the company of, alongside)","Reflexive pronoun of the third person singular or plural: herself, himself, itself, oneself, themselves (in both dative and accusative)"
und wieder,2531401,and,again; indicates that the action taking place has happened before
handelt es,2530425,inflection of handeln:,"Refers to a neuter noun (person, animal, thing or abstract)"
auch den,2529356,"also, too, as well (in addition to whatever or whoever has previously been listed)",inflection of der (“the”):
während sie,2528525,while (at the same time as),she; her
und vor,2528372,and,"in front of, ahead of (relative location in space)"
in seine,2523110,"[with dative] in, inside, within, at (inside a building)",inflection of seiner:
zu halten,2520893,"to, towards (indicates directionality)",to hold (an object in one's hands)
er eine,2519660,he,nominative/accusative feminine singular of ein
zum ersten,2517806,"contraction of zu + dem, literally “to the; for the”",inflection of erste:
mehr zu,2517668,something more,"to, towards (indicates directionality)"
sind wir,2516108,first-person plural present of sein,we
welche die,2515929,inflection of welcher:,nominative/accusative singular feminine of der
das Wort,2506262,nominative/accusative neuter singular of der: the,word as an isolated unit
sie nach,2505836,she; her,"after, past (later in time)"
zusammen mit,2505710,"together, jointly","with (in the company of, alongside)"
den er,2503470,inflection of der (“the”):,he
soll ich,2497676,debit,I (first person singular nominative (subject) pronoun)
bei mir,2496141,"by, near","dative of ich: me, to me"
zu ihr,2495439,"to, towards (indicates directionality)","you, ye (plural, familiar)"
ist zu,2494891,third-person singular present of sein,"to, towards (indicates directionality)"
wenn auch,2491507,"when, whenever","also, too, as well (in addition to whatever or whoever has previously been listed)"
worden war,2490556,past participle of werden,first-person singular preterite of sein: was
wäre es,2490326,first/third-person singular subjunctive II of sein,"Refers to a neuter noun (person, animal, thing or abstract)"
ja auch,2487322,initialism of Junge Alternative für Deutschland.,"also, too, as well (in addition to whatever or whoever has previously been listed)"
ihr die,2486682,"you, ye (plural, familiar)",nominative/accusative singular feminine of der
in Richtung,2485628,"[with dative] in, inside, within, at (inside a building)",direction
weil die,2485319,"because, given that",nominative/accusative singular feminine of der
und hatte,2484309,and,first/third-person singular preterite of haben
kann nicht,2482065,first/third-person singular present of können,"not, non- (negates the meaning of a verb, adjective, or adverb)"
konnte er,2479134,first/third-person singular preterite of können,he
wir nicht,2477218,we,"not, non- (negates the meaning of a verb, adjective, or adverb)"
und diese,2477163,and,"nominative feminine singular of dieser; ""this"""
er ihr,2476495,he,"you, ye (plural, familiar)"
den Augen,2475307,inflection of der (“the”):,plural of Auge
es ein,2474802,"Refers to a neuter noun (person, animal, thing or abstract)",one
man in,2472398,"one, you, they (indefinite pronoun, referring to people at large; construed as a third-person singular)","[with dative] in, inside, within, at (inside a building)"
damit die,2471009,pronominal adverb of mit,nominative/accusative singular feminine of der
der mit,2469701,"nominative masculine singular definite article, the","with (in the company of, alongside)"
sie als,2468630,she; her,"at (approximately) the same moment, when, while, as"
ich hätte,2468606,I (first person singular nominative (subject) pronoun),first/third-person singular subjunctive II of haben
weil es,2467181,"because, given that","Refers to a neuter noun (person, animal, thing or abstract)"
das die,2467119,nominative/accusative neuter singular of der: the,nominative/accusative singular feminine of der
er noch,2466510,he,"still, yet (up to and including a given time)"
sie für,2464558,she; her,describes an abstract directionality towards a person or matter
so sehr,2464020,"so, such, that",very
mit diesem,2463596,"with (in the company of, alongside)",masculine/neuter dative singular of dieser
die Sonne,2459178,nominative/accusative singular feminine of der,"contraction of so eine (“such a”) (so, ein)"
als wir,2458547,"at (approximately) the same moment, when, while, as",we
von seinem,2454244,from,dative masculine/neuter singular of sein
und deren,2452649,and,inflection of der:
er von,2451455,he,from
die aus,2450591,nominative/accusative singular feminine of der,out
im Vergleich,2449410,"initialism of Inoffizieller Mitarbeiter / Inoffizielle Mitarbeiterin (“unofficial collaborator”), an informant in the German Democratic Republic who delivered private information to the Stasi.",comparison
ich auf,2446912,I (first person singular nominative (subject) pronoun),"[with dative] on, upon (positioned at the top of)"
mir das,2446739,"dative of ich: me, to me",nominative/accusative neuter singular of der: the
den ganzen,2445239,inflection of der (“the”):,inflection of ganz:
während des,2443046,while (at the same time as),genitive masculine/neuter singular of der: the
da er,2442837,there,he
war so,2440842,first-person singular preterite of sein: was,"so, such, that"
nur das,2440454,"only, just, merely, simply",nominative/accusative neuter singular of der: the
um ihn,2440449,about,"accusative of er; him, it (masculine, direct object)."
kommt es,2437466,inflection of kommen:,"Refers to a neuter noun (person, animal, thing or abstract)"
will ich,2436188,first/third-person singular present of wollen,I (first person singular nominative (subject) pronoun)
und einem,2436144,and,dative masculine/neuter singular of ein
der Gesellschaft,2434338,"nominative masculine singular definite article, the",company (presence of other people in general)
in Bezug,2432989,"[with dative] in, inside, within, at (inside a building)",reference
ihn in,2432143,"accusative of er; him, it (masculine, direct object).","[with dative] in, inside, within, at (inside a building)"
hat der,2429368,third-person singular present of haben,"nominative masculine singular definite article, the"
die Entwicklung,2426948,nominative/accusative singular feminine of der,evolution
sie aus,2420630,she; her,out
noch einen,2416651,"still, yet (up to and including a given time)",accusative masculine singular of ein
dass diese,2415874,that,"nominative feminine singular of dieser; ""this"""
und zum,2411706,and,"contraction of zu + dem, literally “to the; for the”"
mit ihrer,2407323,"with (in the company of, alongside)",genitive of sie: of her
man nicht,2404810,"one, you, they (indefinite pronoun, referring to people at large; construed as a third-person singular)","not, non- (negates the meaning of a verb, adjective, or adverb)"
ein Mann,2402615,one,"man, male human being"
für uns,2401497,describes an abstract directionality towards a person or matter,accusative/dative of wir: us
zu kommen,2396620,"to, towards (indicates directionality)",to come; to arrive
den Boden,2389926,inflection of der (“the”):,"ground, soil"
sind sie,2389204,first-person plural present of sein,she; her
du mich,2386874,"you (singular familiar), thou",accusative of ich: me
ich konnte,2386009,I (first person singular nominative (subject) pronoun),first/third-person singular preterite of können
sagte der,2385244,inflection of sagen:,"nominative masculine singular definite article, the"
über dem,2382029,"[with accusative or dative] above, over (spatially)",dative masculine/neuter singular of der: the
daß man,2381858,Formerly standard spelling of dass which was deprecated in the spelling reform (Rechtschreibreform) of 1996.,"one, you, they (indefinite pronoun, referring to people at large; construed as a third-person singular)"
hinter dem,2380951,"behind, after",dative masculine/neuter singular of der: the
mit anderen,2379180,"with (in the company of, alongside)",inflection of anderer:
auch schon,2374135,"also, too, as well (in addition to whatever or whoever has previously been listed)","already (happening rather early, continuing rather long)"
den Blick,2373113,inflection of der (“the”):,"glance, look"
ich würde,2372452,I (first person singular nominative (subject) pronoun),dignity
ist ja,2369286,third-person singular present of sein,initialism of Junge Alternative für Deutschland.
das erste,2360576,nominative/accusative neuter singular of der: the,first
hätte er,2358218,first/third-person singular subjunctive II of haben,he
dass eine,2357310,that,nominative/accusative feminine singular of ein
Bereich der,2355868,"area, realm, range, scope","nominative masculine singular definite article, the"
er einen,2349192,he,accusative masculine singular of ein
sie wieder,2348875,she; her,again; indicates that the action taking place has happened before
und zog,2348873,and,first/third-person singular preterite of ziehen
der erste,2345755,"nominative masculine singular definite article, the",first
mich auf,2345044,accusative of ich: me,"[with dative] on, upon (positioned at the top of)"
wo die,2344686,where (at what place),nominative/accusative singular feminine of der
eine kleine,2340371,nominative/accusative feminine singular of ein,inflection of klein:
sich dann,2335773,"Reflexive pronoun of the third person singular or plural: herself, himself, itself, oneself, themselves (in both dative and accusative)","then, after that"
die es,2323216,nominative/accusative singular feminine of der,"Refers to a neuter noun (person, animal, thing or abstract)"
den Menschen,2319884,inflection of der (“the”):,accusative/dative/genitive singular of Mensch
mich mit,2318482,accusative of ich: me,"with (in the company of, alongside)"
wir werden,2317840,we,"will, to be going to, forms the future tense"
die drei,2317380,nominative/accusative singular feminine of der,three (numerical value represented by the Arabic numeral 3; or describing a set with three elements)
der Arbeit,2316723,"nominative masculine singular definite article, the","toil, regularly performed work, regularly pursued economic activity, labor, job, employment, occupation"
den Tisch,2316104,inflection of der (“the”):,table (a piece of furniture with a relatively deep surface at roughly waist or knee level); specific uses include:
oder eine,2315676,"Oder (a major river in the Czech Republic, Poland and Germany)",nominative/accusative feminine singular of ein
hier ist,2315504,"here; in this place; refers to an environment one is currently in, or to something within reach",third-person singular present of sein
gewesen war,2315293,past participle of sein: been,first-person singular preterite of sein: was
hatte es,2314694,first/third-person singular preterite of haben,"Refers to a neuter noun (person, animal, thing or abstract)"
wandte sich,2314574,first/third-person singular preterite of wenden,"Reflexive pronoun of the third person singular or plural: herself, himself, itself, oneself, themselves (in both dative and accusative)"
sah sie,2310679,first/third-person singular preterite of sehen,she; her
Hinblick auf,2310655,"regard, view","[with dative] on, upon (positioned at the top of)"
kann sich,2302253,first/third-person singular present of können,"Reflexive pronoun of the third person singular or plural: herself, himself, itself, oneself, themselves (in both dative and accusative)"
der im,2302128,"nominative masculine singular definite article, the","initialism of Inoffizieller Mitarbeiter / Inoffizielle Mitarbeiterin (“unofficial collaborator”), an informant in the German Democratic Republic who delivered private information to the Stasi."
des Menschen,2301505,genitive masculine/neuter singular of der: the,accusative/dative/genitive singular of Mensch
und nun,2298345,and,"now, at this moment"
am nächsten,2296164,acronym of Anwendungsmanagement,superlative degree of nah
ja nicht,2294331,initialism of Junge Alternative für Deutschland.,"not, non- (negates the meaning of a verb, adjective, or adverb)"
ich dachte,2293804,I (first person singular nominative (subject) pronoun),first/third-person singular preterite of denken
sich so,2293016,"Reflexive pronoun of the third person singular or plural: herself, himself, itself, oneself, themselves (in both dative and accusative)","so, such, that"
drehte sich,2290870,inflection of drehen:,"Reflexive pronoun of the third person singular or plural: herself, himself, itself, oneself, themselves (in both dative and accusative)"
es sei,2289859,"Refers to a neuter noun (person, animal, thing or abstract)",first-person singular subjunctive I of sein
der Erde,2285485,"nominative masculine singular definite article, the",earth
mit dieser,2281972,"with (in the company of, alongside)","this one, this"
zur Seite,2277866,"contraction of zu + der, literally “to the (feminine)”",side (a bounding straight edge of a two-dimensional shape)
nur einen,2276919,"only, just, merely, simply",accusative masculine singular of ein
weiß ich,2273505,white,I (first person singular nominative (subject) pronoun)
mit dir,2273482,"with (in the company of, alongside)","dative of du; you, to you."
was du,2272898,what,"you (singular familiar), thou"
dann die,2271260,"then, after that",nominative/accusative singular feminine of der
denen die,2270789,dative plural of der,nominative/accusative singular feminine of der
schüttelte den,2269822,inflection of schütteln:,inflection of der (“the”):
in Ordnung,2269571,"[with dative] in, inside, within, at (inside a building)","arrangement, regulation"
er mir,2268682,he,"dative of ich: me, to me"
nicht für,2266665,"not, non- (negates the meaning of a verb, adjective, or adverb)",describes an abstract directionality towards a person or matter
und doch,2264561,and,yes; surely; really; on the contrary
er konnte,2264297,he,first/third-person singular preterite of können
so ein,2263370,"so, such, that",one
eine weitere,2261759,nominative/accusative feminine singular of ein,inflection of weit:
um und,2260096,about,and
wurde die,2256124,first/third-person singular preterite of werden,nominative/accusative singular feminine of der
Teil des,2253338,"part, piece (of a whole, often in relation to living things or an abstract concept)",genitive masculine/neuter singular of der: the
ich denke,2251984,I (first person singular nominative (subject) pronoun),inflection of denken:
würde sie,2251282,dignity,she; her
ich zu,2249466,I (first person singular nominative (subject) pronoun),"to, towards (indicates directionality)"
hat das,2248817,third-person singular present of haben,nominative/accusative neuter singular of der: the
diese Weise,2247021,"nominative feminine singular of dieser; ""this""","way, manner"
den sie,2246844,inflection of der (“the”):,she; her
ihn mit,2244190,"accusative of er; him, it (masculine, direct object).","with (in the company of, alongside)"
dem er,2241850,dative masculine/neuter singular of der: the,he
bei uns,2240113,"by, near",accusative/dative of wir: us
das Bild,2240063,nominative/accusative neuter singular of der: the,"depiction, image, picture"
die Arbeit,2239620,nominative/accusative singular feminine of der,"toil, regularly performed work, regularly pursued economic activity, labor, job, employment, occupation"
man sie,2237047,"one, you, they (indefinite pronoun, referring to people at large; construed as a third-person singular)",she; her
immer mehr,2235167,always,something more
von sich,2234852,from,"Reflexive pronoun of the third person singular or plural: herself, himself, itself, oneself, themselves (in both dative and accusative)"
indem sie,2233507,by (indicates a means),she; her
man den,2230459,"one, you, they (indefinite pronoun, referring to people at large; construed as a third-person singular)",inflection of der (“the”):
zum anderen,2229369,"contraction of zu + dem, literally “to the; for the”",inflection of anderer:
hatte und,2226776,first/third-person singular preterite of haben,and
sie doch,2226329,she; her,yes; surely; really; on the contrary
weißt du,2226058,second-person singular present of wissen,"you (singular familiar), thou"
die andere,2225584,nominative/accusative singular feminine of der,inflection of anderer
auch immer,2225151,"also, too, as well (in addition to whatever or whoever has previously been listed)",always
was wir,2224379,what,we
nur der,2223901,"only, just, merely, simply","nominative masculine singular definite article, the"
so schnell,2223756,"so, such, that","quick, fast"
meine Mutter,2223294,inflection of meiner:,mother
nicht immer,2222679,"not, non- (negates the meaning of a verb, adjective, or adverb)",always
zwischen der,2220770,between,"nominative masculine singular definite article, the"
sich den,2213940,"Reflexive pronoun of the third person singular or plural: herself, himself, itself, oneself, themselves (in both dative and accusative)",inflection of der (“the”):
tut mir,2211009,third-person singular present of tun,"dative of ich: me, to me"
zu seinem,2211000,"to, towards (indicates directionality)",dative masculine/neuter singular of sein
fragte sie,2206372,inflection of fragen:,she; her
in ihre,2203300,"[with dative] in, inside, within, at (inside a building)",inflection of ihr:
ersten Mal,2203161,inflection of erste:,times (indicating multiplication of two numbers)
da war,2202031,there,first-person singular preterite of sein: was
eine Frau,2194819,nominative/accusative feminine singular of ein,woman (adult female human)
er an,2193459,he,"on, upon, at, in, against"
zu hören,2192736,"to, towards (indicates directionality)",to hear (to perceive sounds (or a sound) through the ear)
gar nichts,2187462,"cooked, done (of food such as meat or vegetables: ready for consumption)",nothing
Zusammenhang mit,2186913,"coherence, cohesion","with (in the company of, alongside)"
noch etwas,2186621,"still, yet (up to and including a given time)",something
haben sie,2186258,forms the perfect aspect (have),she; her
das kann,2185957,nominative/accusative neuter singular of der: the,first/third-person singular present of können
Umgang mit,2183286,"dealings, (social) intercourse","with (in the company of, alongside)"
fühlte sich,2182702,inflection of fühlen:,"Reflexive pronoun of the third person singular or plural: herself, himself, itself, oneself, themselves (in both dative and accusative)"
zu sprechen,2182567,"to, towards (indicates directionality)","to speak (some language, the truth, etc.)"
du es,2179418,"you (singular familiar), thou","Refers to a neuter noun (person, animal, thing or abstract)"
oder ein,2176403,"Oder (a major river in the Czech Republic, Poland and Germany)",one
für seine,2175967,describes an abstract directionality towards a person or matter,inflection of seiner:
du kannst,2175243,"you (singular familiar), thou",second-person singular present of können
konnte ich,2175153,first/third-person singular preterite of können,I (first person singular nominative (subject) pronoun)
da ist,2172575,there,third-person singular present of sein
und nur,2160893,and,"only, just, merely, simply"
so wird,2160106,"so, such, that",third-person singular present of werden
in meiner,2152647,"[with dative] in, inside, within, at (inside a building)",mine (substantival possessive)
für dich,2152621,describes an abstract directionality towards a person or matter,"accusative of du; you, thee (direct object)."
es um,2151236,"Refers to a neuter noun (person, animal, thing or abstract)",about
zum einen,2151101,"contraction of zu + dem, literally “to the; for the”",accusative masculine singular of ein
das ganze,2148688,nominative/accusative neuter singular of der: the,inflection of ganz:
denn sie,2147891,for; because; since,she; her
sie hatten,2146846,she; her,first/third-person plural preterite of haben
und noch,2143967,and,"still, yet (up to and including a given time)"
daß das,2142859,Formerly standard spelling of dass which was deprecated in the spelling reform (Rechtschreibreform) of 1996.,nominative/accusative neuter singular of der: the
ein kleines,2142087,one,strong/mixed nominative/accusative neuter singular of klein
er wird,2140153,he,third-person singular present of werden
werden in,2139829,"will, to be going to, forms the future tense","[with dative] in, inside, within, at (inside a building)"
sie schon,2138707,she; her,"already (happening rather early, continuing rather long)"
sind nicht,2131532,first-person plural present of sein,"not, non- (negates the meaning of a verb, adjective, or adverb)"
zu viel,2130892,"to, towards (indicates directionality)","much, a lot"
das Gesicht,2130678,nominative/accusative neuter singular of der: the,face
zeigt sich,2129397,inflection of zeigen:,"Reflexive pronoun of the third person singular or plural: herself, himself, itself, oneself, themselves (in both dative and accusative)"
im Hinblick,2127706,"initialism of Inoffizieller Mitarbeiter / Inoffizielle Mitarbeiterin (“unofficial collaborator”), an informant in the German Democratic Republic who delivered private information to the Stasi.","regard, view"
denn er,2127524,for; because; since,he
sie dann,2126278,she; her,"then, after that"
bis auf,2125860,until,"[with dative] on, upon (positioned at the top of)"
haben sich,2124751,forms the perfect aspect (have),"Reflexive pronoun of the third person singular or plural: herself, himself, itself, oneself, themselves (in both dative and accusative)"
wie möglich,2124012,how,possible (what can be done or achieved)
schon in,2122422,"already (happening rather early, continuing rather long)","[with dative] in, inside, within, at (inside a building)"
nichts zu,2122393,nothing,"to, towards (indicates directionality)"
dem sie,2120887,dative masculine/neuter singular of der: the,she; her
mir zu,2118732,"dative of ich: me, to me","to, towards (indicates directionality)"
die Mutter,2118105,nominative/accusative singular feminine of der,mother
überhaupt nicht,2117119,"overall, in general","not, non- (negates the meaning of a verb, adjective, or adverb)"
es ihr,2116263,"Refers to a neuter noun (person, animal, thing or abstract)","you, ye (plural, familiar)"
schon wieder,2113704,"already (happening rather early, continuing rather long)",again; indicates that the action taking place has happened before
und über,2112592,and,"[with accusative or dative] above, over (spatially)"
ob ich,2110170,"Introduces an indirect question, a doubt. if, whether.",I (first person singular nominative (subject) pronoun)
auf einmal,2108509,"[with dative] on, upon (positioned at the top of)","once, one time (one and only one time)"
eine gute,2106451,nominative/accusative feminine singular of ein,inflection of gut:
zu erreichen,2103635,"to, towards (indicates directionality)",to reach (to attain by stretching)
sein und,2103586,forms the present perfect and past perfect tenses of certain verbs,and
alles in,2098249,everything; all,"[with dative] in, inside, within, at (inside a building)"
es sind,2096879,"Refers to a neuter noun (person, animal, thing or abstract)",first-person plural present of sein
und somit,2093119,and,"therefore, hence, thus"
wird er,2089407,third-person singular present of werden,he
werden wir,2089313,"will, to be going to, forms the future tense",we
der Begriff,2088436,"nominative masculine singular definite article, the","term, word"
als wäre,2085220,"at (approximately) the same moment, when, while, as",first/third-person singular subjunctive II of sein
es im,2083895,"Refers to a neuter noun (person, animal, thing or abstract)","initialism of Inoffizieller Mitarbeiter / Inoffizielle Mitarbeiterin (“unofficial collaborator”), an informant in the German Democratic Republic who delivered private information to the Stasi."
ich ihm,2083333,I (first person singular nominative (subject) pronoun),"dative of er; him, to him (indirect object); for him (in some cases)."
nicht den,2082784,"not, non- (negates the meaning of a verb, adjective, or adverb)",inflection of der (“the”):
eine Weile,2080887,nominative/accusative feminine singular of ein,"while (uncertain duration of time, period of time)"
dich nicht,2078764,"accusative of du; you, thee (direct object).","not, non- (negates the meaning of a verb, adjective, or adverb)"
man das,2078477,"one, you, they (indefinite pronoun, referring to people at large; construed as a third-person singular)",nominative/accusative neuter singular of der: the
die Wahrheit,2077948,nominative/accusative singular feminine of der,truth
bei denen,2077274,"by, near",dative plural of der
für ihre,2075621,describes an abstract directionality towards a person or matter,inflection of ihr:
es wäre,2071984,"Refers to a neuter noun (person, animal, thing or abstract)",first/third-person singular subjunctive II of sein
sie bei,2071323,she; her,"by, near"
aus diesem,2069011,out,masculine/neuter dative singular of dieser
der einen,2068374,"nominative masculine singular definite article, the",accusative masculine singular of ein
der Schule,2066697,"nominative masculine singular definite article, the",school (an institution dedicated to teaching and learning (especially before university); department/institute at a college or university; art movement; followers of a particular doctrine)
ein Stück,2066514,one,"one, item, piece, unit(of something countable; often untranslated in English)"
der letzten,2066085,"nominative masculine singular definite article, the",inflection of letzter:
und aus,2063333,and,out
ich ein,2062728,I (first person singular nominative (subject) pronoun),one
das mit,2062152,nominative/accusative neuter singular of der: the,"with (in the company of, alongside)"
die an,2061843,nominative/accusative singular feminine of der,"on, upon, at, in, against"
es auf,2060515,"Refers to a neuter noun (person, animal, thing or abstract)","[with dative] on, upon (positioned at the top of)"
muss ich,2056651,first/third-person singular present of müssen,I (first person singular nominative (subject) pronoun)
das er,2052645,nominative/accusative neuter singular of der: the,he
hatten sie,2051400,first/third-person plural preterite of haben,she; her
ebenso wie,2050865,"equally, as much",how
der Natur,2050207,"nominative masculine singular definite article, the",nature (the natural world)
ist mir,2049163,third-person singular present of sein,"dative of ich: me, to me"
nicht um,2047183,"not, non- (negates the meaning of a verb, adjective, or adverb)",about
dann ist,2042601,"then, after that",third-person singular present of sein
anders als,2041493,"different, differently","at (approximately) the same moment, when, while, as"
es doch,2040574,"Refers to a neuter noun (person, animal, thing or abstract)",yes; surely; really; on the contrary
das sie,2039525,nominative/accusative neuter singular of der: the,she; her
sah er,2038614,first/third-person singular preterite of sehen,he
um mich,2037568,about,accusative of ich: me
bis sie,2036779,until,she; her
bei ihm,2034305,"by, near","dative of er; him, to him (indirect object); for him (in some cases)."
vor ihm,2032910,"in front of, ahead of (relative location in space)","dative of er; him, to him (indirect object); for him (in some cases)."
so kann,2027755,"so, such, that",first/third-person singular present of können
die nach,2026539,nominative/accusative singular feminine of der,"after, past (later in time)"
der Nacht,2023179,"nominative masculine singular definite article, the",night
wird durch,2022111,third-person singular present of werden,by means of; by; through
noch zu,2020191,"still, yet (up to and including a given time)","to, towards (indicates directionality)"
in jedem,2019396,"[with dative] in, inside, within, at (inside a building)",masculine dative singular of jeder
über einen,2018326,"[with accusative or dative] above, over (spatially)",accusative masculine singular of ein
und ihn,2018291,and,"accusative of er; him, it (masculine, direct object)."
ist so,2017565,third-person singular present of sein,"so, such, that"
wollte er,2015669,inflection of wollen:,he
als in,2014622,"at (approximately) the same moment, when, while, as","[with dative] in, inside, within, at (inside a building)"
mein Vater,2012852,my,father
bevor er,2009397,before,he
zu sich,2009269,"to, towards (indicates directionality)","Reflexive pronoun of the third person singular or plural: herself, himself, itself, oneself, themselves (in both dative and accusative)"
konnte sie,2008352,first/third-person singular preterite of können,she; her
diesem Fall,2007176,masculine/neuter dative singular of dieser,singular imperative of fallen
und zur,2005218,and,"contraction of zu + der, literally “to the (feminine)”"
und mich,2004076,and,accusative of ich: me
nicht viel,2004049,"not, non- (negates the meaning of a verb, adjective, or adverb)","much, a lot"
und hat,2003098,and,third-person singular present of haben
wir können,2002490,we,"to be able (to do or be something), to have the possibility of, can."
wenn sich,1999411,"when, whenever","Reflexive pronoun of the third person singular or plural: herself, himself, itself, oneself, themselves (in both dative and accusative)"
als hätte,1998526,"at (approximately) the same moment, when, while, as",first/third-person singular subjunctive II of haben
der eine,1995606,"nominative masculine singular definite article, the",nominative/accusative feminine singular of ein
an einen,1993363,"on, upon, at, in, against",accusative masculine singular of ein
und andere,1991210,and,inflection of anderer
wie du,1990740,how,"you (singular familiar), thou"
der Straße,1986150,"nominative masculine singular definite article, the","street; road (a way wide enough to be passable for vehicles, generally paved, in or outside a settlement)"
hier in,1984606,"here; in this place; refers to an environment one is currently in, or to something within reach","[with dative] in, inside, within, at (inside a building)"
den ich,1981662,inflection of der (“the”):,I (first person singular nominative (subject) pronoun)
ist im,1980638,third-person singular present of sein,"initialism of Inoffizieller Mitarbeiter / Inoffizielle Mitarbeiterin (“unofficial collaborator”), an informant in the German Democratic Republic who delivered private information to the Stasi."
und wird,1980216,and,third-person singular present of werden
wird von,1979593,third-person singular present of werden,from
ihm nicht,1979308,"dative of er; him, to him (indirect object); for him (in some cases).","not, non- (negates the meaning of a verb, adjective, or adverb)"
sie uns,1978261,she; her,accusative/dative of wir: us
Augen und,1973271,plural of Auge,and
da es,1972283,there,"Refers to a neuter noun (person, animal, thing or abstract)"
im Jahre,1972101,"initialism of Inoffizieller Mitarbeiter / Inoffizielle Mitarbeiterin (“unofficial collaborator”), an informant in the German Democratic Republic who delivered private information to the Stasi.","nominative/accusative/genitive plural of Jahr ""years"""
kann der,1970089,first/third-person singular present of können,"nominative masculine singular definite article, the"
das Wasser,1970047,nominative/accusative neuter singular of der: the,water (H₂O)
auf sich,1969971,"[with dative] on, upon (positioned at the top of)","Reflexive pronoun of the third person singular or plural: herself, himself, itself, oneself, themselves (in both dative and accusative)"
nach unten,1966884,"after, past (later in time)",below
die einzelnen,1965265,nominative/accusative singular feminine of der,inflection of einzeln:
aber nur,1965203,but; however; though,"only, just, merely, simply"
er im,1964400,he,"initialism of Inoffizieller Mitarbeiter / Inoffizielle Mitarbeiterin (“unofficial collaborator”), an informant in the German Democratic Republic who delivered private information to the Stasi."
und alle,1959896,and,inflection of all (“all”)
das Problem,1959364,nominative/accusative neuter singular of der: the,problem
ging es,1957934,first/third-person singular preterite of gehen,"Refers to a neuter noun (person, animal, thing or abstract)"
du wirst,1956996,"you (singular familiar), thou",second-person singular present of werden
anderen Seite,1955810,inflection of anderer:,side (a bounding straight edge of a two-dimensional shape)
der Mitte,1954885,"nominative masculine singular definite article, the",middle
war auch,1954613,first-person singular preterite of sein: was,"also, too, as well (in addition to whatever or whoever has previously been listed)"
die bei,1953729,nominative/accusative singular feminine of der,"by, near"
keine Ahnung,1951447,feminine nominative/accusative of kein,"anticipation, inkling"
mit ihnen,1951284,"with (in the company of, alongside)","dative of sie; them, to them."
im Laufe,1951281,"initialism of Inoffizieller Mitarbeiter / Inoffizielle Mitarbeiterin (“unofficial collaborator”), an informant in the German Democratic Republic who delivered private information to the Stasi.",inflection of laufen:
in ihm,1950411,"[with dative] in, inside, within, at (inside a building)","dative of er; him, to him (indirect object); for him (in some cases)."
des Lebens,1950233,genitive masculine/neuter singular of der: the,genitive singular of Leben
die Bedeutung,1949571,nominative/accusative singular feminine of der,"meaning, sense"
selbst wenn,1943590,"personally, by oneself","when, whenever"
Hand und,1942544,hand,and
hatte das,1940734,first/third-person singular preterite of haben,nominative/accusative neuter singular of der: the
das Mädchen,1939456,nominative/accusative neuter singular of der: the,girl
der Praxis,1939403,"nominative masculine singular definite article, the","practice, experience"
die ihm,1939224,nominative/accusative singular feminine of der,"dative of er; him, to him (indirect object); for him (in some cases)."
dieser Stelle,1939066,"this one, this","location, spot (specific location in space, relevant in context but typically otherwise unmarked)"
mir ein,1936626,"dative of ich: me, to me",one
sie sah,1935738,she; her,first/third-person singular preterite of sehen
das zu,1935378,nominative/accusative neuter singular of der: the,"to, towards (indicates directionality)"
unter anderem,1934695,under,strong dative masculine/neuter singular of anderer
dass ihr,1934635,that,"you, ye (plural, familiar)"
gewesen sein,1932732,past participle of sein: been,forms the present perfect and past perfect tenses of certain verbs
es bei,1931603,"Refers to a neuter noun (person, animal, thing or abstract)","by, near"
wenn ein,1929844,"when, whenever",one
der Geschichte,1927333,"nominative masculine singular definite article, the",history
einem anderen,1925723,dative masculine/neuter singular of ein,inflection of anderer:
hier nicht,1925609,"here; in this place; refers to an environment one is currently in, or to something within reach","not, non- (negates the meaning of a verb, adjective, or adverb)"
Gegensatz zu,1923173,"opposition, antagonism","to, towards (indicates directionality)"
ihr zu,1922576,"you, ye (plural, familiar)","to, towards (indicates directionality)"
wie im,1919087,how,"initialism of Inoffizieller Mitarbeiter / Inoffizielle Mitarbeiterin (“unofficial collaborator”), an informant in the German Democratic Republic who delivered private information to the Stasi."
in Verbindung,1918873,"[with dative] in, inside, within, at (inside a building)",connection
wir das,1916543,we,nominative/accusative neuter singular of der: the
hinter sich,1915745,"behind, after","Reflexive pronoun of the third person singular or plural: herself, himself, itself, oneself, themselves (in both dative and accusative)"
an eine,1915227,"on, upon, at, in, against",nominative/accusative feminine singular of ein
sie wollte,1914287,she; her,inflection of wollen:
von ihrem,1912471,from,"dative masculine/neuter singular of ihr: her, its, their (referring to a masculine or neuter object in the dative case)"
Kopf und,1911979,head,and
zum Teil,1910063,"contraction of zu + dem, literally “to the; for the”","part, piece (of a whole, often in relation to living things or an abstract concept)"
die Männer,1909502,nominative/accusative singular feminine of der,nominative/accusative/genitive plural of Mann
und mir,1907105,and,"dative of ich: me, to me"
läßt sich,1902102,alternative spelling of lässt; second/third-person singular present of lassen,"Reflexive pronoun of the third person singular or plural: herself, himself, itself, oneself, themselves (in both dative and accusative)"
so viele,1902000,"so, such, that",inflection of viel:
von seiner,1901242,from,his (substantival possessive)
das Recht,1899805,nominative/accusative neuter singular of der: the,"right, right-hand (direction)"
von allen,1899217,from,accusative singular masculine of alles (“all”)
zu müssen,1899072,"to, towards (indicates directionality)",to have to (do something); must; to be obliged (to do something); to need (to do something).
gegen das,1896059,against,nominative/accusative neuter singular of der: the
es dir,1894927,"Refers to a neuter noun (person, animal, thing or abstract)","dative of du; you, to you."
bis in,1893756,until,"[with dative] in, inside, within, at (inside a building)"
sehr gut,1889716,very,"good (acting in the interest of what is beneficial, ethical, or moral)"
der Familie,1887709,"nominative masculine singular definite article, the",family
wir es,1885783,we,"Refers to a neuter noun (person, animal, thing or abstract)"
nur so,1884681,"only, just, merely, simply","so, such, that"
hat mich,1883141,third-person singular present of haben,accusative of ich: me
unter die,1881563,under,nominative/accusative singular feminine of der
den Rücken,1881353,inflection of der (“the”):,back
mehr oder,1878973,something more,"Oder (a major river in the Czech Republic, Poland and Germany)"
die Stirn,1878473,nominative/accusative singular feminine of der,"forehead, brow (often used as an indicator of emotion)"
die Straße,1876852,nominative/accusative singular feminine of der,"street; road (a way wide enough to be passable for vehicles, generally paved, in or outside a settlement)"
sie alle,1874955,she; her,inflection of all (“all”)
was man,1874401,what,"one, you, they (indefinite pronoun, referring to people at large; construed as a third-person singular)"
ich an,1874143,I (first person singular nominative (subject) pronoun),"on, upon, at, in, against"
das von,1870601,nominative/accusative neuter singular of der: the,from
in mir,1870018,"[with dative] in, inside, within, at (inside a building)","dative of ich: me, to me"
Form der,1867154,singular imperative of formen,"nominative masculine singular definite article, the"
ich Ihnen,1866205,I (first person singular nominative (subject) pronoun),"dative of sie; them, to them."
hätte sie,1865679,first/third-person singular subjunctive II of haben,she; her
in the,1863862,"[with dative] in, inside, within, at (inside a building)",
nicht wahr,1862697,"not, non- (negates the meaning of a verb, adjective, or adverb)","true, real"
zu stellen,1862012,"to, towards (indicates directionality)","causative of stehen: to put, place, position (someone or something) such that it stands upright"
finden sich,1861083,to find; to discover,"Reflexive pronoun of the third person singular or plural: herself, himself, itself, oneself, themselves (in both dative and accusative)"
als es,1860616,"at (approximately) the same moment, when, while, as","Refers to a neuter noun (person, animal, thing or abstract)"
müssen wir,1858642,to have to (do something); must; to be obliged (to do something); to need (to do something).,we
eines Tages,1858327,genitive masculine/neuter singular of ein,genitive singular of Tag
was soll,1857754,what,debit
der Kirche,1855373,"nominative masculine singular definite article, the",church (building)
sich dabei,1853927,"Reflexive pronoun of the third person singular or plural: herself, himself, itself, oneself, themselves (in both dative and accusative)","pronominal adverb of bei (replaces bei + demonstrative or personal pronoun, unless referring to people)"
der auf,1853771,"nominative masculine singular definite article, the","[with dative] on, upon (positioned at the top of)"
von diesem,1851123,from,masculine/neuter dative singular of dieser
oder gar,1850429,"Oder (a major river in the Czech Republic, Poland and Germany)","cooked, done (of food such as meat or vegetables: ready for consumption)"
sind Sie,1849427,first-person plural present of sein,she; her
nur zu,1848810,"only, just, merely, simply","to, towards (indicates directionality)"
denn das,1844000,for; because; since,nominative/accusative neuter singular of der: the
ohne dass,1843535,without,that
hat mir,1841889,third-person singular present of haben,"dative of ich: me, to me"
du weißt,1841794,"you (singular familiar), thou",second-person singular present of wissen
stand auf,1840991,first/third-person singular preterite of stehen,"[with dative] on, upon (positioned at the top of)"
der das,1840504,"nominative masculine singular definite article, the",nominative/accusative neuter singular of der: the
und ohne,1840437,and,without
Suche nach,1839481,search,"after, past (later in time)"
der Deutschen,1839207,"nominative masculine singular definite article, the",inflection of deutsch:
der den,1838910,"nominative masculine singular definite article, the",inflection of der (“the”):
Geschichte der,1838661,history,"nominative masculine singular definite article, the"
waren sie,1836401,first/third-person plural preterite of sein: were,she; her
denn es,1832840,for; because; since,"Refers to a neuter noun (person, animal, thing or abstract)"
möchte ich,1831914,first/third-person singular subjunctive II of mögen,I (first person singular nominative (subject) pronoun)
es aber,1830076,"Refers to a neuter noun (person, animal, thing or abstract)",but; however; though
das für,1829546,nominative/accusative neuter singular of der: the,describes an abstract directionality towards a person or matter
und legte,1825742,and,inflection of legen:
das sind,1825426,nominative/accusative neuter singular of der: the,first-person plural present of sein
wird ein,1824557,third-person singular present of werden,one
auch zu,1824439,"also, too, as well (in addition to whatever or whoever has previously been listed)","to, towards (indicates directionality)"
der Tat,1823899,"nominative masculine singular definite article, the",first/third-person singular preterite of tun
und man,1822921,and,"one, you, they (indefinite pronoun, referring to people at large; construed as a third-person singular)"
ich sehe,1819658,I (first person singular nominative (subject) pronoun),inflection of sehen:
zu seiner,1819435,"to, towards (indicates directionality)",his (substantival possessive)
hinsichtlich der,1817998,"regarding, concerning, with regard to","nominative masculine singular definite article, the"
wie vor,1815240,how,"in front of, ahead of (relative location in space)"
wurden die,1814644,first/third-person plural preterite of werden,nominative/accusative singular feminine of der
die ihn,1813704,nominative/accusative singular feminine of der,"accusative of er; him, it (masculine, direct object)."
er nach,1812447,he,"after, past (later in time)"
findet sich,1812287,inflection of finden:,"Reflexive pronoun of the third person singular or plural: herself, himself, itself, oneself, themselves (in both dative and accusative)"
hat und,1811991,third-person singular present of haben,and
im Zusammenhang,1811856,"initialism of Inoffizieller Mitarbeiter / Inoffizielle Mitarbeiterin (“unofficial collaborator”), an informant in the German Democratic Republic who delivered private information to the Stasi.","coherence, cohesion"
der eigenen,1811433,"nominative masculine singular definite article, the",inflection of eigen:
der König,1810136,"nominative masculine singular definite article, the","king (monarch, chess, card games)"
wurde von,1808817,first/third-person singular preterite of werden,from
sie selbst,1808548,she; her,"personally, by oneself"
sie vor,1807575,she; her,"in front of, ahead of (relative location in space)"
also die,1802646,"so, therefore",nominative/accusative singular feminine of der
einen Blick,1802084,accusative masculine singular of ein,"glance, look"
hat man,1801106,third-person singular present of haben,"one, you, they (indefinite pronoun, referring to people at large; construed as a third-person singular)"
neben den,1798340,"next to, beside, alongside, adjacent to, near, near to",inflection of der (“the”):
kann das,1797948,first/third-person singular present of können,nominative/accusative neuter singular of der: the
und dabei,1796427,and,"pronominal adverb of bei (replaces bei + demonstrative or personal pronoun, unless referring to people)"
nichts anderes,1796161,nothing,strong/mixed nominative/accusative neuter singular of anderer
ich und,1794251,I (first person singular nominative (subject) pronoun),and
haben und,1792018,forms the perfect aspect (have),and
ihm das,1792002,"dative of er; him, to him (indirect object); for him (in some cases).",nominative/accusative neuter singular of der: the
nachdem er,1788876,after (that),he
zu dieser,1788852,"to, towards (indicates directionality)","this one, this"
einem der,1788657,dative masculine/neuter singular of ein,"nominative masculine singular definite article, the"
bevor sie,1787665,before,she; her
stellt sich,1787240,inflection of stellen:,"Reflexive pronoun of the third person singular or plural: herself, himself, itself, oneself, themselves (in both dative and accusative)"
dem Boden,1784951,dative masculine/neuter singular of der: the,"ground, soil"
zu Beginn,1782800,"to, towards (indicates directionality)","start, beginning"
einfach nicht,1782796,easy,"not, non- (negates the meaning of a verb, adjective, or adverb)"
an seinem,1780861,"on, upon, at, in, against",dative masculine/neuter singular of sein
erst einmal,1779847,"first, at first","once, one time (one and only one time)"
auch an,1779172,"also, too, as well (in addition to whatever or whoever has previously been listed)","on, upon, at, in, against"
das Licht,1777871,nominative/accusative neuter singular of der: the,light (electromagnetic radiation in the visible spectrum)
die als,1777838,nominative/accusative singular feminine of der,"at (approximately) the same moment, when, while, as"
ist noch,1777692,third-person singular present of sein,"still, yet (up to and including a given time)"
bis er,1777568,until,he
der alte,1776988,"nominative masculine singular definite article, the",female equivalent of Alter: old woman
uns in,1776703,accusative/dative of wir: us,"[with dative] in, inside, within, at (inside a building)"
auf seinen,1775828,"[with dative] on, upon (positioned at the top of)",inflection of sein:
können die,1775697,"to be able (to do or be something), to have the possibility of, can.",nominative/accusative singular feminine of der
war noch,1774318,first-person singular preterite of sein: was,"still, yet (up to and including a given time)"
Form von,1773356,singular imperative of formen,from
sei es,1772233,first-person singular subjunctive I of sein,"Refers to a neuter noun (person, animal, thing or abstract)"
man es,1770470,"one, you, they (indefinite pronoun, referring to people at large; construed as a third-person singular)","Refers to a neuter noun (person, animal, thing or abstract)"
auf seinem,1767556,"[with dative] on, upon (positioned at the top of)",dative masculine/neuter singular of sein
ich wusste,1764439,I (first person singular nominative (subject) pronoun),first/third-person singular preterite of wissen
ich schon,1763645,I (first person singular nominative (subject) pronoun),"already (happening rather early, continuing rather long)"
vor mir,1763442,"in front of, ahead of (relative location in space)","dative of ich: me, to me"
noch mal,1762533,"still, yet (up to and including a given time)",times (indicating multiplication of two numbers)
nach und,1762167,"after, past (later in time)",and
er ihn,1761677,he,"accusative of er; him, it (masculine, direct object)."
eines der,1761456,genitive masculine/neuter singular of ein,"nominative masculine singular definite article, the"
Frage nach,1761192,question (interrogative sentence or phrase),"after, past (later in time)"
über ihre,1759557,"[with accusative or dative] above, over (spatially)",inflection of ihr:
und her,1759394,and,"hither, to this place, to here, to me/us"
auf ihren,1758954,"[with dative] on, upon (positioned at the top of)",inflection of ihr:
uns nicht,1756350,accusative/dative of wir: us,"not, non- (negates the meaning of a verb, adjective, or adverb)"
Art und,1756028,"kind, sort, type",and
konnte sich,1752408,first/third-person singular preterite of können,"Reflexive pronoun of the third person singular or plural: herself, himself, itself, oneself, themselves (in both dative and accusative)"
im Folgenden,1751779,"initialism of Inoffizieller Mitarbeiter / Inoffizielle Mitarbeiterin (“unofficial collaborator”), an informant in the German Democratic Republic who delivered private information to the Stasi.",inflection of folgend:
sowie der,1750898,as well as,"nominative masculine singular definite article, the"
aber wenn,1749409,but; however; though,"when, whenever"
war zu,1747609,first-person singular preterite of sein: was,"to, towards (indicates directionality)"
er würde,1746310,he,dignity
kam es,1745950,first/third-person singular preterite of kommen,"Refers to a neuter noun (person, animal, thing or abstract)"
und am,1743807,and,acronym of Anwendungsmanagement
da der,1742141,there,"nominative masculine singular definite article, the"
ich eine,1741790,I (first person singular nominative (subject) pronoun),nominative/accusative feminine singular of ein
der ganzen,1740495,"nominative masculine singular definite article, the",inflection of ganz:
es kann,1739157,"Refers to a neuter noun (person, animal, thing or abstract)",first/third-person singular present of können
was in,1739080,what,"[with dative] in, inside, within, at (inside a building)"
die Höhe,1736142,nominative/accusative singular feminine of der,"height, altitude"
den Raum,1734998,inflection of der (“the”):,space
Anzahl der,1733544,"number, an amount; a few","nominative masculine singular definite article, the"
in Berlin,1730962,"[with dative] in, inside, within, at (inside a building)",Berlin (the capital and largest city and state of Germany)
das auch,1728823,nominative/accusative neuter singular of der: the,"also, too, as well (in addition to whatever or whoever has previously been listed)"
wollte sie,1728794,inflection of wollen:,she; her
das eine,1727820,nominative/accusative neuter singular of der: the,nominative/accusative feminine singular of ein
Reihe von,1727083,row,from
werden soll,1726636,"will, to be going to, forms the future tense",debit
ist als,1725925,third-person singular present of sein,"at (approximately) the same moment, when, while, as"
zu ihrem,1725784,"to, towards (indicates directionality)","dative masculine/neuter singular of ihr: her, its, their (referring to a masculine or neuter object in the dative case)"
ihr nicht,1725710,"you, ye (plural, familiar)","not, non- (negates the meaning of a verb, adjective, or adverb)"
nur durch,1723765,"only, just, merely, simply",by means of; by; through
als würde,1722175,"at (approximately) the same moment, when, while, as",dignity
nicht ein,1721645,"not, non- (negates the meaning of a verb, adjective, or adverb)",one
Zahl der,1721479,"number, numeral, figure","nominative masculine singular definite article, the"
das hat,1720334,nominative/accusative neuter singular of der: the,third-person singular present of haben
in vielen,1719801,"[with dative] in, inside, within, at (inside a building)",inflection of viel:
sein Gesicht,1719171,forms the present perfect and past perfect tenses of certain verbs,face
er nur,1717708,he,"only, just, merely, simply"
und nahm,1716048,and,first/third-person singular preterite of nehmen
ist bei,1715968,third-person singular present of sein,"by, near"
seit dem,1715234,since,dative masculine/neuter singular of der: the
ich sah,1714095,I (first person singular nominative (subject) pronoun),first/third-person singular preterite of sehen
und meine,1712398,and,inflection of meiner:
um so,1712198,about,"so, such, that"
bis heute,1711602,until,today
sehr viel,1710324,very,"much, a lot"
dann auch,1709363,"then, after that","also, too, as well (in addition to whatever or whoever has previously been listed)"
in erster,1708453,"[with dative] in, inside, within, at (inside a building)",inflection of erste:
bereits in,1700486,already,"[with dative] in, inside, within, at (inside a building)"
sie ihr,1699037,she; her,"you, ye (plural, familiar)"
vor und,1698490,"in front of, ahead of (relative location in space)",and
es an,1697358,"Refers to a neuter noun (person, animal, thing or abstract)","on, upon, at, in, against"
einen Augenblick,1696236,accusative masculine singular of ein,"moment, instant, blink of an eye (very short period of time)"
er selbst,1693673,he,"personally, by oneself"
es keine,1693385,"Refers to a neuter noun (person, animal, thing or abstract)",feminine nominative/accusative of kein
Entwicklung der,1693090,evolution,"nominative masculine singular definite article, the"
ohne die,1692092,without,nominative/accusative singular feminine of der
im ersten,1690051,"initialism of Inoffizieller Mitarbeiter / Inoffizielle Mitarbeiterin (“unofficial collaborator”), an informant in the German Democratic Republic who delivered private information to the Stasi.",inflection of erste:
sich hier,1688182,"Reflexive pronoun of the third person singular or plural: herself, himself, itself, oneself, themselves (in both dative and accusative)","here; in this place; refers to an environment one is currently in, or to something within reach"
der einzelnen,1685002,"nominative masculine singular definite article, the",inflection of einzeln:
sie konnte,1684887,she; her,first/third-person singular preterite of können
in sein,1681727,"[with dative] in, inside, within, at (inside a building)",forms the present perfect and past perfect tenses of certain verbs
die auch,1680974,nominative/accusative singular feminine of der,"also, too, as well (in addition to whatever or whoever has previously been listed)"
so war,1680935,"so, such, that",first-person singular preterite of sein: was
fragte ich,1679275,inflection of fragen:,I (first person singular nominative (subject) pronoun)
er seinen,1677930,he,inflection of sein:
sie jetzt,1676846,she; her,"now (at this moment, right now)"
dieser Zeit,1676101,"this one, this",time (as a concept)
also nicht,1675500,"so, therefore","not, non- (negates the meaning of a verb, adjective, or adverb)"
ist also,1675145,third-person singular present of sein,"so, therefore"
wird und,1674602,third-person singular present of werden,and
wird sich,1673982,third-person singular present of werden,"Reflexive pronoun of the third person singular or plural: herself, himself, itself, oneself, themselves (in both dative and accusative)"
eine gewisse,1673858,nominative/accusative feminine singular of ein,inflection of gewiss:
der Vater,1672811,"nominative masculine singular definite article, the",father
zu schaffen,1672741,"to, towards (indicates directionality)","to create, to call into being"
sich am,1672314,"Reflexive pronoun of the third person singular or plural: herself, himself, itself, oneself, themselves (in both dative and accusative)",acronym of Anwendungsmanagement
zu spät,1671848,"to, towards (indicates directionality)",late
den Namen,1671175,inflection of der (“the”):,alternative form of Name
nur um,1669328,"only, just, merely, simply",about
wir den,1668908,we,inflection of der (“the”):
hinter der,1668550,"behind, after","nominative masculine singular definite article, the"
sich immer,1667925,"Reflexive pronoun of the third person singular or plural: herself, himself, itself, oneself, themselves (in both dative and accusative)",always
war schon,1667549,first-person singular preterite of sein: was,"already (happening rather early, continuing rather long)"
sie durch,1666311,she; her,by means of; by; through
worden ist,1665834,past participle of werden,third-person singular present of sein
die letzten,1665285,nominative/accusative singular feminine of der,inflection of letzter:
nicht weiter,1665128,"not, non- (negates the meaning of a verb, adjective, or adverb)",comparative degree of weit
sie am,1663280,she; her,acronym of Anwendungsmanagement
wird auch,1662019,third-person singular present of werden,"also, too, as well (in addition to whatever or whoever has previously been listed)"
das Thema,1661617,nominative/accusative neuter singular of der: the,"topic, subject, issue"
hab ich,1661349,singular imperative of haben,I (first person singular nominative (subject) pronoun)
ein neues,1660908,one,strong/mixed nominative/accusative neuter singular of neu
mir leid,1660375,"dative of ich: me, to me","distressing, uncomfortable"
sie aber,1659909,she; her,but; however; though
diesem Zusammenhang,1659864,masculine/neuter dative singular of dieser,"coherence, cohesion"
der andere,1654835,"nominative masculine singular definite article, the",inflection of anderer
ich einen,1654695,I (first person singular nominative (subject) pronoun),accusative masculine singular of ein
in zwei,1654072,"[with dative] in, inside, within, at (inside a building)",two (numerical value represented by the Arabic numeral 2; or describing a set with two components)
der nicht,1653377,"nominative masculine singular definite article, the","not, non- (negates the meaning of a verb, adjective, or adverb)"
leben und,1652943,"to live, to be alive",and
der er,1652271,"nominative masculine singular definite article, the",he
nicht einfach,1650784,"not, non- (negates the meaning of a verb, adjective, or adverb)",easy
wieder an,1649237,again; indicates that the action taking place has happened before,"on, upon, at, in, against"
und daß,1648021,and,Formerly standard spelling of dass which was deprecated in the spelling reform (Rechtschreibreform) of 1996.
dass in,1647872,that,"[with dative] in, inside, within, at (inside a building)"
noch so,1647553,"still, yet (up to and including a given time)","so, such, that"
die gesamte,1647518,nominative/accusative singular feminine of der,inflection of gesamt:
seine Augen,1647419,inflection of seiner:,plural of Auge
im Internet,1646123,"initialism of Inoffizieller Mitarbeiter / Inoffizielle Mitarbeiterin (“unofficial collaborator”), an informant in the German Democratic Republic who delivered private information to the Stasi.",internet
und ihm,1645534,and,"dative of er; him, to him (indirect object); for him (in some cases)."
ist von,1645184,third-person singular present of sein,from
nicht möglich,1642807,"not, non- (negates the meaning of a verb, adjective, or adverb)",possible (what can be done or achieved)
es wurde,1642760,"Refers to a neuter noun (person, animal, thing or abstract)",first/third-person singular preterite of werden
oder weniger,1642546,"Oder (a major river in the Czech Republic, Poland and Germany)","comparative degree of wenig: less, fewer"
nur dann,1641824,"only, just, merely, simply","then, after that"
die Zahl,1639140,nominative/accusative singular feminine of der,"number, numeral, figure"
gegenüber dem,1638853,opposite,dative masculine/neuter singular of der: the
die Idee,1638813,nominative/accusative singular feminine of der,idea
die Zukunft,1638600,nominative/accusative singular feminine of der,future
am liebsten,1637172,acronym of Anwendungsmanagement,superlative degree of lieb
seine Frau,1636642,inflection of seiner:,woman (adult female human)
wie Sie,1636449,how,she; her
einfach nur,1635099,easy,"only, just, merely, simply"
einer anderen,1634415,genitive/dative feminine singular of ein,inflection of anderer:
dann in,1634199,"then, after that","[with dative] in, inside, within, at (inside a building)"
nicht durch,1633717,"not, non- (negates the meaning of a verb, adjective, or adverb)",by means of; by; through
bei dieser,1633646,"by, near","this one, this"
daß wir,1632221,Formerly standard spelling of dass which was deprecated in the spelling reform (Rechtschreibreform) of 1996.,we
den meisten,1631521,inflection of der (“the”):,superlative degree of viel
du musst,1629869,"you (singular familiar), thou",second-person singular present of müssen
doch noch,1628597,yes; surely; really; on the contrary,"still, yet (up to and including a given time)"
den Arm,1628460,inflection of der (“the”):,poor (having little money)
es hat,1626912,"Refers to a neuter noun (person, animal, thing or abstract)",third-person singular present of haben
im Falle,1626657,"initialism of Inoffizieller Mitarbeiter / Inoffizielle Mitarbeiterin (“unofficial collaborator”), an informant in the German Democratic Republic who delivered private information to the Stasi.","trap, snare"
ein Kind,1625567,one,kid; child (young person)
zu wissen,1624938,"to, towards (indicates directionality)",to know; to be aware of (a fact)
die dem,1624909,nominative/accusative singular feminine of der,dative masculine/neuter singular of der: the
wird eine,1624008,third-person singular present of werden,nominative/accusative feminine singular of ein
mit diesen,1623699,"with (in the company of, alongside)","accusative masculine singular of dieser; ""this"""
und hielt,1623368,and,first/third-person singular preterite of halten
möglich ist,1622687,possible (what can be done or achieved),third-person singular present of sein
über seine,1617503,"[with accusative or dative] above, over (spatially)",inflection of seiner:
ist alles,1616972,third-person singular present of sein,everything; all
zu suchen,1616743,"to, towards (indicates directionality)","to search, to look for"
ein anderes,1616668,one,strong/mixed nominative/accusative neuter singular of anderer
nur von,1615898,"only, just, merely, simply",from
denn ich,1612747,for; because; since,I (first person singular nominative (subject) pronoun)
ich nur,1611996,I (first person singular nominative (subject) pronoun),"only, just, merely, simply"
er wusste,1610463,he,first/third-person singular preterite of wissen
erster Linie,1609489,inflection of erste:,line
das Geld,1608519,nominative/accusative neuter singular of der: the,money
Art der,1605151,"kind, sort, type","nominative masculine singular definite article, the"
wollte ich,1604069,inflection of wollen:,I (first person singular nominative (subject) pronoun)
die Situation,1603433,nominative/accusative singular feminine of der,"situation, circumstances"
die ein,1602803,nominative/accusative singular feminine of der,one
und seiner,1602725,and,his (substantival possessive)
kann auch,1602188,first/third-person singular present of können,"also, too, as well (in addition to whatever or whoever has previously been listed)"
ich von,1600047,I (first person singular nominative (subject) pronoun),from
sich schon,1598029,"Reflexive pronoun of the third person singular or plural: herself, himself, itself, oneself, themselves (in both dative and accusative)","already (happening rather early, continuing rather long)"
doch das,1596927,yes; surely; really; on the contrary,nominative/accusative neuter singular of der: the
der großen,1596860,"nominative masculine singular definite article, the",inflection of groß:
um ihre,1596803,about,inflection of ihr:
war mit,1596753,first-person singular preterite of sein: was,"with (in the company of, alongside)"
sie über,1596069,she; her,"[with accusative or dative] above, over (spatially)"
was das,1596031,what,nominative/accusative neuter singular of der: the
selbst zu,1595598,"personally, by oneself","to, towards (indicates directionality)"
hier die,1594785,"here; in this place; refers to an environment one is currently in, or to something within reach",nominative/accusative singular feminine of der
die Gefahr,1594255,nominative/accusative singular feminine of der,"danger, hazard, peril, risk"
trotz der,1594135,"in spite of, despite","nominative masculine singular definite article, the"
die Stimme,1593236,nominative/accusative singular feminine of der,"voice (speaking or singing), call of an animal"
die einen,1593200,nominative/accusative singular feminine of der,accusative masculine singular of ein
zu Ende,1591556,"to, towards (indicates directionality)","end, finish"
das Ergebnis,1591412,nominative/accusative neuter singular of der: the,"result, outcome, conclusion, finding, fruit, consequence, upshot, answer"
uns die,1591335,accusative/dative of wir: us,nominative/accusative singular feminine of der
wollen wir,1590782,"wool; woolen, woollen",we
würde es,1590200,dignity,"Refers to a neuter noun (person, animal, thing or abstract)"
die Nacht,1589925,nominative/accusative singular feminine of der,night
da ich,1588702,there,I (first person singular nominative (subject) pronoun)
zu Boden,1585818,"to, towards (indicates directionality)","ground, soil"
doch auch,1585213,yes; surely; really; on the contrary,"also, too, as well (in addition to whatever or whoever has previously been listed)"
wurde der,1584594,first/third-person singular preterite of werden,"nominative masculine singular definite article, the"
und kann,1584376,and,first/third-person singular present of können
dem der,1583809,dative masculine/neuter singular of der: the,"nominative masculine singular definite article, the"
ihr das,1583314,"you, ye (plural, familiar)",nominative/accusative neuter singular of der: the
der Herr,1580250,"nominative masculine singular definite article, the","man, gentleman"
der Menschen,1578949,"nominative masculine singular definite article, the",accusative/dative/genitive singular of Mensch
den Händen,1578383,inflection of der (“the”):,dative plural of Hand
nur den,1577745,"only, just, merely, simply",inflection of der (“the”):
das Ziel,1577204,nominative/accusative neuter singular of der: the,singular imperative of zielen
die Worte,1576595,nominative/accusative singular feminine of der,nominative/accusative/genitive plural of Wort
was sich,1575266,what,"Reflexive pronoun of the third person singular or plural: herself, himself, itself, oneself, themselves (in both dative and accusative)"
die ihr,1574039,nominative/accusative singular feminine of der,"you, ye (plural, familiar)"
Hand auf,1574014,hand,"[with dative] on, upon (positioned at the top of)"
ein weiteres,1573820,one,strong/mixed nominative/accusative neuter singular comparative degree of weit
wirst du,1573072,second-person singular present of werden,"you (singular familiar), thou"
befindet sich,1571383,inflection of befinden:,"Reflexive pronoun of the third person singular or plural: herself, himself, itself, oneself, themselves (in both dative and accusative)"
der Frau,1569105,"nominative masculine singular definite article, the",woman (adult female human)
der für,1568886,"nominative masculine singular definite article, the",describes an abstract directionality towards a person or matter
zu denken,1568617,"to, towards (indicates directionality)",to think
aber noch,1566994,but; however; though,"still, yet (up to and including a given time)"
ihm in,1566145,"dative of er; him, to him (indirect object); for him (in some cases).","[with dative] in, inside, within, at (inside a building)"
werden sie,1563870,"will, to be going to, forms the future tense",she; her
wieder ein,1562965,again; indicates that the action taking place has happened before,one
daß sich,1562150,Formerly standard spelling of dass which was deprecated in the spelling reform (Rechtschreibreform) of 1996.,"Reflexive pronoun of the third person singular or plural: herself, himself, itself, oneself, themselves (in both dative and accusative)"
ist schon,1559456,third-person singular present of sein,"already (happening rather early, continuing rather long)"
in unserem,1558917,"[with dative] in, inside, within, at (inside a building)",dative masculine/neuter singular of unser
das ich,1558797,nominative/accusative neuter singular of der: the,I (first person singular nominative (subject) pronoun)
eine ganze,1558757,nominative/accusative feminine singular of ein,inflection of ganz:
eine Reihe,1558633,nominative/accusative feminine singular of ein,row
und mehr,1558488,and,something more
dass auch,1558073,that,"also, too, as well (in addition to whatever or whoever has previously been listed)"
was es,1555519,what,"Refers to a neuter noun (person, animal, thing or abstract)"
und um,1555152,and,about
denn der,1552924,for; because; since,"nominative masculine singular definite article, the"
die Erde,1552435,nominative/accusative singular feminine of der,earth
es der,1552094,"Refers to a neuter noun (person, animal, thing or abstract)","nominative masculine singular definite article, the"
und seinen,1548731,and,inflection of sein:
muss man,1548511,first/third-person singular present of müssen,"one, you, they (indefinite pronoun, referring to people at large; construed as a third-person singular)"
ist hier,1548312,third-person singular present of sein,"here; in this place; refers to an environment one is currently in, or to something within reach"
und machte,1546192,and,inflection of machen:
wo ich,1546007,where (at what place),I (first person singular nominative (subject) pronoun)
in Frage,1545558,"[with dative] in, inside, within, at (inside a building)",question (interrogative sentence or phrase)
sich wie,1544792,"Reflexive pronoun of the third person singular or plural: herself, himself, itself, oneself, themselves (in both dative and accusative)",how
das Buch,1543660,nominative/accusative neuter singular of der: the,book (collection of sheets of paper bound together to hinge at one edge; long work fit for publication)
konnte nicht,1543037,first/third-person singular preterite of können,"not, non- (negates the meaning of a verb, adjective, or adverb)"
das Herz,1542045,nominative/accusative neuter singular of der: the,heart
von dieser,1541829,from,"this one, this"
die Art,1541068,nominative/accusative singular feminine of der,"kind, sort, type"
hatten sich,1540235,first/third-person plural preterite of haben,"Reflexive pronoun of the third person singular or plural: herself, himself, itself, oneself, themselves (in both dative and accusative)"
die zweite,1539893,nominative/accusative singular feminine of der,second
die Lippen,1539090,nominative/accusative singular feminine of der,plural of Lippe
das wird,1538631,nominative/accusative neuter singular of der: the,third-person singular present of werden
die Ergebnisse,1538363,nominative/accusative singular feminine of der,nominative/accusative/genitive plural of Ergebnis
die große,1538010,nominative/accusative singular feminine of der,inflection of groß:
nach wie,1537476,"after, past (later in time)",how
und wurde,1535715,and,first/third-person singular preterite of werden
die Tatsache,1534565,nominative/accusative singular feminine of der,fact (a true observation)
stehen und,1533942,"to stand (to be upright, support oneself in an erect position)",and
dann aber,1533374,"then, after that",but; however; though
es schon,1531636,"Refers to a neuter noun (person, animal, thing or abstract)","already (happening rather early, continuing rather long)"
er wieder,1531556,he,again; indicates that the action taking place has happened before
nur im,1530546,"only, just, merely, simply","initialism of Inoffizieller Mitarbeiter / Inoffizielle Mitarbeiterin (“unofficial collaborator”), an informant in the German Democratic Republic who delivered private information to the Stasi."
sie zum,1530530,she; her,"contraction of zu + dem, literally “to the; for the”"
sein kann,1529856,forms the present perfect and past perfect tenses of certain verbs,first/third-person singular present of können
der zweiten,1529482,"nominative masculine singular definite article, the",inflection of zweite:
eine sehr,1528519,nominative/accusative feminine singular of ein,very
und ihrer,1528404,and,genitive of sie: of her
dem ich,1528235,dative masculine/neuter singular of der: the,I (first person singular nominative (subject) pronoun)
die neue,1528015,nominative/accusative singular feminine of der,inflection of neu:
sich diese,1527216,"Reflexive pronoun of the third person singular or plural: herself, himself, itself, oneself, themselves (in both dative and accusative)","nominative feminine singular of dieser; ""this"""
aber was,1525726,but; however; though,what
auf jeden,1525663,"[with dative] on, upon (positioned at the top of)",inflection of jeder:
die Rede,1525528,nominative/accusative singular feminine of der,inflection of reden:
wie viele,1524238,how,inflection of viel:
sie wird,1522229,she; her,third-person singular present of werden
sich einen,1521687,"Reflexive pronoun of the third person singular or plural: herself, himself, itself, oneself, themselves (in both dative and accusative)",accusative masculine singular of ein
der Frage,1520237,"nominative masculine singular definite article, the",question (interrogative sentence or phrase)
es waren,1519698,"Refers to a neuter noun (person, animal, thing or abstract)",first/third-person plural preterite of sein: were
sie sie,1519635,she; her,she; her
einer von,1519391,genitive/dative feminine singular of ein,from
das wäre,1517920,nominative/accusative neuter singular of der: the,first/third-person singular subjunctive II of sein
ist jedoch,1516868,third-person singular present of sein,"however, yet, nevertheless"
wir wollen,1516640,we,"wool; woolen, woollen"
uns zu,1514763,accusative/dative of wir: us,"to, towards (indicates directionality)"
das der,1512660,nominative/accusative neuter singular of der: the,"nominative masculine singular definite article, the"
der Universität,1512631,"nominative masculine singular definite article, the",university
seine Hand,1512196,inflection of seiner:,hand
der zu,1511828,"nominative masculine singular definite article, the","to, towards (indicates directionality)"
das Land,1510960,nominative/accusative neuter singular of der: the,country (territory of a nation)
im Grunde,1510221,"initialism of Inoffizieller Mitarbeiter / Inoffizielle Mitarbeiterin (“unofficial collaborator”), an informant in the German Democratic Republic who delivered private information to the Stasi.",dative singular of Grund
ein Teil,1510158,one,"part, piece (of a whole, often in relation to living things or an abstract concept)"
war nur,1509607,first-person singular preterite of sein: was,"only, just, merely, simply"
wie lange,1509406,how,"long, for a long time"
von ihrer,1508696,from,genitive of sie: of her
nicht nach,1508612,"not, non- (negates the meaning of a verb, adjective, or adverb)","after, past (later in time)"
wird nicht,1507434,third-person singular present of werden,"not, non- (negates the meaning of a verb, adjective, or adverb)"
jetzt nicht,1505787,"now (at this moment, right now)","not, non- (negates the meaning of a verb, adjective, or adverb)"
man mit,1505599,"one, you, they (indefinite pronoun, referring to people at large; construed as a third-person singular)","with (in the company of, alongside)"
schon die,1502921,"already (happening rather early, continuing rather long)",nominative/accusative singular feminine of der
wurde in,1502505,first/third-person singular preterite of werden,"[with dative] in, inside, within, at (inside a building)"
der junge,1502324,"nominative masculine singular definite article, the",boy
gegenüber der,1502144,opposite,"nominative masculine singular definite article, the"
wenn nicht,1501667,"when, whenever","not, non- (negates the meaning of a verb, adjective, or adverb)"
und ihren,1500464,and,inflection of ihr:
den USA,1499310,inflection of der (“the”):,initialism of the United States of America: a country in North America: USA
ob der,1499056,"Introduces an indirect question, a doubt. if, whether.","nominative masculine singular definite article, the"
das hier,1498896,nominative/accusative neuter singular of der: the,"here; in this place; refers to an environment one is currently in, or to something within reach"
zu bleiben,1498863,"to, towards (indicates directionality)",to remain (to continue to be)
ihn auf,1498160,"accusative of er; him, it (masculine, direct object).","[with dative] on, upon (positioned at the top of)"
vor einem,1497609,"in front of, ahead of (relative location in space)",dative masculine/neuter singular of ein
zu ihrer,1495710,"to, towards (indicates directionality)",genitive of sie: of her
zu wollen,1494740,"to, towards (indicates directionality)","wool; woolen, woollen"
hatte ihn,1494518,first/third-person singular preterite of haben,"accusative of er; him, it (masculine, direct object)."
sie immer,1494294,she; her,always
die hier,1492927,nominative/accusative singular feminine of der,"here; in this place; refers to an environment one is currently in, or to something within reach"
und setzte,1492222,and,inflection of setzen:
nur wenige,1489494,"only, just, merely, simply",inflection of wenig:
und alles,1488840,and,everything; all
stellte sich,1486963,inflection of stellen:,"Reflexive pronoun of the third person singular or plural: herself, himself, itself, oneself, themselves (in both dative and accusative)"
Begriff der,1484232,"term, word","nominative masculine singular definite article, the"
die eigene,1484003,nominative/accusative singular feminine of der,inflection of eigen:
ein sehr,1483420,one,very
zusammen und,1482997,"together, jointly",and
zu erhalten,1482081,"to, towards (indicates directionality)","to receive (something given, sent, won, etc.)"
und schließlich,1481508,and,"in the end, finally, eventually"
kurz vor,1479762,"short, quick, brief","in front of, ahead of (relative location in space)"
du denn,1478018,"you (singular familiar), thou",for; because; since
während ich,1476163,while (at the same time as),I (first person singular nominative (subject) pronoun)
lassen Sie,1470817,to allow; to permit; to let,she; her
der neuen,1470750,"nominative masculine singular definite article, the",inflection of neu:
den nächsten,1468007,inflection of der (“the”):,superlative degree of nah
die über,1467240,nominative/accusative singular feminine of der,"[with accusative or dative] above, over (spatially)"
oder das,1467183,"Oder (a major river in the Czech Republic, Poland and Germany)",nominative/accusative neuter singular of der: the
machte sich,1466792,inflection of machen:,"Reflexive pronoun of the third person singular or plural: herself, himself, itself, oneself, themselves (in both dative and accusative)"
einen kleinen,1466406,accusative masculine singular of ein,inflection of klein:
hatte den,1465934,first/third-person singular preterite of haben,inflection of der (“the”):
war ihm,1465160,first-person singular preterite of sein: was,"dative of er; him, to him (indirect object); for him (in some cases)."
ihre Mutter,1463670,inflection of ihr:,mother
die alte,1461804,nominative/accusative singular feminine of der,female equivalent of Alter: old woman
an seine,1461254,"on, upon, at, in, against",inflection of seiner:
durch ihre,1461084,by means of; by; through,inflection of ihr:
auf Grund,1460905,"[with dative] on, upon (positioned at the top of)","ground, land (usually as someone's property)"
nachdem sie,1460610,after (that),she; her
damit sie,1460197,pronominal adverb of mit,she; her
sich hin,1458006,"Reflexive pronoun of the third person singular or plural: herself, himself, itself, oneself, themselves (in both dative and accusative)","there, thither; denotes direction towards a place that is not the speaker’s current location."
nur als,1457252,"only, just, merely, simply","at (approximately) the same moment, when, while, as"
ich jetzt,1456929,I (first person singular nominative (subject) pronoun),"now (at this moment, right now)"
aber wir,1456568,but; however; though,we
sind auch,1455796,first-person plural present of sein,"also, too, as well (in addition to whatever or whoever has previously been listed)"
einen anderen,1455497,accusative masculine singular of ein,inflection of anderer:
hatten die,1455465,first/third-person plural preterite of haben,nominative/accusative singular feminine of der
sich nun,1454857,"Reflexive pronoun of the third person singular or plural: herself, himself, itself, oneself, themselves (in both dative and accusative)","now, at this moment"
nicht allein,1454346,"not, non- (negates the meaning of a verb, adjective, or adverb)",alone
mehr in,1453835,something more,"[with dative] in, inside, within, at (inside a building)"
sie wissen,1452725,she; her,to know; to be aware of (a fact)
wie viel,1452312,how,"much, a lot"
durch seine,1451877,by means of; by; through,inflection of seiner:
nur an,1451468,"only, just, merely, simply","on, upon, at, in, against"
der Vergangenheit,1450697,"nominative masculine singular definite article, the",the past (time)
ihm ein,1449912,"dative of er; him, to him (indirect object); for him (in some cases).",one
als sich,1449511,"at (approximately) the same moment, when, while, as","Reflexive pronoun of the third person singular or plural: herself, himself, itself, oneself, themselves (in both dative and accusative)"
und immer,1449461,and,always
in welchem,1447925,"[with dative] in, inside, within, at (inside a building)",dative masculine/neuter singular of welcher
der durch,1447338,"nominative masculine singular definite article, the",by means of; by; through
aus seinem,1447162,out,dative masculine/neuter singular of sein
allem die,1446837,"Dative singular masculine and neutral gender forms of alles (""all"").",nominative/accusative singular feminine of der
nicht ohne,1445904,"not, non- (negates the meaning of a verb, adjective, or adverb)",without
an seiner,1444756,"on, upon, at, in, against",his (substantival possessive)
im Gegenteil,1443933,"initialism of Inoffizieller Mitarbeiter / Inoffizielle Mitarbeiterin (“unofficial collaborator”), an informant in the German Democratic Republic who delivered private information to the Stasi.",opposite (contrary thing)
handelt sich,1443054,inflection of handeln:,"Reflexive pronoun of the third person singular or plural: herself, himself, itself, oneself, themselves (in both dative and accusative)"
ihnen die,1443048,"dative of sie; them, to them.",nominative/accusative singular feminine of der
du dir,1442999,"you (singular familiar), thou","dative of du; you, to you."
selbst in,1442759,"personally, by oneself","[with dative] in, inside, within, at (inside a building)"
sie nun,1440571,she; her,"now, at this moment"
um seine,1440378,about,inflection of seiner:
es handelt,1439675,"Refers to a neuter noun (person, animal, thing or abstract)",inflection of handeln:
Jahre alt,1438543,"nominative/accusative/genitive plural of Jahr ""years""",old
war ihr,1438006,first-person singular preterite of sein: was,"you, ye (plural, familiar)"
wird sie,1437918,third-person singular present of werden,she; her
ich hoffe,1437519,I (first person singular nominative (subject) pronoun),inflection of hoffen:
die Antwort,1437044,nominative/accusative singular feminine of der,answer
an ihrem,1436972,"on, upon, at, in, against","dative masculine/neuter singular of ihr: her, its, their (referring to a masculine or neuter object in the dative case)"
nicht lange,1436569,"not, non- (negates the meaning of a verb, adjective, or adverb)","long, for a long time"
ein großes,1436170,one,strong/mixed nominative/accusative neuter singular of groß
sie müssen,1436155,she; her,to have to (do something); must; to be obliged (to do something); to need (to do something).
wurde er,1434544,first/third-person singular preterite of werden,he
noch im,1434182,"still, yet (up to and including a given time)","initialism of Inoffizieller Mitarbeiter / Inoffizielle Mitarbeiterin (“unofficial collaborator”), an informant in the German Democratic Republic who delivered private information to the Stasi."
der Gedanke,1433758,"nominative masculine singular definite article, the",a thought [with an (+ accusative) ‘[of/about] (something)’]
ins Gesicht,1433429,contraction of in (“(in)to”) + das (“the”) (accusative singular neuter),face
der Luft,1429425,"nominative masculine singular definite article, the","air, atmosphere"
sage ich,1429295,inflection of sagen:,I (first person singular nominative (subject) pronoun)
Beginn der,1429239,"start, beginning","nominative masculine singular definite article, the"
hatte der,1427724,first/third-person singular preterite of haben,"nominative masculine singular definite article, the"
auch durch,1427439,"also, too, as well (in addition to whatever or whoever has previously been listed)",by means of; by; through
es ja,1427267,"Refers to a neuter noun (person, animal, thing or abstract)",initialism of Junge Alternative für Deutschland.
etwas anderes,1425714,something,strong/mixed nominative/accusative neuter singular of anderer
bei diesem,1425689,"by, near",masculine/neuter dative singular of dieser
hat eine,1425268,third-person singular present of haben,nominative/accusative feminine singular of ein
ist kein,1425088,third-person singular present of sein,no; not a(n); not one; not any
sind im,1424219,first-person plural present of sein,"initialism of Inoffizieller Mitarbeiter / Inoffizielle Mitarbeiterin (“unofficial collaborator”), an informant in the German Democratic Republic who delivered private information to the Stasi."
diesem Moment,1424065,masculine/neuter dative singular of dieser,moment
er so,1422626,he,"so, such, that"
um diese,1422473,about,"nominative feminine singular of dieser; ""this"""
zwar nicht,1422018,"Signals a following contrary clause, which is usually introduced with aber (“but”), stressing that the speaker is aware of the contradiction, but that it does not invalidate the statement.","not, non- (negates the meaning of a verb, adjective, or adverb)"
was der,1420421,what,"nominative masculine singular definite article, the"
der Weg,1419605,"nominative masculine singular definite article, the",away
Art von,1419203,"kind, sort, type",from
des Unternehmens,1418632,genitive masculine/neuter singular of der: the,genitive singular of Unternehmen
war für,1416301,first-person singular preterite of sein: was,describes an abstract directionality towards a person or matter
du willst,1416059,"you (singular familiar), thou",second-person singular present of wollen
konnte es,1415929,first/third-person singular preterite of können,"Refers to a neuter noun (person, animal, thing or abstract)"
doch der,1415725,yes; surely; really; on the contrary,"nominative masculine singular definite article, the"
ein anderer,1415467,one,"other, different"
schon seit,1414138,"already (happening rather early, continuing rather long)",since
ihre Augen,1412749,inflection of ihr:,plural of Auge
er als,1411134,he,"at (approximately) the same moment, when, while, as"
werden müssen,1410170,"will, to be going to, forms the future tense",to have to (do something); must; to be obliged (to do something); to need (to do something).
der alten,1409874,"nominative masculine singular definite article, the",inflection of alt:
die Liebe,1409654,nominative/accusative singular feminine of der,love (tender feeling of affection)
ein großer,1408948,one,inflection of groß:
aber dann,1407993,but; however; though,"then, after that"
einer solchen,1407684,genitive/dative feminine singular of ein,inflection of solch:
selbst die,1407309,"personally, by oneself",nominative/accusative singular feminine of der
in meinen,1407121,"[with dative] in, inside, within, at (inside a building)","to opine, to think; to believe; to suppose"
nun die,1406401,"now, at this moment",nominative/accusative singular feminine of der
aus seiner,1405797,out,his (substantival possessive)
noch auf,1403841,"still, yet (up to and including a given time)","[with dative] on, upon (positioned at the top of)"
nicht gerade,1402847,"not, non- (negates the meaning of a verb, adjective, or adverb)",even
und versuchte,1402622,and,inflection of versuchen:
es den,1402342,"Refers to a neuter noun (person, animal, thing or abstract)",inflection of der (“the”):
kann er,1401351,first/third-person singular present of können,he
die Polizei,1399948,nominative/accusative singular feminine of der,police; law enforcement
sie hier,1399614,she; her,"here; in this place; refers to an environment one is currently in, or to something within reach"
so eine,1399511,"so, such, that",nominative/accusative feminine singular of ein
den Tod,1399303,inflection of der (“the”):,death
der DDR,1398402,"nominative masculine singular definite article, the","initialism of Deutsche Demokratische Republik (= German Democratic Republic), official name of East Germany: A former Communist country of Central Europe, existing between 1949 and 1990: GDR"
sich dem,1398276,"Reflexive pronoun of the third person singular or plural: herself, himself, itself, oneself, themselves (in both dative and accusative)",dative masculine/neuter singular of der: the
dabei ist,1398100,"pronominal adverb of bei (replaces bei + demonstrative or personal pronoun, unless referring to people)",third-person singular present of sein
alle anderen,1397450,inflection of all (“all”),inflection of anderer:
heute noch,1393872,today,"still, yet (up to and including a given time)"
wird im,1393209,third-person singular present of werden,"initialism of Inoffizieller Mitarbeiter / Inoffizielle Mitarbeiterin (“unofficial collaborator”), an informant in the German Democratic Republic who delivered private information to the Stasi."
zu bekommen,1392328,"to, towards (indicates directionality)",to receive; to get
nicht anders,1391634,"not, non- (negates the meaning of a verb, adjective, or adverb)","different, differently"
die verschiedenen,1389536,nominative/accusative singular feminine of der,inflection of verschieden:
Blick zu,1389095,"glance, look","to, towards (indicates directionality)"
jeden Fall,1388887,inflection of jeder:,singular imperative of fallen
dem sich,1388762,dative masculine/neuter singular of der: the,"Reflexive pronoun of the third person singular or plural: herself, himself, itself, oneself, themselves (in both dative and accusative)"
und sind,1388715,and,first-person plural present of sein
jeden Tag,1388621,inflection of jeder:,singular imperative of tagen
sah ich,1388481,first/third-person singular preterite of sehen,I (first person singular nominative (subject) pronoun)
über der,1388185,"[with accusative or dative] above, over (spatially)","nominative masculine singular definite article, the"
genau das,1387130,exact,nominative/accusative neuter singular of der: the
innerhalb des,1385223,"within, inside (of)",genitive masculine/neuter singular of der: the
nicht mal,1384588,"not, non- (negates the meaning of a verb, adjective, or adverb)",times (indicating multiplication of two numbers)
aber mit,1384082,but; however; though,"with (in the company of, alongside)"
so zu,1383851,"so, such, that","to, towards (indicates directionality)"
über ein,1383541,"[with accusative or dative] above, over (spatially)",one
es das,1382950,"Refers to a neuter noun (person, animal, thing or abstract)",nominative/accusative neuter singular of der: the
man auch,1382375,"one, you, they (indefinite pronoun, referring to people at large; construed as a third-person singular)","also, too, as well (in addition to whatever or whoever has previously been listed)"
doch nur,1382329,yes; surely; really; on the contrary,"only, just, merely, simply"
dachte ich,1380824,first/third-person singular preterite of denken,I (first person singular nominative (subject) pronoun)
das so,1378918,nominative/accusative neuter singular of der: the,"so, such, that"
die Schulter,1378903,nominative/accusative singular feminine of der,shoulder
im Leben,1378887,"initialism of Inoffizieller Mitarbeiter / Inoffizielle Mitarbeiterin (“unofficial collaborator”), an informant in the German Democratic Republic who delivered private information to the Stasi.","to live, to be alive"
noch mit,1378573,"still, yet (up to and including a given time)","with (in the company of, alongside)"
und wollte,1378191,and,inflection of wollen:
er aus,1378134,he,out
einen großen,1378048,accusative masculine singular of ein,inflection of groß:
tief in,1376148,"deep (having a long distance to the bottom; of bodies of water, wells, etc.)","[with dative] in, inside, within, at (inside a building)"
in unserer,1376127,"[with dative] in, inside, within, at (inside a building)",inflection of unser:
doch er,1375750,yes; surely; really; on the contrary,he
die uns,1375173,nominative/accusative singular feminine of der,accusative/dative of wir: us
sollte ich,1373959,inflection of sollen:,I (first person singular nominative (subject) pronoun)
der Junge,1373868,"nominative masculine singular definite article, the",boy
sondern nur,1372946,"rather, but (instead).","only, just, merely, simply"
die kleine,1372722,nominative/accusative singular feminine of der,inflection of klein:
zu erklären,1371620,"to, towards (indicates directionality)","to explain, to make clear"
war von,1371471,first-person singular preterite of sein: was,from
in anderen,1371471,"[with dative] in, inside, within, at (inside a building)",inflection of anderer:
Angst vor,1371445,fear; fright; anxiety,"in front of, ahead of (relative location in space)"
der Küche,1371186,"nominative masculine singular definite article, the",kitchen (room)
sie der,1370777,she; her,"nominative masculine singular definite article, the"
das Verhältnis,1370419,nominative/accusative neuter singular of der: the,"relation, ratio"
befand sich,1370019,first/third-person singular preterite of befinden,"Reflexive pronoun of the third person singular or plural: herself, himself, itself, oneself, themselves (in both dative and accusative)"
ich im,1368174,I (first person singular nominative (subject) pronoun),"initialism of Inoffizieller Mitarbeiter / Inoffizielle Mitarbeiterin (“unofficial collaborator”), an informant in the German Democratic Republic who delivered private information to the Stasi."
die nur,1367763,nominative/accusative singular feminine of der,"only, just, merely, simply"
ich so,1367296,I (first person singular nominative (subject) pronoun),"so, such, that"
was Sie,1366984,what,she; her
den Eindruck,1366634,inflection of der (“the”):,impression
mir in,1365853,"dative of ich: me, to me","[with dative] in, inside, within, at (inside a building)"
du die,1365100,"you (singular familiar), thou",nominative/accusative singular feminine of der
die noch,1364287,nominative/accusative singular feminine of der,"still, yet (up to and including a given time)"
für Sie,1364037,describes an abstract directionality towards a person or matter,she; her
mir eine,1363958,"dative of ich: me, to me",nominative/accusative feminine singular of ein
von ihren,1360856,from,inflection of ihr:
Weg zu,1359876,away,"to, towards (indicates directionality)"
und gab,1359254,and,first/third-person singular preterite of geben
Verbindung mit,1358931,connection,"with (in the company of, alongside)"
allerdings nicht,1357097,"but, however","not, non- (negates the meaning of a verb, adjective, or adverb)"
die so,1355647,nominative/accusative singular feminine of der,"so, such, that"
wie immer,1355534,how,always
ließ sie,1354894,first/third-person singular preterite of lassen,she; her
die Beine,1354802,nominative/accusative singular feminine of der,nominative/accusative/genitive plural of Bein
ein solches,1354512,one,strong/mixed nominative/accusative neuter singular of solch
oder zu,1354004,"Oder (a major river in the Czech Republic, Poland and Germany)","to, towards (indicates directionality)"
die gleiche,1353971,nominative/accusative singular feminine of der,inflection of gleich:
wie sehr,1352313,how,very
Menschen in,1351838,accusative/dative/genitive singular of Mensch,"[with dative] in, inside, within, at (inside a building)"
als bei,1351605,"at (approximately) the same moment, when, while, as","by, near"
erhob sich,1351469,first/third-person singular preterite of erheben,"Reflexive pronoun of the third person singular or plural: herself, himself, itself, oneself, themselves (in both dative and accusative)"
in Europa,1351049,"[with dative] in, inside, within, at (inside a building)",Europe (a continent located west of Asia and north of Africa)
der Stelle,1349592,"nominative masculine singular definite article, the","location, spot (specific location in space, relevant in context but typically otherwise unmarked)"
das Ganze,1348897,nominative/accusative neuter singular of der: the,inflection of ganz:
und unter,1348833,and,under
sich unter,1347536,"Reflexive pronoun of the third person singular or plural: herself, himself, itself, oneself, themselves (in both dative and accusative)",under
das letzte,1346797,nominative/accusative neuter singular of der: the,last
hier und,1346649,"here; in this place; refers to an environment one is currently in, or to something within reach",and
das Unternehmen,1345987,nominative/accusative neuter singular of der: the,gerund of unternehmen
obwohl sie,1345498,"although, though, while",she; her
bis dahin,1345182,until,there (to or into that place; thither)
nicht zuletzt,1343812,"not, non- (negates the meaning of a verb, adjective, or adverb)",finally; lastly; in the end
von hier,1341159,from,"here; in this place; refers to an environment one is currently in, or to something within reach"
er sein,1340748,he,forms the present perfect and past perfect tenses of certain verbs
an Bord,1340629,"on, upon, at, in, against",shelf (board fixed to the wall)
war mir,1340002,first-person singular preterite of sein: was,"dative of ich: me, to me"
nicht gut,1339571,"not, non- (negates the meaning of a verb, adjective, or adverb)","good (acting in the interest of what is beneficial, ethical, or moral)"
sich jedoch,1339354,"Reflexive pronoun of the third person singular or plural: herself, himself, itself, oneself, themselves (in both dative and accusative)","however, yet, nevertheless"
mir einen,1339306,"dative of ich: me, to me",accusative masculine singular of ein
mit meinem,1338298,"with (in the company of, alongside)",dative masculine/neuter singular of mein
die Nase,1338256,nominative/accusative singular feminine of der,nose
auch so,1337626,"also, too, as well (in addition to whatever or whoever has previously been listed)","so, such, that"
den einzelnen,1337581,inflection of der (“the”):,inflection of einzeln:
bei ihr,1335756,"by, near","you, ye (plural, familiar)"
an ihm,1335291,"on, upon, at, in, against","dative of er; him, to him (indirect object); for him (in some cases)."
man ihn,1334502,"one, you, they (indefinite pronoun, referring to people at large; construed as a third-person singular)","accusative of er; him, it (masculine, direct object)."
zu setzen,1334472,"to, towards (indicates directionality)",causative of sitzen: to set; to put
der Entwicklung,1332777,"nominative masculine singular definite article, the",evolution
er musste,1331984,he,first/third-person singular preterite of müssen
sie ihren,1330838,she; her,inflection of ihr:
die Hälfte,1329805,nominative/accusative singular feminine of der,half; fifty percent of something
das Ende,1328906,nominative/accusative neuter singular of der: the,"end, finish"
in aller,1328042,"[with dative] in, inside, within, at (inside a building)",inflection of all:
und Sie,1327711,and,she; her
es immer,1327466,"Refers to a neuter noun (person, animal, thing or abstract)",always
und schon,1327111,and,"already (happening rather early, continuing rather long)"
in Betracht,1326781,"[with dative] in, inside, within, at (inside a building)",consideration
die Frauen,1326369,nominative/accusative singular feminine of der,plural of Frau (“women”)
ihre Hand,1324465,inflection of ihr:,hand
sah ihn,1324448,first/third-person singular preterite of sehen,"accusative of er; him, it (masculine, direct object)."
wo es,1323224,where (at what place),"Refers to a neuter noun (person, animal, thing or abstract)"
es hier,1322305,"Refers to a neuter noun (person, animal, thing or abstract)","here; in this place; refers to an environment one is currently in, or to something within reach"
der Grund,1321777,"nominative masculine singular definite article, the","ground, land (usually as someone's property)"
sie diese,1321625,she; her,"nominative feminine singular of dieser; ""this"""
sich zum,1321327,"Reflexive pronoun of the third person singular or plural: herself, himself, itself, oneself, themselves (in both dative and accusative)","contraction of zu + dem, literally “to the; for the”"
von dir,1320307,from,"dative of du; you, to you."
auch nach,1318511,"also, too, as well (in addition to whatever or whoever has previously been listed)","after, past (later in time)"
ob das,1318444,"Introduces an indirect question, a doubt. if, whether.",nominative/accusative neuter singular of der: the
zum Ausdruck,1317793,"contraction of zu + dem, literally “to the; for the”","expression, term"
mir den,1317042,"dative of ich: me, to me",inflection of der (“the”):
erst nach,1316973,"first, at first","after, past (later in time)"
man von,1316953,"one, you, they (indefinite pronoun, referring to people at large; construed as a third-person singular)",from
ich ihr,1315935,I (first person singular nominative (subject) pronoun),"you, ye (plural, familiar)"
hinter den,1315789,"behind, after",inflection of der (“the”):
ein Mensch,1315425,one,"one, they (indefinite third-person singular pronoun)"
wird mit,1313677,third-person singular present of werden,"with (in the company of, alongside)"
gerade in,1313676,even,"[with dative] in, inside, within, at (inside a building)"
die letzte,1312561,nominative/accusative singular feminine of der,last
ein kleiner,1312223,one,comparative degree of klein
sondern die,1310986,"rather, but (instead).",nominative/accusative singular feminine of der
an seinen,1310533,"on, upon, at, in, against",inflection of sein:
sind es,1310512,first-person plural present of sein,"Refers to a neuter noun (person, animal, thing or abstract)"
doch sie,1309860,yes; surely; really; on the contrary,she; her
zu beachten,1309708,"to, towards (indicates directionality)","to note, notice, observe"
es dann,1309000,"Refers to a neuter noun (person, animal, thing or abstract)","then, after that"
in diese,1307573,"[with dative] in, inside, within, at (inside a building)","nominative feminine singular of dieser; ""this"""
die zur,1307501,nominative/accusative singular feminine of der,"contraction of zu + der, literally “to the (feminine)”"
die Aufgabe,1306709,nominative/accusative singular feminine of der,"task, job"
wir hatten,1305922,we,first/third-person plural preterite of haben
am Abend,1304919,acronym of Anwendungsmanagement,Formerly standard spelling of Abend which was deprecated in the spelling reform (Rechtschreibreform) of 1996.
es tut,1303778,"Refers to a neuter noun (person, animal, thing or abstract)",third-person singular present of tun
Bedeutung der,1303380,"meaning, sense","nominative masculine singular definite article, the"
darf ich,1303067,first/third-person present of dürfen,I (first person singular nominative (subject) pronoun)
die Entscheidung,1300896,nominative/accusative singular feminine of der,decision
ich doch,1300369,I (first person singular nominative (subject) pronoun),yes; surely; really; on the contrary
in welcher,1299973,"[with dative] in, inside, within, at (inside a building)",which; what
ich hier,1299322,I (first person singular nominative (subject) pronoun),"here; in this place; refers to an environment one is currently in, or to something within reach"
nicht alle,1299078,"not, non- (negates the meaning of a verb, adjective, or adverb)",inflection of all (“all”)
wir sie,1298366,we,she; her
ich für,1297925,I (first person singular nominative (subject) pronoun),describes an abstract directionality towards a person or matter
ich musste,1297643,I (first person singular nominative (subject) pronoun),first/third-person singular preterite of müssen
dem anderen,1297498,dative masculine/neuter singular of der: the,inflection of anderer:
wir mit,1295860,we,"with (in the company of, alongside)"
nur bei,1295227,"only, just, merely, simply","by, near"
ist auf,1293910,third-person singular present of sein,"[with dative] on, upon (positioned at the top of)"
ist sehr,1292938,third-person singular present of sein,very
konnte man,1292522,first/third-person singular preterite of können,"one, you, they (indefinite pronoun, referring to people at large; construed as a third-person singular)"
nicht über,1292467,"not, non- (negates the meaning of a verb, adjective, or adverb)","[with accusative or dative] above, over (spatially)"
ihr Gesicht,1292444,"you, ye (plural, familiar)",face
ihm den,1292266,"dative of er; him, to him (indirect object); for him (in some cases).",inflection of der (“the”):
nichts von,1291757,nothing,from
ich kenne,1291171,I (first person singular nominative (subject) pronoun),inflection of kennen:
die Treppe,1290092,nominative/accusative singular feminine of der,stairs
rief er,1289722,first/third-person singular preterite of rufen,he
natürlich nicht,1289012,"natural, normal","not, non- (negates the meaning of a verb, adjective, or adverb)"
der Sache,1288066,"nominative masculine singular definite article, the","matter, affair, case, question, issue"
zu zeigen,1287230,"to, towards (indicates directionality)","to show, make see"
und anderen,1287054,and,inflection of anderer:
es von,1285695,"Refers to a neuter noun (person, animal, thing or abstract)",from
die Küche,1285380,nominative/accusative singular feminine of der,kitchen (room)
der Name,1285256,"nominative masculine singular definite article, the","name (forename, Christian name, given name)"
aus dieser,1284346,out,"this one, this"
Zeit zu,1283424,time (as a concept),"to, towards (indicates directionality)"
die Natur,1282629,nominative/accusative singular feminine of der,nature (the natural world)
er für,1281806,he,describes an abstract directionality towards a person or matter
schon lange,1281216,"already (happening rather early, continuing rather long)","long, for a long time"
Vergleich zu,1280405,comparison,"to, towards (indicates directionality)"
immer nur,1279939,always,"only, just, merely, simply"
er schon,1279742,he,"already (happening rather early, continuing rather long)"
weniger als,1279313,"comparative degree of wenig: less, fewer","at (approximately) the same moment, when, while, as"
angesichts der,1279289,at the sight of,"nominative masculine singular definite article, the"
wo ist,1279108,where (at what place),third-person singular present of sein
der Seite,1279105,"nominative masculine singular definite article, the",side (a bounding straight edge of a two-dimensional shape)
der Gruppe,1278465,"nominative masculine singular definite article, the",group
ihm und,1277588,"dative of er; him, to him (indirect object); for him (in some cases).",and
Einfluss auf,1277437,"inflow, influx","[with dative] on, upon (positioned at the top of)"
zu vermeiden,1276665,"to, towards (indicates directionality)","to avoid (something happening, doing something)"
Sinne des,1276382,inflection of sinnen:,genitive masculine/neuter singular of der: the
die einzige,1275819,nominative/accusative singular feminine of der,inflection of einzig:
mehr und,1275419,something more,and
de la,1275033,,
aber du,1274895,but; however; though,"you (singular familiar), thou"
der Bundesrepublik,1274766,"nominative masculine singular definite article, the",federal republic
alles andere,1274656,everything; all,inflection of anderer
er hätte,1274184,he,first/third-person singular subjunctive II of haben
mit allen,1274079,"with (in the company of, alongside)",accusative singular masculine of alles (“all”)
vor die,1272560,"in front of, ahead of (relative location in space)",nominative/accusative singular feminine of der
werden muss,1271159,"will, to be going to, forms the future tense",first/third-person singular present of müssen
schon im,1271053,"already (happening rather early, continuing rather long)","initialism of Inoffizieller Mitarbeiter / Inoffizielle Mitarbeiterin (“unofficial collaborator”), an informant in the German Democratic Republic who delivered private information to the Stasi."
den Schultern,1270901,inflection of der (“the”):,"plural of Schulter ""shoulders"""
das Gespräch,1270389,nominative/accusative neuter singular of der: the,"conversation, chat, talk (conversing between people or parties, either for pleasure or for business)"
den Mann,1269537,inflection of der (“the”):,"man, male human being"
die vom,1269156,nominative/accusative singular feminine of der,"contraction of von + dem, literally “from the, of the”"
aber ein,1268236,but; however; though,one
ganze Zeit,1267911,inflection of ganz:,time (as a concept)
dem Kopf,1267693,dative masculine/neuter singular of der: the,head
die deutsche,1267530,nominative/accusative singular feminine of der,inflection of deutsch:
unabhängig von,1266831,independent,from
des Landes,1266095,genitive masculine/neuter singular of der: the,genitive singular of Land
obwohl er,1266046,"although, though, while",he
im nächsten,1265595,"initialism of Inoffizieller Mitarbeiter / Inoffizielle Mitarbeiterin (“unofficial collaborator”), an informant in the German Democratic Republic who delivered private information to the Stasi.",superlative degree of nah
wird als,1264168,third-person singular present of werden,"at (approximately) the same moment, when, while, as"
wir alle,1262689,we,inflection of all (“all”)
hatte eine,1261614,first/third-person singular preterite of haben,nominative/accusative feminine singular of ein
der Wand,1261229,"nominative masculine singular definite article, the",first/third-person singular preterite of winden
die Rolle,1260839,nominative/accusative singular feminine of der,"roll, reel, spool"
auf dieser,1260831,"[with dative] on, upon (positioned at the top of)","this one, this"
der es,1259546,"nominative masculine singular definite article, the","Refers to a neuter noun (person, animal, thing or abstract)"
sie würde,1259519,she; her,dignity
meinst du,1258930,second-person singular present of meinen,"you (singular familiar), thou"
and the,1257796,,
ihn und,1257386,"accusative of er; him, it (masculine, direct object).",and
auf diesem,1257283,"[with dative] on, upon (positioned at the top of)",masculine/neuter dative singular of dieser
eine bestimmte,1255606,nominative/accusative feminine singular of ein,inflection of bestimmt:
und deshalb,1255537,and,"therefore; for that (reason), because of that"
auf meine,1255317,"[with dative] on, upon (positioned at the top of)",inflection of meiner:
nicht zum,1254518,"not, non- (negates the meaning of a verb, adjective, or adverb)","contraction of zu + dem, literally “to the; for the”"
er kann,1254302,he,first/third-person singular present of können
oder den,1253678,"Oder (a major river in the Czech Republic, Poland and Germany)",inflection of der (“the”):
die Dinge,1252804,nominative/accusative singular feminine of der,nominative/accusative/genitive plural of Ding
an ihren,1252573,"on, upon, at, in, against",inflection of ihr:
im Haus,1251022,"initialism of Inoffizieller Mitarbeiter / Inoffizielle Mitarbeiterin (“unofficial collaborator”), an informant in the German Democratic Republic who delivered private information to the Stasi.","house, building"
zu ziehen,1250173,"to, towards (indicates directionality)",to pull; to drag
na ja,1250117,"well!, so!; used to introduce a statement",initialism of Junge Alternative für Deutschland.
er dann,1249750,he,"then, after that"
wegen des,1248562,"for, because of",genitive masculine/neuter singular of der: the
auf ihrem,1248513,"[with dative] on, upon (positioned at the top of)","dative masculine/neuter singular of ihr: her, its, their (referring to a masculine or neuter object in the dative case)"
ihm auf,1248225,"dative of er; him, to him (indirect object); for him (in some cases).","[with dative] on, upon (positioned at the top of)"
denen sie,1246408,dative plural of der,she; her
Zeit der,1245834,time (as a concept),"nominative masculine singular definite article, the"
soll das,1245452,debit,nominative/accusative neuter singular of der: the
dachte er,1242608,first/third-person singular preterite of denken,he
waren und,1242239,first/third-person plural preterite of sein: were,and
wenn ihr,1242205,"when, whenever","you, ye (plural, familiar)"
ich liebe,1242036,I (first person singular nominative (subject) pronoun),love (tender feeling of affection)
in jeder,1241474,"[with dative] in, inside, within, at (inside a building)",each
sie denn,1240887,she; her,for; because; since
dann wird,1240646,"then, after that",third-person singular present of werden
und dort,1237927,and,"there, yonder"
und schaute,1237183,and,inflection of schauen:
wo der,1237104,where (at what place),"nominative masculine singular definite article, the"
wusste nicht,1235744,first/third-person singular preterite of wissen,"not, non- (negates the meaning of a verb, adjective, or adverb)"
eine wichtige,1235706,nominative/accusative feminine singular of ein,inflection of wichtig:
bis hin,1235575,until,"there, thither; denotes direction towards a place that is not the speaker’s current location."
ein gutes,1235282,one,nominalization of gut: something good
nicht vor,1234411,"not, non- (negates the meaning of a verb, adjective, or adverb)","in front of, ahead of (relative location in space)"
wieder die,1234369,again; indicates that the action taking place has happened before,nominative/accusative singular feminine of der
die ihre,1234015,nominative/accusative singular feminine of der,inflection of ihr:
beugte sich,1233968,inflection of beugen:,"Reflexive pronoun of the third person singular or plural: herself, himself, itself, oneself, themselves (in both dative and accusative)"
der Mutter,1233119,"nominative masculine singular definite article, the",mother
sollte man,1233047,inflection of sollen:,"one, you, they (indefinite pronoun, referring to people at large; construed as a third-person singular)"
all die,1232045,all,nominative/accusative singular feminine of der
den Fall,1231555,inflection of der (“the”):,singular imperative of fallen
bis die,1231483,until,nominative/accusative singular feminine of der
der Kinder,1231101,"nominative masculine singular definite article, the",nominative/accusative/genitive plural of Kind
an ihn,1230325,"on, upon, at, in, against","accusative of er; him, it (masculine, direct object)."
zu erwarten,1229460,"to, towards (indicates directionality)","to expect, to consider likely"
die Anzahl,1229333,nominative/accusative singular feminine of der,"number, an amount; a few"
werden Sie,1229195,"will, to be going to, forms the future tense",she; her
er sagte,1229168,he,inflection of sagen:
sich gegen,1228918,"Reflexive pronoun of the third person singular or plural: herself, himself, itself, oneself, themselves (in both dative and accusative)",against
von seinen,1228845,from,inflection of sein:
sie wusste,1228343,she; her,first/third-person singular preterite of wissen
aber doch,1225269,but; however; though,yes; surely; really; on the contrary
können sich,1224500,"to be able (to do or be something), to have the possibility of, can.","Reflexive pronoun of the third person singular or plural: herself, himself, itself, oneself, themselves (in both dative and accusative)"
nie wieder,1221808,"never, never at all (referring to an indefinite period of time)",again; indicates that the action taking place has happened before
die mir,1221713,nominative/accusative singular feminine of der,"dative of ich: me, to me"
es ging,1221363,"Refers to a neuter noun (person, animal, thing or abstract)",first/third-person singular preterite of gehen
es einen,1221348,"Refers to a neuter noun (person, animal, thing or abstract)",accusative masculine singular of ein
erst in,1220327,"first, at first","[with dative] in, inside, within, at (inside a building)"
jedes Mal,1220171,inflection of jeder:,times (indicating multiplication of two numbers)
oder mit,1219655,"Oder (a major river in the Czech Republic, Poland and Germany)","with (in the company of, alongside)"
von diesen,1219048,from,"accusative masculine singular of dieser; ""this"""
nicht zur,1218985,"not, non- (negates the meaning of a verb, adjective, or adverb)","contraction of zu + der, literally “to the (feminine)”"
ihr in,1218613,"you, ye (plural, familiar)","[with dative] in, inside, within, at (inside a building)"
ich nach,1218608,I (first person singular nominative (subject) pronoun),"after, past (later in time)"
können und,1218340,"to be able (to do or be something), to have the possibility of, can.",and
zurück in,1218081,"back, backward, backwards, to the rear.","[with dative] in, inside, within, at (inside a building)"
wollen Sie,1218032,"wool; woolen, woollen",she; her
und fragte,1217470,and,inflection of fragen:
der der,1216748,"nominative masculine singular definite article, the","nominative masculine singular definite article, the"
sagt er,1216575,inflection of sagen:,he
ist dies,1216042,third-person singular present of sein,alternative form of dieses
seit der,1214616,since,"nominative masculine singular definite article, the"
leben zu,1214017,"to live, to be alive","to, towards (indicates directionality)"
sollten Sie,1213527,inflection of sollen:,she; her
er vor,1213423,he,"in front of, ahead of (relative location in space)"
seine Mutter,1213313,inflection of seiner:,mother
an ihr,1213242,"on, upon, at, in, against","you, ye (plural, familiar)"
und Weise,1212297,and,"way, manner"
nach seiner,1211870,"after, past (later in time)",his (substantival possessive)
vor einer,1211652,"in front of, ahead of (relative location in space)",genitive/dative feminine singular of ein
einen Schritt,1211470,accusative masculine singular of ein,"step, footstep (a single instance of walking)"
nicht länger,1211213,"not, non- (negates the meaning of a verb, adjective, or adverb)",comparative degree of lang
sie dem,1210134,she; her,dative masculine/neuter singular of der: the
ich wieder,1209895,I (first person singular nominative (subject) pronoun),again; indicates that the action taking place has happened before
und daher,1209638,and,"from there, thence"
mit zwei,1209042,"with (in the company of, alongside)",two (numerical value represented by the Arabic numeral 2; or describing a set with two components)
und blickte,1208139,and,inflection of blicken:
von Anfang,1207570,from,"start, beginning, origin (spatially or temporally)"
hin zu,1206747,"there, thither; denotes direction towards a place that is not the speaker’s current location.","to, towards (indicates directionality)"
mich und,1206516,accusative of ich: me,and
ihr Leben,1206496,"you, ye (plural, familiar)","to live, to be alive"
daß ein,1205854,Formerly standard spelling of dass which was deprecated in the spelling reform (Rechtschreibreform) of 1996.,one
heißt es,1205509,inflection of heißen:,"Refers to a neuter noun (person, animal, thing or abstract)"
von zwei,1204554,from,two (numerical value represented by the Arabic numeral 2; or describing a set with two components)
zum Glück,1204314,"contraction of zu + dem, literally “to the; for the”","happiness, joy, bliss (state or emotion)"
durch diese,1203803,by means of; by; through,"nominative feminine singular of dieser; ""this"""
er bei,1203471,he,"by, near"
die Schultern,1203270,nominative/accusative singular feminine of der,"plural of Schulter ""shoulders"""
und mein,1203156,and,my
außerhalb der,1202664,"outside (of), beyond","nominative masculine singular definite article, the"
nicht wieder,1201646,"not, non- (negates the meaning of a verb, adjective, or adverb)",again; indicates that the action taking place has happened before
wurde und,1201538,first/third-person singular preterite of werden,and
die Stelle,1201306,nominative/accusative singular feminine of der,"location, spot (specific location in space, relevant in context but typically otherwise unmarked)"
so was,1200731,"so, such, that",what
ein weiterer,1200327,one,inflection of weit:
sah sich,1200214,first/third-person singular preterite of sehen,"Reflexive pronoun of the third person singular or plural: herself, himself, itself, oneself, themselves (in both dative and accusative)"
die Kirche,1199936,nominative/accusative singular feminine of der,church (building)
was war,1199793,what,first-person singular preterite of sein: was
sie wollen,1198633,she; her,"wool; woolen, woollen"
der Liebe,1198186,"nominative masculine singular definite article, the",love (tender feeling of affection)
den die,1197620,inflection of der (“the”):,nominative/accusative singular feminine of der
kann sie,1197502,first/third-person singular present of können,she; her
zu berücksichtigen,1195264,"to, towards (indicates directionality)","to consider, regard, take into account or consideration"
der Literatur,1195225,"nominative masculine singular definite article, the","literature (written works collectively, often about a certain topic, in a certain language etc.)"
bei allen,1195140,"by, near",accusative singular masculine of alles (“all”)
etwas von,1194645,something,from
seine Stimme,1194371,inflection of seiner:,"voice (speaking or singing), call of an animal"
wir waren,1193762,we,first/third-person plural preterite of sein: were
weil der,1193568,"because, given that","nominative masculine singular definite article, the"
ihm einen,1192558,"dative of er; him, to him (indirect object); for him (in some cases).",accusative masculine singular of ein
den Rest,1192323,inflection of der (“the”):,"rest, remainder, remnant"
Zeit und,1191871,time (as a concept),and
im Moment,1191675,"initialism of Inoffizieller Mitarbeiter / Inoffizielle Mitarbeiterin (“unofficial collaborator”), an informant in the German Democratic Republic who delivered private information to the Stasi.",moment
und dessen,1190603,and,genitive masculine/neuter singular of der
die Sie,1188481,nominative/accusative singular feminine of der,she; her
aber wie,1188378,but; however; though,how
schon mal,1187951,"already (happening rather early, continuing rather long)",times (indicating multiplication of two numbers)
und stellte,1187241,and,inflection of stellen:
zu uns,1186547,"to, towards (indicates directionality)",accusative/dative of wir: us
er nahm,1184925,he,first/third-person singular preterite of nehmen
wurde das,1184438,first/third-person singular preterite of werden,nominative/accusative neuter singular of der: the
die Familie,1184263,nominative/accusative singular feminine of der,family
viel mehr,1183850,"much, a lot",something more
auch sie,1183703,"also, too, as well (in addition to whatever or whoever has previously been listed)",she; her
sein Leben,1183664,forms the present perfect and past perfect tenses of certain verbs,"to live, to be alive"
würde sich,1182496,dignity,"Reflexive pronoun of the third person singular or plural: herself, himself, itself, oneself, themselves (in both dative and accusative)"
werden konnte,1181899,"will, to be going to, forms the future tense",first/third-person singular preterite of können
kann und,1181396,first/third-person singular present of können,and
ist denn,1180935,third-person singular present of sein,for; because; since
dann war,1180889,"then, after that",first-person singular preterite of sein: was
auch keine,1180130,"also, too, as well (in addition to whatever or whoever has previously been listed)",feminine nominative/accusative of kein
ergeben sich,1179772,"to yield, produce","Reflexive pronoun of the third person singular or plural: herself, himself, itself, oneself, themselves (in both dative and accusative)"
hatte einen,1179410,first/third-person singular preterite of haben,accusative masculine singular of ein
war wie,1179284,first-person singular preterite of sein: was,how
wir noch,1177205,we,"still, yet (up to and including a given time)"
eine Menge,1176948,nominative/accusative feminine singular of ein,quantity
zu führen,1175947,"to, towards (indicates directionality)",to lead
wissen Sie,1175359,to know; to be aware of (a fact),she; her
wird man,1175015,third-person singular present of werden,"one, you, they (indefinite pronoun, referring to people at large; construed as a third-person singular)"
du mit,1174156,"you (singular familiar), thou","with (in the company of, alongside)"
hoch und,1173622,"high, tall",and
ihnen zu,1172161,"dative of sie; them, to them.","to, towards (indicates directionality)"
lange Zeit,1172003,"long, for a long time",time (as a concept)
mitten in,1171644,In the middle.,"[with dative] in, inside, within, at (inside a building)"
auch einen,1171507,"also, too, as well (in addition to whatever or whoever has previously been listed)",accusative masculine singular of ein
wenn eine,1171358,"when, whenever",nominative/accusative feminine singular of ein
die mich,1171312,nominative/accusative singular feminine of der,accusative of ich: me
wir auf,1171161,we,"[with dative] on, upon (positioned at the top of)"
mir und,1170940,"dative of ich: me, to me",and
der Sonne,1170906,"nominative masculine singular definite article, the","contraction of so eine (“such a”) (so, ein)"
der aus,1170484,"nominative masculine singular definite article, the",out
es sein,1170228,"Refers to a neuter noun (person, animal, thing or abstract)",forms the present perfect and past perfect tenses of certain verbs
den Hals,1169446,inflection of der (“the”):,neck
den großen,1169331,inflection of der (“the”):,inflection of groß:
für diesen,1169185,describes an abstract directionality towards a person or matter,"accusative masculine singular of dieser; ""this"""
nach seinem,1168816,"after, past (later in time)",dative masculine/neuter singular of sein
die folgenden,1168394,nominative/accusative singular feminine of der,inflection of folgend:
der jeweiligen,1167906,"nominative masculine singular definite article, the",inflection of jeweilig:
der nächsten,1166633,"nominative masculine singular definite article, the",superlative degree of nah
der Bevölkerung,1165780,"nominative masculine singular definite article, the",population
dann mit,1165731,"then, after that","with (in the company of, alongside)"
als einen,1164125,"at (approximately) the same moment, when, while, as",accusative masculine singular of ein
und keine,1164108,and,feminine nominative/accusative of kein
von dort,1164049,from,"there, yonder"
gewesen wäre,1163605,past participle of sein: been,first/third-person singular subjunctive II of sein
einem kleinen,1163447,dative masculine/neuter singular of ein,inflection of klein:
eine Rolle,1163310,nominative/accusative feminine singular of ein,"roll, reel, spool"
davon aus,1162824,"from it, from that, therefrom, off it, off that",out
die Gesellschaft,1162809,nominative/accusative singular feminine of der,company (presence of other people in general)
keine Zeit,1162556,feminine nominative/accusative of kein,time (as a concept)
mit uns,1162241,"with (in the company of, alongside)",accusative/dative of wir: us
aus wie,1160812,out,how
leben in,1159408,"to live, to be alive","[with dative] in, inside, within, at (inside a building)"
denen der,1159054,dative plural of der,"nominative masculine singular definite article, the"
ein Wort,1158925,one,word as an isolated unit
die am,1158653,nominative/accusative singular feminine of der,acronym of Anwendungsmanagement
und wer,1157759,and,who (what person or people)
zu helfen,1157559,"to, towards (indicates directionality)",to help (someone); to assist; to aid
aber als,1157218,but; however; though,"at (approximately) the same moment, when, while, as"
ließ er,1157113,first/third-person singular preterite of lassen,he
damit auch,1156762,pronominal adverb of mit,"also, too, as well (in addition to whatever or whoever has previously been listed)"
das im,1154953,nominative/accusative neuter singular of der: the,"initialism of Inoffizieller Mitarbeiter / Inoffizielle Mitarbeiterin (“unofficial collaborator”), an informant in the German Democratic Republic who delivered private information to the Stasi."
wir auch,1154200,we,"also, too, as well (in addition to whatever or whoever has previously been listed)"
nur aus,1152606,"only, just, merely, simply",out
sein können,1152393,forms the present perfect and past perfect tenses of certain verbs,"to be able (to do or be something), to have the possibility of, can."
des Kindes,1152221,genitive masculine/neuter singular of der: the,genitive singular of Kind
in Ruhe,1151953,"[with dative] in, inside, within, at (inside a building)","calm, relative quietness (absence of loud sounds)"
über diese,1151903,"[with accusative or dative] above, over (spatially)","nominative feminine singular of dieser; ""this"""
bezüglich der,1151869,"regarding, with respect to","nominative masculine singular definite article, the"
ich Sie,1151045,I (first person singular nominative (subject) pronoun),she; her
zu lesen,1150109,"to, towards (indicates directionality)","to read (to look at and understand symbols, words, or data)"
einen neuen,1149635,accusative masculine singular of ein,inflection of neu:
sollte er,1149235,inflection of sollen:,he
die nächste,1148908,nominative/accusative singular feminine of der,inflection of nah:
bevor ich,1148507,before,I (first person singular nominative (subject) pronoun)
gut wie,1146700,"good (acting in the interest of what is beneficial, ethical, or moral)",how
ein Jahr,1145954,one,"year (solar year, the time it takes the Earth to complete one orbit of the Sun)"
bereits im,1145538,already,"initialism of Inoffizieller Mitarbeiter / Inoffizielle Mitarbeiterin (“unofficial collaborator”), an informant in the German Democratic Republic who delivered private information to the Stasi."
man eine,1145371,"one, you, they (indefinite pronoun, referring to people at large; construed as a third-person singular)",nominative/accusative feminine singular of ein
ich gehe,1145236,I (first person singular nominative (subject) pronoun),inflection of gehen:
aber so,1144808,but; however; though,"so, such, that"
die Lage,1144318,nominative/accusative singular feminine of der,"location, position"
ich komme,1143507,I (first person singular nominative (subject) pronoun),inflection of kommen:
der einzige,1142685,"nominative masculine singular definite article, the",inflection of einzig:
denn auch,1141341,for; because; since,"also, too, as well (in addition to whatever or whoever has previously been listed)"
sich also,1140672,"Reflexive pronoun of the third person singular or plural: herself, himself, itself, oneself, themselves (in both dative and accusative)","so, therefore"
zu reden,1140658,"to, towards (indicates directionality)","to talk, to speak, to orate"
in Anspruch,1140385,"[with dative] in, inside, within, at (inside a building)",verbal noun of ansprechen
weiß es,1140116,white,"Refers to a neuter noun (person, animal, thing or abstract)"
die vor,1139330,nominative/accusative singular feminine of der,"in front of, ahead of (relative location in space)"
oder einer,1138932,"Oder (a major river in the Czech Republic, Poland and Germany)",genitive/dative feminine singular of ein
insbesondere die,1138771,"in particular, particularly",nominative/accusative singular feminine of der
gemacht werden,1137757,past participle of machen,"will, to be going to, forms the future tense"
es aus,1137441,"Refers to a neuter noun (person, animal, thing or abstract)",out
an ihre,1137111,"on, upon, at, in, against",inflection of ihr:
aber eine,1137103,but; however; though,nominative/accusative feminine singular of ein
aber im,1136790,but; however; though,"initialism of Inoffizieller Mitarbeiter / Inoffizielle Mitarbeiterin (“unofficial collaborator”), an informant in the German Democratic Republic who delivered private information to the Stasi."
Mitte des,1136050,middle,genitive masculine/neuter singular of der: the
habe es,1135587,inflection of haben:,"Refers to a neuter noun (person, animal, thing or abstract)"
dem Haus,1135400,dative masculine/neuter singular of der: the,"house, building"
und wo,1134960,and,where (at what place)
Laufe der,1133133,inflection of laufen:,"nominative masculine singular definite article, the"
von Menschen,1132771,from,accusative/dative/genitive singular of Mensch
das bedeutet,1132300,nominative/accusative neuter singular of der: the,past participle of bedeuten
einen der,1131840,accusative masculine singular of ein,"nominative masculine singular definite article, the"
werden sollte,1131100,"will, to be going to, forms the future tense",inflection of sollen:
vor ihr,1131072,"in front of, ahead of (relative location in space)","you, ye (plural, familiar)"
einmal die,1130486,"once, one time (one and only one time)",nominative/accusative singular feminine of der
und warf,1129925,and,first/third-person singular preterite of werfen
im Sommer,1129823,"initialism of Inoffizieller Mitarbeiter / Inoffizielle Mitarbeiterin (“unofficial collaborator”), an informant in the German Democratic Republic who delivered private information to the Stasi.",summer
Beginn des,1129570,"start, beginning",genitive masculine/neuter singular of der: the
die Kosten,1129199,nominative/accusative singular feminine of der,to cost
zu treffen,1128704,"to, towards (indicates directionality)",to meet; to encounter
aber jetzt,1127834,but; however; though,"now (at this moment, right now)"
und begann,1127825,and,first/third-person singular preterite of beginnen
der Tod,1127518,"nominative masculine singular definite article, the",death
glaube ich,1126619,"belief, faith",I (first person singular nominative (subject) pronoun)
nicht wie,1126581,"not, non- (negates the meaning of a verb, adjective, or adverb)",how
eine besondere,1126417,nominative/accusative feminine singular of ein,"special, particular, extraordinary"
noch vor,1124977,"still, yet (up to and including a given time)","in front of, ahead of (relative location in space)"
Anfang an,1124928,"start, beginning, origin (spatially or temporally)","on, upon, at, in, against"
ihm eine,1124780,"dative of er; him, to him (indirect object); for him (in some cases).",nominative/accusative feminine singular of ein
nicht sagen,1124249,"not, non- (negates the meaning of a verb, adjective, or adverb)",to say (to pronounce; communicate verbally)
dann wieder,1123915,"then, after that",again; indicates that the action taking place has happened before
das Zimmer,1123642,nominative/accusative neuter singular of der: the,"room (separate part of a building, enclosed by walls, a floor and a ceiling)"
er ging,1123544,he,first/third-person singular preterite of gehen
oder auf,1123014,"Oder (a major river in the Czech Republic, Poland and Germany)","[with dative] on, upon (positioned at the top of)"
kaum noch,1122833,"barely, hardly (qualifying verbs or adjectives)","still, yet (up to and including a given time)"
wichtig ist,1122291,"important, relevant, significant, weighty",third-person singular present of sein
die junge,1122273,nominative/accusative singular feminine of der,boy
nicht auch,1122153,"not, non- (negates the meaning of a verb, adjective, or adverb)","also, too, as well (in addition to whatever or whoever has previously been listed)"
gegenüber den,1120965,opposite,inflection of der (“the”):
am Anfang,1120233,acronym of Anwendungsmanagement,"start, beginning, origin (spatially or temporally)"
es kommt,1119223,"Refers to a neuter noun (person, animal, thing or abstract)",inflection of kommen:
das auf,1119069,nominative/accusative neuter singular of der: the,"[with dative] on, upon (positioned at the top of)"
man auf,1119028,"one, you, they (indefinite pronoun, referring to people at large; construed as a third-person singular)","[with dative] on, upon (positioned at the top of)"
Frage der,1117801,question (interrogative sentence or phrase),"nominative masculine singular definite article, the"
junge Frau,1117749,boy,woman (adult female human)
von außen,1117588,from,outside
die Wand,1117086,nominative/accusative singular feminine of der,first/third-person singular preterite of winden
seiner Frau,1116935,his (substantival possessive),woman (adult female human)
auch er,1116631,"also, too, as well (in addition to whatever or whoever has previously been listed)",he
ich könnte,1115522,I (first person singular nominative (subject) pronoun),first/third-person singular subjunctive II of können
schon ein,1114946,"already (happening rather early, continuing rather long)",one
all das,1114931,all,nominative/accusative neuter singular of der: the
ist immer,1114295,third-person singular present of sein,always
zu betrachten,1113392,"to, towards (indicates directionality)","to look at, to consider, to behold"
wobei die,1112317,"Introduces a comitative sentence, denoting a simultaneous event with the main clause. It frequently corresponds to English present participles (-ing) in adverbial use.",nominative/accusative singular feminine of der
Seite des,1111623,side (a bounding straight edge of a two-dimensional shape),genitive masculine/neuter singular of der: the
der Arzt,1110835,"nominative masculine singular definite article, the","doctor, physician (male or of unspecified gender) (without necessarily having a postgraduate degree)"
verwendet werden,1110348,past participle of verwenden,"will, to be going to, forms the future tense"
ich meinen,1109864,I (first person singular nominative (subject) pronoun),"to opine, to think; to believe; to suppose"
Menschen mit,1109862,accusative/dative/genitive singular of Mensch,"with (in the company of, alongside)"
der ihn,1107277,"nominative masculine singular definite article, the","accusative of er; him, it (masculine, direct object)."
sehe ich,1106910,inflection of sehen:,I (first person singular nominative (subject) pronoun)
hat den,1106692,third-person singular present of haben,inflection of der (“the”):
gekommen war,1106234,past participle of kommen,first-person singular preterite of sein: was
zu verlieren,1105901,"to, towards (indicates directionality)","to lose (something, or a game)"
bis ich,1105459,until,I (first person singular nominative (subject) pronoun)
einmal in,1105401,"once, one time (one and only one time)","[with dative] in, inside, within, at (inside a building)"
er doch,1105329,he,yes; surely; really; on the contrary
Rahmen des,1105095,"frame, scope",genitive masculine/neuter singular of der: the
nicht sein,1104936,"not, non- (negates the meaning of a verb, adjective, or adverb)",forms the present perfect and past perfect tenses of certain verbs
lassen und,1104311,to allow; to permit; to let,and
sich doch,1103974,"Reflexive pronoun of the third person singular or plural: herself, himself, itself, oneself, themselves (in both dative and accusative)",yes; surely; really; on the contrary
die Eltern,1103951,nominative/accusative singular feminine of der,parents
das Blut,1103759,nominative/accusative neuter singular of der: the,blood
nicht wirklich,1102501,"not, non- (negates the meaning of a verb, adjective, or adverb)",real
ich sage,1101813,I (first person singular nominative (subject) pronoun),inflection of sagen:
gerade die,1100597,even,nominative/accusative singular feminine of der
nach hinten,1100169,"after, past (later in time)",behind; in the back
einer bestimmten,1098633,genitive/dative feminine singular of ein,inflection of bestimmt:
kann eine,1098628,first/third-person singular present of können,nominative/accusative feminine singular of ein
zu gewinnen,1098603,"to, towards (indicates directionality)",to win; to be victorious
habe mich,1098476,inflection of haben:,accusative of ich: me
an ihrer,1098066,"on, upon, at, in, against",genitive of sie: of her
und uns,1098045,and,accusative/dative of wir: us
die Vorstellung,1097353,nominative/accusative singular feminine of der,"idea, image, representation (the transcript, image, or picture of a visible object that is formed by the mind)"
in meine,1097227,"[with dative] in, inside, within, at (inside a building)",inflection of meiner:
von anderen,1096507,from,inflection of anderer:
auch aus,1095378,"also, too, as well (in addition to whatever or whoever has previously been listed)",out
mit meiner,1094578,"with (in the company of, alongside)",mine (substantival possessive)
ist wie,1093569,third-person singular present of sein,how
ähnlich wie,1093494,"similar, alike, resembling",how
so oft,1093300,"so, such, that",often
es uns,1092971,"Refers to a neuter noun (person, animal, thing or abstract)",accusative/dative of wir: us
als den,1092507,"at (approximately) the same moment, when, while, as",inflection of der (“the”):
am Main,1092132,acronym of Anwendungsmanagement,"a tributary of the Rhine, in southern Germany"
sie etwas,1091839,she; her,something
doch es,1091421,yes; surely; really; on the contrary,"Refers to a neuter noun (person, animal, thing or abstract)"
Zeit für,1091336,time (as a concept),describes an abstract directionality towards a person or matter
zog sich,1091181,first/third-person singular preterite of ziehen,"Reflexive pronoun of the third person singular or plural: herself, himself, itself, oneself, themselves (in both dative and accusative)"
Mann mit,1090813,"man, male human being","with (in the company of, alongside)"
so die,1090133,"so, such, that",nominative/accusative singular feminine of der
zu fragen,1089791,"to, towards (indicates directionality)",to ask
dass ihre,1088628,that,inflection of ihr:
genau wie,1087979,exact,how
eine Stunde,1087815,nominative/accusative feminine singular of ein,hour (unit of time consisting of 60 minutes)
den Jahren,1087798,inflection of der (“the”):,dative plural of Jahr
hatten wir,1086713,first/third-person plural preterite of haben,we
das andere,1086372,nominative/accusative neuter singular of der: the,inflection of anderer
wie folgt,1086365,how,inflection of folgen:
vielleicht auch,1086085,"perhaps, maybe","also, too, as well (in addition to whatever or whoever has previously been listed)"
mir auch,1085854,"dative of ich: me, to me","also, too, as well (in addition to whatever or whoever has previously been listed)"
dass dieser,1085715,that,"this one, this"
im Zuge,1085200,"initialism of Inoffizieller Mitarbeiter / Inoffizielle Mitarbeiterin (“unofficial collaborator”), an informant in the German Democratic Republic who delivered private information to the Stasi.",dative singular of Zug
die Macht,1085124,nominative/accusative singular feminine of der,third-person singular present of machen
im Fall,1084586,"initialism of Inoffizieller Mitarbeiter / Inoffizielle Mitarbeiterin (“unofficial collaborator”), an informant in the German Democratic Republic who delivered private information to the Stasi.",singular imperative of fallen
der ihm,1084545,"nominative masculine singular definite article, the","dative of er; him, to him (indirect object); for him (in some cases)."
ein guter,1083026,one,inflection of gut:
er der,1082617,he,"nominative masculine singular definite article, the"
sie keine,1082162,she; her,feminine nominative/accusative of kein
oder durch,1081942,"Oder (a major river in the Czech Republic, Poland and Germany)",by means of; by; through
der Art,1081528,"nominative masculine singular definite article, the","kind, sort, type"
die Kraft,1081350,nominative/accusative singular feminine of der,"power, force, strength"
sein Blick,1080895,forms the present perfect and past perfect tenses of certain verbs,"glance, look"
sein Vater,1080789,forms the present perfect and past perfect tenses of certain verbs,father
uns auf,1080533,accusative/dative of wir: us,"[with dative] on, upon (positioned at the top of)"
wieder einmal,1080329,again; indicates that the action taking place has happened before,"once, one time (one and only one time)"
des Hauses,1079634,genitive masculine/neuter singular of der: the,genitive singular of Haus
ein ganz,1078777,one,"entire, whole, complete"
denen er,1078584,dative plural of der,he
für immer,1078069,describes an abstract directionality towards a person or matter,always
für jeden,1077778,describes an abstract directionality towards a person or matter,inflection of jeder:
an ein,1077555,"on, upon, at, in, against",one
noch keine,1077191,"still, yet (up to and including a given time)",feminine nominative/accusative of kein
hatte keine,1076484,first/third-person singular preterite of haben,feminine nominative/accusative of kein
in Kapitel,1076279,"[with dative] in, inside, within, at (inside a building)",chapter (section of a text)
wir wissen,1075893,we,to know; to be aware of (a fact)
das ein,1075788,nominative/accusative neuter singular of der: the,one
er dem,1075592,he,dative masculine/neuter singular of der: the
mir ist,1075386,"dative of ich: me, to me",third-person singular present of sein
sie ja,1074475,she; her,initialism of Junge Alternative für Deutschland.
mein Herz,1074286,my,heart
Frankfurt am,1073929,"Frankfurt, Frankfurt am Main (the largest city in Hesse, in central Germany)",acronym of Anwendungsmanagement
ich verstehe,1073799,I (first person singular nominative (subject) pronoun),inflection of verstehen:
ich brauche,1073491,I (first person singular nominative (subject) pronoun),inflection of brauchen:
das Gesetz,1072364,nominative/accusative neuter singular of der: the,"law, legal act, bill, statute"
noch an,1072059,"still, yet (up to and including a given time)","on, upon, at, in, against"
eine Frage,1071362,nominative/accusative feminine singular of ein,question (interrogative sentence or phrase)
Darstellung der,1070878,exhibition,"nominative masculine singular definite article, the"
wie von,1070435,how,from
es dem,1070381,"Refers to a neuter noun (person, animal, thing or abstract)",dative masculine/neuter singular of der: the
zur Zeit,1070231,"contraction of zu + der, literally “to the (feminine)”",time (as a concept)
nach außen,1069989,"after, past (later in time)",outside
aus ihrem,1068867,out,"dative masculine/neuter singular of ihr: her, its, their (referring to a masculine or neuter object in the dative case)"
und zwei,1068521,and,two (numerical value represented by the Arabic numeral 2; or describing a set with two components)
damit er,1068416,pronominal adverb of mit,he
der kleine,1067967,"nominative masculine singular definite article, the",inflection of klein:
setzt sich,1067723,inflection of setzen:,"Reflexive pronoun of the third person singular or plural: herself, himself, itself, oneself, themselves (in both dative and accusative)"
eine Hand,1067639,nominative/accusative feminine singular of ein,hand
eine ganz,1067446,nominative/accusative feminine singular of ein,"entire, whole, complete"
musste er,1066891,first/third-person singular preterite of müssen,he
zu ihnen,1066633,"to, towards (indicates directionality)","dative of sie; them, to them."
bezieht sich,1066331,inflection of beziehen:,"Reflexive pronoun of the third person singular or plural: herself, himself, itself, oneself, themselves (in both dative and accusative)"
im Bett,1065819,"initialism of Inoffizieller Mitarbeiter / Inoffizielle Mitarbeiterin (“unofficial collaborator”), an informant in the German Democratic Republic who delivered private information to the Stasi.","bed (piece of furniture, usually flat and soft, for resting or sleeping on; one's place of sleep or rest)"
der ein,1065732,"nominative masculine singular definite article, the",one
ist diese,1065509,third-person singular present of sein,"nominative feminine singular of dieser; ""this"""
müssen die,1065101,to have to (do something); must; to be obliged (to do something); to need (to do something).,nominative/accusative singular feminine of der
zu sehr,1064789,"to, towards (indicates directionality)",very
zur Tür,1064502,"contraction of zu + der, literally “to the (feminine)”",door (rigid plane on a hinge)
dann nicht,1063846,"then, after that","not, non- (negates the meaning of a verb, adjective, or adverb)"
der Suche,1063247,"nominative masculine singular definite article, the",search
die zwei,1062358,nominative/accusative singular feminine of der,two (numerical value represented by the Arabic numeral 2; or describing a set with two components)
ihr den,1062259,"you, ye (plural, familiar)",inflection of der (“the”):
im allgemeinen,1062197,"initialism of Inoffizieller Mitarbeiter / Inoffizielle Mitarbeiterin (“unofficial collaborator”), an informant in the German Democratic Republic who delivered private information to the Stasi.",inflection of allgemein:
wohl nicht,1060990,"possibly, probably; as I was told (modal particle expressing an assumption, often like English must + infinitive, or (US) guess + clause)","not, non- (negates the meaning of a verb, adjective, or adverb)"
gemeinsam mit,1060979,"common, mutual, shared","with (in the company of, alongside)"
dir nicht,1060401,"dative of du; you, to you.","not, non- (negates the meaning of a verb, adjective, or adverb)"
gesehen hatte,1060150,past participle of sehen,first/third-person singular preterite of haben
sich jetzt,1059994,"Reflexive pronoun of the third person singular or plural: herself, himself, itself, oneself, themselves (in both dative and accusative)","now (at this moment, right now)"
zu leben,1059726,"to, towards (indicates directionality)","to live, to be alive"
den in,1059261,inflection of der (“the”):,"[with dative] in, inside, within, at (inside a building)"
nicht sehr,1058881,"not, non- (negates the meaning of a verb, adjective, or adverb)",very
mal wieder,1058853,times (indicating multiplication of two numbers),again; indicates that the action taking place has happened before
mein Leben,1058793,my,"to live, to be alive"
den Begriff,1058526,inflection of der (“the”):,"term, word"
ist mein,1058234,third-person singular present of sein,my
das hatte,1057992,nominative/accusative neuter singular of der: the,first/third-person singular preterite of haben
schon vor,1055522,"already (happening rather early, continuing rather long)","in front of, ahead of (relative location in space)"
bei diesen,1054380,"by, near","accusative masculine singular of dieser; ""this"""
Gesicht und,1053325,face,and
oder im,1053203,"Oder (a major river in the Czech Republic, Poland and Germany)","initialism of Inoffizieller Mitarbeiter / Inoffizielle Mitarbeiterin (“unofficial collaborator”), an informant in the German Democratic Republic who delivered private information to the Stasi."
ging er,1053111,first/third-person singular preterite of gehen,he
der politischen,1052777,"nominative masculine singular definite article, the",inflection of politisch:
habt ihr,1051983,inflection of haben:,"you, ye (plural, familiar)"
den kleinen,1051806,inflection of der (“the”):,inflection of klein:
zog sie,1050611,first/third-person singular preterite of ziehen,she; her
er ließ,1050282,he,first/third-person singular preterite of lassen
bei sich,1049659,"by, near","Reflexive pronoun of the third person singular or plural: herself, himself, itself, oneself, themselves (in both dative and accusative)"
Analyse der,1048670,analysis,"nominative masculine singular definite article, the"
Menschen und,1047951,accusative/dative/genitive singular of Mensch,and
in beiden,1047310,"[with dative] in, inside, within, at (inside a building)",inflection of beide:
aber da,1047199,but; however; though,there
und fuhr,1047107,and,first/third-person singular preterite of fahren
immer die,1046455,always,nominative/accusative singular feminine of der
ein Beispiel,1046061,one,example
dem Rücken,1046019,dative masculine/neuter singular of der: the,back
Auseinandersetzung mit,1045703,"altercation; controversy; argument, dispute, debate","with (in the company of, alongside)"
die Angst,1045219,nominative/accusative singular feminine of der,fear; fright; anxiety
sind für,1045115,first-person plural present of sein,describes an abstract directionality towards a person or matter
im Kontext,1044881,"initialism of Inoffizieller Mitarbeiter / Inoffizielle Mitarbeiterin (“unofficial collaborator”), an informant in the German Democratic Republic who delivered private information to the Stasi.",context
Mutter und,1044795,mother,and
hat einen,1044707,third-person singular present of haben,accusative masculine singular of ein
über sie,1044109,"[with accusative or dative] above, over (spatially)",she; her
schloss die,1044104,"lock, padlock (something used for fastening)",nominative/accusative singular feminine of der
bei dir,1043882,"by, near","dative of du; you, to you."
dabei die,1043411,"pronominal adverb of bei (replaces bei + demonstrative or personal pronoun, unless referring to people)",nominative/accusative singular feminine of der
und drückte,1042672,and,inflection of drücken:
er aber,1042523,he,but; however; though
worden sind,1042468,past participle of werden,first-person plural present of sein
ich aber,1042398,I (first person singular nominative (subject) pronoun),but; however; though
hinter ihm,1041899,"behind, after","dative of er; him, to him (indirect object); for him (in some cases)."
allem in,1041738,"Dative singular masculine and neutral gender forms of alles (""all"").","[with dative] in, inside, within, at (inside a building)"
du auch,1041648,"you (singular familiar), thou","also, too, as well (in addition to whatever or whoever has previously been listed)"
mir auf,1041591,"dative of ich: me, to me","[with dative] on, upon (positioned at the top of)"
sowohl die,1041536,"both (only in combination with a contrasting second element, see derived terms)",nominative/accusative singular feminine of der
um nicht,1041024,about,"not, non- (negates the meaning of a verb, adjective, or adverb)"
heute Abend,1040959,today,Formerly standard spelling of Abend which was deprecated in the spelling reform (Rechtschreibreform) of 1996.
aus ihrer,1040908,out,genitive of sie: of her
auch ohne,1040904,"also, too, as well (in addition to whatever or whoever has previously been listed)",without
doch in,1039827,yes; surely; really; on the contrary,"[with dative] in, inside, within, at (inside a building)"
oder ob,1039527,"Oder (a major river in the Czech Republic, Poland and Germany)","Introduces an indirect question, a doubt. if, whether."
kann ein,1038911,first/third-person singular present of können,one
des Jahres,1038699,genitive masculine/neuter singular of der: the,genitive singular of Jahr
den alten,1038250,inflection of der (“the”):,inflection of alt:
und selbst,1037778,and,"personally, by oneself"
wenn diese,1037670,"when, whenever","nominative feminine singular of dieser; ""this"""
nicht unbedingt,1037169,"not, non- (negates the meaning of a verb, adjective, or adverb)",absolute
Patienten mit,1036266,genitive singular of Patient,"with (in the company of, alongside)"
müssen Sie,1036248,to have to (do something); must; to be obliged (to do something); to need (to do something).,she; her
die Wahl,1035386,nominative/accusative singular feminine of der,"choice, selection"
und welche,1035288,and,inflection of welcher:
dies gilt,1035183,alternative form of dieses,inflection of gelten:
auch diese,1034172,"also, too, as well (in addition to whatever or whoever has previously been listed)","nominative feminine singular of dieser; ""this"""
man hat,1033355,"one, you, they (indefinite pronoun, referring to people at large; construed as a third-person singular)",third-person singular present of haben
dann noch,1033203,"then, after that","still, yet (up to and including a given time)"
noch das,1032162,"still, yet (up to and including a given time)",nominative/accusative neuter singular of der: the
dass seine,1032138,that,inflection of seiner:
eine von,1032062,nominative/accusative feminine singular of ein,from
muss die,1031984,first/third-person singular present of müssen,nominative/accusative singular feminine of der
am meisten,1031497,acronym of Anwendungsmanagement,superlative degree of viel
darauf hin,1031461,after (behind; later in time; following),"there, thither; denotes direction towards a place that is not the speaker’s current location."
sie zur,1031168,she; her,"contraction of zu + der, literally “to the (feminine)”"
die richtige,1030149,nominative/accusative singular feminine of der,inflection of richtig:
wieder zurück,1029243,again; indicates that the action taking place has happened before,"back, backward, backwards, to the rear."
Menschen zu,1029221,accusative/dative/genitive singular of Mensch,"to, towards (indicates directionality)"
von meinem,1029009,from,dative masculine/neuter singular of mein
anhand der,1028715,"by means of, with (the help of)","nominative masculine singular definite article, the"
der rechten,1028672,"nominative masculine singular definite article, the",to argue
nicht sicher,1028633,"not, non- (negates the meaning of a verb, adjective, or adverb)","safe, secure (not dangerous or in danger)"
aber auf,1028153,but; however; though,"[with dative] on, upon (positioned at the top of)"
auf seiner,1027876,"[with dative] on, upon (positioned at the top of)",his (substantival possessive)
und konnte,1027872,and,first/third-person singular preterite of können
sich ihre,1027790,"Reflexive pronoun of the third person singular or plural: herself, himself, itself, oneself, themselves (in both dative and accusative)",inflection of ihr:
der ich,1027763,"nominative masculine singular definite article, the",I (first person singular nominative (subject) pronoun)
er will,1027575,he,first/third-person singular present of wollen
da und,1027528,there,and
machen und,1026939,"to make, to produce, to create (an object, arrangement, situation, etc.)",and
doch ein,1026584,yes; surely; really; on the contrary,one
diese Frage,1026101,"nominative feminine singular of dieser; ""this""",question (interrogative sentence or phrase)
mal in,1024133,times (indicating multiplication of two numbers),"[with dative] in, inside, within, at (inside a building)"
nun auch,1023941,"now, at this moment","also, too, as well (in addition to whatever or whoever has previously been listed)"
und warum,1023607,and,why; for what reason
war ja,1023516,first-person singular preterite of sein: was,initialism of Junge Alternative für Deutschland.
zu nennen,1022249,"to, towards (indicates directionality)",to name (to give a name to)
die Wirkung,1021850,nominative/accusative singular feminine of der,effect
besser als,1021606,comparative degree of gut; better,"at (approximately) the same moment, when, while, as"
an zu,1021000,"on, upon, at, in, against","to, towards (indicates directionality)"
immer in,1020949,always,"[with dative] in, inside, within, at (inside a building)"
die Sprache,1020937,nominative/accusative singular feminine of der,"language (body of words, and set of methods of combining them)"
sich ihr,1020590,"Reflexive pronoun of the third person singular or plural: herself, himself, itself, oneself, themselves (in both dative and accusative)","you, ye (plural, familiar)"
hat ein,1020472,third-person singular present of haben,one
auf diesen,1020205,"[with dative] on, upon (positioned at the top of)","accusative masculine singular of dieser; ""this"""
kann nur,1019810,first/third-person singular present of können,"only, just, merely, simply"
noch viel,1019639,"still, yet (up to and including a given time)","much, a lot"
hat in,1019574,third-person singular present of haben,"[with dative] in, inside, within, at (inside a building)"
denen sich,1018935,dative plural of der,"Reflexive pronoun of the third person singular or plural: herself, himself, itself, oneself, themselves (in both dative and accusative)"
schon einmal,1018692,"already (happening rather early, continuing rather long)","once, one time (one and only one time)"
gilt für,1018133,inflection of gelten:,describes an abstract directionality towards a person or matter
im folgenden,1018082,"initialism of Inoffizieller Mitarbeiter / Inoffizielle Mitarbeiterin (“unofficial collaborator”), an informant in the German Democratic Republic who delivered private information to the Stasi.",inflection of folgend:
den folgenden,1017811,inflection of der (“the”):,inflection of folgend:
wurde es,1017613,first/third-person singular preterite of werden,"Refers to a neuter noun (person, animal, thing or abstract)"
ist nach,1017593,third-person singular present of sein,"after, past (later in time)"
unter einem,1017197,under,dative masculine/neuter singular of ein
was hat,1017157,what,third-person singular present of haben
nicht alles,1017082,"not, non- (negates the meaning of a verb, adjective, or adverb)",everything; all
als sei,1016870,"at (approximately) the same moment, when, while, as",first-person singular subjunctive I of sein
um es,1016771,about,"Refers to a neuter noun (person, animal, thing or abstract)"
oder andere,1016033,"Oder (a major river in the Czech Republic, Poland and Germany)",inflection of anderer
seine Hände,1015791,inflection of seiner:,nominative plural of Hand
dieser Arbeit,1015697,"this one, this","toil, regularly performed work, regularly pursued economic activity, labor, job, employment, occupation"
natürlich auch,1015401,"natural, normal","also, too, as well (in addition to whatever or whoever has previously been listed)"
der Wind,1015318,"nominative masculine singular definite article, the",wind; the movement of air usually caused by convection or differences of air pressure
von oben,1014597,from,above
so groß,1014411,"so, such, that","big, large, large-scale"
damit zu,1014036,pronominal adverb of mit,"to, towards (indicates directionality)"
zeigte sich,1013623,inflection of zeigen:,"Reflexive pronoun of the third person singular or plural: herself, himself, itself, oneself, themselves (in both dative and accusative)"
kommen Sie,1013049,to come; to arrive,she; her
den Kindern,1012453,inflection of der (“the”):,dative plural of Kind
ihr Vater,1012305,"you, ye (plural, familiar)",father
da sich,1011994,there,"Reflexive pronoun of the third person singular or plural: herself, himself, itself, oneself, themselves (in both dative and accusative)"
ihr ein,1011680,"you, ye (plural, familiar)",one
zu entwickeln,1011565,"to, towards (indicates directionality)","to develop, to gain (strength, a skill, a talent, an ability, etc.; slowly, often by natural growth or practice)"
nicht bei,1011467,"not, non- (negates the meaning of a verb, adjective, or adverb)","by, near"
dem Tod,1011223,dative masculine/neuter singular of der: the,death
da das,1011148,there,nominative/accusative neuter singular of der: the
erst mal,1010909,"first, at first",times (indicating multiplication of two numbers)
es muss,1010599,"Refers to a neuter noun (person, animal, thing or abstract)",first/third-person singular present of müssen
zu erzählen,1010270,"to, towards (indicates directionality)","to tell, to narrate, to recount"
war sehr,1009552,first-person singular preterite of sein: was,very
Anspruch auf,1009183,verbal noun of ansprechen,"[with dative] on, upon (positioned at the top of)"
über ihn,1009161,"[with accusative or dative] above, over (spatially)","accusative of er; him, it (masculine, direct object)."
auf ihr,1009061,"[with dative] on, upon (positioned at the top of)","you, ye (plural, familiar)"
nächsten Tag,1008874,superlative degree of nah,singular imperative of tagen
hatte ein,1008820,first/third-person singular preterite of haben,one
die Fähigkeit,1008639,nominative/accusative singular feminine of der,"ability, capability"
der Patient,1008370,"nominative masculine singular definite article, the",patient (male or of unspecified sex or female)
neben ihm,1008367,"next to, beside, alongside, adjacent to, near, near to","dative of er; him, to him (indirect object); for him (in some cases)."
das nur,1008164,nominative/accusative neuter singular of der: the,"only, just, merely, simply"
du noch,1007967,"you (singular familiar), thou","still, yet (up to and including a given time)"
war alles,1007930,first-person singular preterite of sein: was,everything; all
die zum,1007920,nominative/accusative singular feminine of der,"contraction of zu + dem, literally “to the; for the”"
Jahre später,1007160,"nominative/accusative/genitive plural of Jahr ""years""",comparative degree of spät; later
an denen,1007037,"on, upon, at, in, against",dative plural of der
selbst nicht,1006714,"personally, by oneself","not, non- (negates the meaning of a verb, adjective, or adverb)"
nicht selten,1006497,"not, non- (negates the meaning of a verb, adjective, or adverb)","rare, infrequent, uncommon, scarce"
Zeitschrift für,1006436,magazine (published in regular intervals),describes an abstract directionality towards a person or matter
nach ihrer,1006004,"after, past (later in time)",genitive of sie: of her
der letzte,1005749,"nominative masculine singular definite article, the",last
des Königs,1005634,genitive masculine/neuter singular of der: the,genitive singular of König
sie musste,1005423,she; her,first/third-person singular preterite of müssen
Sie Ihre,1005040,she; her,inflection of ihr:
vor Augen,1004744,"in front of, ahead of (relative location in space)",plural of Auge
können sie,1004479,"to be able (to do or be something), to have the possibility of, can.",she; her
zu essen,1004444,"to, towards (indicates directionality)",to eat
mehr so,1004321,something more,"so, such, that"
der zweite,1004034,"nominative masculine singular definite article, the",second
mich so,1003557,accusative of ich: me,"so, such, that"
ich finde,1003457,I (first person singular nominative (subject) pronoun),inflection of finden:
wäre er,1002877,first/third-person singular subjunctive II of sein,he
innerhalb von,1002613,"within, inside (of)",from
Sinne der,1001487,inflection of sinnen:,"nominative masculine singular definite article, the"
er wurde,1001423,he,first/third-person singular preterite of werden
ihr habt,1001233,"you, ye (plural, familiar)",inflection of haben:
dem man,1000966,dative masculine/neuter singular of der: the,"one, you, they (indefinite pronoun, referring to people at large; construed as a third-person singular)"
um in,999609,about,"[with dative] in, inside, within, at (inside a building)"
was zu,998488,what,"to, towards (indicates directionality)"
ich nehme,998304,I (first person singular nominative (subject) pronoun),inflection of nehmen:
besteht aus,997744,inflection of bestehen:,out
ist dann,996935,third-person singular present of sein,"then, after that"
oder als,996840,"Oder (a major river in the Czech Republic, Poland and Germany)","at (approximately) the same moment, when, while, as"
ich dann,996680,I (first person singular nominative (subject) pronoun),"then, after that"
die Menge,996029,nominative/accusative singular feminine of der,quantity
das Schiff,995338,nominative/accusative neuter singular of der: the,ship
sehen Sie,995149,to see; to have sight,she; her
selbst und,994861,"personally, by oneself",and
wirklich nicht,994102,real,"not, non- (negates the meaning of a verb, adjective, or adverb)"
wird auf,994015,third-person singular present of werden,"[with dative] on, upon (positioned at the top of)"
jedoch die,993617,"however, yet, nevertheless",nominative/accusative singular feminine of der
Zeit in,993316,time (as a concept),"[with dative] in, inside, within, at (inside a building)"
lange nicht,993236,"long, for a long time","not, non- (negates the meaning of a verb, adjective, or adverb)"
im Allgemeinen,993153,"initialism of Inoffizieller Mitarbeiter / Inoffizielle Mitarbeiterin (“unofficial collaborator”), an informant in the German Democratic Republic who delivered private information to the Stasi.",inflection of allgemein:
er über,993153,he,"[with accusative or dative] above, over (spatially)"
hielt sie,992866,first/third-person singular preterite of halten,she; her
Mann und,992465,"man, male human being",and
er jetzt,992425,he,"now (at this moment, right now)"
herum und,992269,"about, around.",and
nahm er,992206,first/third-person singular preterite of nehmen,he
das würde,992134,nominative/accusative neuter singular of der: the,dignity
eine halbe,992004,nominative/accusative feminine singular of ein,inflection of halb:
die unter,991551,nominative/accusative singular feminine of der,under
er am,991067,he,acronym of Anwendungsmanagement
auf sein,990935,"[with dative] on, upon (positioned at the top of)",forms the present perfect and past perfect tenses of certain verbs
sie kann,990775,she; her,first/third-person singular present of können
Entwicklung des,990460,evolution,genitive masculine/neuter singular of der: the
ihrer Mutter,990233,genitive of sie: of her,mother
dir das,989202,"dative of du; you, to you.",nominative/accusative neuter singular of der: the
auch über,989094,"also, too, as well (in addition to whatever or whoever has previously been listed)","[with accusative or dative] above, over (spatially)"
ich bei,988673,I (first person singular nominative (subject) pronoun),"by, near"
dann auf,988654,"then, after that","[with dative] on, upon (positioned at the top of)"
zu beobachten,987139,"to, towards (indicates directionality)","to watch, to observe"
wie etwa,986797,how,approximately
einen Mann,986790,accusative masculine singular of ein,"man, male human being"
mich noch,986106,accusative of ich: me,"still, yet (up to and including a given time)"
dem Fenster,986093,dative masculine/neuter singular of der: the,window
stand der,985916,first/third-person singular preterite of stehen,"nominative masculine singular definite article, the"
diesem Augenblick,985619,masculine/neuter dative singular of dieser,"moment, instant, blink of an eye (very short period of time)"
im Raum,985354,"initialism of Inoffizieller Mitarbeiter / Inoffizielle Mitarbeiterin (“unofficial collaborator”), an informant in the German Democratic Republic who delivered private information to the Stasi.",space
ihn die,985203,"accusative of er; him, it (masculine, direct object).",nominative/accusative singular feminine of der
habe sie,984873,inflection of haben:,she; her
den Wagen,984799,inflection of der (“the”):,a wheeled vehicle for transporting anything
mehr auf,984782,something more,"[with dative] on, upon (positioned at the top of)"
zu unterscheiden,983983,"to, towards (indicates directionality)","to distinguish, differentiate"
und ab,983867,and,beginning at that time or location; from
so sind,983628,"so, such, that",first-person plural present of sein
so hat,983276,"so, such, that",third-person singular present of haben
dich zu,983189,"accusative of du; you, thee (direct object).","to, towards (indicates directionality)"
dem ersten,982670,dative masculine/neuter singular of der: the,inflection of erste:
es als,982615,"Refers to a neuter noun (person, animal, thing or abstract)","at (approximately) the same moment, when, while, as"
ließ die,982057,first/third-person singular preterite of lassen,nominative/accusative singular feminine of der
er hielt,981970,he,first/third-person singular preterite of halten
ins Bett,981735,contraction of in (“(in)to”) + das (“the”) (accusative singular neuter),"bed (piece of furniture, usually flat and soft, for resting or sleeping on; one's place of sleep or rest)"
Augen zu,981689,plural of Auge,"to, towards (indicates directionality)"
je mehr,981417,ever,something more
wäre ich,981401,first/third-person singular subjunctive II of sein,I (first person singular nominative (subject) pronoun)
die Funktion,981319,nominative/accusative singular feminine of der,role
oder von,980959,"Oder (a major river in the Czech Republic, Poland and Germany)",from
so aus,980552,"so, such, that",out
seinen Augen,980419,inflection of sein:,plural of Auge
den Tag,980065,inflection of der (“the”):,singular imperative of tagen
und vielleicht,980019,and,"perhaps, maybe"
und werden,979554,and,"will, to be going to, forms the future tense"
in verschiedenen,979074,"[with dative] in, inside, within, at (inside a building)",inflection of verschieden:
wieder mit,978369,again; indicates that the action taking place has happened before,"with (in the company of, alongside)"
doch dann,978353,yes; surely; really; on the contrary,"then, after that"
der gesamten,977553,"nominative masculine singular definite article, the",inflection of gesamt:
wie aus,977545,how,out
hatte nicht,976972,first/third-person singular preterite of haben,"not, non- (negates the meaning of a verb, adjective, or adverb)"
worden waren,976613,past participle of werden,first/third-person plural preterite of sein: were
der an,976522,"nominative masculine singular definite article, the","on, upon, at, in, against"
ist dabei,976384,third-person singular present of sein,"pronominal adverb of bei (replaces bei + demonstrative or personal pronoun, unless referring to people)"
musste ich,976052,first/third-person singular preterite of müssen,I (first person singular nominative (subject) pronoun)
könnte man,975365,first/third-person singular subjunctive II of können,"one, you, they (indefinite pronoun, referring to people at large; construed as a third-person singular)"
die großen,974772,nominative/accusative singular feminine of der,inflection of groß:
immer so,974693,always,"so, such, that"
wohl auch,974482,"possibly, probably; as I was told (modal particle expressing an assumption, often like English must + infinitive, or (US) guess + clause)","also, too, as well (in addition to whatever or whoever has previously been listed)"
wir hier,974472,we,"here; in this place; refers to an environment one is currently in, or to something within reach"
doch ich,974044,yes; surely; really; on the contrary,I (first person singular nominative (subject) pronoun)
werden von,973758,"will, to be going to, forms the future tense",from
in Zukunft,973693,"[with dative] in, inside, within, at (inside a building)",future
es denn,973259,"Refers to a neuter noun (person, animal, thing or abstract)",for; because; since
das kleine,973130,nominative/accusative neuter singular of der: the,inflection of klein:
ganzen Tag,973043,inflection of ganz:,singular imperative of tagen
daß du,972696,Formerly standard spelling of dass which was deprecated in the spelling reform (Rechtschreibreform) of 1996.,"you (singular familiar), thou"
den man,972547,inflection of der (“the”):,"one, you, they (indefinite pronoun, referring to people at large; construed as a third-person singular)"
Frau und,971638,woman (adult female human),and
würden sie,971626,plural of Würde,she; her
im Vordergrund,971622,"initialism of Inoffizieller Mitarbeiter / Inoffizielle Mitarbeiterin (“unofficial collaborator”), an informant in the German Democratic Republic who delivered private information to the Stasi.",foreground
dem Hintergrund,971616,dative masculine/neuter singular of der: the,background
mich auch,970784,accusative of ich: me,"also, too, as well (in addition to whatever or whoever has previously been listed)"
am Beispiel,970722,acronym of Anwendungsmanagement,example
etwa die,970333,approximately,nominative/accusative singular feminine of der
es würde,970274,"Refers to a neuter noun (person, animal, thing or abstract)",dignity
oder sie,970236,"Oder (a major river in the Czech Republic, Poland and Germany)",she; her
werden sollen,970210,"will, to be going to, forms the future tense",should; to be obligated (to do something); ought; shall
ihnen nicht,970009,"dative of sie; them, to them.","not, non- (negates the meaning of a verb, adjective, or adverb)"
keinen Fall,969950,accusative masculine of kein,singular imperative of fallen
sich damit,969014,"Reflexive pronoun of the third person singular or plural: herself, himself, itself, oneself, themselves (in both dative and accusative)",pronominal adverb of mit
kein Wort,968740,no; not a(n); not one; not any,word as an isolated unit
Interesse an,968096,interest (attention and concern),"on, upon, at, in, against"
vielleicht war,967423,"perhaps, maybe",first-person singular preterite of sein: was
mehr von,967177,something more,from
man einen,967151,"one, you, they (indefinite pronoun, referring to people at large; construed as a third-person singular)",accusative masculine singular of ein
Fall ist,966874,singular imperative of fallen,third-person singular present of sein
finden Sie,966202,to find; to discover,she; her
schon immer,964999,"already (happening rather early, continuing rather long)",always
dachte sie,964991,first/third-person singular preterite of denken,she; her
er habe,964757,he,inflection of haben:
in mein,964331,"[with dative] in, inside, within, at (inside a building)",my
dem Tisch,963670,dative masculine/neuter singular of der: the,table (a piece of furniture with a relatively deep surface at roughly waist or knee level); specific uses include:
mich von,963558,accusative of ich: me,from
musst du,963194,second-person singular present of müssen,"you (singular familiar), thou"
um mit,963092,about,"with (in the company of, alongside)"
zum Thema,962972,"contraction of zu + dem, literally “to the; for the”","topic, subject, issue"
du sie,962640,"you (singular familiar), thou",she; her
der kleinen,961768,"nominative masculine singular definite article, the",inflection of klein:
was mit,961711,what,"with (in the company of, alongside)"
ich ja,961332,I (first person singular nominative (subject) pronoun),initialism of Junge Alternative für Deutschland.
hier im,961288,"here; in this place; refers to an environment one is currently in, or to something within reach","initialism of Inoffizieller Mitarbeiter / Inoffizielle Mitarbeiterin (“unofficial collaborator”), an informant in the German Democratic Republic who delivered private information to the Stasi."
die Schule,960745,nominative/accusative singular feminine of der,school (an institution dedicated to teaching and learning (especially before university); department/institute at a college or university; art movement; followers of a particular doctrine)
zur Folge,960649,"contraction of zu + der, literally “to the (feminine)”",sequence
und haben,960410,and,forms the perfect aspect (have)
dies nicht,960303,alternative form of dieses,"not, non- (negates the meaning of a verb, adjective, or adverb)"
und kam,960141,and,first/third-person singular preterite of kommen
war im,959624,first-person singular preterite of sein: was,"initialism of Inoffizieller Mitarbeiter / Inoffizielle Mitarbeiterin (“unofficial collaborator”), an informant in the German Democratic Republic who delivered private information to the Stasi."
ein Bild,959588,one,"depiction, image, picture"
weil wir,959265,"because, given that",we
der Insel,958769,"nominative masculine singular definite article, the","an island, an isle"
viel Zeit,957761,"much, a lot",time (as a concept)
die bereits,957023,nominative/accusative singular feminine of der,already
an mich,956881,"on, upon, at, in, against",accusative of ich: me
sie da,956473,she; her,there
die wichtigsten,956028,nominative/accusative singular feminine of der,superlative degree of wichtig
nahm die,955842,first/third-person singular preterite of nehmen,nominative/accusative singular feminine of der
wer ist,955424,who (what person or people),third-person singular present of sein
oder so,955403,"Oder (a major river in the Czech Republic, Poland and Germany)","so, such, that"
einer neuen,955317,genitive/dative feminine singular of ein,inflection of neu:
der Sprache,955262,"nominative masculine singular definite article, the","language (body of words, and set of methods of combining them)"
ihr seid,954897,"you, ye (plural, familiar)",second-person plural present of sein
wieder nach,954557,again; indicates that the action taking place has happened before,"after, past (later in time)"
einem großen,953665,dative masculine/neuter singular of ein,inflection of groß:
ich immer,953068,I (first person singular nominative (subject) pronoun),always
waren es,953031,first/third-person plural preterite of sein: were,"Refers to a neuter noun (person, animal, thing or abstract)"
der nach,952606,"nominative masculine singular definite article, the","after, past (later in time)"
es möglich,951369,"Refers to a neuter noun (person, animal, thing or abstract)",possible (what can be done or achieved)
und dies,951225,and,alternative form of dieses
du in,951216,"you (singular familiar), thou","[with dative] in, inside, within, at (inside a building)"
die Anwendung,951099,nominative/accusative singular feminine of der,"application, usage, utilization"
Bereich des,950354,"area, realm, range, scope",genitive masculine/neuter singular of der: the
ihr und,949939,"you, ye (plural, familiar)",and
schon so,949556,"already (happening rather early, continuing rather long)","so, such, that"
ist daher,949415,third-person singular present of sein,"from there, thence"
daß eine,948504,Formerly standard spelling of dass which was deprecated in the spelling reform (Rechtschreibreform) of 1996.,nominative/accusative feminine singular of ein
machen Sie,948116,"to make, to produce, to create (an object, arrangement, situation, etc.)",she; her
zu tragen,948073,"to, towards (indicates directionality)","to carry, to bear (something on one's person)"
zu meinem,948016,"to, towards (indicates directionality)",dative masculine/neuter singular of mein
Hinweis auf,946445,hint; clue; pointer; an act or thing which makes someone aware of something,"[with dative] on, upon (positioned at the top of)"
sich seine,946270,"Reflexive pronoun of the third person singular or plural: herself, himself, itself, oneself, themselves (in both dative and accusative)",inflection of seiner:
wir eine,946147,we,nominative/accusative feminine singular of ein
Prozent der,945888,percent,"nominative masculine singular definite article, the"
zog die,944443,first/third-person singular preterite of ziehen,nominative/accusative singular feminine of der
dem Bett,944170,dative masculine/neuter singular of der: the,"bed (piece of furniture, usually flat and soft, for resting or sleeping on; one's place of sleep or rest)"
zu verhindern,943421,"to, towards (indicates directionality)","to prevent, to inhibit, to keep (something) from happening."
Seite der,943213,side (a bounding straight edge of a two-dimensional shape),"nominative masculine singular definite article, the"
ihm der,942744,"dative of er; him, to him (indirect object); for him (in some cases).","nominative masculine singular definite article, the"
muss sich,942609,first/third-person singular present of müssen,"Reflexive pronoun of the third person singular or plural: herself, himself, itself, oneself, themselves (in both dative and accusative)"
der Polizei,942564,"nominative masculine singular definite article, the",police; law enforcement
das gesamte,942087,nominative/accusative neuter singular of der: the,inflection of gesamt:
nahm sie,941624,first/third-person singular preterite of nehmen,she; her
in einigen,941006,"[with dative] in, inside, within, at (inside a building)",to unite or unify (for example a group of people)
und gar,940731,and,"cooked, done (of food such as meat or vegetables: ready for consumption)"
noch der,940349,"still, yet (up to and including a given time)","nominative masculine singular definite article, the"
in Bewegung,940210,"[with dative] in, inside, within, at (inside a building)",motion
es kam,939109,"Refers to a neuter noun (person, animal, thing or abstract)",first/third-person singular preterite of kommen
die Knie,938903,nominative/accusative singular feminine of der,knee
das habe,938783,nominative/accusative neuter singular of der: the,inflection of haben:
oder einen,938745,"Oder (a major river in the Czech Republic, Poland and Germany)",accusative masculine singular of ein
mich um,938621,accusative of ich: me,about
die Form,938437,nominative/accusative singular feminine of der,singular imperative of formen
Formen der,938320,"to form, to shape (to give something a shape)","nominative masculine singular definite article, the"
letzten Jahren,938306,inflection of letzter:,dative plural of Jahr
sie unter,937989,she; her,under
nächsten Morgen,937196,superlative degree of nah,morning (part of the day from dawn to noon)
nach vorn,936987,"after, past (later in time)",in front
hätte es,936870,first/third-person singular subjunctive II of haben,"Refers to a neuter noun (person, animal, thing or abstract)"
im letzten,936847,"initialism of Inoffizieller Mitarbeiter / Inoffizielle Mitarbeiterin (“unofficial collaborator”), an informant in the German Democratic Republic who delivered private information to the Stasi.",inflection of letzter:
und sogar,935454,and,"even, actually, in fact"
wie kann,935273,how,first/third-person singular present of können
er immer,935272,he,always
mehr an,934940,something more,"on, upon, at, in, against"
und dadurch,934739,and,"through it, through that"
sich neben,933950,"Reflexive pronoun of the third person singular or plural: herself, himself, itself, oneself, themselves (in both dative and accusative)","next to, beside, alongside, adjacent to, near, near to"
die alten,933383,nominative/accusative singular feminine of der,inflection of alt:
Geschichte des,932644,history,genitive masculine/neuter singular of der: the
der Form,932365,"nominative masculine singular definite article, the",singular imperative of formen
einen Teil,931754,accusative masculine singular of ein,"part, piece (of a whole, often in relation to living things or an abstract concept)"
der Öffentlichkeit,931316,"nominative masculine singular definite article, the",public
die Seele,931010,nominative/accusative singular feminine of der,soul
kurz darauf,930367,"short, quick, brief",after (behind; later in time; following)
zwischen zwei,930182,between,two (numerical value represented by the Arabic numeral 2; or describing a set with two components)
was nicht,930000,what,"not, non- (negates the meaning of a verb, adjective, or adverb)"
hier auf,929964,"here; in this place; refers to an environment one is currently in, or to something within reach","[with dative] on, upon (positioned at the top of)"
sollten wir,929534,inflection of sollen:,we
man muss,929407,"one, you, they (indefinite pronoun, referring to people at large; construed as a third-person singular)",first/third-person singular present of müssen
sind nur,928642,first-person plural present of sein,"only, just, merely, simply"
das schon,928423,nominative/accusative neuter singular of der: the,"already (happening rather early, continuing rather long)"
schwer zu,926672,"heavy, weighty","to, towards (indicates directionality)"
der sozialen,925887,"nominative masculine singular definite article, the",inflection of sozial:
den verschiedenen,925250,inflection of der (“the”):,inflection of verschieden:
sich zur,925149,"Reflexive pronoun of the third person singular or plural: herself, himself, itself, oneself, themselves (in both dative and accusative)","contraction of zu + der, literally “to the (feminine)”"
aufgrund des,925063,"due to, because of, as a result of, by reason of, on account of",genitive masculine/neuter singular of der: the
wir sollten,924878,we,inflection of sollen:
sollte sie,924874,inflection of sollen:,she; her
obwohl ich,924804,"although, though, while",I (first person singular nominative (subject) pronoun)
am Morgen,924794,acronym of Anwendungsmanagement,morning (part of the day from dawn to noon)
mir noch,924789,"dative of ich: me, to me","still, yet (up to and including a given time)"
und zugleich,924690,and,"at the same time, simultaneously"
bis jetzt,924549,until,"now (at this moment, right now)"
jetzt noch,923863,"now (at this moment, right now)","still, yet (up to and including a given time)"
nicht daran,923289,"not, non- (negates the meaning of a verb, adjective, or adverb)","on it, on that"
des Patienten,923213,genitive masculine/neuter singular of der: the,genitive singular of Patient
wollte nicht,923024,inflection of wollen:,"not, non- (negates the meaning of a verb, adjective, or adverb)"
war doch,922369,first-person singular preterite of sein: was,yes; surely; really; on the contrary
schon eine,922340,"already (happening rather early, continuing rather long)",nominative/accusative feminine singular of ein
in Frankreich,922185,"[with dative] in, inside, within, at (inside a building)",France (a country located primarily in Western Europe)
im Alter,921997,"initialism of Inoffizieller Mitarbeiter / Inoffizielle Mitarbeiterin (“unofficial collaborator”), an informant in the German Democratic Republic who delivered private information to the Stasi.",inflection of alt:
das Verhalten,921991,nominative/accusative neuter singular of der: the,behaviour
er durch,921492,he,by means of; by; through
den Sinn,920818,inflection of der (“the”):,singular imperative of sinnen
und ganz,920308,and,"entire, whole, complete"
den von,920233,inflection of der (“the”):,from
bin nicht,919937,first-person singular present of sein,"not, non- (negates the meaning of a verb, adjective, or adverb)"
sieht man,919703,third-person singular present of sehen,"one, you, they (indefinite pronoun, referring to people at large; construed as a third-person singular)"
das Volk,919306,nominative/accusative neuter singular of der: the,"people, nation, folk, tribe, race (group united by culture, history, descent, and/or language)"
Kinder und,919206,nominative/accusative/genitive plural of Kind,and
immer ein,919203,always,one
am Boden,918668,acronym of Anwendungsmanagement,"ground, soil"
der gleichen,918588,"nominative masculine singular definite article, the","to be like, to equal to, to resemble"
er nun,918430,he,"now, at this moment"
schon auf,918118,"already (happening rather early, continuing rather long)","[with dative] on, upon (positioned at the top of)"
so einfach,917669,"so, such, that",easy
etwas wie,917017,something,how
es nun,916858,"Refers to a neuter noun (person, animal, thing or abstract)","now, at this moment"
in Wirklichkeit,916076,"[with dative] in, inside, within, at (inside a building)",reality
das noch,915980,nominative/accusative neuter singular of der: the,"still, yet (up to and including a given time)"
zu lösen,915787,"to, towards (indicates directionality)",to loose; to loosen; to detach; to remove
wo man,915480,where (at what place),"one, you, they (indefinite pronoun, referring to people at large; construed as a third-person singular)"
war kein,915293,first-person singular preterite of sein: was,no; not a(n); not one; not any
der große,914954,"nominative masculine singular definite article, the",inflection of groß:
der Europäischen,914946,"nominative masculine singular definite article, the",inflection of europäisch:
nach rechts,914608,"after, past (later in time)",on the right
außerhalb des,914424,"outside (of), beyond",genitive masculine/neuter singular of der: the
zu verlassen,914344,"to, towards (indicates directionality)","to leave, to abandon; to depart, to forsake"
die Gruppe,913945,nominative/accusative singular feminine of der,group
die neuen,913484,nominative/accusative singular feminine of der,inflection of neu:
der Staat,913413,"nominative masculine singular definite article, the","country, state (politically constituted legal person wielding absolute power of a population and territory)"
jetzt ist,913378,"now (at this moment, right now)",third-person singular present of sein
gehen und,913310,"to go, to walk",and
ganz sicher,913301,"entire, whole, complete","safe, secure (not dangerous or in danger)"
einen guten,912819,accusative masculine singular of ein,inflection of gut:
und weil,912799,and,"because, given that"
damit der,912478,pronominal adverb of mit,"nominative masculine singular definite article, the"
Einsatz von,912404,"something inserted, inset, inlay, compartment",from
aber für,912394,but; however; though,describes an abstract directionality towards a person or matter
lehnte sich,912166,inflection of lehnen:,"Reflexive pronoun of the third person singular or plural: herself, himself, itself, oneself, themselves (in both dative and accusative)"
die vielen,911862,nominative/accusative singular feminine of der,inflection of viel:
der Wahrheit,911059,"nominative masculine singular definite article, the",truth
ist durch,910613,third-person singular present of sein,by means of; by; through
Form des,910472,singular imperative of formen,genitive masculine/neuter singular of der: the
daß diese,910276,Formerly standard spelling of dass which was deprecated in the spelling reform (Rechtschreibreform) of 1996.,"nominative feminine singular of dieser; ""this"""
er uns,910027,he,accusative/dative of wir: us
soll die,909288,debit,nominative/accusative singular feminine of der
vielleicht ist,909081,"perhaps, maybe",third-person singular present of sein
wir im,908959,we,"initialism of Inoffizieller Mitarbeiter / Inoffizielle Mitarbeiterin (“unofficial collaborator”), an informant in the German Democratic Republic who delivered private information to the Stasi."
kam er,908242,first/third-person singular preterite of kommen,he
Gespräch mit,907887,"conversation, chat, talk (conversing between people or parties, either for pleasure or for business)","with (in the company of, alongside)"
das Feuer,907578,nominative/accusative neuter singular of der: the,fire (chemical process)
fuhr er,907070,first/third-person singular preterite of fahren,he
es hatte,906766,"Refers to a neuter noun (person, animal, thing or abstract)",first/third-person singular preterite of haben
die Freiheit,906718,nominative/accusative singular feminine of der,freedom
am Tag,906689,acronym of Anwendungsmanagement,singular imperative of tagen
waren in,906610,first/third-person plural preterite of sein: were,"[with dative] in, inside, within, at (inside a building)"
ganz anders,906377,"entire, whole, complete","different, differently"
nur nicht,906019,"only, just, merely, simply","not, non- (negates the meaning of a verb, adjective, or adverb)"
ich selbst,905762,I (first person singular nominative (subject) pronoun),"personally, by oneself"
ohne zu,905579,without,"to, towards (indicates directionality)"
wieder und,905447,again; indicates that the action taking place has happened before,and
die Verbindung,905445,nominative/accusative singular feminine of der,connection
war auf,905241,first-person singular preterite of sein: was,"[with dative] on, upon (positioned at the top of)"
eingesetzt werden,905127,past participle of einsetzen,"will, to be going to, forms the future tense"
in solchen,904392,"[with dative] in, inside, within, at (inside a building)",inflection of solch:
liegt in,903845,inflection of liegen:,"[with dative] in, inside, within, at (inside a building)"
die vier,903629,nominative/accusative singular feminine of der,four (numerical value represented by the Arabic numeral 4; or describing a set with four elements)
das gilt,903507,nominative/accusative neuter singular of der: the,inflection of gelten:
zu seinen,903107,"to, towards (indicates directionality)",inflection of sein:
hier zu,903080,"here; in this place; refers to an environment one is currently in, or to something within reach","to, towards (indicates directionality)"
der linken,902902,"nominative masculine singular definite article, the",to deceive
werden im,901927,"will, to be going to, forms the future tense","initialism of Inoffizieller Mitarbeiter / Inoffizielle Mitarbeiterin (“unofficial collaborator”), an informant in the German Democratic Republic who delivered private information to the Stasi."
sollte es,901497,inflection of sollen:,"Refers to a neuter noun (person, animal, thing or abstract)"
habe die,901403,inflection of haben:,nominative/accusative singular feminine of der
zu wenig,900654,"to, towards (indicates directionality)","little, few (a small amount, a small number)"
Frauen und,900544,plural of Frau (“women”),and
ins Haus,900393,contraction of in (“(in)to”) + das (“the”) (accusative singular neuter),"house, building"
Theorie der,900299,theory,"nominative masculine singular definite article, the"
wie ihr,900006,how,"you, ye (plural, familiar)"
ist keine,899251,third-person singular present of sein,feminine nominative/accusative of kein
das System,899224,nominative/accusative neuter singular of der: the,system
in Paris,898934,"[with dative] in, inside, within, at (inside a building)",Paris (the capital and largest city of France)
geworden ist,898913,past participle of werden,third-person singular present of sein
bei jedem,898777,"by, near",masculine dative singular of jeder
die Verwendung,898604,nominative/accusative singular feminine of der,"use, usage, application, utilization (function or purpose for which something may be employed)"
Ziel der,898548,singular imperative of zielen,"nominative masculine singular definite article, the"
auch dann,898176,"also, too, as well (in addition to whatever or whoever has previously been listed)","then, after that"
rief sie,898054,first/third-person singular preterite of rufen,she; her
Verlauf der,897861,"course (of a border, etc.)","nominative masculine singular definite article, the"
zwei Stunden,897593,two (numerical value represented by the Arabic numeral 2; or describing a set with two components),plural of Stunde
und dieser,897291,and,"this one, this"
den neuen,896737,inflection of der (“the”):,inflection of neu:
als wenn,896518,"at (approximately) the same moment, when, while, as","when, whenever"
der auch,896447,"nominative masculine singular definite article, the","also, too, as well (in addition to whatever or whoever has previously been listed)"
von Ihnen,896140,from,"dative of sie; them, to them."
sein wird,896109,forms the present perfect and past perfect tenses of certain verbs,third-person singular present of werden
sind alle,896035,first-person plural present of sein,inflection of all (“all”)
war aber,895683,first-person singular preterite of sein: was,but; however; though
und starrte,895499,and,inflection of starren:
um uns,895449,about,accusative/dative of wir: us
griff nach,895409,"grasp, reach (act of trying to grab)","after, past (later in time)"
wo wir,895299,where (at what place),we
den Gedanken,895191,inflection of der (“the”):,inflection of Gedanke:
musste sie,894867,first/third-person singular preterite of müssen,she; her
der drei,894777,"nominative masculine singular definite article, the",three (numerical value represented by the Arabic numeral 3; or describing a set with three elements)
sie hätte,894766,she; her,first/third-person singular subjunctive II of haben
an mir,894735,"on, upon, at, in, against","dative of ich: me, to me"
die Notwendigkeit,894562,nominative/accusative singular feminine of der,necessity
der hier,893965,"nominative masculine singular definite article, the","here; in this place; refers to an environment one is currently in, or to something within reach"
sich etwas,893354,"Reflexive pronoun of the third person singular or plural: herself, himself, itself, oneself, themselves (in both dative and accusative)",something
der Himmel,892909,"nominative masculine singular definite article, the",inflection of himmeln:
der so,892708,"nominative masculine singular definite article, the","so, such, that"
es wieder,892259,"Refers to a neuter noun (person, animal, thing or abstract)",again; indicates that the action taking place has happened before
gegen eine,891966,against,nominative/accusative feminine singular of ein
nicht etwa,891461,"not, non- (negates the meaning of a verb, adjective, or adverb)",approximately
gehen wir,891368,"to go, to walk",we
ich aus,891367,I (first person singular nominative (subject) pronoun),out
findet man,890940,inflection of finden:,"one, you, they (indefinite pronoun, referring to people at large; construed as a third-person singular)"
und trat,890791,and,first/third-person singular preterite of treten
Zusammenhang zwischen,890585,"coherence, cohesion",between
sollte die,890515,inflection of sollen:,nominative/accusative singular feminine of der
wurden in,890495,first/third-person plural preterite of werden,"[with dative] in, inside, within, at (inside a building)"
kann in,890448,first/third-person singular present of können,"[with dative] in, inside, within, at (inside a building)"
hinter mir,890155,"behind, after","dative of ich: me, to me"
der Schweiz,889598,"nominative masculine singular definite article, the",Switzerland (a country in Western Europe and Central Europe)
den der,889279,inflection of der (“the”):,"nominative masculine singular definite article, the"
Tür und,889038,door (rigid plane on a hinge),and
ich mein,888801,I (first person singular nominative (subject) pronoun),my
es nach,888321,"Refers to a neuter noun (person, animal, thing or abstract)","after, past (later in time)"
auf keinen,888258,"[with dative] on, upon (positioned at the top of)",accusative masculine of kein
wie schon,887964,how,"already (happening rather early, continuing rather long)"
zu ihren,887248,"to, towards (indicates directionality)",inflection of ihr:
aber keine,887085,but; however; though,feminine nominative/accusative of kein
ihr einen,886329,"you, ye (plural, familiar)",accusative masculine singular of ein
der als,886304,"nominative masculine singular definite article, the","at (approximately) the same moment, when, while, as"
dann zu,885999,"then, after that","to, towards (indicates directionality)"
abgesehen von,885898,past participle of absehen: disregarded,from
mit ein,885237,"with (in the company of, alongside)",one
auf uns,884973,"[with dative] on, upon (positioned at the top of)",accusative/dative of wir: us
Vater und,884752,father,and
alles zu,884268,everything; all,"to, towards (indicates directionality)"
Anforderungen an,883868,plural of Anforderung,"on, upon, at, in, against"
ihre Stimme,883569,inflection of ihr:,"voice (speaking or singing), call of an animal"
die Haut,883467,nominative/accusative singular feminine of der,inflection of hauen:
erste Mal,883252,first,times (indicating multiplication of two numbers)
hielt er,883178,first/third-person singular preterite of halten,he
war immer,883050,first-person singular preterite of sein: was,always
zu holen,882938,"to, towards (indicates directionality)","to (go) get, to fetch (to go somewhere and take something to bring back)"
damit ist,882919,pronominal adverb of mit,third-person singular present of sein
nachdem ich,882744,after (that),I (first person singular nominative (subject) pronoun)
des Staates,882560,genitive masculine/neuter singular of der: the,genitive singular of Staat
nach ihrem,882556,"after, past (later in time)","dative masculine/neuter singular of ihr: her, its, their (referring to a masculine or neuter object in the dative case)"
Blick in,882407,"glance, look","[with dative] in, inside, within, at (inside a building)"
das neue,882386,nominative/accusative neuter singular of der: the,inflection of neu:
für meine,881788,describes an abstract directionality towards a person or matter,inflection of meiner:
gar keine,881708,"cooked, done (of food such as meat or vegetables: ready for consumption)",feminine nominative/accusative of kein
zu arbeiten,881671,"to, towards (indicates directionality)",to work (to do a specific task by employing physical or mental powers)
dass alle,881325,that,inflection of all (“all”)
der EU,881284,"nominative masculine singular definite article, the",EU; initialism of Europäische Union (“European Union”)
beiden Seiten,880659,inflection of beide:,"plural of Seite ""pages/sides"""
was hast,879979,what,second-person singular present of haben
werden durch,879611,"will, to be going to, forms the future tense",by means of; by; through
geworden war,879400,past participle of werden,first-person singular preterite of sein: was
es scheint,879368,"Refers to a neuter noun (person, animal, thing or abstract)",inflection of scheinen:
sich alle,878585,"Reflexive pronoun of the third person singular or plural: herself, himself, itself, oneself, themselves (in both dative and accusative)",inflection of all (“all”)
noch den,878581,"still, yet (up to and including a given time)",inflection of der (“the”):
über mich,878550,"[with accusative or dative] above, over (spatially)",accusative of ich: me
als solche,878067,"at (approximately) the same moment, when, while, as",inflection of solch:
es wirklich,877878,"Refers to a neuter noun (person, animal, thing or abstract)",real
siehe auch,877841,singular imperative of sehen,"also, too, as well (in addition to whatever or whoever has previously been listed)"
nicht eine,877703,"not, non- (negates the meaning of a verb, adjective, or adverb)",nominative/accusative feminine singular of ein
durchgeführt werden,877624,past participle of durchführen,"will, to be going to, forms the future tense"
stellt die,877243,inflection of stellen:,nominative/accusative singular feminine of der
um ihr,877235,about,"you, ye (plural, familiar)"
auf andere,877052,"[with dative] on, upon (positioned at the top of)",inflection of anderer
weil das,877037,"because, given that",nominative/accusative neuter singular of der: the
ein solcher,876482,one,inflection of solch:
rund um,875916,"round, rounded, similar as in English, especially:",about
der Seele,875904,"nominative masculine singular definite article, the",soul
sagen Sie,875900,to say (to pronounce; communicate verbally),she; her
also in,875663,"so, therefore","[with dative] in, inside, within, at (inside a building)"
es wohl,875527,"Refers to a neuter noun (person, animal, thing or abstract)","possibly, probably; as I was told (modal particle expressing an assumption, often like English must + infinitive, or (US) guess + clause)"
hielt sich,875405,first/third-person singular preterite of halten,"Reflexive pronoun of the third person singular or plural: herself, himself, itself, oneself, themselves (in both dative and accusative)"
sie sehen,875362,she; her,to see; to have sight
im zweiten,874579,"initialism of Inoffizieller Mitarbeiter / Inoffizielle Mitarbeiterin (“unofficial collaborator”), an informant in the German Democratic Republic who delivered private information to the Stasi.",inflection of zweite:
es werden,874169,"Refers to a neuter noun (person, animal, thing or abstract)","will, to be going to, forms the future tense"
sich ihm,873659,"Reflexive pronoun of the third person singular or plural: herself, himself, itself, oneself, themselves (in both dative and accusative)","dative of er; him, to him (indirect object); for him (in some cases)."
gut zu,873501,"good (acting in the interest of what is beneficial, ethical, or moral)","to, towards (indicates directionality)"
die Uhr,873007,nominative/accusative singular feminine of der,"hours, o'clock (indicates the time within a twelve- or twenty-four-hour period)"
und hier,872939,and,"here; in this place; refers to an environment one is currently in, or to something within reach"
die Wohnung,872864,nominative/accusative singular feminine of der,domicile; dwelling; lodging; abode; accommodation (any place someone lives in for a span of time longer than a holiday)
ihr Herz,872414,"you, ye (plural, familiar)",heart
und ob,872034,and,"Introduces an indirect question, a doubt. if, whether."
weiter zu,871757,comparative degree of weit,"to, towards (indicates directionality)"
er ihm,871723,he,"dative of er; him, to him (indirect object); for him (in some cases)."
mir so,871640,"dative of ich: me, to me","so, such, that"
diese Art,871531,"nominative feminine singular of dieser; ""this""","kind, sort, type"
erst im,871372,"first, at first","initialism of Inoffizieller Mitarbeiter / Inoffizielle Mitarbeiterin (“unofficial collaborator”), an informant in the German Democratic Republic who delivered private information to the Stasi."
das geht,871189,nominative/accusative neuter singular of der: the,inflection of gehen:
in drei,871133,"[with dative] in, inside, within, at (inside a building)",three (numerical value represented by the Arabic numeral 3; or describing a set with three elements)
es schien,870934,"Refers to a neuter noun (person, animal, thing or abstract)",first/third-person singular preterite of scheinen
mit Sicherheit,870303,"with (in the company of, alongside)",certainty
mit Blick,870046,"with (in the company of, alongside)","glance, look"
gut und,869965,"good (acting in the interest of what is beneficial, ethical, or moral)",and
musste sich,868135,first/third-person singular preterite of müssen,"Reflexive pronoun of the third person singular or plural: herself, himself, itself, oneself, themselves (in both dative and accusative)"
ist gut,868043,third-person singular present of sein,"good (acting in the interest of what is beneficial, ethical, or moral)"
sah mich,867954,first/third-person singular preterite of sehen,accusative of ich: me
sogar die,867164,"even, actually, in fact",nominative/accusative singular feminine of der
Zugang zu,866771,access,"to, towards (indicates directionality)"
noch von,866005,"still, yet (up to and including a given time)",from
sondern in,865899,"rather, but (instead).","[with dative] in, inside, within, at (inside a building)"
nach vorne,865812,"after, past (later in time)",at the front
so wenig,865597,"so, such, that","little, few (a small amount, a small number)"
wäre das,865226,first/third-person singular subjunctive II of sein,nominative/accusative neuter singular of der: the
meiner Mutter,865212,mine (substantival possessive),mother
er zog,865070,he,first/third-person singular preterite of ziehen
Mitte der,865037,middle,"nominative masculine singular definite article, the"
und sprach,864529,and,first/third-person singular preterite of sprechen
ihre Hände,864258,inflection of ihr:,nominative plural of Hand
dass dies,864203,that,alternative form of dieses
dass sein,863970,that,forms the present perfect and past perfect tenses of certain verbs
Arbeit und,863933,"toil, regularly performed work, regularly pursued economic activity, labor, job, employment, occupation",and
das gleiche,862985,nominative/accusative neuter singular of der: the,inflection of gleich:
er stand,862949,he,first/third-person singular preterite of stehen
mein Gott,862160,my,god
zu bestimmen,862011,"to, towards (indicates directionality)",to determine
in dessen,861990,"[with dative] in, inside, within, at (inside a building)",genitive masculine/neuter singular of der
er kam,861784,he,first/third-person singular preterite of kommen
etwas in,861759,something,"[with dative] in, inside, within, at (inside a building)"
mit meinen,861635,"with (in the company of, alongside)","to opine, to think; to believe; to suppose"
den Himmel,861496,inflection of der (“the”):,inflection of himmeln:
ohne daß,861375,without,Formerly standard spelling of dass which was deprecated in the spelling reform (Rechtschreibreform) of 1996.
es vor,860548,"Refers to a neuter noun (person, animal, thing or abstract)","in front of, ahead of (relative location in space)"
auch ich,860325,"also, too, as well (in addition to whatever or whoever has previously been listed)",I (first person singular nominative (subject) pronoun)
denn nicht,860158,for; because; since,"not, non- (negates the meaning of a verb, adjective, or adverb)"
das den,860134,nominative/accusative neuter singular of der: the,inflection of der (“the”):
befinden sich,859562,"condition (health status of a patient), state of health","Reflexive pronoun of the third person singular or plural: herself, himself, itself, oneself, themselves (in both dative and accusative)"
und rief,859355,and,first/third-person singular preterite of rufen
ich vor,858579,I (first person singular nominative (subject) pronoun),"in front of, ahead of (relative location in space)"
Höhe der,858465,"height, altitude","nominative masculine singular definite article, the"
haben uns,858383,forms the perfect aspect (have),accusative/dative of wir: us
es Ihnen,858331,"Refers to a neuter noun (person, animal, thing or abstract)","dative of sie; them, to them."
fragte sich,858286,inflection of fragen:,"Reflexive pronoun of the third person singular or plural: herself, himself, itself, oneself, themselves (in both dative and accusative)"
die übrigen,857944,nominative/accusative singular feminine of der,inflection of übrig:
die Finger,857560,nominative/accusative singular feminine of der,finger
eine hohe,857216,nominative/accusative feminine singular of ein,inflection of hoch:
zu meiner,857090,"to, towards (indicates directionality)",mine (substantival possessive)
uns mit,857009,accusative/dative of wir: us,"with (in the company of, alongside)"
Institut für,856838,institute (independent research institution),describes an abstract directionality towards a person or matter
die Seite,856834,nominative/accusative singular feminine of der,side (a bounding straight edge of a two-dimensional shape)
daß Sie,856176,Formerly standard spelling of dass which was deprecated in the spelling reform (Rechtschreibreform) of 1996.,she; her
was ihr,855624,what,"you, ye (plural, familiar)"
einem solchen,855397,dative masculine/neuter singular of ein,inflection of solch:
ohne den,854825,without,inflection of der (“the”):
im selben,854176,"initialism of Inoffizieller Mitarbeiter / Inoffizielle Mitarbeiterin (“unofficial collaborator”), an informant in the German Democratic Republic who delivered private information to the Stasi.",inflection of selber:
nehmen Sie,853979,to take (something into one's possession or on one's body),she; her
der Basis,853753,"nominative masculine singular definite article, the","basis (foundation, principle)"
hat auch,853462,third-person singular present of haben,"also, too, as well (in addition to whatever or whoever has previously been listed)"
dem kleinen,852835,dative masculine/neuter singular of der: the,inflection of klein:
diesem Grund,852057,masculine/neuter dative singular of dieser,"ground, land (usually as someone's property)"
nicht aber,851961,"not, non- (negates the meaning of a verb, adjective, or adverb)",but; however; though
können auch,851954,"to be able (to do or be something), to have the possibility of, can.","also, too, as well (in addition to whatever or whoever has previously been listed)"
und können,851747,and,"to be able (to do or be something), to have the possibility of, can."
sich bereits,851410,"Reflexive pronoun of the third person singular or plural: herself, himself, itself, oneself, themselves (in both dative and accusative)",already
er sei,851367,he,first-person singular subjunctive I of sein
also auch,851350,"so, therefore","also, too, as well (in addition to whatever or whoever has previously been listed)"
zu folgen,851045,"to, towards (indicates directionality)",to follow (on the same path or in a sequence)
und gleichzeitig,850902,and,"simultaneous, concurrent, coincident, concomitant"
einfach zu,850235,easy,"to, towards (indicates directionality)"
Seite und,850035,side (a bounding straight edge of a two-dimensional shape),and
zu schreiben,849540,"to, towards (indicates directionality)","to write, to write out (use letters to make words and texts)"
wo sich,849506,where (at what place),"Reflexive pronoun of the third person singular or plural: herself, himself, itself, oneself, themselves (in both dative and accusative)"
zu bewegen,848797,"to, towards (indicates directionality)",to motivate; to persuade; to prompt (someone or something to do something); to make (someone or something to do something); to induce; to get (someone or something to do something)
öffnete die,848614,inflection of öffnen:,nominative/accusative singular feminine of der
jetzt war,848506,"now (at this moment, right now)",first-person singular preterite of sein: was
fühlt sich,848224,inflection of fühlen:,"Reflexive pronoun of the third person singular or plural: herself, himself, itself, oneself, themselves (in both dative and accusative)"
über sich,846694,"[with accusative or dative] above, over (spatially)","Reflexive pronoun of the third person singular or plural: herself, himself, itself, oneself, themselves (in both dative and accusative)"
wie bereits,846454,how,already
uns das,845938,accusative/dative of wir: us,nominative/accusative neuter singular of der: the
ist nun,845818,third-person singular present of sein,"now, at this moment"
aber von,845744,but; however; though,from
der Tag,845560,"nominative masculine singular definite article, the",singular imperative of tagen
sein sollte,845541,forms the present perfect and past perfect tenses of certain verbs,inflection of sollen:
siehst du,845439,second-person singular present of sehen,"you (singular familiar), thou"
Beispiel für,845346,example,describes an abstract directionality towards a person or matter
daß in,845161,Formerly standard spelling of dass which was deprecated in the spelling reform (Rechtschreibreform) of 1996.,"[with dative] in, inside, within, at (inside a building)"
die größte,845057,nominative/accusative singular feminine of der,inflection of groß:
will nicht,844907,first/third-person singular present of wollen,"not, non- (negates the meaning of a verb, adjective, or adverb)"
die Grenzen,844691,nominative/accusative singular feminine of der,to border
des ersten,844420,genitive masculine/neuter singular of der: the,inflection of erste:
am Leben,844294,acronym of Anwendungsmanagement,"to live, to be alive"
was auch,844192,what,"also, too, as well (in addition to whatever or whoever has previously been listed)"
und erst,844046,and,"first, at first"
die schon,843261,nominative/accusative singular feminine of der,"already (happening rather early, continuing rather long)"
einen kurzen,842898,accusative masculine singular of ein,inflection of kurz:
seiner Mutter,842589,his (substantival possessive),mother
sie beide,842455,she; her,both
dem es,842384,dative masculine/neuter singular of der: the,"Refers to a neuter noun (person, animal, thing or abstract)"
ersten Blick,842371,inflection of erste:,"glance, look"
zwei Jahre,841997,two (numerical value represented by the Arabic numeral 2; or describing a set with two components),"nominative/accusative/genitive plural of Jahr ""years"""
das Risiko,841604,nominative/accusative neuter singular of der: the,risk
Anzahl von,841359,"number, an amount; a few",from
wie ist,840536,how,third-person singular present of sein
oder aber,840184,"Oder (a major river in the Czech Republic, Poland and Germany)",but; however; though
die Füße,840054,nominative/accusative singular feminine of der,nominative plural of Fuß
den eigenen,840038,inflection of der (“the”):,inflection of eigen:
in Höhe,840005,"[with dative] in, inside, within, at (inside a building)","height, altitude"
erreicht werden,839933,past participle of erreichen,"will, to be going to, forms the future tense"
werden als,839613,"will, to be going to, forms the future tense","at (approximately) the same moment, when, while, as"
wie geht,839334,how,inflection of gehen:
man bei,839061,"one, you, they (indefinite pronoun, referring to people at large; construed as a third-person singular)","by, near"
wurde ein,838965,first/third-person singular preterite of werden,one
einem bestimmten,838585,dative masculine/neuter singular of ein,inflection of bestimmt:
frage ich,838438,question (interrogative sentence or phrase),I (first person singular nominative (subject) pronoun)
Verbesserung der,838426,improvement,"nominative masculine singular definite article, the"
obwohl die,838409,"although, though, while",nominative/accusative singular feminine of der
zwischen ihnen,837567,between,"dative of sie; them, to them."
lass uns,837029,"powerless, tired, lazy, idle, sluggish, weak, weary, slack, limp; insufficiently diligent",accusative/dative of wir: us
hatte man,836878,first/third-person singular preterite of haben,"one, you, they (indefinite pronoun, referring to people at large; construed as a third-person singular)"
ohne sich,836758,without,"Reflexive pronoun of the third person singular or plural: herself, himself, itself, oneself, themselves (in both dative and accusative)"
schon zu,836652,"already (happening rather early, continuing rather long)","to, towards (indicates directionality)"
einen weiteren,836606,accusative masculine singular of ein,inflection of weit:
hatte ihr,836216,first/third-person singular preterite of haben,"you, ye (plural, familiar)"
zwei Wochen,836174,two (numerical value represented by the Arabic numeral 2; or describing a set with two components),plural of Woche
doch so,836018,yes; surely; really; on the contrary,"so, such, that"
man im,835966,"one, you, they (indefinite pronoun, referring to people at large; construed as a third-person singular)","initialism of Inoffizieller Mitarbeiter / Inoffizielle Mitarbeiterin (“unofficial collaborator”), an informant in the German Democratic Republic who delivered private information to the Stasi."
sie wie,835859,she; her,how
wurde sie,835825,first/third-person singular preterite of werden,she; her
diesem Zeitpunkt,835693,masculine/neuter dative singular of dieser,"moment (instant of time), point in time, a timepoint"
und habe,835087,and,inflection of haben:
einer kleinen,834442,genitive/dative feminine singular of ein,inflection of klein:
der mich,833808,"nominative masculine singular definite article, the",accusative of ich: me
Bedeutung des,833693,"meaning, sense",genitive masculine/neuter singular of der: the
denn in,833018,for; because; since,"[with dative] in, inside, within, at (inside a building)"
dann kann,832848,"then, after that",first/third-person singular present of können
du den,832471,"you (singular familiar), thou",inflection of der (“the”):
den Wald,832298,inflection of der (“the”):,forest; woods; woodland
des Mannes,832198,genitive masculine/neuter singular of der: the,genitive singular of Mann
all den,832168,all,inflection of der (“the”):
dass bei,831897,that,"by, near"
nach ihm,831591,"after, past (later in time)","dative of er; him, to him (indirect object); for him (in some cases)."
könnte ich,831554,first/third-person singular subjunctive II of können,I (first person singular nominative (subject) pronoun)
der Alte,831254,"nominative masculine singular definite article, the",female equivalent of Alter: old woman
heute nicht,831238,today,"not, non- (negates the meaning of a verb, adjective, or adverb)"
auch wieder,830191,"also, too, as well (in addition to whatever or whoever has previously been listed)",again; indicates that the action taking place has happened before
mich ein,830036,accusative of ich: me,one
ich sagte,829712,I (first person singular nominative (subject) pronoun),inflection of sagen:
von Bedeutung,829523,from,"meaning, sense"
als im,829234,"at (approximately) the same moment, when, while, as","initialism of Inoffizieller Mitarbeiter / Inoffizielle Mitarbeiterin (“unofficial collaborator”), an informant in the German Democratic Republic who delivered private information to the Stasi."
an sie,829033,"on, upon, at, in, against",she; her
es jetzt,829014,"Refers to a neuter noun (person, animal, thing or abstract)","now (at this moment, right now)"
weil du,828854,"because, given that","you (singular familiar), thou"
wir ihn,828731,we,"accusative of er; him, it (masculine, direct object)."
in letzter,828592,"[with dative] in, inside, within, at (inside a building)",inflection of letzte:
wir beide,828543,we,both
würde die,828307,dignity,nominative/accusative singular feminine of der
gelang es,828259,first/third-person singular preterite of gelingen,"Refers to a neuter noun (person, animal, thing or abstract)"
glaubst du,828190,second-person singular present of glauben,"you (singular familiar), thou"
der Zukunft,827896,"nominative masculine singular definite article, the",future
zu retten,827882,"to, towards (indicates directionality)","to save, to rescue"
einer großen,827655,genitive/dative feminine singular of ein,inflection of groß:
gerade noch,827506,even,"still, yet (up to and including a given time)"
und sehr,826919,and,very
vor Ort,826344,"in front of, ahead of (relative location in space)","place, location, point, position"
im Anschluss,826143,"initialism of Inoffizieller Mitarbeiter / Inoffizielle Mitarbeiterin (“unofficial collaborator”), an informant in the German Democratic Republic who delivered private information to the Stasi.","connection, joining"
ob man,825758,"Introduces an indirect question, a doubt. if, whether.","one, you, they (indefinite pronoun, referring to people at large; construed as a third-person singular)"
führt zu,825583,inflection of führen:,"to, towards (indicates directionality)"
oder nur,825579,"Oder (a major river in the Czech Republic, Poland and Germany)","only, just, merely, simply"
Wasser und,825457,water (H₂O),and
ganz in,825428,"entire, whole, complete","[with dative] in, inside, within, at (inside a building)"
der Brust,825393,"nominative masculine singular definite article, the",chest
aber ist,824914,but; however; though,third-person singular present of sein
oder dem,824914,"Oder (a major river in the Czech Republic, Poland and Germany)",dative masculine/neuter singular of der: the
er zum,824750,he,"contraction of zu + dem, literally “to the; for the”"
ihren Augen,824600,inflection of ihr:,plural of Auge
das große,824560,nominative/accusative neuter singular of der: the,inflection of groß:
ganz und,824291,"entire, whole, complete",and
besteht darin,823763,inflection of bestehen:,"in it, in that, therein"
muss der,823641,first/third-person singular present of müssen,"nominative masculine singular definite article, the"
die Annahme,823592,nominative/accusative singular feminine of der,"presupposition, assumption, hypothesis"
das weiß,823368,nominative/accusative neuter singular of der: the,white
es ihnen,823164,"Refers to a neuter noun (person, animal, thing or abstract)","dative of sie; them, to them."
hier eine,822696,"here; in this place; refers to an environment one is currently in, or to something within reach",nominative/accusative feminine singular of ein
vor uns,822612,"in front of, ahead of (relative location in space)",accusative/dative of wir: us
um seinen,822466,about,inflection of sein:
nichts als,822270,nothing,"at (approximately) the same moment, when, while, as"
kurz nach,822041,"short, quick, brief","after, past (later in time)"
damit ich,821977,pronominal adverb of mit,I (first person singular nominative (subject) pronoun)
der Dunkelheit,821352,"nominative masculine singular definite article, the",darkness
meine Frau,820910,inflection of meiner:,woman (adult female human)
kurze Zeit,819931,inflection of kurz:,time (as a concept)
bis der,819909,until,"nominative masculine singular definite article, the"
die Haare,819104,nominative/accusative singular feminine of der,"nominative/accusative/genitive plural of Haar ""hair/hairs"""
nachdem die,818687,after (that),nominative/accusative singular feminine of der
man nur,818513,"one, you, they (indefinite pronoun, referring to people at large; construed as a third-person singular)","only, just, merely, simply"
die immer,817948,nominative/accusative singular feminine of der,always
denke ich,817641,inflection of denken:,I (first person singular nominative (subject) pronoun)
der Sohn,817615,"nominative masculine singular definite article, the",son
weg und,817582,away,and
Grund für,816941,"ground, land (usually as someone's property)",describes an abstract directionality towards a person or matter
eine eigene,816573,nominative/accusative feminine singular of ein,inflection of eigen:
auf alle,816094,"[with dative] on, upon (positioned at the top of)",inflection of all (“all”)
ihnen das,816037,"dative of sie; them, to them.",nominative/accusative neuter singular of der: the
die gleichen,815975,nominative/accusative singular feminine of der,"to be like, to equal to, to resemble"
Augen auf,815884,plural of Auge,"[with dative] on, upon (positioned at the top of)"
wie auf,815760,how,"[with dative] on, upon (positioned at the top of)"
das Schicksal,815673,nominative/accusative neuter singular of der: the,"destiny, fate (irresistible power that predetermines events)"
dieser Welt,814952,"this one, this",world
diesem Sinne,814722,masculine/neuter dative singular of dieser,inflection of sinnen:
die Suche,814175,nominative/accusative singular feminine of der,search
die des,813480,nominative/accusative singular feminine of der,genitive masculine/neuter singular of der: the
die aber,813043,nominative/accusative singular feminine of der,but; however; though
du ihn,812719,"you (singular familiar), thou","accusative of er; him, it (masculine, direct object)."
nicht und,812461,"not, non- (negates the meaning of a verb, adjective, or adverb)",and
die Bilder,811969,nominative/accusative singular feminine of der,nominative/accusative/genitive plural of Bild
noch lange,811885,"still, yet (up to and including a given time)","long, for a long time"
bei seiner,811879,"by, near",his (substantival possessive)
waren wir,811865,first/third-person plural preterite of sein: were,we
der öffentlichen,811759,"nominative masculine singular definite article, the",inflection of öffentlich:
Erinnerung an,811725,memory (recall); remembrance,"on, upon, at, in, against"
nach links,811708,"after, past (later in time)",on the left
sind als,811342,first-person plural present of sein,"at (approximately) the same moment, when, while, as"
Verhältnis von,811228,"relation, ratio",from
ist nichts,811228,third-person singular present of sein,nothing
auf dich,811037,"[with dative] on, upon (positioned at the top of)","accusative of du; you, thee (direct object)."
ihr auf,810431,"you, ye (plural, familiar)","[with dative] on, upon (positioned at the top of)"
ich als,810393,I (first person singular nominative (subject) pronoun),"at (approximately) the same moment, when, while, as"
noch am,808811,"still, yet (up to and including a given time)",acronym of Anwendungsmanagement
sie einfach,808579,she; her,easy
die Tränen,808318,nominative/accusative singular feminine of der,"to water (due to irritation, pain, etc.)"
die Analyse,808298,nominative/accusative singular feminine of der,analysis
Informationen über,807932,plural of Information,"[with accusative or dative] above, over (spatially)"
Höhe von,807555,"height, altitude",from
Ergebnisse der,807498,nominative/accusative/genitive plural of Ergebnis,"nominative masculine singular definite article, the"
größer als,807276,comparative degree of groß,"at (approximately) the same moment, when, while, as"
gemacht hatte,807262,past participle of machen,first/third-person singular preterite of haben
ein Zeichen,807222,one,"sign, token (object representing something)"
im Wesentlichen,806907,"initialism of Inoffizieller Mitarbeiter / Inoffizielle Mitarbeiterin (“unofficial collaborator”), an informant in the German Democratic Republic who delivered private information to the Stasi.",genitive singular of Wesentliche
Unterschied zwischen,806841,difference,between
Bundesrepublik Deutschland,806644,federal republic,"Germany (a nation or civilization occupying the country around the Rhine, Elbe, and upper Danube Rivers in Central Europe, taken as a whole under its various governments)"
einer Weile,806479,genitive/dative feminine singular of ein,"while (uncertain duration of time, period of time)"
mit beiden,806381,"with (in the company of, alongside)",inflection of beide:
ich nun,806109,I (first person singular nominative (subject) pronoun),"now, at this moment"
zu schützen,806084,"to, towards (indicates directionality)",to defend; to protect; to shelter; to guard
zeigt die,805941,inflection of zeigen:,nominative/accusative singular feminine of der
im Verlauf,805890,"initialism of Inoffizieller Mitarbeiter / Inoffizielle Mitarbeiterin (“unofficial collaborator”), an informant in the German Democratic Republic who delivered private information to the Stasi.","course (of a border, etc.)"
die kleinen,805849,nominative/accusative singular feminine of der,inflection of klein:
war als,805729,first-person singular preterite of sein: was,"at (approximately) the same moment, when, while, as"
in Abhängigkeit,805068,"[with dative] in, inside, within, at (inside a building)",dependence
fragte der,804837,inflection of fragen:,"nominative masculine singular definite article, the"
ich muß,804577,I (first person singular nominative (subject) pronoun),Formerly standard spelling of muss which was deprecated in the spelling reform (Rechtschreibreform) of 1996.
sich sehr,804568,"Reflexive pronoun of the third person singular or plural: herself, himself, itself, oneself, themselves (in both dative and accusative)",very
das Gericht,804475,nominative/accusative neuter singular of der: the,court (of justice)
des deutschen,804323,genitive masculine/neuter singular of der: the,inflection of deutsch:
Grundlage für,804264,foundation,describes an abstract directionality towards a person or matter
sind diese,804103,first-person plural present of sein,"nominative feminine singular of dieser; ""this"""
als ihr,804075,"at (approximately) the same moment, when, while, as","you, ye (plural, familiar)"
sein würde,803352,forms the present perfect and past perfect tenses of certain verbs,dignity
nicht gleich,803336,"not, non- (negates the meaning of a verb, adjective, or adverb)",equal
Bestimmung der,803029,determination (act of determining or measuring),"nominative masculine singular definite article, the"
eine kurze,802235,nominative/accusative feminine singular of ein,inflection of kurz:
Begriff des,801815,"term, word",genitive masculine/neuter singular of der: the
kommen und,801800,to come; to arrive,and
da diese,801707,there,"nominative feminine singular of dieser; ""this"""
der Grundlage,801253,"nominative masculine singular definite article, the",foundation
der Ferne,801245,"nominative masculine singular definite article, the",distance
auch sein,801218,"also, too, as well (in addition to whatever or whoever has previously been listed)",forms the present perfect and past perfect tenses of certain verbs
zu gelangen,801115,"to, towards (indicates directionality)","to reach, get to, end up in (a place, location)"
des Tages,800866,genitive masculine/neuter singular of der: the,genitive singular of Tag
ja schon,800862,initialism of Junge Alternative für Deutschland.,"already (happening rather early, continuing rather long)"
der verschiedenen,800616,"nominative masculine singular definite article, the",inflection of verschieden:
auf meinen,800458,"[with dative] on, upon (positioned at the top of)","to opine, to think; to believe; to suppose"
es dauerte,799911,"Refers to a neuter noun (person, animal, thing or abstract)",inflection of dauern:
nicht sehen,799860,"not, non- (negates the meaning of a verb, adjective, or adverb)",to see; to have sight
gilt auch,799711,inflection of gelten:,"also, too, as well (in addition to whatever or whoever has previously been listed)"
zu anderen,799634,"to, towards (indicates directionality)",inflection of anderer:
Prinzip der,799533,principle,"nominative masculine singular definite article, the"
jetzt in,798996,"now (at this moment, right now)","[with dative] in, inside, within, at (inside a building)"
du so,798535,"you (singular familiar), thou","so, such, that"
nicht richtig,798422,"not, non- (negates the meaning of a verb, adjective, or adverb)","correct, accurate, right"
ging in,798281,first/third-person singular preterite of gehen,"[with dative] in, inside, within, at (inside a building)"
wir an,798266,we,"on, upon, at, in, against"
nur sehr,798009,"only, just, merely, simply",very
der ist,797983,"nominative masculine singular definite article, the",third-person singular present of sein
keine Angst,797831,feminine nominative/accusative of kein,fear; fright; anxiety
einer Frau,797648,genitive/dative feminine singular of ein,woman (adult female human)
oder des,797480,"Oder (a major river in the Czech Republic, Poland and Germany)",genitive masculine/neuter singular of der: the
nicht besonders,796531,"not, non- (negates the meaning of a verb, adjective, or adverb)","especially, particularly"
hob die,796465,first/third-person singular preterite of heben,nominative/accusative singular feminine of der
hatte ihm,796457,first/third-person singular preterite of haben,"dative of er; him, to him (indirect object); for him (in some cases)."
sein könnte,796182,forms the present perfect and past perfect tenses of certain verbs,first/third-person singular subjunctive II of können
hier ein,796078,"here; in this place; refers to an environment one is currently in, or to something within reach",one
die Richtung,795820,nominative/accusative singular feminine of der,direction
eben nicht,795602,"flat, smooth, even (of a surface)","not, non- (negates the meaning of a verb, adjective, or adverb)"
hier sind,795197,"here; in this place; refers to an environment one is currently in, or to something within reach",first-person plural present of sein
noch weiter,795181,"still, yet (up to and including a given time)",comparative degree of weit
so in,795089,"so, such, that","[with dative] in, inside, within, at (inside a building)"
das Fenster,794899,nominative/accusative neuter singular of der: the,window
der Folge,794658,"nominative masculine singular definite article, the",sequence
kein Problem,794357,no; not a(n); not one; not any,problem
Hälfte des,794272,half; fifty percent of something,genitive masculine/neuter singular of der: the
Liebe und,794074,love (tender feeling of affection),and
nicht glauben,793792,"not, non- (negates the meaning of a verb, adjective, or adverb)",to believe something (to consider true)
doch schon,793772,yes; surely; really; on the contrary,"already (happening rather early, continuing rather long)"
der Gegenwart,793698,"nominative masculine singular definite article, the",the present
was ihm,793697,what,"dative of er; him, to him (indirect object); for him (in some cases)."
noch als,793682,"still, yet (up to and including a given time)","at (approximately) the same moment, when, while, as"
das macht,793503,nominative/accusative neuter singular of der: the,third-person singular present of machen
an meinem,793432,"on, upon, at, in, against",dative masculine/neuter singular of mein
in deren,793167,"[with dative] in, inside, within, at (inside a building)",inflection of der:
er machte,792980,he,inflection of machen:
Berücksichtigung der,792882,"consideration, provision, allowance","nominative masculine singular definite article, the"
nur wenig,792683,"only, just, merely, simply","little, few (a small amount, a small number)"
wir von,792648,we,from
eine Antwort,792087,nominative/accusative feminine singular of ein,answer
zog er,791816,first/third-person singular preterite of ziehen,he
der Dinge,791530,"nominative masculine singular definite article, the",nominative/accusative/genitive plural of Ding
eine Vielzahl,791327,nominative/accusative feminine singular of ein,multitude
Entwicklung von,791280,evolution,from
die Gelegenheit,791185,nominative/accusative singular feminine of der,"opportunity, chance, instance, occasion"
Hälfte der,791119,half; fifty percent of something,"nominative masculine singular definite article, the"
unter Berücksichtigung,790806,under,"consideration, provision, allowance"
Bett und,790634,"bed (piece of furniture, usually flat and soft, for resting or sleeping on; one's place of sleep or rest)",and
auch seine,790236,"also, too, as well (in addition to whatever or whoever has previously been listed)",inflection of seiner:
bei ihnen,790032,"by, near","dative of sie; them, to them."
der Ebene,790014,"nominative masculine singular definite article, the",plain
Hilfe der,789913,"help, aid","nominative masculine singular definite article, the"
in Gedanken,789832,"[with dative] in, inside, within, at (inside a building)",inflection of Gedanke:
sie nichts,789589,she; her,nothing
Weg zum,789415,away,"contraction of zu + dem, literally “to the; for the”"
ein einziges,789368,one,strong/mixed nominative/accusative neuter singular of einzig
das einzige,789224,nominative/accusative neuter singular of der: the,inflection of einzig:
der Kunst,789055,"nominative masculine singular definite article, the",art
sie würden,788995,she; her,plural of Würde
dieses Buch,788746,inflection of dieser:,book (collection of sheets of paper bound together to hinge at one edge; long work fit for publication)
unter Umständen,787846,under,dative plural of Umstand
Journal of,787405,"magazine (non-academic publication, usually heavily illustrated)",
die Regierung,787349,nominative/accusative singular feminine of der,government/administration
der Körper,787320,"nominative masculine singular definite article, the","body (of a person, animal, etc.)"
legte sich,787247,inflection of legen:,"Reflexive pronoun of the third person singular or plural: herself, himself, itself, oneself, themselves (in both dative and accusative)"
heraus und,786427,out of (in the direction of the speaker); out over here; out from there,and
mit jedem,786280,"with (in the company of, alongside)",masculine dative singular of jeder
nicht noch,786104,"not, non- (negates the meaning of a verb, adjective, or adverb)","still, yet (up to and including a given time)"
hier war,786011,"here; in this place; refers to an environment one is currently in, or to something within reach",first-person singular preterite of sein: was
denen man,785971,dative plural of der,"one, you, they (indefinite pronoun, referring to people at large; construed as a third-person singular)"
sich gerade,785964,"Reflexive pronoun of the third person singular or plural: herself, himself, itself, oneself, themselves (in both dative and accusative)",even
to the,785625,,
wollte sich,785590,inflection of wollen:,"Reflexive pronoun of the third person singular or plural: herself, himself, itself, oneself, themselves (in both dative and accusative)"
mich wieder,785507,accusative of ich: me,again; indicates that the action taking place has happened before
war sich,785313,first-person singular preterite of sein: was,"Reflexive pronoun of the third person singular or plural: herself, himself, itself, oneself, themselves (in both dative and accusative)"
der folgenden,785304,"nominative masculine singular definite article, the",inflection of folgend:
wie diese,785138,how,"nominative feminine singular of dieser; ""this"""
ich mache,784944,I (first person singular nominative (subject) pronoun),inflection of machen:
Voraussetzung für,784938,"requirement, prerequisite",describes an abstract directionality towards a person or matter
tun haben,784848,to do (to perform or execute an action),forms the perfect aspect (have)
dem Gedanken,784758,dative masculine/neuter singular of der: the,inflection of Gedanke:
und lächelte,784395,and,inflection of lächeln:
meine Hand,784376,inflection of meiner:,hand
sie damit,784211,she; her,pronominal adverb of mit
nun in,784153,"now, at this moment","[with dative] in, inside, within, at (inside a building)"
gab er,783880,first/third-person singular preterite of geben,he
die Beziehung,783854,nominative/accusative singular feminine of der,"relation, relationship, connection"
also der,783691,"so, therefore","nominative masculine singular definite article, the"
die Brust,783448,nominative/accusative singular feminine of der,chest
sich ganz,782798,"Reflexive pronoun of the third person singular or plural: herself, himself, itself, oneself, themselves (in both dative and accusative)","entire, whole, complete"
seinen Kopf,782518,inflection of sein:,head
seine eigene,782458,inflection of seiner:,inflection of eigen:
die Musik,782340,nominative/accusative singular feminine of der,music
noch heute,782068,"still, yet (up to and including a given time)",today
ist oder,782044,third-person singular present of sein,"Oder (a major river in the Czech Republic, Poland and Germany)"
erinnerte sich,782036,inflection of erinnern:,"Reflexive pronoun of the third person singular or plural: herself, himself, itself, oneself, themselves (in both dative and accusative)"
das man,781719,nominative/accusative neuter singular of der: the,"one, you, they (indefinite pronoun, referring to people at large; construed as a third-person singular)"
der am,781605,"nominative masculine singular definite article, the",acronym of Anwendungsmanagement
der Regierung,780506,"nominative masculine singular definite article, the",government/administration
waren nicht,780418,first/third-person plural preterite of sein: were,"not, non- (negates the meaning of a verb, adjective, or adverb)"
sind das,780328,first-person plural present of sein,nominative/accusative neuter singular of der: the
werden auch,780255,"will, to be going to, forms the future tense","also, too, as well (in addition to whatever or whoever has previously been listed)"
nicht erst,780115,"not, non- (negates the meaning of a verb, adjective, or adverb)","first, at first"
geben Sie,780098,to give (changing ownership),she; her
der menschlichen,780084,"nominative masculine singular definite article, the",inflection of menschlich:
durch und,779967,by means of; by; through,and
schon bei,779952,"already (happening rather early, continuing rather long)","by, near"
nämlich die,779622,"(the) very same, selfsame (as was mentioned or described previously; either the same object by identity, or sometimes just the same in type or appearance)",nominative/accusative singular feminine of der
darauf zu,779210,after (behind; later in time; following),"to, towards (indicates directionality)"
man ein,779200,"one, you, they (indefinite pronoun, referring to people at large; construed as a third-person singular)",one
muss es,778993,first/third-person singular present of müssen,"Refers to a neuter noun (person, animal, thing or abstract)"
eine lange,778907,nominative/accusative feminine singular of ein,"long, for a long time"
auf ihrer,778789,"[with dative] on, upon (positioned at the top of)",genitive of sie: of her
der Meinung,778619,"nominative masculine singular definite article, the",opinion
im Kopf,778545,"initialism of Inoffizieller Mitarbeiter / Inoffizielle Mitarbeiterin (“unofficial collaborator”), an informant in the German Democratic Republic who delivered private information to the Stasi.",head
alle drei,778512,inflection of all (“all”),three (numerical value represented by the Arabic numeral 3; or describing a set with three elements)
sei denn,778329,first-person singular subjunctive I of sein,for; because; since
ist jetzt,778002,third-person singular present of sein,"now (at this moment, right now)"
die Darstellung,777992,nominative/accusative singular feminine of der,exhibition
Anteil der,777933,"share, portion","nominative masculine singular definite article, the"
von selbst,777690,from,"personally, by oneself"
auch andere,777139,"also, too, as well (in addition to whatever or whoever has previously been listed)",inflection of anderer
eine so,777094,nominative/accusative feminine singular of ein,"so, such, that"
sind ein,777007,first-person plural present of sein,one
der noch,776776,"nominative masculine singular definite article, the","still, yet (up to and including a given time)"
einfach so,775680,easy,"so, such, that"
mit Ihnen,775237,"with (in the company of, alongside)","dative of sie; them, to them."
konnte die,774974,first/third-person singular preterite of können,nominative/accusative singular feminine of der
Anlehnung an,774720,dependence (on),"on, upon, at, in, against"
was mir,774626,what,"dative of ich: me, to me"
ja noch,774011,initialism of Junge Alternative für Deutschland.,"still, yet (up to and including a given time)"
die Qualität,773740,nominative/accusative singular feminine of der,"quality (level of excellence, level of being free from defects)"
nicht wissen,773723,"not, non- (negates the meaning of a verb, adjective, or adverb)",to know; to be aware of (a fact)
aber bei,773490,but; however; though,"by, near"
ein Problem,772840,one,problem
richtete sich,772837,inflection of richten:,"Reflexive pronoun of the third person singular or plural: herself, himself, itself, oneself, themselves (in both dative and accusative)"
Verwendung von,772628,"use, usage, application, utilization (function or purpose for which something may be employed)",from
obwohl es,772573,"although, though, while","Refers to a neuter noun (person, animal, thing or abstract)"
also eine,772559,"so, therefore",nominative/accusative feminine singular of ein
der Mitarbeiter,772446,"nominative masculine singular definite article, the","employee (person who works, together with others, in a particular business or institution)"
die Lösung,772107,nominative/accusative singular feminine of der,solution (answer to a riddle or problem)
zurück zu,771871,"back, backward, backwards, to the rear.","to, towards (indicates directionality)"
und während,771644,and,while (at the same time as)
der Organisation,771626,"nominative masculine singular definite article, the","organisation, organization"
hatte mich,771480,first/third-person singular preterite of haben,accusative of ich: me
den Körper,771310,inflection of der (“the”):,"body (of a person, animal, etc.)"
sagte die,771214,inflection of sagen:,nominative/accusative singular feminine of der
von meiner,770802,from,mine (substantival possessive)
wir jetzt,770719,we,"now (at this moment, right now)"
nach draußen,770698,"after, past (later in time)",outside
wir einen,770577,we,accusative masculine singular of ein
sehr wohl,770328,very,"possibly, probably; as I was told (modal particle expressing an assumption, often like English must + infinitive, or (US) guess + clause)"
wer weiß,769833,who (what person or people),white
einmal zu,769648,"once, one time (one and only one time)","to, towards (indicates directionality)"
wieder eine,769399,again; indicates that the action taking place has happened before,nominative/accusative feminine singular of ein
sicher nicht,769137,"safe, secure (not dangerous or in danger)","not, non- (negates the meaning of a verb, adjective, or adverb)"
seit Jahren,769121,since,dative plural of Jahr
Mann in,768865,"man, male human being","[with dative] in, inside, within, at (inside a building)"
selbst als,768281,"personally, by oneself","at (approximately) the same moment, when, while, as"
der bei,768145,"nominative masculine singular definite article, the","by, near"
das aus,767583,nominative/accusative neuter singular of der: the,out
Beziehung zu,767385,"relation, relationship, connection","to, towards (indicates directionality)"
sind mit,767364,first-person plural present of sein,"with (in the company of, alongside)"
an diesen,767055,"on, upon, at, in, against","accusative masculine singular of dieser; ""this"""
ist allerdings,766790,third-person singular present of sein,"but, however"
nicht genug,766547,"not, non- (negates the meaning of a verb, adjective, or adverb)","enough, sufficient, an adequate number or amount of"
den Armen,766118,inflection of der (“the”):,inflection of arm:
kurzer Zeit,766103,inflection of kurz:,time (as a concept)
einen solchen,766088,accusative masculine singular of ein,inflection of solch:
Hand in,766014,hand,"[with dative] in, inside, within, at (inside a building)"
vor ihnen,765679,"in front of, ahead of (relative location in space)","dative of sie; them, to them."
diese beiden,765638,"nominative feminine singular of dieser; ""this""",inflection of beide:
mich für,765253,accusative of ich: me,describes an abstract directionality towards a person or matter
das Konzept,764661,nominative/accusative neuter singular of der: the,"blueprint, draft"
schon von,764432,"already (happening rather early, continuing rather long)",from
das Werk,763865,nominative/accusative neuter singular of der: the,"work, achievement (the result of working)"
zu dir,763844,"to, towards (indicates directionality)","dative of du; you, to you."
wäre sie,763007,first/third-person singular subjunctive II of sein,she; her
der Menschheit,762899,"nominative masculine singular definite article, the","humanity, mankind (human beings at large)"
weil man,762665,"because, given that","one, you, they (indefinite pronoun, referring to people at large; construed as a third-person singular)"
kann aber,762474,first/third-person singular present of können,but; however; though
die Daten,762189,nominative/accusative singular feminine of der,"data, plural of Datum (“piece of information”)"
die damit,762186,nominative/accusative singular feminine of der,pronominal adverb of mit
sie um,761760,she; her,about
gilt es,761647,inflection of gelten:,"Refers to a neuter noun (person, animal, thing or abstract)"
die entsprechenden,761440,nominative/accusative singular feminine of der,inflection of entsprechend:
uns ein,761369,accusative/dative of wir: us,one
aus ihren,761308,out,inflection of ihr:
dem das,761242,dative masculine/neuter singular of der: the,nominative/accusative neuter singular of der: the
zunächst die,761112,"first, first of all, in the first place, to begin with, initially",nominative/accusative singular feminine of der
und vom,761100,and,"contraction of von + dem, literally “from the, of the”"
die Entstehung,761029,nominative/accusative singular feminine of der,creation
eigentlich nicht,760883,Used to frame a statement as being a more (formally) truthful description of the situation in comparison to another claim or assumption,"not, non- (negates the meaning of a verb, adjective, or adverb)"
stand er,760584,first/third-person singular preterite of stehen,he
das Beste,760508,nominative/accusative neuter singular of der: the,inflection of gut:
neben mir,760312,"next to, beside, alongside, adjacent to, near, near to","dative of ich: me, to me"
Überblick über,760204,"overview; bird's-eye view; big picture (view of the entirety, both literally and figuratively)","[with accusative or dative] above, over (spatially)"
jetzt die,760117,"now (at this moment, right now)",nominative/accusative singular feminine of der
ich keine,759896,I (first person singular nominative (subject) pronoun),feminine nominative/accusative of kein
halbe Stunde,759852,inflection of halb:,hour (unit of time consisting of 60 minutes)
hatte in,759808,first/third-person singular preterite of haben,"[with dative] in, inside, within, at (inside a building)"
das konnte,759565,nominative/accusative neuter singular of der: the,first/third-person singular preterite of können
zu spielen,759383,"to, towards (indicates directionality)",to play (engage in some activity for fun or entertainment)
so werden,759150,"so, such, that","will, to be going to, forms the future tense"
zu lernen,759118,"to, towards (indicates directionality)","to learn, to acquire knowledge"
Antwort auf,759077,answer,"[with dative] on, upon (positioned at the top of)"
die nächsten,758911,nominative/accusative singular feminine of der,superlative degree of nah
sich erst,758850,"Reflexive pronoun of the third person singular or plural: herself, himself, itself, oneself, themselves (in both dative and accusative)","first, at first"
für jede,758561,describes an abstract directionality towards a person or matter,inflection of jeder:
dieses Mal,758375,inflection of dieser:,times (indicating multiplication of two numbers)
für andere,758230,describes an abstract directionality towards a person or matter,inflection of anderer
immer mit,757772,always,"with (in the company of, alongside)"
sondern als,757293,"rather, but (instead).","at (approximately) the same moment, when, while, as"
der mir,757288,"nominative masculine singular definite article, the","dative of ich: me, to me"
sie wurde,757191,she; her,first/third-person singular preterite of werden
bereits die,757134,already,nominative/accusative singular feminine of der
ich am,756940,I (first person singular nominative (subject) pronoun),acronym of Anwendungsmanagement
die Zähne,756826,nominative/accusative singular feminine of der,nominative/accusative/genitive plural of Zahn
nicht weit,756814,"not, non- (negates the meaning of a verb, adjective, or adverb)",wide
hörte ich,756748,inflection of hören:,I (first person singular nominative (subject) pronoun)
im gleichen,756668,"initialism of Inoffizieller Mitarbeiter / Inoffizielle Mitarbeiterin (“unofficial collaborator”), an informant in the German Democratic Republic who delivered private information to the Stasi.","to be like, to equal to, to resemble"
gemacht hat,756509,past participle of machen,third-person singular present of haben
Vielzahl von,755998,multitude,from
und schlug,755884,and,first/third-person singular preterite of schlagen
sagt sie,755859,inflection of sagen:,she; her
der ihr,755446,"nominative masculine singular definite article, the","you, ye (plural, familiar)"
dem Moment,754851,dative masculine/neuter singular of der: the,moment
uns an,754748,accusative/dative of wir: us,"on, upon, at, in, against"
Problem der,754456,problem,"nominative masculine singular definite article, the"
machen wir,754270,"to make, to produce, to create (an object, arrangement, situation, etc.)",we
über meine,754067,"[with accusative or dative] above, over (spatially)",inflection of meiner:
ist da,753852,third-person singular present of sein,there
die Person,753747,nominative/accusative singular feminine of der,"person, individual"
dem Namen,753515,dative masculine/neuter singular of der: the,alternative form of Name
wir zu,753419,we,"to, towards (indicates directionality)"
der Reihe,753166,"nominative masculine singular definite article, the",row
den gleichen,752887,inflection of der (“the”):,"to be like, to equal to, to resemble"
der ganze,752478,"nominative masculine singular definite article, the",inflection of ganz:
wissen und,752234,to know; to be aware of (a fact),and
und seinem,751647,and,dative masculine/neuter singular of sein
sein Herz,751595,forms the present perfect and past perfect tenses of certain verbs,heart
sich vom,751522,"Reflexive pronoun of the third person singular or plural: herself, himself, itself, oneself, themselves (in both dative and accusative)","contraction of von + dem, literally “from the, of the”"
zu spüren,751492,"to, towards (indicates directionality)","to sense, to detect, to perceive"
berücksichtigt werden,751023,past participle of berücksichtigen - considered,"will, to be going to, forms the future tense"
viele Menschen,751019,inflection of viel:,accusative/dative/genitive singular of Mensch
denen ich,750632,dative plural of der,I (first person singular nominative (subject) pronoun)
den wir,750571,inflection of der (“the”):,we
doch als,749885,yes; surely; really; on the contrary,"at (approximately) the same moment, when, while, as"
oder sich,749610,"Oder (a major river in the Czech Republic, Poland and Germany)","Reflexive pronoun of the third person singular or plural: herself, himself, itself, oneself, themselves (in both dative and accusative)"
ließ ihn,748890,first/third-person singular preterite of lassen,"accusative of er; him, it (masculine, direct object)."
ich nichts,748627,I (first person singular nominative (subject) pronoun),nothing
der Blick,748491,"nominative masculine singular definite article, the","glance, look"
dem großen,747625,dative masculine/neuter singular of der: the,inflection of groß:
erst dann,747246,"first, at first","then, after that"
einige der,746913,inflection of einig:,"nominative masculine singular definite article, the"
ihn ein,746830,"accusative of er; him, it (masculine, direct object).",one
er etwas,746513,he,something
in Wien,746103,"[with dative] in, inside, within, at (inside a building)",Vienna (the capital city of Austria)
da nicht,746083,there,"not, non- (negates the meaning of a verb, adjective, or adverb)"
on the,745909,clipping of online,
ein Leben,745862,one,"to live, to be alive"
über ihren,745696,"[with accusative or dative] above, over (spatially)",inflection of ihr:
ich euch,745217,I (first person singular nominative (subject) pronoun),"accusative and dative of ihr; you, yourselves"
oder bei,745155,"Oder (a major river in the Czech Republic, Poland and Germany)","by, near"
ihm mit,745112,"dative of er; him, to him (indirect object); for him (in some cases).","with (in the company of, alongside)"
hier wird,745019,"here; in this place; refers to an environment one is currently in, or to something within reach",third-person singular present of werden
Gruppe von,745013,group,from
betrachtet werden,744887,past participle of betrachten,"will, to be going to, forms the future tense"
sollte sich,744866,inflection of sollen:,"Reflexive pronoun of the third person singular or plural: herself, himself, itself, oneself, themselves (in both dative and accusative)"
den Worten,744694,inflection of der (“the”):,dative plural of Wort
nicht allzu,744576,"not, non- (negates the meaning of a verb, adjective, or adverb)",all too
es gut,744556,"Refers to a neuter noun (person, animal, thing or abstract)","good (acting in the interest of what is beneficial, ethical, or moral)"
immer auf,744555,always,"[with dative] on, upon (positioned at the top of)"
sie sollten,744511,she; her,inflection of sollen:
haben es,744285,forms the perfect aspect (have),"Refers to a neuter noun (person, animal, thing or abstract)"
Welt zu,744260,world,"to, towards (indicates directionality)"
wir ein,744162,we,one
das muss,743490,nominative/accusative neuter singular of der: the,first/third-person singular present of müssen
immer weiter,743270,always,comparative degree of weit
wird bei,743177,third-person singular present of werden,"by, near"
zu dürfen,743120,"to, towards (indicates directionality)",to be allowed (to do something); to be permitted (to do something); may
ich bitte,743118,I (first person singular nominative (subject) pronoun),"please, if you please (used to make a polite request or affirm an offer)"
die Decke,743071,nominative/accusative singular feminine of der,"present first-person singular of decken ""I cover"""
und wartete,743066,and,inflection of warten:
sondern ein,743048,"rather, but (instead).",one
kommst du,742893,second-person singular present of kommen,"you (singular familiar), thou"
der modernen,742803,"nominative masculine singular definite article, the",inflection of modern:
ihr Mann,742608,"you, ye (plural, familiar)","man, male human being"
die eigenen,742075,nominative/accusative singular feminine of der,inflection of eigen:
wie zum,742003,how,"contraction of zu + dem, literally “to the; for the”"
sie wirklich,741590,she; her,real
zu fassen,740966,"to, towards (indicates directionality)","to gird, to surround, to confine into a form"
verstanden werden,740743,past participle of verstehen,"will, to be going to, forms the future tense"
richtet sich,740659,inflection of richten:,"Reflexive pronoun of the third person singular or plural: herself, himself, itself, oneself, themselves (in both dative and accusative)"
deutete auf,740592,inflection of deuten:,"[with dative] on, upon (positioned at the top of)"
mein Freund,740560,my,friend
als dass,740543,"at (approximately) the same moment, when, while, as",that
im ganzen,740340,"initialism of Inoffizieller Mitarbeiter / Inoffizielle Mitarbeiterin (“unofficial collaborator”), an informant in the German Democratic Republic who delivered private information to the Stasi.",inflection of ganz:
nicht schon,740297,"not, non- (negates the meaning of a verb, adjective, or adverb)","already (happening rather early, continuing rather long)"
die beste,739789,nominative/accusative singular feminine of der,inflection of gut:
bei seinem,739656,"by, near",dative masculine/neuter singular of sein
sie ganz,739622,she; her,"entire, whole, complete"
die Chance,739364,nominative/accusative singular feminine of der,chance
du siehst,739002,"you (singular familiar), thou",second-person singular present of sehen
der Geburt,738732,"nominative masculine singular definite article, the",birth
die Ursache,738526,nominative/accusative singular feminine of der,cause (source or reason of an event or action)
ihr eine,738418,"you, ye (plural, familiar)",nominative/accusative feminine singular of ein
der Autor,738077,"nominative masculine singular definite article, the",author
damit das,737978,pronominal adverb of mit,nominative/accusative neuter singular of der: the
der Hoffnung,737558,"nominative masculine singular definite article, the","hope, the belief or expectation that something wished for can or will really happen."
das Spiel,737241,nominative/accusative neuter singular of der: the,singular imperative of spielen
zu Fuß,737077,"to, towards (indicates directionality)",foot (body part)
wie soll,737019,how,debit
hat uns,736442,third-person singular present of haben,accusative/dative of wir: us
was passiert,736310,what,past participle of passieren
sich dort,736298,"Reflexive pronoun of the third person singular or plural: herself, himself, itself, oneself, themselves (in both dative and accusative)","there, yonder"
ob wir,736288,"Introduces an indirect question, a doubt. if, whether.",we
mehr die,736178,something more,nominative/accusative singular feminine of der
Weg zur,736134,away,"contraction of zu + der, literally “to the (feminine)”"
machst du,735936,second-person singular present of machen,"you (singular familiar), thou"
das Meer,735852,nominative/accusative neuter singular of der: the,sea
mitten im,735839,In the middle.,"initialism of Inoffizieller Mitarbeiter / Inoffizielle Mitarbeiterin (“unofficial collaborator”), an informant in the German Democratic Republic who delivered private information to the Stasi."
nach dieser,735785,"after, past (later in time)","this one, this"
die politische,735594,nominative/accusative singular feminine of der,inflection of politisch:
einiger Zeit,735178,inflection of einig:,time (as a concept)
auf Basis,735118,"[with dative] on, upon (positioned at the top of)","basis (foundation, principle)"
das eigene,734789,nominative/accusative neuter singular of der: the,inflection of eigen:
der Wohnung,734772,"nominative masculine singular definite article, the",domicile; dwelling; lodging; abode; accommodation (any place someone lives in for a span of time longer than a holiday)
sollen wir,734640,should; to be obligated (to do something); ought; shall,we
ehe er,734494,marriage (state of being married; life as a married couple),he
der Anteil,733971,"nominative masculine singular definite article, the","share, portion"
des Herrn,733949,genitive masculine/neuter singular of der: the,genitive/dative/accusative singular of Herr
der Höhe,733630,"nominative masculine singular definite article, the","height, altitude"
den drei,733565,inflection of der (“the”):,three (numerical value represented by the Arabic numeral 3; or describing a set with three elements)
nach diesem,733489,"after, past (later in time)",masculine/neuter dative singular of dieser
sehen und,733054,to see; to have sight,and
ich ging,732904,I (first person singular nominative (subject) pronoun),first/third-person singular preterite of gehen
mal ein,732697,times (indicating multiplication of two numbers),one
und kein,732510,and,no; not a(n); not one; not any
so leicht,732317,"so, such, that",light (not heavy)
die du,732064,nominative/accusative singular feminine of der,"you (singular familiar), thou"
allein die,731897,alone,nominative/accusative singular feminine of der
sie gerade,731423,she; her,even
und schob,731311,and,first/third-person singular preterite of schieben
für dieses,731243,describes an abstract directionality towards a person or matter,inflection of dieser:
und drehte,730740,and,inflection of drehen:
Zeitpunkt der,730541,"moment (instant of time), point in time, a timepoint","nominative masculine singular definite article, the"
wo das,730322,where (at what place),nominative/accusative neuter singular of der: the
noch einige,730213,"still, yet (up to and including a given time)",inflection of einig:
jedoch auch,730200,"however, yet, nevertheless","also, too, as well (in addition to whatever or whoever has previously been listed)"
die Kunst,730144,nominative/accusative singular feminine of der,art
meinte er,729897,inflection of meinen:,he
der Haut,729810,"nominative masculine singular definite article, the",inflection of hauen:
hat ihn,729621,third-person singular present of haben,"accusative of er; him, it (masculine, direct object)."
stellen Sie,729417,"causative of stehen: to put, place, position (someone or something) such that it stands upright",she; her
der Untersuchung,729163,"nominative masculine singular definite article, the","examination, investigation"
Einführung in,729045,introduction,"[with dative] in, inside, within, at (inside a building)"
so schön,728757,"so, such, that","beautiful, lovely, pretty, handsome"
wurde im,728370,first/third-person singular preterite of werden,"initialism of Inoffizieller Mitarbeiter / Inoffizielle Mitarbeiterin (“unofficial collaborator”), an informant in the German Democratic Republic who delivered private information to the Stasi."
so können,728242,"so, such, that","to be able (to do or be something), to have the possibility of, can."
neben ihr,728065,"next to, beside, alongside, adjacent to, near, near to","you, ye (plural, familiar)"
sie nie,727597,she; her,"never, never at all (referring to an indefinite period of time)"
einer Art,727531,genitive/dative feminine singular of ein,"kind, sort, type"
den Hof,727473,inflection of der (“the”):,"yard, court, courtyard (open area by a house or enclosed by houses)"
wir sehen,727434,we,to see; to have sight
in deinem,727367,"[with dative] in, inside, within, at (inside a building)",dative masculine/neuter singular of dein
im Hintergrund,727004,"initialism of Inoffizieller Mitarbeiter / Inoffizielle Mitarbeiterin (“unofficial collaborator”), an informant in the German Democratic Republic who delivered private information to the Stasi.",background
meine Eltern,726954,inflection of meiner:,parents
genau so,726698,exact,"so, such, that"
zu glauben,726587,"to, towards (indicates directionality)",to believe something (to consider true)
nicht da,726259,"not, non- (negates the meaning of a verb, adjective, or adverb)",there
zu denen,726234,"to, towards (indicates directionality)",dative plural of der
so stark,725645,"so, such, that","strong (intense, powerful, unyielding)"
von Gott,725354,from,god
ließ den,725346,first/third-person singular preterite of lassen,inflection of der (“the”):
ganz so,725168,"entire, whole, complete","so, such, that"
dir die,725105,"dative of du; you, to you.",nominative/accusative singular feminine of der
steht die,724856,inflection of stehen:,nominative/accusative singular feminine of der
Liebe zu,724735,love (tender feeling of affection),"to, towards (indicates directionality)"
habe ihn,724590,inflection of haben:,"accusative of er; him, it (masculine, direct object)."
der Bank,724506,"nominative masculine singular definite article, the",bench (which people sit on); pew
Zeit des,724280,time (as a concept),genitive masculine/neuter singular of der: the
in London,724234,"[with dative] in, inside, within, at (inside a building)","London (the capital city of the United Kingdom; the capital city of England, within Greater London)"
ich denn,723799,I (first person singular nominative (subject) pronoun),for; because; since
erst als,723745,"first, at first","at (approximately) the same moment, when, while, as"
als du,723351,"at (approximately) the same moment, when, while, as","you (singular familiar), thou"
der allgemeinen,723100,"nominative masculine singular definite article, the",inflection of allgemein:
leider nicht,723027,unfortunately,"not, non- (negates the meaning of a verb, adjective, or adverb)"
zu öffnen,723019,"to, towards (indicates directionality)",to open (to make something accessible or allow for passage by moving from a shut position)
als einer,722758,"at (approximately) the same moment, when, while, as",genitive/dative feminine singular of ein
der Tatsache,722740,"nominative masculine singular definite article, the",fact (a true observation)
mir der,722669,"dative of ich: me, to me","nominative masculine singular definite article, the"
Sinne von,722512,inflection of sinnen:,from
der Tasche,722445,"nominative masculine singular definite article, the",bag
direkt in,722382,"direct, straight, without deviation or interruption","[with dative] in, inside, within, at (inside a building)"
indem man,722379,by (indicates a means),"one, you, they (indefinite pronoun, referring to people at large; construed as a third-person singular)"
dann das,722376,"then, after that",nominative/accusative neuter singular of der: the
ist an,722197,third-person singular present of sein,"on, upon, at, in, against"
zu fahren,722057,"to, towards (indicates directionality)",to go at speed
Anwendung der,721766,"application, usage, utilization","nominative masculine singular definite article, the"
haben eine,721696,forms the perfect aspect (have),nominative/accusative feminine singular of ein
als man,721454,"at (approximately) the same moment, when, while, as","one, you, they (indefinite pronoun, referring to people at large; construed as a third-person singular)"
ein so,720806,one,"so, such, that"
jedoch nur,720743,"however, yet, nevertheless","only, just, merely, simply"
so auch,720659,"so, such, that","also, too, as well (in addition to whatever or whoever has previously been listed)"
sich ab,720043,"Reflexive pronoun of the third person singular or plural: herself, himself, itself, oneself, themselves (in both dative and accusative)",beginning at that time or location; from
da sind,719812,there,first-person plural present of sein
mir vor,719504,"dative of ich: me, to me","in front of, ahead of (relative location in space)"
für viele,719449,describes an abstract directionality towards a person or matter,inflection of viel:
unter einer,719370,under,genitive/dative feminine singular of ein
während sich,719359,while (at the same time as),"Reflexive pronoun of the third person singular or plural: herself, himself, itself, oneself, themselves (in both dative and accusative)"
genutzt werden,719319,past participle of nutzen,"will, to be going to, forms the future tense"
auch heute,719183,"also, too, as well (in addition to whatever or whoever has previously been listed)",today
einmal ein,719113,"once, one time (one and only one time)",one
es einfach,718929,"Refers to a neuter noun (person, animal, thing or abstract)",easy
mehr mit,718823,something more,"with (in the company of, alongside)"
sind hier,718771,first-person plural present of sein,"here; in this place; refers to an environment one is currently in, or to something within reach"
das Jahr,718732,nominative/accusative neuter singular of der: the,"year (solar year, the time it takes the Earth to complete one orbit of the Sun)"
Beispiel der,718586,example,"nominative masculine singular definite article, the"
sich hinter,718539,"Reflexive pronoun of the third person singular or plural: herself, himself, itself, oneself, themselves (in both dative and accusative)","behind, after"
dieser Art,718435,"this one, this","kind, sort, type"
im Zentrum,718065,"initialism of Inoffizieller Mitarbeiter / Inoffizielle Mitarbeiterin (“unofficial collaborator”), an informant in the German Democratic Republic who delivered private information to the Stasi.","center, centre"
sie wohl,718000,she; her,"possibly, probably; as I was told (modal particle expressing an assumption, often like English must + infinitive, or (US) guess + clause)"
eine zweite,717859,nominative/accusative feminine singular of ein,second
für unsere,717717,describes an abstract directionality towards a person or matter,inflection of unser
ich etwas,717575,I (first person singular nominative (subject) pronoun),something
das denn,717211,nominative/accusative neuter singular of der: the,for; because; since
auf meinem,717200,"[with dative] on, upon (positioned at the top of)",dative masculine/neuter singular of mein
alles ist,716897,everything; all,third-person singular present of sein
aber immer,716579,but; however; though,always
im Augenblick,716548,"initialism of Inoffizieller Mitarbeiter / Inoffizielle Mitarbeiterin (“unofficial collaborator”), an informant in the German Democratic Republic who delivered private information to the Stasi.","moment, instant, blink of an eye (very short period of time)"
dem wir,716443,dative masculine/neuter singular of der: the,we
Verhältnis zu,716315,"relation, ratio","to, towards (indicates directionality)"
keine Rolle,716180,feminine nominative/accusative of kein,"roll, reel, spool"
zu erfahren,715878,"to, towards (indicates directionality)","to find out, learn, to come to know"
zu legen,715733,"to, towards (indicates directionality)","causative of liegen: to lay; to put, place, position (someone or something) such that it afterwards lies"
Boden und,715336,"ground, soil",and
dabei nicht,715322,"pronominal adverb of bei (replaces bei + demonstrative or personal pronoun, unless referring to people)","not, non- (negates the meaning of a verb, adjective, or adverb)"
weg von,715230,away,from
machte er,715157,inflection of machen:,he
keine Antwort,715048,feminine nominative/accusative of kein,answer
sind aber,714941,first-person plural present of sein,but; however; though
wird hier,714251,third-person singular present of werden,"here; in this place; refers to an environment one is currently in, or to something within reach"
es kaum,714068,"Refers to a neuter noun (person, animal, thing or abstract)","barely, hardly (qualifying verbs or adjectives)"
gehen Sie,713706,"to go, to walk",she; her
der vorliegenden,713367,"nominative masculine singular definite article, the",inflection of vorliegend:
ein Glas,713116,one,glass
in Anlehnung,712981,"[with dative] in, inside, within, at (inside a building)",dependence (on)
warf einen,712809,first/third-person singular preterite of werfen,accusative masculine singular of ein
Anfang der,712668,"start, beginning, origin (spatially or temporally)","nominative masculine singular definite article, the"
nur zwei,712531,"only, just, merely, simply",two (numerical value represented by the Arabic numeral 2; or describing a set with two components)
sehen wir,712455,to see; to have sight,we
den Fingern,712278,inflection of der (“the”):,dative plural of Finger
Abhängigkeit von,712207,dependence,from
erst recht,712149,"first, at first","right, right-hand (direction)"
des Gesetzes,712086,genitive masculine/neuter singular of der: the,genitive singular of Gesetz
finde ich,711799,inflection of finden:,I (first person singular nominative (subject) pronoun)
leicht zu,711781,light (not heavy),"to, towards (indicates directionality)"
des Körpers,711703,genitive masculine/neuter singular of der: the,genitive singular of Körper
Fall der,711644,singular imperative of fallen,"nominative masculine singular definite article, the"
kaum zu,711459,"barely, hardly (qualifying verbs or adjectives)","to, towards (indicates directionality)"
eine Woche,711165,nominative/accusative feminine singular of ein,"week (period of seven days counting from Monday to Sunday, or from Sunday to Saturday)"
Gefühl der,710878,feeling (either physical sensation or emotion),"nominative masculine singular definite article, the"
anderes als,710876,strong/mixed nominative/accusative neuter singular of anderer,"at (approximately) the same moment, when, while, as"
aber zu,710656,but; however; though,"to, towards (indicates directionality)"
dem Titel,710556,dative masculine/neuter singular of der: the,inflection of titeln:
der dem,710522,"nominative masculine singular definite article, the",dative masculine/neuter singular of der: the
mich nur,710459,accusative of ich: me,"only, just, merely, simply"
dich in,710301,"accusative of du; you, thee (direct object).","[with dative] in, inside, within, at (inside a building)"
dann ein,710256,"then, after that",one
und bis,710089,and,until
Recht auf,710050,"right, right-hand (direction)","[with dative] on, upon (positioned at the top of)"
vielleicht sogar,710041,"perhaps, maybe","even, actually, in fact"
ein Ende,709866,one,"end, finish"
bewegte sich,709838,inflection of bewegt:,"Reflexive pronoun of the third person singular or plural: herself, himself, itself, oneself, themselves (in both dative and accusative)"
ihn der,709518,"accusative of er; him, it (masculine, direct object).","nominative masculine singular definite article, the"
sie nahm,709428,she; her,first/third-person singular preterite of nehmen
ein Gefühl,709414,one,feeling (either physical sensation or emotion)
und natürlich,709326,and,"natural, normal"
man ihm,709276,"one, you, they (indefinite pronoun, referring to people at large; construed as a third-person singular)","dative of er; him, to him (indirect object); for him (in some cases)."
ganz einfach,708813,"entire, whole, complete",easy
Meinung nach,708809,opinion,"after, past (later in time)"
in Ihrem,708809,"[with dative] in, inside, within, at (inside a building)","dative masculine/neuter singular of ihr: her, its, their (referring to a masculine or neuter object in the dative case)"
dem Mann,708738,dative masculine/neuter singular of der: the,"man, male human being"
im Winter,708520,"initialism of Inoffizieller Mitarbeiter / Inoffizielle Mitarbeiterin (“unofficial collaborator”), an informant in the German Democratic Republic who delivered private information to the Stasi.",winter
wir gehen,708434,we,"to go, to walk"
eine oder,708366,nominative/accusative feminine singular of ein,"Oder (a major river in the Czech Republic, Poland and Germany)"
macht und,708354,third-person singular present of machen,and
noch gar,708283,"still, yet (up to and including a given time)","cooked, done (of food such as meat or vegetables: ready for consumption)"
und blieb,708280,and,first/third-person singular preterite of bleiben
den jeweiligen,708238,inflection of der (“the”):,inflection of jeweilig:
da wir,707730,there,we
hatte schon,707380,first/third-person singular preterite of haben,"already (happening rather early, continuing rather long)"
ich fühle,707287,I (first person singular nominative (subject) pronoun),inflection of fühlen:
Mangel an,706138,"lack, shortage (the condition of having an insufficient amount of a resource, or none at all)","on, upon, at, in, against"
Rahmen einer,706123,"frame, scope",genitive/dative feminine singular of ein
fest und,706092,firm; compact; hard,and
von vornherein,706068,from,only used in von vornherein
im Mittelpunkt,705954,"initialism of Inoffizieller Mitarbeiter / Inoffizielle Mitarbeiterin (“unofficial collaborator”), an informant in the German Democratic Republic who delivered private information to the Stasi.",centre
sie dort,705930,she; her,"there, yonder"
nehmen und,705612,to take (something into one's possession or on one's body),and
sein soll,705579,forms the present perfect and past perfect tenses of certain verbs,debit
wusste ich,705135,first/third-person singular preterite of wissen,I (first person singular nominative (subject) pronoun)
und dieses,704950,and,inflection of dieser:
sind der,704822,first-person plural present of sein,"nominative masculine singular definite article, the"
es keinen,704748,"Refers to a neuter noun (person, animal, thing or abstract)",accusative masculine of kein
bei ihrer,704702,"by, near",genitive of sie: of her
habe das,704283,inflection of haben:,nominative/accusative neuter singular of der: the
du schon,704226,"you (singular familiar), thou","already (happening rather early, continuing rather long)"
sie erst,703972,she; her,"first, at first"
und wandte,703939,and,first/third-person singular preterite of wenden
mir war,703866,"dative of ich: me, to me",first-person singular preterite of sein: was
die Grundlage,703666,nominative/accusative singular feminine of der,foundation
der Wissenschaft,703481,"nominative masculine singular definite article, the",science (a branch of knowledge or academic discipline dealing with a systematic body of facts or truths)
die Praxis,703178,nominative/accusative singular feminine of der,"practice, experience"
der Politik,702714,"nominative masculine singular definite article, the",politics (profession of conducting political affairs)
der Rest,702606,"nominative masculine singular definite article, the","rest, remainder, remnant"
Bedeutung für,702429,"meaning, sense",describes an abstract directionality towards a person or matter
ihre eigene,701925,inflection of ihr:,inflection of eigen:
zu erfüllen,701484,"to, towards (indicates directionality)",to fill (with something physical or abstract)
der Eltern,701471,"nominative masculine singular definite article, the",parents
aber den,701373,but; however; though,inflection of der (“the”):
zu weit,701280,"to, towards (indicates directionality)",wide
kam der,701134,first/third-person singular preterite of kommen,"nominative masculine singular definite article, the"
wie alle,700958,how,inflection of all (“all”)
Nähe des,700908,"nearness, closeness",genitive masculine/neuter singular of der: the
eine Person,700537,nominative/accusative feminine singular of ein,"person, individual"
zehn Minuten,700481,ten (numerical value represented in Arabic numerals as 10),plural of Minute
die alle,700222,nominative/accusative singular feminine of der,inflection of all (“all”)
die Deutsche,699730,nominative/accusative singular feminine of der,inflection of deutsch:
hörte er,699388,inflection of hören:,he
vor diesem,699219,"in front of, ahead of (relative location in space)",masculine/neuter dative singular of dieser
ist zwar,699148,third-person singular present of sein,"Signals a following contrary clause, which is usually introduced with aber (“but”), stressing that the speaker is aware of the contradiction, but that it does not invalidate the statement."
mit großer,699063,"with (in the company of, alongside)",inflection of groß:
alle diese,698930,inflection of all (“all”),"nominative feminine singular of dieser; ""this"""
das Bett,698639,nominative/accusative neuter singular of der: the,"bed (piece of furniture, usually flat and soft, for resting or sleeping on; one's place of sleep or rest)"
sondern eine,698634,"rather, but (instead).",nominative/accusative feminine singular of ein
über seinen,698553,"[with accusative or dative] above, over (spatially)",inflection of sein:
Arm und,698363,poor (having little money),and
wurden von,698316,first/third-person plural preterite of werden,from
am Rande,698081,acronym of Anwendungsmanagement,beetroot
oder sogar,698064,"Oder (a major river in the Czech Republic, Poland and Germany)","even, actually, in fact"
ist dieser,697207,third-person singular present of sein,"this one, this"
andere als,696844,inflection of anderer,"at (approximately) the same moment, when, while, as"
der Wahl,696603,"nominative masculine singular definite article, the","choice, selection"
nur selten,696582,"only, just, merely, simply","rare, infrequent, uncommon, scarce"
die Einführung,696077,nominative/accusative singular feminine of der,introduction
seine Lippen,695694,inflection of seiner:,plural of Lippe
meinem Leben,695581,dative masculine/neuter singular of mein,"to live, to be alive"
das an,695577,nominative/accusative neuter singular of der: the,"on, upon, at, in, against"
als seine,695342,"at (approximately) the same moment, when, while, as",inflection of seiner:
sind von,695231,first-person plural present of sein,from
ihn aus,695095,"accusative of er; him, it (masculine, direct object).",out
im Garten,694761,"initialism of Inoffizieller Mitarbeiter / Inoffizielle Mitarbeiterin (“unofficial collaborator”), an informant in the German Democratic Republic who delivered private information to the Stasi.","garden, yard (grounds at the front or back of a house)"
dann der,694707,"then, after that","nominative masculine singular definite article, the"
des Weiteren,694632,genitive masculine/neuter singular of der: the,inflection of weit:
oder einem,694627,"Oder (a major river in the Czech Republic, Poland and Germany)",dative masculine/neuter singular of ein
nicht vergessen,694596,"not, non- (negates the meaning of a verb, adjective, or adverb)",to forget (lose remembrance of)
die ihnen,694493,nominative/accusative singular feminine of der,"dative of sie; them, to them."
Sicht der,694485,view,"nominative masculine singular definite article, the"
aus diesen,694121,out,"accusative masculine singular of dieser; ""this"""
immer eine,693706,always,nominative/accusative feminine singular of ein
zum Ende,693580,"contraction of zu + dem, literally “to the; for the”","end, finish"
Luft und,693524,"air, atmosphere",and
dies war,693517,alternative form of dieses,first-person singular preterite of sein: was
jetzt auch,693509,"now (at this moment, right now)","also, too, as well (in addition to whatever or whoever has previously been listed)"
Weg nach,693364,away,"after, past (later in time)"
das Prinzip,693174,nominative/accusative neuter singular of der: the,principle
jetzt schon,693065,"now (at this moment, right now)","already (happening rather early, continuing rather long)"
ein Buch,692911,one,book (collection of sheets of paper bound together to hinge at one edge; long work fit for publication)
werden nicht,692851,"will, to be going to, forms the future tense","not, non- (negates the meaning of a verb, adjective, or adverb)"
mir doch,692842,"dative of ich: me, to me",yes; surely; really; on the contrary
mich die,692697,accusative of ich: me,nominative/accusative singular feminine of der
im Zimmer,692429,"initialism of Inoffizieller Mitarbeiter / Inoffizielle Mitarbeiterin (“unofficial collaborator”), an informant in the German Democratic Republic who delivered private information to the Stasi.","room (separate part of a building, enclosed by walls, a floor and a ceiling)"
die Erfahrung,692424,nominative/accusative singular feminine of der,experience (event through which empirical knowledge is gained)
ich da,692382,I (first person singular nominative (subject) pronoun),there
darf nicht,692311,first/third-person present of dürfen,"not, non- (negates the meaning of a verb, adjective, or adverb)"
ist aus,692239,third-person singular present of sein,out
er muss,692098,he,first/third-person singular present of müssen
sie bereits,691956,she; her,already
vor seinem,691924,"in front of, ahead of (relative location in space)",dative masculine/neuter singular of sein
hatte auch,691493,first/third-person singular preterite of haben,"also, too, as well (in addition to whatever or whoever has previously been listed)"
wie oft,691298,how,often
den Einsatz,691163,inflection of der (“the”):,"something inserted, inset, inlay, compartment"
das nächste,690871,nominative/accusative neuter singular of der: the,inflection of nah:
Tisch und,690664,table (a piece of furniture with a relatively deep surface at roughly waist or knee level); specific uses include:,and
ist etwas,690509,third-person singular present of sein,something
zwei Tage,690349,two (numerical value represented by the Arabic numeral 2; or describing a set with two components),inflection of Tag:
im Verhältnis,690197,"initialism of Inoffizieller Mitarbeiter / Inoffizielle Mitarbeiterin (“unofficial collaborator”), an informant in the German Democratic Republic who delivered private information to the Stasi.","relation, ratio"
innerhalb eines,689856,"within, inside (of)",genitive masculine/neuter singular of ein
dem Jahr,689848,dative masculine/neuter singular of der: the,"year (solar year, the time it takes the Earth to complete one orbit of the Sun)"
machte eine,689581,inflection of machen:,nominative/accusative feminine singular of ein
und zeigte,689520,and,inflection of zeigen:
bis an,689115,until,"on, upon, at, in, against"
nicht genau,688505,"not, non- (negates the meaning of a verb, adjective, or adverb)",exact
auch ihre,688259,"also, too, as well (in addition to whatever or whoever has previously been listed)",inflection of ihr:
des Krieges,687968,genitive masculine/neuter singular of der: the,genitive singular of Krieg
zu stehen,687736,"to, towards (indicates directionality)","to stand (to be upright, support oneself in an erect position)"
mit Ausnahme,687686,"with (in the company of, alongside)",exception
sie sagte,687680,she; her,inflection of sagen:
und hob,687446,and,first/third-person singular preterite of heben
hätte sich,687243,first/third-person singular subjunctive II of haben,"Reflexive pronoun of the third person singular or plural: herself, himself, itself, oneself, themselves (in both dative and accusative)"
was den,687229,what,inflection of der (“the”):
da in,687191,there,"[with dative] in, inside, within, at (inside a building)"
zu prüfen,687182,"to, towards (indicates directionality)","to check, test, examine"
zwar in,687137,"Signals a following contrary clause, which is usually introduced with aber (“but”), stressing that the speaker is aware of the contradiction, but that it does not invalidate the statement.","[with dative] in, inside, within, at (inside a building)"
erst die,687114,"first, at first",nominative/accusative singular feminine of der
nichts mit,686843,nothing,"with (in the company of, alongside)"
sind zu,686694,first-person plural present of sein,"to, towards (indicates directionality)"
die Ohren,686202,nominative/accusative singular feminine of der,plural of Ohr (“ears”)
denken und,686113,to think,and
oder was,686110,"Oder (a major river in the Czech Republic, Poland and Germany)",what
das durch,686030,nominative/accusative neuter singular of der: the,by means of; by; through
dachte an,685996,first/third-person singular preterite of denken,"on, upon, at, in, against"
das Glück,685874,nominative/accusative neuter singular of der: the,"happiness, joy, bliss (state or emotion)"
ihn noch,685811,"accusative of er; him, it (masculine, direct object).","still, yet (up to and including a given time)"
diesem Buch,685808,masculine/neuter dative singular of dieser,book (collection of sheets of paper bound together to hinge at one edge; long work fit for publication)
die bis,685676,nominative/accusative singular feminine of der,until
hätten sie,685618,first/third-person plural subjunctive II of haben,she; her
aber diese,685338,but; however; though,"nominative feminine singular of dieser; ""this"""
liegt die,685074,inflection of liegen:,nominative/accusative singular feminine of der
sie vielleicht,684890,she; her,"perhaps, maybe"
er keine,684635,he,feminine nominative/accusative of kein
sah die,684615,first/third-person singular preterite of sehen,nominative/accusative singular feminine of der
der neue,684586,"nominative masculine singular definite article, the",inflection of neu:
wie einen,684264,how,accusative masculine singular of ein
ihn so,684201,"accusative of er; him, it (masculine, direct object).","so, such, that"
in England,684152,"[with dative] in, inside, within, at (inside a building)",England (a constituent country of the United Kingdom)
das zweite,684047,nominative/accusative neuter singular of der: the,second
der Frauen,683767,"nominative masculine singular definite article, the",plural of Frau (“women”)
kann mich,683331,first/third-person singular present of können,accusative of ich: me
ihr Blick,682998,"you, ye (plural, familiar)","glance, look"
um der,682811,about,"nominative masculine singular definite article, the"
es kein,682525,"Refers to a neuter noun (person, animal, thing or abstract)",no; not a(n); not one; not any
zuckte mit,682316,inflection of zucken:,"with (in the company of, alongside)"
die Dauer,682224,nominative/accusative singular feminine of der,duration
das Verfahren,682217,nominative/accusative neuter singular of der: the,"procedure, process"
den Wert,681288,inflection of der (“the”):,"worth, worthy of"
sie ging,681207,she; her,first/third-person singular preterite of gehen
man als,681039,"one, you, they (indefinite pronoun, referring to people at large; construed as a third-person singular)","at (approximately) the same moment, when, while, as"
Minuten später,680899,plural of Minute,comparative degree of spät; later
sie hätten,680849,she; her,first/third-person plural subjunctive II of haben
der Geist,680541,"nominative masculine singular definite article, the",spirit
sich sein,680471,"Reflexive pronoun of the third person singular or plural: herself, himself, itself, oneself, themselves (in both dative and accusative)",forms the present perfect and past perfect tenses of certain verbs
schnell und,680291,"quick, fast",and
ihn auch,680291,"accusative of er; him, it (masculine, direct object).","also, too, as well (in addition to whatever or whoever has previously been listed)"
nun an,680290,"now, at this moment","on, upon, at, in, against"
ob sich,680205,"Introduces an indirect question, a doubt. if, whether.","Reflexive pronoun of the third person singular or plural: herself, himself, itself, oneself, themselves (in both dative and accusative)"
über alle,680191,"[with accusative or dative] above, over (spatially)",inflection of all (“all”)
wir brauchen,680171,we,"to need, to be in need of, to require"
das Essen,680167,nominative/accusative neuter singular of der: the,to eat
weiter und,680165,comparative degree of weit,and
mit großen,680127,"with (in the company of, alongside)",inflection of groß:
es liegt,679743,"Refers to a neuter noun (person, animal, thing or abstract)",inflection of liegen:
genauso wie,679706,"just as, just the same",how
bestimmt nicht,679488,past participle of bestimmen (“to determine”),"not, non- (negates the meaning of a verb, adjective, or adverb)"
über ihr,679487,"[with accusative or dative] above, over (spatially)","you, ye (plural, familiar)"
sich gegenseitig,679216,"Reflexive pronoun of the third person singular or plural: herself, himself, itself, oneself, themselves (in both dative and accusative)","mutual, reciprocal"
für sein,679066,describes an abstract directionality towards a person or matter,forms the present perfect and past perfect tenses of certain verbs
jedem Fall,678986,masculine dative singular of jeder,singular imperative of fallen
groß und,678904,"big, large, large-scale",and
dem Begriff,678848,dative masculine/neuter singular of der: the,"term, word"
die folgende,678694,nominative/accusative singular feminine of der,inflection of folgend:
den Inhalt,678632,inflection of der (“the”):,content
dir zu,678610,"dative of du; you, to you.","to, towards (indicates directionality)"
damit nicht,678497,pronominal adverb of mit,"not, non- (negates the meaning of a verb, adjective, or adverb)"
werden mit,678271,"will, to be going to, forms the future tense","with (in the company of, alongside)"
im Ausland,678084,"initialism of Inoffizieller Mitarbeiter / Inoffizielle Mitarbeiterin (“unofficial collaborator”), an informant in the German Democratic Republic who delivered private information to the Stasi.","foreign countries (collectively), abroad"
zu diesen,677903,"to, towards (indicates directionality)","accusative masculine singular of dieser; ""this"""
die Erinnerung,677763,nominative/accusative singular feminine of der,memory (recall); remembrance
Teil von,677709,"part, piece (of a whole, often in relation to living things or an abstract concept)",from
und später,677241,and,comparative degree of spät; later
man so,676780,"one, you, they (indefinite pronoun, referring to people at large; construed as a third-person singular)","so, such, that"
die dann,676630,nominative/accusative singular feminine of der,"then, after that"
man könnte,676574,"one, you, they (indefinite pronoun, referring to people at large; construed as a third-person singular)",first/third-person singular subjunctive II of können
sich langsam,676490,"Reflexive pronoun of the third person singular or plural: herself, himself, itself, oneself, themselves (in both dative and accusative)",slow (taking a long time to move or travel; not happening in a short time)
die Untersuchung,675988,nominative/accusative singular feminine of der,"examination, investigation"
Auswirkungen auf,675669,plural of Auswirkung,"[with dative] on, upon (positioned at the top of)"
der vom,675469,"nominative masculine singular definite article, the","contraction of von + dem, literally “from the, of the”"
und stand,675351,and,first/third-person singular preterite of stehen
Jahre lang,675316,"nominative/accusative/genitive plural of Jahr ""years""",long; lengthy (in space or time)
in ihnen,675098,"[with dative] in, inside, within, at (inside a building)","dative of sie; them, to them."
allen Seiten,675032,accusative singular masculine of alles (“all”),"plural of Seite ""pages/sides"""
denn so,674849,for; because; since,"so, such, that"
was mich,674807,what,accusative of ich: me
Vereinigten Staaten,674770,inflection of vereinigt:,plural of Staat
du jetzt,674715,"you (singular familiar), thou","now (at this moment, right now)"
denn wenn,674550,for; because; since,"when, whenever"
des Deutschen,674541,genitive masculine/neuter singular of der: the,inflection of deutsch:
zu trinken,674281,"to, towards (indicates directionality)","to drink (to drink liquids (in bottles, glasses, etc.) by mouth)"
eine Zeit,674073,nominative/accusative feminine singular of ein,time (as a concept)
um ihren,674061,about,inflection of ihr:
sollten die,673739,inflection of sollen:,nominative/accusative singular feminine of der
du hier,673315,"you (singular familiar), thou","here; in this place; refers to an environment one is currently in, or to something within reach"
gewesen und,673170,past participle of sein: been,and
geht nicht,673047,inflection of gehen:,"not, non- (negates the meaning of a verb, adjective, or adverb)"
keine andere,673023,feminine nominative/accusative of kein,inflection of anderer
die Hoffnung,673017,nominative/accusative singular feminine of der,"hope, the belief or expectation that something wished for can or will really happen."
es mich,672768,"Refers to a neuter noun (person, animal, thing or abstract)",accusative of ich: me
den Füßen,672709,inflection of der (“the”):,dative plural of Fuß
der Situation,672594,"nominative masculine singular definite article, the","situation, circumstances"
Sinne einer,672421,inflection of sinnen:,genitive/dative feminine singular of ein
die Grenze,672340,nominative/accusative singular feminine of der,border
ihm auch,672324,"dative of er; him, to him (indirect object); for him (in some cases).","also, too, as well (in addition to whatever or whoever has previously been listed)"
Zeit mit,672219,time (as a concept),"with (in the company of, alongside)"
der Annahme,672189,"nominative masculine singular definite article, the","presupposition, assumption, hypothesis"
legte die,672071,inflection of legen:,nominative/accusative singular feminine of der
er sprach,672067,he,first/third-person singular preterite of sprechen
wäre die,671941,first/third-person singular subjunctive II of sein,nominative/accusative singular feminine of der
im Unterschied,670949,"initialism of Inoffizieller Mitarbeiter / Inoffizielle Mitarbeiterin (“unofficial collaborator”), an informant in the German Democratic Republic who delivered private information to the Stasi.",difference
nicht vorstellen,670877,"not, non- (negates the meaning of a verb, adjective, or adverb)","to introduce (someone), to present"
ist ganz,670785,third-person singular present of sein,"entire, whole, complete"
dem Ziel,670755,dative masculine/neuter singular of der: the,singular imperative of zielen
der Spitze,670714,"nominative masculine singular definite article, the",cusp
ihr euch,670665,"you, ye (plural, familiar)","accusative and dative of ihr; you, yourselves"
ihre eigenen,670198,inflection of ihr:,inflection of eigen:
fast alle,670148,almost; nearly,inflection of all (“all”)
schien es,669967,first/third-person singular preterite of scheinen,"Refers to a neuter noun (person, animal, thing or abstract)"
ein Mädchen,669644,one,girl
Dabei wird,669611,"pronominal adverb of bei (replaces bei + demonstrative or personal pronoun, unless referring to people)",third-person singular present of werden
die Existenz,669481,nominative/accusative singular feminine of der,existence
seit den,669174,since,inflection of der (“the”):
ich gebe,669149,I (first person singular nominative (subject) pronoun),inflection of geben:
ist damit,669137,third-person singular present of sein,pronominal adverb of mit
sollte das,669012,inflection of sollen:,nominative/accusative neuter singular of der: the
mache ich,668991,inflection of machen:,I (first person singular nominative (subject) pronoun)
der seine,668822,"nominative masculine singular definite article, the",inflection of seiner:
und etwas,668784,and,something
sein muss,668459,forms the present perfect and past perfect tenses of certain verbs,first/third-person singular present of müssen
anderen Menschen,668339,inflection of anderer:,accusative/dative/genitive singular of Mensch
daß auch,668122,Formerly standard spelling of dass which was deprecated in the spelling reform (Rechtschreibreform) of 1996.,"also, too, as well (in addition to whatever or whoever has previously been listed)"
Konzept der,667999,"blueprint, draft","nominative masculine singular definite article, the"
dem alten,667741,dative masculine/neuter singular of der: the,inflection of alt:
von etwa,667625,from,approximately
zu achten,667540,"to, towards (indicates directionality)","to care about, to pay attention to"
der über,667474,"nominative masculine singular definite article, the","[with accusative or dative] above, over (spatially)"
wie weit,667400,how,wide
zwischen uns,667398,between,accusative/dative of wir: us
du da,667382,"you (singular familiar), thou",there
du warst,667146,"you (singular familiar), thou",second-person singular preterite of sein
gegen ihn,666466,against,"accusative of er; him, it (masculine, direct object)."
was von,665854,what,from
macht sich,665528,third-person singular present of machen,"Reflexive pronoun of the third person singular or plural: herself, himself, itself, oneself, themselves (in both dative and accusative)"
ich hörte,665471,I (first person singular nominative (subject) pronoun),inflection of hören:
wurde ich,665363,first/third-person singular preterite of werden,I (first person singular nominative (subject) pronoun)
uns im,665096,accusative/dative of wir: us,"initialism of Inoffizieller Mitarbeiter / Inoffizielle Mitarbeiterin (“unofficial collaborator”), an informant in the German Democratic Republic who delivered private information to the Stasi."
wurde mit,664926,first/third-person singular preterite of werden,"with (in the company of, alongside)"
im Wald,664587,"initialism of Inoffizieller Mitarbeiter / Inoffizielle Mitarbeiterin (“unofficial collaborator”), an informant in the German Democratic Republic who delivered private information to the Stasi.",forest; woods; woodland
sie tun,664470,she; her,to do (to perform or execute an action)
die Nachricht,664422,nominative/accusative singular feminine of der,"news, piece of news, notification"
der Wert,663997,"nominative masculine singular definite article, the","worth, worthy of"
zu nutzen,663798,"to, towards (indicates directionality)",gerund of nutzen
sondern um,663776,"rather, but (instead).",about
ihn von,663633,"accusative of er; him, it (masculine, direct object).",from
es also,663589,"Refers to a neuter noun (person, animal, thing or abstract)","so, therefore"
dann würde,662961,"then, after that",dignity
würde das,662894,dignity,nominative/accusative neuter singular of der: the
und einige,662757,and,inflection of einig:
die Behandlung,662751,nominative/accusative singular feminine of der,treatment
das wir,662666,nominative/accusative neuter singular of der: the,we
die Tochter,662611,nominative/accusative singular feminine of der,daughter
bis ins,662317,until,contraction of in (“(in)to”) + das (“the”) (accusative singular neuter)
ab dem,662308,beginning at that time or location; from,dative masculine/neuter singular of der: the
kann durch,662052,first/third-person singular present of können,by means of; by; through
gesagt hatte,662040,past participle of sagen,first/third-person singular preterite of haben
stand und,661527,first/third-person singular preterite of stehen,and
Hilfe von,661404,"help, aid",from
ganz schön,661242,"entire, whole, complete","beautiful, lovely, pretty, handsome"
all diese,661167,all,"nominative feminine singular of dieser; ""this"""
der uns,661077,"nominative masculine singular definite article, the",accusative/dative of wir: us
ihm war,660995,"dative of er; him, to him (indirect object); for him (in some cases).",first-person singular preterite of sein: was
sich dieser,660919,"Reflexive pronoun of the third person singular or plural: herself, himself, itself, oneself, themselves (in both dative and accusative)","this one, this"
aus denen,660867,out,dative plural of der
also das,660186,"so, therefore",nominative/accusative neuter singular of der: the
es zum,660162,"Refers to a neuter noun (person, animal, thing or abstract)","contraction of zu + dem, literally “to the; for the”"
glauben Sie,660120,to believe something (to consider true),she; her
dass ihm,659867,that,"dative of er; him, to him (indirect object); for him (in some cases)."
Körper und,659861,"body (of a person, animal, etc.)",and
die Mädchen,659679,nominative/accusative singular feminine of der,girl
damit eine,659642,pronominal adverb of mit,nominative/accusative feminine singular of ein
gestellt werden,659513,past participle of stellen,"will, to be going to, forms the future tense"
mit aller,659406,"with (in the company of, alongside)",inflection of all:
ein neuer,659306,one,comparative degree of neu
so weiter,659072,"so, such, that",comparative degree of weit
hinter ihr,658855,"behind, after","you, ye (plural, familiar)"
oder wenn,658812,"Oder (a major river in the Czech Republic, Poland and Germany)","when, whenever"
angesehen werden,658286,past participle of ansehen,"will, to be going to, forms the future tense"
Grundlage der,658110,foundation,"nominative masculine singular definite article, the"
aber nichts,658050,but; however; though,nothing
ein Lächeln,657796,one,to smile
es durch,657728,"Refers to a neuter noun (person, animal, thing or abstract)",by means of; by; through
dann kam,657539,"then, after that",first/third-person singular preterite of kommen
Bild von,657494,"depiction, image, picture",from
jedoch in,657355,"however, yet, nevertheless","[with dative] in, inside, within, at (inside a building)"
und viele,657224,and,inflection of viel:
unter ihnen,656732,under,"dative of sie; them, to them."
er sieht,656527,he,third-person singular present of sehen
Beschreibung der,656356,description,"nominative masculine singular definite article, the"
die besten,656309,nominative/accusative singular feminine of der,superlative degree of gut: (best)
du ein,656285,"you (singular familiar), thou",one
paar Minuten,656041,some; few; a few,plural of Minute
alles so,656015,everything; all,"so, such, that"
zu leisten,655815,"to, towards (indicates directionality)","to perform (a task, work), to accomplish (a task), to achieve (a goal)"
eine größere,655117,nominative/accusative feminine singular of ein,inflection of groß:
wir schon,655098,we,"already (happening rather early, continuing rather long)"
er legte,655092,he,inflection of legen:
erst jetzt,655015,"first, at first","now (at this moment, right now)"
so hatte,654927,"so, such, that",first/third-person singular preterite of haben
einer gewissen,654917,genitive/dative feminine singular of ein,conscience (moral sense or faculty)
Schülerinnen und,654830,plural of Schülerin,and
auch dem,654824,"also, too, as well (in addition to whatever or whoever has previously been listed)",dative masculine/neuter singular of der: the
die Bildung,654726,nominative/accusative singular feminine of der,"cultivation, refinement, education, culture"
nun aber,654699,"now, at this moment",but; however; though
a und,654504,"The first letter of the German alphabet, written in the Latin script.",and
zu viele,654312,"to, towards (indicates directionality)",inflection of viel:
mal die,654144,times (indicating multiplication of two numbers),nominative/accusative singular feminine of der
die Größe,654046,nominative/accusative singular feminine of der,"size, height"
des alten,654033,genitive masculine/neuter singular of der: the,inflection of alt:
sich beim,653806,"Reflexive pronoun of the third person singular or plural: herself, himself, itself, oneself, themselves (in both dative and accusative)","contraction of bei + dem: at the, by the, etc."
den Grund,653740,inflection of der (“the”):,"ground, land (usually as someone's property)"
die dort,653562,nominative/accusative singular feminine of der,"there, yonder"
erklärte er,653492,inflection of erklären:,he
zum Zeitpunkt,653470,"contraction of zu + dem, literally “to the; for the”","moment (instant of time), point in time, a timepoint"
also ein,653263,"so, therefore",one
dem Leben,653243,dative masculine/neuter singular of der: the,"to live, to be alive"
nickte und,653180,inflection of nicken:,and
er diese,652807,he,"nominative feminine singular of dieser; ""this"""
wusste er,652714,first/third-person singular preterite of wissen,he
etwa in,652663,approximately,"[with dative] in, inside, within, at (inside a building)"
Weg in,652613,away,"[with dative] in, inside, within, at (inside a building)"
zu warten,652566,"to, towards (indicates directionality)",to wait (for)
oder anderen,652152,"Oder (a major river in the Czech Republic, Poland and Germany)",inflection of anderer:
Kontakt zu,651971,contact,"to, towards (indicates directionality)"
ich mag,651959,I (first person singular nominative (subject) pronoun),first/third-person singular present of mögen
sich daran,651753,"Reflexive pronoun of the third person singular or plural: herself, himself, itself, oneself, themselves (in both dative and accusative)","on it, on that"
Hand zu,651749,hand,"to, towards (indicates directionality)"
oder an,651701,"Oder (a major river in the Czech Republic, Poland and Germany)","on, upon, at, in, against"
in Rom,651684,"[with dative] in, inside, within, at (inside a building)",Rome:
in so,651668,"[with dative] in, inside, within, at (inside a building)","so, such, that"
sich zwischen,651447,"Reflexive pronoun of the third person singular or plural: herself, himself, itself, oneself, themselves (in both dative and accusative)",between
so als,651247,"so, such, that","at (approximately) the same moment, when, while, as"
mir mit,651061,"dative of ich: me, to me","with (in the company of, alongside)"
zwei Jahren,650964,two (numerical value represented by the Arabic numeral 2; or describing a set with two components),dative plural of Jahr
werden zu,650874,"will, to be going to, forms the future tense","to, towards (indicates directionality)"
eine Gruppe,650802,nominative/accusative feminine singular of ein,group
doch eine,650700,yes; surely; really; on the contrary,nominative/accusative feminine singular of ein
die Bestimmung,650563,nominative/accusative singular feminine of der,determination (act of determining or measuring)
im Westen,650503,"initialism of Inoffizieller Mitarbeiter / Inoffizielle Mitarbeiterin (“unofficial collaborator”), an informant in the German Democratic Republic who delivered private information to the Stasi.",west
bezogen auf,650344,past participle of beziehen,"[with dative] on, upon (positioned at the top of)"
Mund und,650103,mouth of a person,and
langer Zeit,650074,inflection of lang:,time (as a concept)
und jeder,649875,and,each
die diese,649463,nominative/accusative singular feminine of der,"nominative feminine singular of dieser; ""this"""
allein in,649398,alone,"[with dative] in, inside, within, at (inside a building)"
der Männer,649148,"nominative masculine singular definite article, the",nominative/accusative/genitive plural of Mann
war ganz,648846,first-person singular preterite of sein: was,"entire, whole, complete"
ihrem Leben,648683,"dative masculine/neuter singular of ihr: her, its, their (referring to a masculine or neuter object in the dative case)","to live, to be alive"
man an,648602,"one, you, they (indefinite pronoun, referring to people at large; construed as a third-person singular)","on, upon, at, in, against"
einem Jahr,648490,dative masculine/neuter singular of ein,"year (solar year, the time it takes the Earth to complete one orbit of the Sun)"
die Schüler,648418,nominative/accusative singular feminine of der,"pupil, student, schoolboy (male or of unspecified gender)"
antwortete er,648157,inflection of antworten:,he
um dem,648109,about,dative masculine/neuter singular of der: the
und danach,648054,and,"after it, after that; thereafter (formal), afterwards"
und schüttelte,648027,and,inflection of schütteln:
sich keine,648010,"Reflexive pronoun of the third person singular or plural: herself, himself, itself, oneself, themselves (in both dative and accusative)",feminine nominative/accusative of kein
nie mehr,647942,"never, never at all (referring to an indefinite period of time)",something more
von hinten,647927,from,behind; in the back
der Analyse,647754,"nominative masculine singular definite article, the",analysis
er weiß,647667,he,white
ganz genau,647577,"entire, whole, complete",exact
wird dann,647555,third-person singular present of werden,"then, after that"
Höhe des,647426,"height, altitude",genitive masculine/neuter singular of der: the
Rolle der,647211,"roll, reel, spool","nominative masculine singular definite article, the"
aber man,647157,but; however; though,"one, you, they (indefinite pronoun, referring to people at large; construed as a third-person singular)"
was sollte,647055,what,inflection of sollen:
wie mit,647017,how,"with (in the company of, alongside)"
Schutz der,646975,protection,"nominative masculine singular definite article, the"
diesem Tag,646937,masculine/neuter dative singular of dieser,singular imperative of tagen
die rechte,646760,nominative/accusative singular feminine of der,right (right hand or side)
das Wissen,646725,nominative/accusative neuter singular of der: the,to know; to be aware of (a fact)
lass mich,646690,"powerless, tired, lazy, idle, sluggish, weak, weary, slack, limp; insufficiently diligent",accusative of ich: me
die Ecke,646601,nominative/accusative singular feminine of der,"corner, edge"
sind auf,646338,first-person plural present of sein,"[with dative] on, upon (positioned at the top of)"
das Telefon,646048,nominative/accusative neuter singular of der: the,telephone
im Übrigen,645912,"initialism of Inoffizieller Mitarbeiter / Inoffizielle Mitarbeiterin (“unofficial collaborator”), an informant in the German Democratic Republic who delivered private information to the Stasi.",inflection of übrig:
der Wagen,645839,"nominative masculine singular definite article, the",a wheeled vehicle for transporting anything
der man,645588,"nominative masculine singular definite article, the","one, you, they (indefinite pronoun, referring to people at large; construed as a third-person singular)"
gebracht werden,645581,past participle of bringen,"will, to be going to, forms the future tense"
das waren,645480,nominative/accusative neuter singular of der: the,first/third-person plural preterite of sein: were
habe keine,645427,inflection of haben:,feminine nominative/accusative of kein
mir schon,645348,"dative of ich: me, to me","already (happening rather early, continuing rather long)"
am anderen,645315,acronym of Anwendungsmanagement,inflection of anderer:
der Philosophie,645258,"nominative masculine singular definite article, the",philosophy (study of thought)
ob ein,645217,"Introduces an indirect question, a doubt. if, whether.",one
ihren Kopf,645021,inflection of ihr:,head
so wurde,644812,"so, such, that",first/third-person singular preterite of werden
sich ja,644811,"Reflexive pronoun of the third person singular or plural: herself, himself, itself, oneself, themselves (in both dative and accusative)",initialism of Junge Alternative für Deutschland.
und dazu,644652,and,"in addition to it, in addition, besides"
ich diese,644408,I (first person singular nominative (subject) pronoun),"nominative feminine singular of dieser; ""this"""
denken Sie,644334,to think,she; her
gegen einen,644270,against,accusative masculine singular of ein
eine einzige,644063,nominative/accusative feminine singular of ein,inflection of einzig:
auch nichts,643988,"also, too, as well (in addition to whatever or whoever has previously been listed)",nothing
Tag und,643710,singular imperative of tagen,and
wurde eine,643635,first/third-person singular preterite of werden,nominative/accusative feminine singular of ein
zu erfassen,643605,"to, towards (indicates directionality)","to grasp, to grip, to seize (with one's hands)"
mich aus,643563,accusative of ich: me,out
glaube nicht,643531,"belief, faith","not, non- (negates the meaning of a verb, adjective, or adverb)"
der Realität,643496,"nominative masculine singular definite article, the",reality (state of being real)
der Firma,643460,"nominative masculine singular definite article, the","A company, a business."
der Kaiser,643354,"nominative masculine singular definite article, the",emperor (ruler of certain monarchies; highest monarch)
einen Seite,642912,accusative masculine singular of ein,side (a bounding straight edge of a two-dimensional shape)
des eigenen,642898,genitive masculine/neuter singular of der: the,inflection of eigen:
in München,642818,"[with dative] in, inside, within, at (inside a building)","Munich (the capital and largest city of Bavaria, Germany)"
junge Mann,642753,boy,"man, male human being"
schon mit,642702,"already (happening rather early, continuing rather long)","with (in the company of, alongside)"
einer Stunde,642625,genitive/dative feminine singular of ein,hour (unit of time consisting of 60 minutes)
dass im,642510,that,"initialism of Inoffizieller Mitarbeiter / Inoffizielle Mitarbeiterin (“unofficial collaborator”), an informant in the German Democratic Republic who delivered private information to the Stasi."
vielleicht nicht,642456,"perhaps, maybe","not, non- (negates the meaning of a verb, adjective, or adverb)"
ihn als,642342,"accusative of er; him, it (masculine, direct object).","at (approximately) the same moment, when, while, as"
mich nach,642323,accusative of ich: me,"after, past (later in time)"
mich schon,642291,accusative of ich: me,"already (happening rather early, continuing rather long)"
seiten der,642284,"plural of Seite ""pages/sides""","nominative masculine singular definite article, the"
die Wahrscheinlichkeit,642187,nominative/accusative singular feminine of der,probability; likelihood
in sie,642075,"[with dative] in, inside, within, at (inside a building)",she; her
im Auge,642000,"initialism of Inoffizieller Mitarbeiter / Inoffizielle Mitarbeiterin (“unofficial collaborator”), an informant in the German Democratic Republic who delivered private information to the Stasi.",eye
paar Tage,641968,some; few; a few,inflection of Tag:
fünf Minuten,641873,five (numerical value represented by the Arabic numeral 5; or describing a set with five elements),plural of Minute
auch mal,641753,"also, too, as well (in addition to whatever or whoever has previously been listed)",times (indicating multiplication of two numbers)
ist meine,641712,third-person singular present of sein,inflection of meiner:
nicht weniger,641588,"not, non- (negates the meaning of a verb, adjective, or adverb)","comparative degree of wenig: less, fewer"
wenig später,641571,"little, few (a small amount, a small number)",comparative degree of spät; later
so einen,641475,"so, such, that",accusative masculine singular of ein
ihr mit,641361,"you, ye (plural, familiar)","with (in the company of, alongside)"
wer sich,641113,who (what person or people),"Reflexive pronoun of the third person singular or plural: herself, himself, itself, oneself, themselves (in both dative and accusative)"
fand ich,640989,first/third-person singular preterite of finden,I (first person singular nominative (subject) pronoun)
als nur,640933,"at (approximately) the same moment, when, while, as","only, just, merely, simply"
aufgrund von,640872,"due to, because of, as a result of, by reason of, on account of",from
Welt der,640663,world,"nominative masculine singular definite article, the"
und außerdem,640489,and,"in addition; furthermore, besides"
wie dem,640485,how,dative masculine/neuter singular of der: the
nicht hier,640410,"not, non- (negates the meaning of a verb, adjective, or adverb)","here; in this place; refers to an environment one is currently in, or to something within reach"
Haus und,640371,"house, building",and
einen Weg,640307,accusative masculine singular of ein,away
im Krankenhaus,640305,"initialism of Inoffizieller Mitarbeiter / Inoffizielle Mitarbeiterin (“unofficial collaborator”), an informant in the German Democratic Republic who delivered private information to the Stasi.",hospital
den gesamten,640255,inflection of der (“the”):,inflection of gesamt:
der Behandlung,640192,"nominative masculine singular definite article, the",treatment
in Abbildung,639979,"[with dative] in, inside, within, at (inside a building)","depiction, image, figure, picture, illustration"
dann den,639637,"then, after that",inflection of der (“the”):
nach einigen,639476,"after, past (later in time)",to unite or unify (for example a group of people)
wissen wir,639410,to know; to be aware of (a fact),we
das Wesen,639319,nominative/accusative neuter singular of der: the,"creature, being"
die Kontrolle,639318,nominative/accusative singular feminine of der,inspection
den Brief,639276,inflection of der (“the”):,letter (written message)
ließen sich,639132,inflection of lassen:,"Reflexive pronoun of the third person singular or plural: herself, himself, itself, oneself, themselves (in both dative and accusative)"
er lächelte,639024,he,inflection of lächeln:
auf allen,639009,"[with dative] on, upon (positioned at the top of)",accusative singular masculine of alles (“all”)
sich zusammen,638993,"Reflexive pronoun of the third person singular or plural: herself, himself, itself, oneself, themselves (in both dative and accusative)","together, jointly"
oder wie,638956,"Oder (a major river in the Czech Republic, Poland and Germany)",how
stellte er,638813,inflection of stellen:,he
die Jahre,638795,nominative/accusative singular feminine of der,"nominative/accusative/genitive plural of Jahr ""years"""
die allgemeine,638703,nominative/accusative singular feminine of der,inflection of allgemein:
sogar noch,638363,"even, actually, in fact","still, yet (up to and including a given time)"
von drei,638252,from,three (numerical value represented by the Arabic numeral 3; or describing a set with three elements)
er schien,638195,he,first/third-person singular preterite of scheinen
passiert ist,637967,past participle of passieren,third-person singular present of sein
dem Wasser,637420,dative masculine/neuter singular of der: the,water (H₂O)
soll es,637387,debit,"Refers to a neuter noun (person, animal, thing or abstract)"
ist wirklich,637304,third-person singular present of sein,real
auch unter,637063,"also, too, as well (in addition to whatever or whoever has previously been listed)",under
sollen die,636767,should; to be obligated (to do something); ought; shall,nominative/accusative singular feminine of der
Ebene der,636624,plain,"nominative masculine singular definite article, the"
bei jeder,636596,"by, near",each
sind bei,636594,first-person plural present of sein,"by, near"
die Verantwortung,636498,nominative/accusative singular feminine of der,responsibility
der Freiheit,636458,"nominative masculine singular definite article, the",freedom
werden konnten,636128,"will, to be going to, forms the future tense",first/third-person plural preterite of können
erhält man,636128,third-person singular present of erhalten,"one, you, they (indefinite pronoun, referring to people at large; construed as a third-person singular)"
Welt und,635892,world,and
er fühlte,635863,he,inflection of fühlen:
nur einmal,635852,"only, just, merely, simply","once, one time (one and only one time)"
aber vielleicht,635738,but; however; though,"perhaps, maybe"
sehr schnell,635714,very,"quick, fast"
gehört zu,635705,past participle of hören,"to, towards (indicates directionality)"
Kontakt mit,635686,contact,"with (in the company of, alongside)"
nichts weiter,635683,nothing,comparative degree of weit
welche sich,635451,inflection of welcher:,"Reflexive pronoun of the third person singular or plural: herself, himself, itself, oneself, themselves (in both dative and accusative)"
dass nicht,634933,that,"not, non- (negates the meaning of a verb, adjective, or adverb)"
dem von,634844,dative masculine/neuter singular of der: the,from
zum Teufel,634549,"contraction of zu + dem, literally “to the; for the”","the Devil, Satan (supreme evil spirit in the Abrahamic religions)"
um auf,634419,about,"[with dative] on, upon (positioned at the top of)"
einen Tag,633990,accusative masculine singular of ein,singular imperative of tagen
und Frauen,633911,and,plural of Frau (“women”)
sich wohl,633905,"Reflexive pronoun of the third person singular or plural: herself, himself, itself, oneself, themselves (in both dative and accusative)","possibly, probably; as I was told (modal particle expressing an assumption, often like English must + infinitive, or (US) guess + clause)"
du meinst,633438,"you (singular familiar), thou",second-person singular present of meinen
sollte der,633341,inflection of sollen:,"nominative masculine singular definite article, the"
an diese,633303,"on, upon, at, in, against","nominative feminine singular of dieser; ""this"""
denen es,632906,dative plural of der,"Refers to a neuter noun (person, animal, thing or abstract)"
liegt der,632774,inflection of liegen:,"nominative masculine singular definite article, the"
zu groß,632691,"to, towards (indicates directionality)","big, large, large-scale"
aus Sicht,632547,out,view
mal mit,632432,times (indicating multiplication of two numbers),"with (in the company of, alongside)"
schon nach,632324,"already (happening rather early, continuing rather long)","after, past (later in time)"
die Königin,632196,nominative/accusative singular feminine of der,queen
der nur,632195,"nominative masculine singular definite article, the","only, just, merely, simply"
ging sie,632114,first/third-person singular preterite of gehen,she; her
auf denen,632109,"[with dative] on, upon (positioned at the top of)",dative plural of der
wir unsere,632012,we,inflection of unser
aber schon,631675,but; however; though,"already (happening rather early, continuing rather long)"
nicht gesehen,631598,"not, non- (negates the meaning of a verb, adjective, or adverb)",past participle of sehen
im Unternehmen,631233,"initialism of Inoffizieller Mitarbeiter / Inoffizielle Mitarbeiterin (“unofficial collaborator”), an informant in the German Democratic Republic who delivered private information to the Stasi.",gerund of unternehmen
und je,631110,and,ever
ging zu,630960,first/third-person singular preterite of gehen,"to, towards (indicates directionality)"
ganz im,630738,"entire, whole, complete","initialism of Inoffizieller Mitarbeiter / Inoffizielle Mitarbeiterin (“unofficial collaborator”), an informant in the German Democratic Republic who delivered private information to the Stasi."
setzte er,630715,inflection of setzen:,he
gekommen ist,630694,past participle of kommen,third-person singular present of sein
zu entscheiden,630618,"to, towards (indicates directionality)","to decide, to make a decision"
Brief an,630245,letter (written message),"on, upon, at, in, against"
auf zwei,630130,"[with dative] on, upon (positioned at the top of)",two (numerical value represented by the Arabic numeral 2; or describing a set with two components)
etwas mit,630123,something,"with (in the company of, alongside)"
kein Wunder,630061,no; not a(n); not one; not any,miracle
trotz des,630008,"in spite of, despite",genitive masculine/neuter singular of der: the
des Vaters,629490,genitive masculine/neuter singular of der: the,genitive singular of Vater
sei und,629163,first-person singular subjunctive I of sein,and
Arten von,629117,plural of Art,from
alles war,628939,everything; all,first-person singular preterite of sein: was
geben und,628905,to give (changing ownership),and
war sein,628671,first-person singular preterite of sein: was,forms the present perfect and past perfect tenses of certain verbs
im Gesicht,628518,"initialism of Inoffizieller Mitarbeiter / Inoffizielle Mitarbeiterin (“unofficial collaborator”), an informant in the German Democratic Republic who delivered private information to the Stasi.",face
und schloss,628441,and,"lock, padlock (something used for fastening)"
Geschichte und,628147,history,and
die Folge,627861,nominative/accusative singular feminine of der,sequence
der jungen,627694,"nominative masculine singular definite article, the",plural of Junge
für seinen,627441,describes an abstract directionality towards a person or matter,inflection of sein:
es könnte,627429,"Refers to a neuter noun (person, animal, thing or abstract)",first/third-person singular subjunctive II of können
Kopf in,627339,head,"[with dative] in, inside, within, at (inside a building)"
könnte es,627262,first/third-person singular subjunctive II of können,"Refers to a neuter noun (person, animal, thing or abstract)"
und brachte,626935,and,"brought; preterite of bringen, bring."
an meiner,626880,"on, upon, at, in, against",mine (substantival possessive)
warum nicht,626855,why; for what reason,"not, non- (negates the meaning of a verb, adjective, or adverb)"
Möglichkeit der,626837,"possibility, likelihood","nominative masculine singular definite article, the"
von vielen,626771,from,inflection of viel:
nehmen wir,626681,to take (something into one's possession or on one's body),we
Namen der,626614,alternative form of Name,"nominative masculine singular definite article, the"
das Gegenteil,626548,nominative/accusative neuter singular of der: the,opposite (contrary thing)
vielen Dank,626541,inflection of viel:,"thanks to, because of, courtesy of"
mit so,626437,"with (in the company of, alongside)","so, such, that"
Rolle des,626318,"roll, reel, spool",genitive masculine/neuter singular of der: the
und ihnen,626260,and,"dative of sie; them, to them."
hatte noch,626197,first/third-person singular preterite of haben,"still, yet (up to and including a given time)"
ihnen in,626100,"dative of sie; them, to them.","[with dative] in, inside, within, at (inside a building)"
alle in,625954,inflection of all (“all”),"[with dative] in, inside, within, at (inside a building)"
infolge der,625822,"because of, due to, owing to","nominative masculine singular definite article, the"
muß man,625783,Formerly standard spelling of muss which was deprecated in the spelling reform (Rechtschreibreform) of 1996.,"one, you, they (indefinite pronoun, referring to people at large; construed as a third-person singular)"
den Krieg,625703,inflection of der (“the”):,"war, warfare"
habe er,625441,inflection of haben:,he
innerhalb einer,625141,"within, inside (of)",genitive/dative feminine singular of ein
die Summe,625119,nominative/accusative singular feminine of der,sum (maths)
dann eine,624851,"then, after that",nominative/accusative feminine singular of ein
aber nach,624444,but; however; though,"after, past (later in time)"
etwas über,624317,something,"[with accusative or dative] above, over (spatially)"
hörte sie,624278,inflection of hören:,she; her
über sein,624019,"[with accusative or dative] above, over (spatially)",forms the present perfect and past perfect tenses of certain verbs
ist vor,624017,third-person singular present of sein,"in front of, ahead of (relative location in space)"
Bestimmung des,623713,determination (act of determining or measuring),genitive masculine/neuter singular of der: the
nur schwer,623625,"only, just, merely, simply","heavy, weighty"
Frau mit,623584,woman (adult female human),"with (in the company of, alongside)"
Qualität der,623446,"quality (level of excellence, level of being free from defects)","nominative masculine singular definite article, the"
ehe sie,622697,marriage (state of being married; life as a married couple),she; her
und führte,622564,and,inflection of führen:
als ihre,622478,"at (approximately) the same moment, when, while, as",inflection of ihr:
den Beinen,622352,inflection of der (“the”):,dative plural of Bein
keine Lust,622104,feminine nominative/accusative of kein,desire; the wish to do or have something
schnell wie,621794,"quick, fast",how
das Interesse,621770,nominative/accusative neuter singular of der: the,interest (attention and concern)
dem Gesicht,621658,dative masculine/neuter singular of der: the,face
des anderen,621478,genitive masculine/neuter singular of der: the,inflection of anderer:
des neuen,621440,genitive masculine/neuter singular of der: the,inflection of neu:
sowohl in,621334,"both (only in combination with a contrasting second element, see derived terms)","[with dative] in, inside, within, at (inside a building)"
seine Gedanken,621193,inflection of seiner:,inflection of Gedanke:
er hier,620958,he,"here; in this place; refers to an environment one is currently in, or to something within reach"
Alter von,620638,inflection of alt:,from
soll der,620633,debit,"nominative masculine singular definite article, the"
aus seinen,620265,out,inflection of sein:
wie für,620019,how,describes an abstract directionality towards a person or matter
und betrachtete,619634,and,inflection of betrachtet:
warum ich,619564,why; for what reason,I (first person singular nominative (subject) pronoun)
diese in,619544,"nominative feminine singular of dieser; ""this""","[with dative] in, inside, within, at (inside a building)"
Hände und,619287,nominative plural of Hand,and
Frau von,619240,woman (adult female human),from
aus meinem,619189,out,dative masculine/neuter singular of mein
Erhöhung der,619131,"increase, elevation, rise, increment","nominative masculine singular definite article, the"
die Tiere,619055,nominative/accusative singular feminine of der,nominative/accusative/genitive plural of Tier
aber war,618951,but; however; though,first-person singular preterite of sein: was
die wie,618783,nominative/accusative singular feminine of der,how
zwischen die,618412,between,nominative/accusative singular feminine of der
warum sollte,618334,why; for what reason,inflection of sollen:
dann ging,618313,"then, after that",first/third-person singular preterite of gehen
ohne weiteres,618244,without,strong/mixed nominative/accusative neuter singular comparative degree of weit
besteht die,618206,inflection of bestehen:,nominative/accusative singular feminine of der
die USA,618204,nominative/accusative singular feminine of der,initialism of the United States of America: a country in North America: USA
dass meine,618164,that,inflection of meiner:
zu lange,617815,"to, towards (indicates directionality)","long, for a long time"
Grund der,617665,"ground, land (usually as someone's property)","nominative masculine singular definite article, the"
zu gestalten,617615,"to, towards (indicates directionality)","to form, to shape, to create"
kommt der,617508,inflection of kommen:,"nominative masculine singular definite article, the"
der Boden,617468,"nominative masculine singular definite article, the","ground, soil"
schon gar,617409,"already (happening rather early, continuing rather long)","cooked, done (of food such as meat or vegetables: ready for consumption)"
ich sagen,617393,I (first person singular nominative (subject) pronoun),to say (to pronounce; communicate verbally)
es soll,617168,"Refers to a neuter noun (person, animal, thing or abstract)",debit
Aufgabe der,616939,"task, job","nominative masculine singular definite article, the"
du solltest,616929,"you (singular familiar), thou",inflection of sollen:
macht es,616696,third-person singular present of machen,"Refers to a neuter noun (person, animal, thing or abstract)"
es gar,616694,"Refers to a neuter noun (person, animal, thing or abstract)","cooked, done (of food such as meat or vegetables: ready for consumption)"
auch um,616649,"also, too, as well (in addition to whatever or whoever has previously been listed)",about
es jedoch,616637,"Refers to a neuter noun (person, animal, thing or abstract)","however, yet, nevertheless"
Kritik an,616462,criticism (negative judgement),"on, upon, at, in, against"
und dachte,616423,and,first/third-person singular preterite of denken
der Person,616380,"nominative masculine singular definite article, the","person, individual"
war da,616333,first-person singular preterite of sein: was,there
zu untersuchen,616317,"to, towards (indicates directionality)","to examine, investigate (inspect or study carefully in order to reach a conclusion)"
seines Lebens,616194,neuter singular of seiner,genitive singular of Leben
länger als,616086,comparative degree of lang,"at (approximately) the same moment, when, while, as"
und lief,615793,and,first/third-person singular preterite of laufen
befanden sich,615610,first/third-person plural preterite of befinden,"Reflexive pronoun of the third person singular or plural: herself, himself, itself, oneself, themselves (in both dative and accusative)"
bis es,615546,until,"Refers to a neuter noun (person, animal, thing or abstract)"
wie beim,615526,how,"contraction of bei + dem: at the, by the, etc."
das bei,615440,nominative/accusative neuter singular of der: the,"by, near"
sie jedoch,615378,she; her,"however, yet, nevertheless"
begann zu,615261,first/third-person singular preterite of beginnen,"to, towards (indicates directionality)"
und lässt,615214,and,second/third-person singular present of lassen
wir nur,614860,we,"only, just, merely, simply"
ist man,614594,third-person singular present of sein,"one, you, they (indefinite pronoun, referring to people at large; construed as a third-person singular)"
wieder aus,614364,again; indicates that the action taking place has happened before,out
sie dazu,614304,she; her,"in addition to it, in addition, besides"
es sehr,614265,"Refers to a neuter noun (person, animal, thing or abstract)",very
ging auf,614120,first/third-person singular preterite of gehen,"[with dative] on, upon (positioned at the top of)"
insbesondere in,613661,"in particular, particularly","[with dative] in, inside, within, at (inside a building)"
ich fürchte,613583,I (first person singular nominative (subject) pronoun),inflection of fürchten:
vor ein,613435,"in front of, ahead of (relative location in space)",one
nicht recht,613256,"not, non- (negates the meaning of a verb, adjective, or adverb)","right, right-hand (direction)"
das Auto,613230,nominative/accusative neuter singular of der: the,car
werden könnte,613185,"will, to be going to, forms the future tense",first/third-person singular subjunctive II of können
die Bewegung,613150,nominative/accusative singular feminine of der,motion
ich fühlte,612855,I (first person singular nominative (subject) pronoun),inflection of fühlen:
die Aufmerksamkeit,612675,nominative/accusative singular feminine of der,"attention, mindfulness, attentiveness"
der Gemeinde,612624,"nominative masculine singular definite article, the",municipality
ich sollte,612536,I (first person singular nominative (subject) pronoun),inflection of sollen:
ihre Lippen,612449,inflection of ihr:,plural of Lippe
würde man,612422,dignity,"one, you, they (indefinite pronoun, referring to people at large; construed as a third-person singular)"
Schultern und,612360,"plural of Schulter ""shoulders""",and
ich nie,612186,I (first person singular nominative (subject) pronoun),"never, never at all (referring to an indefinite period of time)"
auch kein,612062,"also, too, as well (in addition to whatever or whoever has previously been listed)",no; not a(n); not one; not any
es darum,612015,"Refers to a neuter noun (person, animal, thing or abstract)","around it, around that"
als wollte,611960,"at (approximately) the same moment, when, while, as",inflection of wollen:
ich danke,611750,I (first person singular nominative (subject) pronoun),inflection of danken:
der Hund,611720,"nominative masculine singular definite article, the","dog, hound"
ein zweites,611535,one,strong/mixed nominative/accusative neuter singular of zweite
wieder von,611522,again; indicates that the action taking place has happened before,from
Deutschland und,611512,"Germany (a nation or civilization occupying the country around the Rhine, Elbe, and upper Danube Rivers in Central Europe, taken as a whole under its various governments)",and
freute sich,611480,inflection of freuen:,"Reflexive pronoun of the third person singular or plural: herself, himself, itself, oneself, themselves (in both dative and accusative)"
um meine,611441,about,inflection of meiner:
ging ich,611321,first/third-person singular preterite of gehen,I (first person singular nominative (subject) pronoun)
hervor und,611200,forth (in the direction of the speaker),and
der Forschung,610929,"nominative masculine singular definite article, the",research
essen und,610782,to eat,and
los und,610683,alternative form of lose (“loose”),and
des Todes,610404,genitive masculine/neuter singular of der: the,genitive singular of Tod
ihren eigenen,610319,inflection of ihr:,inflection of eigen:
Eltern und,610272,parents,and
kurz und,610219,"short, quick, brief",and
gemacht und,610161,past participle of machen,and
sich bis,610132,"Reflexive pronoun of the third person singular or plural: herself, himself, itself, oneself, themselves (in both dative and accusative)",until
in unseren,610016,"[with dative] in, inside, within, at (inside a building)",inflection of unser:
es am,609796,"Refers to a neuter noun (person, animal, thing or abstract)",acronym of Anwendungsmanagement
dem ein,609769,dative masculine/neuter singular of der: the,one
nur über,609760,"only, just, merely, simply","[with accusative or dative] above, over (spatially)"
sich zurück,609738,"Reflexive pronoun of the third person singular or plural: herself, himself, itself, oneself, themselves (in both dative and accusative)","back, backward, backwards, to the rear."
machte sie,609272,inflection of machen:,she; her
wie den,609261,how,inflection of der (“the”):
entlang der,609169,along,"nominative masculine singular definite article, the"
und geht,609116,and,inflection of gehen:
sie sehr,609066,she; her,very
und öffnete,609059,and,inflection of öffnen:
des Systems,609013,genitive masculine/neuter singular of der: the,genitive singular of System
das aber,608802,nominative/accusative neuter singular of der: the,but; however; though
nicht selbst,608707,"not, non- (negates the meaning of a verb, adjective, or adverb)","personally, by oneself"
wird diese,608578,third-person singular present of werden,"nominative feminine singular of dieser; ""this"""
Augen an,608453,plural of Auge,"on, upon, at, in, against"
Bild der,608416,"depiction, image, picture","nominative masculine singular definite article, the"
du doch,608313,"you (singular familiar), thou",yes; surely; really; on the contrary
der Wirklichkeit,608113,"nominative masculine singular definite article, the",reality
sei ein,608077,first-person singular subjunctive I of sein,one
diesen Worten,608015,"accusative masculine singular of dieser; ""this""",dative plural of Wort
sie dabei,607945,she; her,"pronominal adverb of bei (replaces bei + demonstrative or personal pronoun, unless referring to people)"
zu ermöglichen,607672,"to, towards (indicates directionality)",to make possible
konnten sie,607649,first/third-person plural preterite of können,she; her
Licht der,607556,light (electromagnetic radiation in the visible spectrum),"nominative masculine singular definite article, the"
der Macht,607542,"nominative masculine singular definite article, the",third-person singular present of machen
wie gesagt,607525,how,past participle of sagen
als Kind,607414,"at (approximately) the same moment, when, while, as",kid; child (young person)
kann als,607375,first/third-person singular present of können,"at (approximately) the same moment, when, while, as"
auch etwas,607268,"also, too, as well (in addition to whatever or whoever has previously been listed)",something
der Unterschied,607172,"nominative masculine singular definite article, the",difference
wenn jemand,607057,"when, whenever","someone, somebody"
der vor,607032,"nominative masculine singular definite article, the","in front of, ahead of (relative location in space)"
in etwa,606914,"[with dative] in, inside, within, at (inside a building)",approximately
den Bereich,606732,inflection of der (“the”):,"area, realm, range, scope"
hatten und,606714,first/third-person plural preterite of haben,and
Beziehung zwischen,606613,"relation, relationship, connection",between
schon bald,606569,"already (happening rather early, continuing rather long)",soon (near in time)
Raum und,606471,space,and
sie wollten,606254,she; her,inflection of wollen:
heute ist,606189,today,third-person singular present of sein
sie ließ,606101,she; her,first/third-person singular preterite of lassen
Beurteilung der,606023,"judgement, assessment","nominative masculine singular definite article, the"
mit in,605858,"with (in the company of, alongside)","[with dative] in, inside, within, at (inside a building)"
Rücksicht auf,605819,consideration (the tendency to consider others),"[with dative] on, upon (positioned at the top of)"
während das,605805,while (at the same time as),nominative/accusative neuter singular of der: the
legte den,605779,inflection of legen:,inflection of der (“the”):
flüsterte sie,605738,inflection of flüstern:,she; her
bin ein,605494,first-person singular present of sein,one
Beitrag zur,605283,contribution (something given or offered that adds to a larger whole),"contraction of zu + der, literally “to the (feminine)”"
Tür zu,605014,door (rigid plane on a hinge),"to, towards (indicates directionality)"
sehen konnte,604983,to see; to have sight,first/third-person singular preterite of können
begann er,604969,first/third-person singular preterite of beginnen,he
meldete sich,604638,inflection of melden:,"Reflexive pronoun of the third person singular or plural: herself, himself, itself, oneself, themselves (in both dative and accusative)"
er da,604541,he,there
unter diesen,604218,under,"accusative masculine singular of dieser; ""this"""
sie lächelte,604189,she; her,inflection of lächeln:
Gott und,604129,god,and
als sein,604113,"at (approximately) the same moment, when, while, as",forms the present perfect and past perfect tenses of certain verbs
zum Einsatz,603778,"contraction of zu + dem, literally “to the; for the”","something inserted, inset, inlay, compartment"
Frau in,603725,woman (adult female human),"[with dative] in, inside, within, at (inside a building)"
dieser Mann,603611,"this one, this","man, male human being"
und nichts,603498,and,nothing
wobei er,603316,"Introduces a comitative sentence, denoting a simultaneous event with the main clause. It frequently corresponds to English present participles (-ing) in adverbial use.",he
nicht darauf,603265,"not, non- (negates the meaning of a verb, adjective, or adverb)",after (behind; later in time; following)
es besteht,603233,"Refers to a neuter noun (person, animal, thing or abstract)",inflection of bestehen:
ohne eine,603113,without,nominative/accusative feminine singular of ein
ich wäre,603077,I (first person singular nominative (subject) pronoun),first/third-person singular subjunctive II of sein
ich nahm,603003,I (first person singular nominative (subject) pronoun),first/third-person singular preterite of nehmen
nun war,602801,"now, at this moment",first-person singular preterite of sein: was
hier nur,602620,"here; in this place; refers to an environment one is currently in, or to something within reach","only, just, merely, simply"
Zusammenarbeit mit,602370,"collaboration, cooperation, teamwork","with (in the company of, alongside)"
das Tier,602282,nominative/accusative neuter singular of der: the,animal (see usage notes below)
nicht dazu,602013,"not, non- (negates the meaning of a verb, adjective, or adverb)","in addition to it, in addition, besides"
diese Zeit,602003,"nominative feminine singular of dieser; ""this""",time (as a concept)
seinen eigenen,601998,inflection of sein:,inflection of eigen:
sich alles,601952,"Reflexive pronoun of the third person singular or plural: herself, himself, itself, oneself, themselves (in both dative and accusative)",everything; all
kam die,601897,first/third-person singular preterite of kommen,nominative/accusative singular feminine of der
im Namen,601833,"initialism of Inoffizieller Mitarbeiter / Inoffizielle Mitarbeiterin (“unofficial collaborator”), an informant in the German Democratic Republic who delivered private information to the Stasi.",alternative form of Name
muss er,601804,first/third-person singular present of müssen,he
die Reise,601669,nominative/accusative singular feminine of der,"journey, travel"
da ein,601164,there,one
so richtig,601007,"so, such, that","correct, accurate, right"
nicht leicht,600972,"not, non- (negates the meaning of a verb, adjective, or adverb)",light (not heavy)
oder zumindest,600629,"Oder (a major river in the Czech Republic, Poland and Germany)",at least
den größten,600171,inflection of der (“the”):,superlative degree of groß
hat nicht,600159,third-person singular present of haben,"not, non- (negates the meaning of a verb, adjective, or adverb)"
sie also,600048,she; her,"so, therefore"
fand er,599976,first/third-person singular preterite of finden,he
man konnte,599969,"one, you, they (indefinite pronoun, referring to people at large; construed as a third-person singular)",first/third-person singular preterite of können
der größte,599963,"nominative masculine singular definite article, the",inflection of groß:
muss das,599961,first/third-person singular present of müssen,nominative/accusative neuter singular of der: the
einige Zeit,599868,inflection of einig:,time (as a concept)
als zu,599723,"at (approximately) the same moment, when, while, as","to, towards (indicates directionality)"
drei Jahre,599590,three (numerical value represented by the Arabic numeral 3; or describing a set with three elements),"nominative/accusative/genitive plural of Jahr ""years"""
seinem Leben,599453,dative masculine/neuter singular of sein,"to live, to be alive"
den Atem,599383,inflection of der (“the”):,breath
die Vergangenheit,599189,nominative/accusative singular feminine of der,the past (time)
seiner eigenen,599169,his (substantival possessive),inflection of eigen:
bevor die,599082,before,nominative/accusative singular feminine of der
der europäischen,598939,"nominative masculine singular definite article, the",inflection of europäisch:
und ihrem,598893,and,"dative masculine/neuter singular of ihr: her, its, their (referring to a masculine or neuter object in the dative case)"
ihre Tochter,598742,inflection of ihr:,daughter
der Umgebung,598694,"nominative masculine singular definite article, the","environment (area around something), vicinity, surroundings"
euch nicht,598670,"accusative and dative of ihr; you, yourselves","not, non- (negates the meaning of a verb, adjective, or adverb)"
ihnen ein,598651,"dative of sie; them, to them.",one
er dachte,598446,he,first/third-person singular preterite of denken
einmal eine,598312,"once, one time (one and only one time)",nominative/accusative feminine singular of ein
den jungen,598121,inflection of der (“the”):,plural of Junge
sowie das,597938,as well as,nominative/accusative neuter singular of der: the
im weiteren,597934,"initialism of Inoffizieller Mitarbeiter / Inoffizielle Mitarbeiterin (“unofficial collaborator”), an informant in the German Democratic Republic who delivered private information to the Stasi.",inflection of weit:
ihre Kinder,597925,inflection of ihr:,nominative/accusative/genitive plural of Kind
Veränderung der,597785,change (process of becoming different),"nominative masculine singular definite article, the"
des Geistes,597782,genitive masculine/neuter singular of der: the,genitive singular of Geist
die dritte,597741,nominative/accusative singular feminine of der,third
Tage später,597594,inflection of Tag:,comparative degree of spät; later
ihr eigenes,597553,"you, ye (plural, familiar)",strong/mixed nominative/accusative neuter singular of eigen
die Auswahl,597303,nominative/accusative singular feminine of der,selection
mich doch,597161,accusative of ich: me,yes; surely; really; on the contrary
gleich wieder,597017,equal,again; indicates that the action taking place has happened before
hatte seine,597007,first/third-person singular preterite of haben,inflection of seiner:
kann mit,596954,first/third-person singular present of können,"with (in the company of, alongside)"
ein alter,596564,one,inflection of alt:
scheint es,596535,inflection of scheinen:,"Refers to a neuter noun (person, animal, thing or abstract)"
Familie und,596323,family,and
nahm den,596311,first/third-person singular preterite of nehmen,inflection of der (“the”):
gab ihm,596135,first/third-person singular preterite of geben,"dative of er; him, to him (indirect object); for him (in some cases)."
zehn Jahre,596035,ten (numerical value represented in Arabic numerals as 10),"nominative/accusative/genitive plural of Jahr ""years"""
Angst und,595948,fear; fright; anxiety,and
des Wortes,595938,genitive masculine/neuter singular of der: the,genitive singular of Wort
kann mir,595705,first/third-person singular present of können,"dative of ich: me, to me"
ins Wasser,595302,contraction of in (“(in)to”) + das (“the”) (accusative singular neuter),water (H₂O)
und dennoch,595166,and,"anyhow, however"
wichtige Rolle,595164,inflection of wichtig:,"roll, reel, spool"
hätten wir,595162,first/third-person plural subjunctive II of haben,we
letzter Zeit,595076,inflection of letzte:,time (as a concept)
sind noch,595038,first-person plural present of sein,"still, yet (up to and including a given time)"
die sind,594923,nominative/accusative singular feminine of der,first-person plural present of sein
von Kindern,594922,from,dative plural of Kind
ist wohl,594845,third-person singular present of sein,"possibly, probably; as I was told (modal particle expressing an assumption, often like English must + infinitive, or (US) guess + clause)"
oder es,594822,"Oder (a major river in the Czech Republic, Poland and Germany)","Refers to a neuter noun (person, animal, thing or abstract)"
dann hat,594691,"then, after that",third-person singular present of haben
das alte,594527,nominative/accusative neuter singular of der: the,female equivalent of Alter: old woman
war nun,594275,first-person singular preterite of sein: was,"now, at this moment"
mir nur,594071,"dative of ich: me, to me","only, just, merely, simply"
eine Möglichkeit,593965,nominative/accusative feminine singular of ein,"possibility, likelihood"
Männer und,593826,nominative/accusative/genitive plural of Mann,and
Zuge der,593146,dative singular of Zug,"nominative masculine singular definite article, the"
gehe ich,593030,inflection of gehen:,I (first person singular nominative (subject) pronoun)
unterscheiden sich,592892,"to distinguish, differentiate","Reflexive pronoun of the third person singular or plural: herself, himself, itself, oneself, themselves (in both dative and accusative)"
einem Mann,592794,dative masculine/neuter singular of ein,"man, male human being"
bei ihrem,592741,"by, near","dative masculine/neuter singular of ihr: her, its, their (referring to a masculine or neuter object in the dative case)"
er nichts,592608,he,nothing
ich lasse,592435,I (first person singular nominative (subject) pronoun),inflection of lassen:
Fragen der,592366,to ask,"nominative masculine singular definite article, the"
des gesamten,592089,genitive masculine/neuter singular of der: the,inflection of gesamt:
mit etwas,591764,"with (in the company of, alongside)",something
mit vielen,591456,"with (in the company of, alongside)",inflection of viel:
Verantwortung für,591455,responsibility,describes an abstract directionality towards a person or matter
die soziale,591236,nominative/accusative singular feminine of der,inflection of sozial:
bezeichnet werden,591149,past participle of bezeichnen,"will, to be going to, forms the future tense"
doch mit,591115,yes; surely; really; on the contrary,"with (in the company of, alongside)"
auf Erden,591046,"[with dative] on, upon (positioned at the top of)",to earth
dabei war,591027,"pronominal adverb of bei (replaces bei + demonstrative or personal pronoun, unless referring to people)",first-person singular preterite of sein: was
im Wasser,590919,"initialism of Inoffizieller Mitarbeiter / Inoffizielle Mitarbeiterin (“unofficial collaborator”), an informant in the German Democratic Republic who delivered private information to the Stasi.",water (H₂O)
dies kann,590902,alternative form of dieses,first/third-person singular present of können
und fand,590764,and,first/third-person singular preterite of finden
die Mitte,590404,nominative/accusative singular feminine of der,middle
sich darauf,590377,"Reflexive pronoun of the third person singular or plural: herself, himself, itself, oneself, themselves (in both dative and accusative)",after (behind; later in time; following)
besonders in,590318,"especially, particularly","[with dative] in, inside, within, at (inside a building)"
Jahren in,590204,dative plural of Jahr,"[with dative] in, inside, within, at (inside a building)"
daran zu,590200,"on it, on that","to, towards (indicates directionality)"
die Mitarbeiter,590073,nominative/accusative singular feminine of der,"employee (person who works, together with others, in a particular business or institution)"
legte sie,589957,inflection of legen:,she; her
Funktion der,589911,role,"nominative masculine singular definite article, the"
die Dunkelheit,589855,nominative/accusative singular feminine of der,darkness
der Kopf,589778,"nominative masculine singular definite article, the",head
stand ein,589767,first/third-person singular preterite of stehen,one
es besser,589558,"Refers to a neuter noun (person, animal, thing or abstract)",comparative degree of gut; better
aber Sie,589535,but; however; though,she; her
war bei,589439,first-person singular preterite of sein: was,"by, near"
Arm um,589193,poor (having little money),about
an meine,589148,"on, upon, at, in, against",inflection of meiner:
wurde auch,588936,first/third-person singular preterite of werden,"also, too, as well (in addition to whatever or whoever has previously been listed)"
bei Ihnen,588671,"by, near","dative of sie; them, to them."
ich halte,588656,I (first person singular nominative (subject) pronoun),inflection of halten:
die Bank,588563,nominative/accusative singular feminine of der,bench (which people sit on); pew
der Oberfläche,588459,"nominative masculine singular definite article, the",surface
einmal mit,588452,"once, one time (one and only one time)","with (in the company of, alongside)"
können nicht,588307,"to be able (to do or be something), to have the possibility of, can.","not, non- (negates the meaning of a verb, adjective, or adverb)"
in ganz,588272,"[with dative] in, inside, within, at (inside a building)","entire, whole, complete"
wurde durch,588064,first/third-person singular preterite of werden,by means of; by; through
Vergleich mit,587914,comparison,"with (in the company of, alongside)"
beiden Händen,587877,inflection of beide:,dative plural of Hand
sich gut,587845,"Reflexive pronoun of the third person singular or plural: herself, himself, itself, oneself, themselves (in both dative and accusative)","good (acting in the interest of what is beneficial, ethical, or moral)"
man wird,587742,"one, you, they (indefinite pronoun, referring to people at large; construed as a third-person singular)",third-person singular present of werden
und unsere,587617,and,inflection of unser
Vertreter der,587598,agent noun of vertreten,"nominative masculine singular definite article, the"
seines Vaters,587563,neuter singular of seiner,genitive singular of Vater
dem Ende,587286,dative masculine/neuter singular of der: the,"end, finish"
in New,587168,"[with dative] in, inside, within, at (inside a building)",obsolete spelling of neu
aufgrund ihrer,587107,"due to, because of, as a result of, by reason of, on account of",genitive of sie: of her
in Sicherheit,587085,"[with dative] in, inside, within, at (inside a building)",certainty
um dich,587001,about,"accusative of du; you, thee (direct object)."
das jetzt,586926,nominative/accusative neuter singular of der: the,"now (at this moment, right now)"
Richtung der,586912,direction,"nominative masculine singular definite article, the"
von innen,586866,from,within
ich über,586742,I (first person singular nominative (subject) pronoun),"[with accusative or dative] above, over (spatially)"
seine Arme,586686,inflection of seiner:,inflection of arm:
wird aber,586608,third-person singular present of werden,but; however; though
zu befreien,586414,"to, towards (indicates directionality)","to free (make free), to liberate"
wie seine,586335,how,inflection of seiner:
dem in,586322,dative masculine/neuter singular of der: the,"[with dative] in, inside, within, at (inside a building)"
Arme und,586291,inflection of arm:,and
er gab,586201,he,first/third-person singular preterite of geben
aus meiner,586054,out,mine (substantival possessive)
ein junger,585908,one,inflection of jung:
haben einen,585834,forms the perfect aspect (have),accusative masculine singular of ein
dann sind,585793,"then, after that",first-person plural present of sein
Leben lang,585781,"to live, to be alive",long; lengthy (in space or time)
direkt auf,585765,"direct, straight, without deviation or interruption","[with dative] on, upon (positioned at the top of)"
insbesondere für,585740,"in particular, particularly",describes an abstract directionality towards a person or matter
wie ihre,585596,how,inflection of ihr:
war nichts,585558,first-person singular preterite of sein: was,nothing
es zur,585495,"Refers to a neuter noun (person, animal, thing or abstract)","contraction of zu + der, literally “to the (feminine)”"
rechts und,585234,on the right,and
kein Mensch,585106,no; not a(n); not one; not any,"one, they (indefinite third-person singular pronoun)"
mir nichts,585045,"dative of ich: me, to me",nothing
sprach er,585004,first/third-person singular preterite of sprechen,he
Form eines,584279,singular imperative of formen,genitive masculine/neuter singular of ein
langsam und,584235,slow (taking a long time to move or travel; not happening in a short time),and
eines anderen,584194,genitive masculine/neuter singular of ein,inflection of anderer:
ganz gut,584048,"entire, whole, complete","good (acting in the interest of what is beneficial, ethical, or moral)"
den Garten,583989,inflection of der (“the”):,"garden, yard (grounds at the front or back of a house)"
wie konnte,583943,how,first/third-person singular preterite of können
mich immer,583832,accusative of ich: me,always
der Teufel,583733,"nominative masculine singular definite article, the","the Devil, Satan (supreme evil spirit in the Abrahamic religions)"
mir von,583587,"dative of ich: me, to me",from
einen Schluck,583508,accusative masculine singular of ein,"sip, swallow, small drink"
sind so,583389,first-person plural present of sein,"so, such, that"
daher auch,583376,"from there, thence","also, too, as well (in addition to whatever or whoever has previously been listed)"
du sollst,582926,"you (singular familiar), thou",second-person singular present of sollen
das Projekt,582904,nominative/accusative neuter singular of der: the,project
solltest du,582903,inflection of sollen:,"you (singular familiar), thou"
ob eine,582899,"Introduces an indirect question, a doubt. if, whether.",nominative/accusative feminine singular of ein
gleich darauf,582890,equal,after (behind; later in time; following)
wir nun,582884,we,"now, at this moment"
lediglich die,582594,merely,nominative/accusative singular feminine of der
die weitere,582454,nominative/accusative singular feminine of der,inflection of weit:
war jetzt,582354,first-person singular preterite of sein: was,"now (at this moment, right now)"
darauf an,582278,after (behind; later in time; following),"on, upon, at, in, against"
sah aus,582272,first/third-person singular preterite of sehen,out
Stimme klang,581857,"voice (speaking or singing), call of an animal","sound, tone"
die Bezeichnung,581852,nominative/accusative singular feminine of der,"designation, denomination, name, term"
er denn,581783,he,for; because; since
einer Reihe,581660,genitive/dative feminine singular of ein,row
dann doch,581648,"then, after that",yes; surely; really; on the contrary
in Wahrheit,581618,"[with dative] in, inside, within, at (inside a building)",truth
in alle,581426,"[with dative] in, inside, within, at (inside a building)",inflection of all (“all”)
aber dennoch,581378,but; however; though,"anyhow, however"
gemacht haben,581372,past participle of machen,forms the perfect aspect (have)
abhängig von,581337,dependent,from
würde mich,581264,dignity,accusative of ich: me
macht der,581256,third-person singular present of machen,"nominative masculine singular definite article, the"
warum er,581227,why; for what reason,he
drei Tage,581070,three (numerical value represented by the Arabic numeral 3; or describing a set with three elements),inflection of Tag:
ihn nur,581069,"accusative of er; him, it (masculine, direct object).","only, just, merely, simply"
die Organisation,580922,nominative/accusative singular feminine of der,"organisation, organization"
Nähe der,580888,"nearness, closeness","nominative masculine singular definite article, the"
ich der,580823,I (first person singular nominative (subject) pronoun),"nominative masculine singular definite article, the"
er nickte,580746,he,inflection of nicken:
uns und,580716,accusative/dative of wir: us,and
wer hat,580643,who (what person or people),third-person singular present of haben
nichts davon,580619,nothing,"from it, from that, therefrom, off it, off that"
sowie eine,580617,as well as,nominative/accusative feminine singular of ein
behandelt werden,580575,past participle of behandeln,"will, to be going to, forms the future tense"
ob du,580398,"Introduces an indirect question, a doubt. if, whether.","you (singular familiar), thou"
er ihre,580189,he,inflection of ihr:
zu beschreiben,579704,"to, towards (indicates directionality)",to describe
davon ab,579585,"from it, from that, therefrom, off it, off that",beginning at that time or location; from
die Straßen,579362,nominative/accusative singular feminine of der,plural of Straße
ich höre,579359,I (first person singular nominative (subject) pronoun),inflection of hören:
rief der,579298,first/third-person singular preterite of rufen,"nominative masculine singular definite article, the"
den Rand,579189,inflection of der (“the”):,"edge, brink, rim (outer part of something)"
heute Morgen,579089,today,morning (part of the day from dawn to noon)
Form einer,579066,singular imperative of formen,genitive/dative feminine singular of ein
oder nach,578995,"Oder (a major river in the Czech Republic, Poland and Germany)","after, past (later in time)"
allerdings ist,578608,"but, however",third-person singular present of sein
sich selber,578592,"Reflexive pronoun of the third person singular or plural: herself, himself, itself, oneself, themselves (in both dative and accusative)","self (as in myself, yourself, himself etc.)"
zu schließen,578573,"to, towards (indicates directionality)",to shut; to close; to shut down
und waren,578540,and,first/third-person plural preterite of sein: were
sie stand,578536,she; her,first/third-person singular preterite of stehen
mein Bruder,578189,my,brother
Rolle spielen,578013,"roll, reel, spool",to play (engage in some activity for fun or entertainment)
dass alles,577663,that,everything; all
man diese,577630,"one, you, they (indefinite pronoun, referring to people at large; construed as a third-person singular)","nominative feminine singular of dieser; ""this"""
mit und,577564,"with (in the company of, alongside)",and
seinen Namen,577412,inflection of sein:,alternative form of Name
Mann zu,577404,"man, male human being","to, towards (indicates directionality)"
wollte es,577369,inflection of wollen:,"Refers to a neuter noun (person, animal, thing or abstract)"
sie sagen,577339,she; her,to say (to pronounce; communicate verbally)
Gedanken zu,577253,inflection of Gedanke:,"to, towards (indicates directionality)"
im Herbst,577005,"initialism of Inoffizieller Mitarbeiter / Inoffizielle Mitarbeiterin (“unofficial collaborator”), an informant in the German Democratic Republic who delivered private information to the Stasi.","autumn, fall"
weil sich,576839,"because, given that","Reflexive pronoun of the third person singular or plural: herself, himself, itself, oneself, themselves (in both dative and accusative)"
nicht nötig,576836,"not, non- (negates the meaning of a verb, adjective, or adverb)",necessary
uns noch,576768,accusative/dative of wir: us,"still, yet (up to and including a given time)"
die Pferde,576734,nominative/accusative singular feminine of der,nominative/accusative/genitive plural of Pferd
die Folgen,576531,nominative/accusative singular feminine of der,to follow (on the same path or in a sequence)
die Schuld,576177,nominative/accusative singular feminine of der,debt
mehr über,576044,something more,"[with accusative or dative] above, over (spatially)"
das als,575610,nominative/accusative neuter singular of der: the,"at (approximately) the same moment, when, while, as"
ohne ein,575492,without,one
darüber zu,575462,"above, above it/this/that","to, towards (indicates directionality)"
freue mich,575289,inflection of freuen:,accusative of ich: me
im Blick,575131,"initialism of Inoffizieller Mitarbeiter / Inoffizielle Mitarbeiterin (“unofficial collaborator”), an informant in the German Democratic Republic who delivered private information to the Stasi.","glance, look"
selbst ein,574761,"personally, by oneself",one
daher nicht,574735,"from there, thence","not, non- (negates the meaning of a verb, adjective, or adverb)"
nur weil,574611,"only, just, merely, simply","because, given that"
finden wir,574530,to find; to discover,we
Gebiet der,574410,"area, region","nominative masculine singular definite article, the"
als auf,574378,"at (approximately) the same moment, when, while, as","[with dative] on, upon (positioned at the top of)"
noch zwei,574094,"still, yet (up to and including a given time)",two (numerical value represented by the Arabic numeral 2; or describing a set with two components)
der Raum,573989,"nominative masculine singular definite article, the",space
von Frauen,573977,from,plural of Frau (“women”)
anderen zu,573944,inflection of anderer:,"to, towards (indicates directionality)"
von beiden,573889,from,inflection of beide:
muß ich,573753,Formerly standard spelling of muss which was deprecated in the spelling reform (Rechtschreibreform) of 1996.,I (first person singular nominative (subject) pronoun)
wir dann,573724,we,"then, after that"
bedarf es,573393,need (that which is desired or required),"Refers to a neuter noun (person, animal, thing or abstract)"
es gilt,573309,"Refers to a neuter noun (person, animal, thing or abstract)",inflection of gelten:
mich selbst,573131,accusative of ich: me,"personally, by oneself"
Prozess der,573098,lawsuit,"nominative masculine singular definite article, the"
ich zum,573019,I (first person singular nominative (subject) pronoun),"contraction of zu + dem, literally “to the; for the”"
es ganz,573004,"Refers to a neuter noun (person, animal, thing or abstract)","entire, whole, complete"
noch sehr,573003,"still, yet (up to and including a given time)",very
damit verbundenen,572902,pronominal adverb of mit,inflection of verbunden:
sowie den,572851,as well as,inflection of der (“the”):
in manchen,572773,"[with dative] in, inside, within, at (inside a building)",inflection of manch:
ich erinnere,572664,I (first person singular nominative (subject) pronoun),inflection of erinnern:
konnte das,572579,first/third-person singular preterite of können,nominative/accusative neuter singular of der: the
dem Menschen,572539,dative masculine/neuter singular of der: the,accusative/dative/genitive singular of Mensch
der größten,572521,"nominative masculine singular definite article, the",superlative degree of groß
Basis der,572445,"basis (foundation, principle)","nominative masculine singular definite article, the"
einem gewissen,572381,dative masculine/neuter singular of ein,conscience (moral sense or faculty)
er sagt,572141,he,inflection of sagen:
der Bühne,572059,"nominative masculine singular definite article, the","stage (typically elevated space in front of a room for concerts, theater and other performances)"
will er,572057,first/third-person singular present of wollen,he
und verschwand,572044,and,first/third-person singular preterite of verschwinden
wir doch,571962,we,yes; surely; really; on the contrary
Entwicklung und,571666,evolution,and
dann werden,571663,"then, after that","will, to be going to, forms the future tense"
murmelte er,571633,inflection of murmeln:,he
der Nase,571452,"nominative masculine singular definite article, the",nose
es ihn,571447,"Refers to a neuter noun (person, animal, thing or abstract)","accusative of er; him, it (masculine, direct object)."
werden diese,571353,"will, to be going to, forms the future tense","nominative feminine singular of dieser; ""this"""
wie sein,571307,how,forms the present perfect and past perfect tenses of certain verbs
und plötzlich,571275,and,"suddenly, abruptly"
in uns,570987,"[with dative] in, inside, within, at (inside a building)",accusative/dative of wir: us
sei die,570911,first-person singular subjunctive I of sein,nominative/accusative singular feminine of der
sah auf,570908,first/third-person singular preterite of sehen,"[with dative] on, upon (positioned at the top of)"
sie hielt,570462,she; her,first/third-person singular preterite of halten
immer das,570390,always,nominative/accusative neuter singular of der: the
wurden und,570051,first/third-person plural preterite of werden,and
was haben,569964,what,forms the perfect aspect (have)
im übrigen,569600,"initialism of Inoffizieller Mitarbeiter / Inoffizielle Mitarbeiterin (“unofficial collaborator”), an informant in the German Democratic Republic who delivered private information to the Stasi.",inflection of übrig:
Fenster und,569350,window,and
eine starke,569307,nominative/accusative feminine singular of ein,inflection of stark:
wurden sie,569222,first/third-person plural preterite of werden,she; her
ohne sie,569069,without,she; her
Kosten der,568951,to cost,"nominative masculine singular definite article, the"
sie ins,568903,she; her,contraction of in (“(in)to”) + das (“the”) (accusative singular neuter)
ich heute,568853,I (first person singular nominative (subject) pronoun),today
er trug,568808,he,first/third-person singular preterite of tragen
er hörte,568251,he,inflection of hören:
wandte er,568247,first/third-person singular preterite of wenden,he
weit über,567680,wide,"[with accusative or dative] above, over (spatially)"
daher die,567490,"from there, thence",nominative/accusative singular feminine of der
Verteilung der,567326,distribution,"nominative masculine singular definite article, the"
was aber,567043,what,but; however; though
seinem Vater,566910,dative masculine/neuter singular of sein,father
der Text,566882,"nominative masculine singular definite article, the",text (writing consisting of several sentences and forming a discrete unit)
ihrer eigenen,566656,genitive of sie: of her,inflection of eigen:
sein konnte,566588,forms the present perfect and past perfect tenses of certain verbs,first/third-person singular preterite of können
das stimmt,566579,nominative/accusative neuter singular of der: the,third-person singular present of stimmen
dafür ist,566432,"for that, for it",third-person singular present of sein
kommen wir,565914,to come; to arrive,we
sie fühlte,565707,she; her,inflection of fühlen:
vielleicht ein,565675,"perhaps, maybe",one
für ihr,565648,describes an abstract directionality towards a person or matter,"you, ye (plural, familiar)"
er ja,565612,he,initialism of Junge Alternative für Deutschland.
der Einsatz,565398,"nominative masculine singular definite article, the","something inserted, inset, inlay, compartment"
die Waffe,565206,nominative/accusative singular feminine of der,"weapon, arm"
Anwendung des,564971,"application, usage, utilization",genitive masculine/neuter singular of der: the
wie beispielsweise,564950,how,for example
auch sehr,564817,"also, too, as well (in addition to whatever or whoever has previously been listed)",very
mir aus,564800,"dative of ich: me, to me",out
sie heute,564659,she; her,today
etwas nicht,564653,something,"not, non- (negates the meaning of a verb, adjective, or adverb)"
die ihren,564595,nominative/accusative singular feminine of der,inflection of ihr:
runzelte die,564516,inflection of runzeln:,nominative/accusative singular feminine of der
seid ihr,564465,second-person plural present of sein,"you, ye (plural, familiar)"
Gruppe der,564371,group,"nominative masculine singular definite article, the"
und weiter,564289,and,comparative degree of weit
ihm nach,564194,"dative of er; him, to him (indirect object); for him (in some cases).","after, past (later in time)"
allen anderen,563927,accusative singular masculine of alles (“all”),inflection of anderer:
jetzt mit,563866,"now (at this moment, right now)","with (in the company of, alongside)"
war bereits,563796,first-person singular preterite of sein: was,already
Anschluss an,563795,"connection, joining","on, upon, at, in, against"
Bedeutung von,563766,"meaning, sense",from
die Voraussetzungen,563743,nominative/accusative singular feminine of der,plural of Voraussetzung
aus allen,563707,out,accusative singular masculine of alles (“all”)
Politik und,563553,politics (profession of conducting political affairs),and
der Graf,563245,"nominative masculine singular definite article, the",count (a member of the German nobility)
es sollte,563065,"Refers to a neuter noun (person, animal, thing or abstract)",inflection of sollen:
und will,563059,and,first/third-person singular present of wollen
denen das,562797,dative plural of der,nominative/accusative neuter singular of der: the
der Bewegung,562793,"nominative masculine singular definite article, the",motion
ich wurde,562787,I (first person singular nominative (subject) pronoun),first/third-person singular preterite of werden
eines Menschen,562760,genitive masculine/neuter singular of ein,accusative/dative/genitive singular of Mensch
sie schließlich,562740,she; her,"in the end, finally, eventually"
der Krieg,562726,"nominative masculine singular definite article, the","war, warfare"
wie gut,562684,how,"good (acting in the interest of what is beneficial, ethical, or moral)"
fiel ihm,562478,first/third-person singular preterite of fallen,"dative of er; him, to him (indirect object); for him (in some cases)."
wird für,562467,third-person singular present of werden,describes an abstract directionality towards a person or matter
recht und,562294,"right, right-hand (direction)",and
und küsste,562048,and,inflection of küssen:
ich frage,561981,I (first person singular nominative (subject) pronoun),question (interrogative sentence or phrase)
die deutschen,561875,nominative/accusative singular feminine of der,inflection of deutsch:
werden sollten,561848,"will, to be going to, forms the future tense",inflection of sollen:
das hätte,561624,nominative/accusative neuter singular of der: the,first/third-person singular subjunctive II of haben
den vergangenen,561597,inflection of der (“the”):,inflection of vergangen:
mehr aus,561570,something more,out
keinen Sinn,561544,accusative masculine of kein,singular imperative of sinnen
ein oder,561328,one,"Oder (a major river in the Czech Republic, Poland and Germany)"
ein halbes,561324,one,strong/mixed nominative/accusative neuter singular of halb
komme ich,561294,inflection of kommen:,I (first person singular nominative (subject) pronoun)
ganz besonders,561290,"entire, whole, complete","especially, particularly"
sich darüber,561263,"Reflexive pronoun of the third person singular or plural: herself, himself, itself, oneself, themselves (in both dative and accusative)","above, above it/this/that"
zu übernehmen,561154,"to, towards (indicates directionality)","to take over (a task, a position, responsibilities from someone else)"
nicht besser,561123,"not, non- (negates the meaning of a verb, adjective, or adverb)",comparative degree of gut; better
mich der,561122,accusative of ich: me,"nominative masculine singular definite article, the"
zu unterstützen,561090,"to, towards (indicates directionality)","to support, to assist, to help, to aid"
zu beruhigen,561064,"to, towards (indicates directionality)","to calm down, to quiet"
dies in,561040,alternative form of dieses,"[with dative] in, inside, within, at (inside a building)"
der Darstellung,560958,"nominative masculine singular definite article, the",exhibition
daß bei,560906,Formerly standard spelling of dass which was deprecated in the spelling reform (Rechtschreibreform) of 1996.,"by, near"
ihm noch,560837,"dative of er; him, to him (indirect object); for him (in some cases).","still, yet (up to and including a given time)"
was willst,560741,what,second-person singular present of wollen
gab sie,560713,first/third-person singular preterite of geben,she; her
beispielsweise die,560656,for example,nominative/accusative singular feminine of der
in keiner,560651,"[with dative] in, inside, within, at (inside a building)",none
sie zurück,560583,she; her,"back, backward, backwards, to the rear."
sie wurden,560512,she; her,first/third-person plural preterite of werden
hob den,560322,first/third-person singular preterite of heben,inflection of der (“the”):
das Gleiche,560310,nominative/accusative neuter singular of der: the,inflection of gleich:
sondern sie,560264,"rather, but (instead).",she; her
im Einzelfall,560087,"initialism of Inoffizieller Mitarbeiter / Inoffizielle Mitarbeiterin (“unofficial collaborator”), an informant in the German Democratic Republic who delivered private information to the Stasi.",individual case; isolated case
fing an,559921,first/third-person singular preterite of fangen,"on, upon, at, in, against"
weiter in,559817,comparative degree of weit,"[with dative] in, inside, within, at (inside a building)"
er schließlich,559766,he,"in the end, finally, eventually"
junger Mann,559704,inflection of jung:,"man, male human being"
und gegen,559582,and,against
dass dieses,559551,that,inflection of dieser:
eine entsprechende,559297,nominative/accusative feminine singular of ein,inflection of entsprechend:
öffnete sich,559291,inflection of öffnen:,"Reflexive pronoun of the third person singular or plural: herself, himself, itself, oneself, themselves (in both dative and accusative)"
uns alle,559218,accusative/dative of wir: us,inflection of all (“all”)
sah zu,558993,first/third-person singular preterite of sehen,"to, towards (indicates directionality)"
ein in,558988,one,"[with dative] in, inside, within, at (inside a building)"
denn da,558813,for; because; since,there
ihr auch,558627,"you, ye (plural, familiar)","also, too, as well (in addition to whatever or whoever has previously been listed)"
sei nicht,558576,first-person singular subjunctive I of sein,"not, non- (negates the meaning of a verb, adjective, or adverb)"
in Österreich,558548,"[with dative] in, inside, within, at (inside a building)",Austria (a country in Central Europe)
Art des,558294,"kind, sort, type",genitive masculine/neuter singular of der: the
Frau zu,558226,woman (adult female human),"to, towards (indicates directionality)"
diese Frau,558178,"nominative feminine singular of dieser; ""this""",woman (adult female human)
sondern der,558160,"rather, but (instead).","nominative masculine singular definite article, the"
fühle mich,557950,inflection of fühlen:,accusative of ich: me
werden sich,557914,"will, to be going to, forms the future tense","Reflexive pronoun of the third person singular or plural: herself, himself, itself, oneself, themselves (in both dative and accusative)"
die Namen,557804,nominative/accusative singular feminine of der,alternative form of Name
auch gar,557766,"also, too, as well (in addition to whatever or whoever has previously been listed)","cooked, done (of food such as meat or vegetables: ready for consumption)"
warum sie,557705,why; for what reason,she; her
sie gar,557397,she; her,"cooked, done (of food such as meat or vegetables: ready for consumption)"
der Zunge,557335,"nominative masculine singular definite article, the",tongue (organ in the mouth)
als Folge,557326,"at (approximately) the same moment, when, while, as",sequence
um dann,557313,about,"then, after that"
Stadt und,557203,city (a large settlement),and
und genau,557085,and,exact
zu begreifen,557033,"to, towards (indicates directionality)","to grasp fully; to comprehend; to conceive, to fathom"
Anfang des,557005,"start, beginning, origin (spatially or temporally)",genitive masculine/neuter singular of der: the
schon gut,556958,"already (happening rather early, continuing rather long)","good (acting in the interest of what is beneficial, ethical, or moral)"
der Entscheidung,556829,"nominative masculine singular definite article, the",decision
in Italien,556828,"[with dative] in, inside, within, at (inside a building)",Italy (a country in Southern Europe)
im Osten,556627,"initialism of Inoffizieller Mitarbeiter / Inoffizielle Mitarbeiterin (“unofficial collaborator”), an informant in the German Democratic Republic who delivered private information to the Stasi.",East
ließ mich,556605,first/third-person singular preterite of lassen,accusative of ich: me
die Wange,556559,nominative/accusative singular feminine of der,cheek (on the face)
sie fest,556546,she; her,firm; compact; hard
was ihn,556499,what,"accusative of er; him, it (masculine, direct object)."
Moment lang,556355,moment,long; lengthy (in space or time)
das Pferd,556312,nominative/accusative neuter singular of der: the,horse
es da,556296,"Refers to a neuter noun (person, animal, thing or abstract)",there
und macht,556289,and,third-person singular present of machen
dass mein,556215,that,my
zum Schluss,556206,"contraction of zu + dem, literally “to the; for the”","end, ending, conclusion, finish"
war einfach,556165,first-person singular preterite of sein: was,easy
wenn Ihr,556127,"when, whenever","you, ye (plural, familiar)"
hören Sie,556006,to hear (to perceive sounds (or a sound) through the ear),she; her
sich nichts,555979,"Reflexive pronoun of the third person singular or plural: herself, himself, itself, oneself, themselves (in both dative and accusative)",nothing
als mit,555811,"at (approximately) the same moment, when, while, as","with (in the company of, alongside)"
allerdings nur,555289,"but, however","only, just, merely, simply"
nehme ich,555127,inflection of nehmen:,I (first person singular nominative (subject) pronoun)
das Glas,555059,nominative/accusative neuter singular of der: the,glass
er versuchte,554945,he,inflection of versuchen:
sie seine,554280,she; her,inflection of seiner:
nicht unter,554120,"not, non- (negates the meaning of a verb, adjective, or adverb)",under
jedenfalls nicht,554069,in any case,"not, non- (negates the meaning of a verb, adjective, or adverb)"
der Ort,553846,"nominative masculine singular definite article, the","place, location, point, position"
dieser Hinsicht,553806,"this one, this","regard, aspect, respect, viewpoint"
noch für,553613,"still, yet (up to and including a given time)",describes an abstract directionality towards a person or matter
mein Sohn,553591,my,son
sie alles,553578,she; her,everything; all
Kampf gegen,553522,"struggle, battle, campaign, fight",against
erkennen und,553374,"to recognize, perceive",and
oder eines,553315,"Oder (a major river in the Czech Republic, Poland and Germany)",genitive masculine/neuter singular of ein
der französischen,553315,"nominative masculine singular definite article, the",inflection of französisch:
eine alte,553232,nominative/accusative feminine singular of ein,female equivalent of Alter: old woman
wäre ein,553170,first/third-person singular subjunctive II of sein,one
viel besser,553051,"much, a lot",comparative degree of gut; better
im Umgang,553048,"initialism of Inoffizieller Mitarbeiter / Inoffizielle Mitarbeiterin (“unofficial collaborator”), an informant in the German Democratic Republic who delivered private information to the Stasi.","dealings, (social) intercourse"
der Stirn,553042,"nominative masculine singular definite article, the","forehead, brow (often used as an indicator of emotion)"
der hat,552980,"nominative masculine singular definite article, the",third-person singular present of haben
alles gut,552971,everything; all,"good (acting in the interest of what is beneficial, ethical, or moral)"
der Typ,552817,"nominative masculine singular definite article, the",type
vor allen,552790,"in front of, ahead of (relative location in space)",accusative singular masculine of alles (“all”)
der nächste,552775,"nominative masculine singular definite article, the",inflection of nah:
sie überhaupt,552705,she; her,"overall, in general"
die Möglichkeiten,552524,nominative/accusative singular feminine of der,plural of Möglichkeit
doch mal,552510,yes; surely; really; on the contrary,times (indicating multiplication of two numbers)
ihre Eltern,552263,inflection of ihr:,parents
Gesicht war,552088,face,first-person singular preterite of sein: was
auch zur,551544,"also, too, as well (in addition to whatever or whoever has previously been listed)","contraction of zu + der, literally “to the (feminine)”"
eine Stimme,551497,nominative/accusative feminine singular of ein,"voice (speaking or singing), call of an animal"
entsprechend der,551450,present participle of entsprechen,"nominative masculine singular definite article, the"
die Aufnahme,551366,nominative/accusative singular feminine of der,reception
im Norden,551016,"initialism of Inoffizieller Mitarbeiter / Inoffizielle Mitarbeiterin (“unofficial collaborator”), an informant in the German Democratic Republic who delivered private information to the Stasi.",north (direction)
kaum mehr,550927,"barely, hardly (qualifying verbs or adjectives)",something more
Wirkung der,550894,effect,"nominative masculine singular definite article, the"
die jeweiligen,550815,nominative/accusative singular feminine of der,inflection of jeweilig:
sie kommen,550787,she; her,to come; to arrive
und darüber,550755,and,"above, above it/this/that"
gewesen ist,550736,past participle of sein: been,third-person singular present of sein
und gut,550679,and,"good (acting in the interest of what is beneficial, ethical, or moral)"
die Durchführung,550513,nominative/accusative singular feminine of der,implementation
tief durch,550489,"deep (having a long distance to the bottom; of bodies of water, wells, etc.)",by means of; by; through
Frauen in,550424,plural of Frau (“women”),"[with dative] in, inside, within, at (inside a building)"
das Modell,550411,nominative/accusative neuter singular of der: the,A model of an object
Kopf zu,550405,head,"to, towards (indicates directionality)"
schon der,550237,"already (happening rather early, continuing rather long)","nominative masculine singular definite article, the"
ihren Körper,550072,inflection of ihr:,"body (of a person, animal, etc.)"
gesehen haben,549988,past participle of sehen,forms the perfect aspect (have)
nicht bloß,549753,"not, non- (negates the meaning of a verb, adjective, or adverb)","mere, sole"
den übrigen,549749,inflection of der (“the”):,inflection of übrig:
Untersuchung der,549656,"examination, investigation","nominative masculine singular definite article, the"
ja nur,549508,initialism of Junge Alternative für Deutschland.,"only, just, merely, simply"
die eigentliche,549465,nominative/accusative singular feminine of der,inflection of eigentlich:
in Hamburg,549390,"[with dative] in, inside, within, at (inside a building)",Hamburg (the second-largest city in and simultaneously a state of Germany)
man sieht,549224,"one, you, they (indefinite pronoun, referring to people at large; construed as a third-person singular)",third-person singular present of sehen
das Angebot,549198,nominative/accusative neuter singular of der: the,"offer, proposition"
erinnere mich,549182,inflection of erinnern:,accusative of ich: me
Mitglieder der,549103,nominative/accusative/genitive plural of Mitglied,"nominative masculine singular definite article, the"
die Autoren,549019,nominative/accusative singular feminine of der,plural of Autor
an meinen,548836,"on, upon, at, in, against","to opine, to think; to believe; to suppose"
war an,548585,first-person singular preterite of sein: was,"on, upon, at, in, against"
ist einfach,548563,third-person singular present of sein,easy
der Gegend,548535,"nominative masculine singular definite article, the","area, region"
ein bestimmtes,548428,one,strong/mixed nominative/accusative neuter singular of bestimmt
mit Wasser,548408,"with (in the company of, alongside)",water (H₂O)
er soll,548381,he,debit
Gedanken und,548333,inflection of Gedanke:,and
doch zu,548309,yes; surely; really; on the contrary,"to, towards (indicates directionality)"
der Versuch,548254,"nominative masculine singular definite article, the",attempt
die Nähe,548132,nominative/accusative singular feminine of der,"nearness, closeness"
mir selbst,548063,"dative of ich: me, to me","personally, by oneself"
nur unter,547782,"only, just, merely, simply",under
und wann,547629,and,when
erst mit,547580,"first, at first","with (in the company of, alongside)"
ihnen eine,547436,"dative of sie; them, to them.",nominative/accusative feminine singular of ein
eines Unternehmens,547375,genitive masculine/neuter singular of ein,genitive singular of Unternehmen
heißt das,547226,inflection of heißen:,nominative/accusative neuter singular of der: the
aber erst,546994,but; however; though,"first, at first"
die Gegenwart,546859,nominative/accusative singular feminine of der,the present
nun mit,546800,"now, at this moment","with (in the company of, alongside)"
er damit,546766,he,pronominal adverb of mit
sondern auf,546723,"rather, but (instead).","[with dative] on, upon (positioned at the top of)"
wir nach,546719,we,"after, past (later in time)"
des menschlichen,546670,genitive masculine/neuter singular of der: the,inflection of menschlich:
und Schüler,546466,and,"pupil, student, schoolboy (male or of unspecified gender)"
würdest du,546455,second-person singular subjunctive II of werden,"you (singular familiar), thou"
wie sollte,546203,how,inflection of sollen:
die Politik,546061,nominative/accusative singular feminine of der,politics (profession of conducting political affairs)
ihre Gedanken,546016,inflection of ihr:,inflection of Gedanke:
was uns,545893,what,accusative/dative of wir: us
daher ist,545837,"from there, thence",third-person singular present of sein
insbesondere bei,545794,"in particular, particularly","by, near"
hätte man,545674,first/third-person singular subjunctive II of haben,"one, you, they (indefinite pronoun, referring to people at large; construed as a third-person singular)"
zu sorgen,545655,"to, towards (indicates directionality)","to take care of, to care for, to look after"
und eines,545543,and,genitive masculine/neuter singular of ein
wurde mir,545491,first/third-person singular preterite of werden,"dative of ich: me, to me"
das Tor,545448,nominative/accusative neuter singular of der: the,"gate, archway (passageway covered by an arch, particularly one made of masonry)"
ihn wieder,545301,"accusative of er; him, it (masculine, direct object).",again; indicates that the action taking place has happened before
haben in,545269,forms the perfect aspect (have),"[with dative] in, inside, within, at (inside a building)"
über diesen,545166,"[with accusative or dative] above, over (spatially)","accusative masculine singular of dieser; ""this"""
habe mir,545068,inflection of haben:,"dative of ich: me, to me"
sie weiter,545065,she; her,comparative degree of weit
damit wir,544753,pronominal adverb of mit,we
uns auch,544750,accusative/dative of wir: us,"also, too, as well (in addition to whatever or whoever has previously been listed)"
bei anderen,544618,"by, near",inflection of anderer:
Möglichkeiten der,544450,plural of Möglichkeit,"nominative masculine singular definite article, the"
Gott sei,544344,god,first-person singular subjunctive I of sein
die oben,544247,nominative/accusative singular feminine of der,above
zu rechnen,544232,"to, towards (indicates directionality)","to count, reckon, calculate, compute"
sobald sie,544123,"as soon as, by the time",she; her
habe und,544113,inflection of haben:,and
zu kaufen,544034,"to, towards (indicates directionality)","to buy, to purchase"
bin mir,543968,first-person singular present of sein,"dative of ich: me, to me"
Rest der,543956,"rest, remainder, remnant","nominative masculine singular definite article, the"
sprang auf,543812,first/third-person singular preterite of springen,"[with dative] on, upon (positioned at the top of)"
atmete tief,543795,inflection of atmen:,"deep (having a long distance to the bottom; of bodies of water, wells, etc.)"
über alles,543713,"[with accusative or dative] above, over (spatially)",everything; all
einen Menschen,543690,accusative masculine singular of ein,accusative/dative/genitive singular of Mensch
und sagt,543495,and,inflection of sagen:
den Eltern,543429,inflection of der (“the”):,parents
hier der,543366,"here; in this place; refers to an environment one is currently in, or to something within reach","nominative masculine singular definite article, the"
und insbesondere,543044,and,"in particular, particularly"
die unterschiedlichen,542987,nominative/accusative singular feminine of der,inflection of unterschiedlich:
der Schmerz,542951,"nominative masculine singular definite article, the","physical pain, ache (practically, as a sensation)"
wegen seiner,542919,"for, because of",his (substantival possessive)
ins Auge,542734,contraction of in (“(in)to”) + das (“the”) (accusative singular neuter),eye
soll er,542732,debit,he
da eine,542657,there,nominative/accusative feminine singular of ein
in wenigen,542639,"[with dative] in, inside, within, at (inside a building)",inflection of wenig:
so schlimm,542605,"so, such, that","bad, terrible, serious (seriously bad), dire, horrible, awful"
einen bestimmten,542551,accusative masculine singular of ein,inflection of bestimmt:
weit weg,542396,wide,away
weit von,542388,wide,from
die Wände,542308,nominative/accusative singular feminine of der,nominative/accusative/genitive plural of Wand
Reaktion auf,542296,reaction (responding or countering action),"[with dative] on, upon (positioned at the top of)"
dann wurde,542266,"then, after that",first/third-person singular preterite of werden
sondern es,542136,"rather, but (instead).","Refers to a neuter noun (person, animal, thing or abstract)"
die Gedanken,541883,nominative/accusative singular feminine of der,inflection of Gedanke:
können in,541769,"to be able (to do or be something), to have the possibility of, can.","[with dative] in, inside, within, at (inside a building)"
und nickte,541628,and,inflection of nicken:
je nachdem,541600,ever,after (that)
